// Generated by tools/build_endminf_m18_peak_exact_capture_data.py. Do not edit.
#pragma once
#include <cstddef>
#include <cstdint>

inline constexpr bool g_EndfieldM18PeakPayloadPrepared = true;
inline constexpr float g_EndfieldM18PeakPhaseSeconds = 4.500000f;
inline constexpr std::uint32_t g_EndfieldM18PeakVertexStride = 76u;
inline constexpr std::uint32_t g_EndfieldM18PeakIndexCount = 900u;
inline constexpr std::uint32_t g_EndfieldM18PeakVSDeclaredFloat4Counts[] = {2, 82, 104, 4094, 49};
inline constexpr std::uint32_t g_EndfieldM18PeakPSDeclaredFloat4Counts[] = {28, 105, 4085, 43};

inline constexpr std::uint8_t g_EndfieldM18PeakVertexDxbc[] = {
    0x44, 0x58, 0x42, 0x43, 0x8b, 0x57, 0xa7, 0x92, 0x7e, 0x93, 0xdf, 0x2f, 0x0f, 0xe1, 0x6c, 0xcf,
    0x96, 0xc3, 0x89, 0x69, 0x01, 0x00, 0x00, 0x00, 0x08, 0x1f, 0x00, 0x00, 0x03, 0x00, 0x00, 0x00,
    0x2c, 0x00, 0x00, 0x00, 0x3c, 0x01, 0x00, 0x00, 0x24, 0x02, 0x00, 0x00, 0x49, 0x53, 0x47, 0x4e,
    0x08, 0x01, 0x00, 0x00, 0x08, 0x00, 0x00, 0x00, 0x08, 0x00, 0x00, 0x00, 0xc8, 0x00, 0x00, 0x00,
    0x00, 0x00, 0x00, 0x00, 0x00, 0x00, 0x00, 0x00, 0x03, 0x00, 0x00, 0x00, 0x00, 0x00, 0x00, 0x00,
    0x07, 0x07, 0x00, 0x00, 0xd1, 0x00, 0x00, 0x00, 0x00, 0x00, 0x00, 0x00, 0x00, 0x00, 0x00, 0x00,
    0x03, 0x00, 0x00, 0x00, 0x01, 0x00, 0x00, 0x00, 0x0f, 0x0f, 0x00, 0x00, 0xd7, 0x00, 0x00, 0x00,
    0x00, 0x00, 0x00, 0x00, 0x00, 0x00, 0x00, 0x00, 0x03, 0x00, 0x00, 0x00, 0x02, 0x00, 0x00, 0x00,
    0x0f, 0x0f, 0x00, 0x00, 0xd7, 0x00, 0x00, 0x00, 0x01, 0x00, 0x00, 0x00, 0x00, 0x00, 0x00, 0x00,
    0x03, 0x00, 0x00, 0x00, 0x03, 0x00, 0x00, 0x00, 0x0f, 0x0f, 0x00, 0x00, 0xd7, 0x00, 0x00, 0x00,
    0x04, 0x00, 0x00, 0x00, 0x00, 0x00, 0x00, 0x00, 0x03, 0x00, 0x00, 0x00, 0x04, 0x00, 0x00, 0x00,
    0x0f, 0x07, 0x00, 0x00, 0xe0, 0x00, 0x00, 0x00, 0x00, 0x00, 0x00, 0x00, 0x00, 0x00, 0x00, 0x00,
    0x03, 0x00, 0x00, 0x00, 0x05, 0x00, 0x00, 0x00, 0x0f, 0x0f, 0x00, 0x00, 0xed, 0x00, 0x00, 0x00,
    0x00, 0x00, 0x00, 0x00, 0x00, 0x00, 0x00, 0x00, 0x01, 0x00, 0x00, 0x00, 0x06, 0x00, 0x00, 0x00,
    0x0f, 0x0f, 0x00, 0x00, 0xfa, 0x00, 0x00, 0x00, 0x00, 0x00, 0x00, 0x00, 0x08, 0x00, 0x00, 0x00,
    0x01, 0x00, 0x00, 0x00, 0x07, 0x00, 0x00, 0x00, 0x01, 0x01, 0x00, 0x00, 0x50, 0x4f, 0x53, 0x49,
    0x54, 0x49, 0x4f, 0x4e, 0x00, 0x43, 0x4f, 0x4c, 0x4f, 0x52, 0x00, 0x54, 0x45, 0x58, 0x43, 0x4f,
    0x4f, 0x52, 0x44, 0x00, 0x42, 0x4c, 0x45, 0x4e, 0x44, 0x57, 0x45, 0x49, 0x47, 0x48, 0x54, 0x53,
    0x00, 0x42, 0x4c, 0x45, 0x4e, 0x44, 0x49, 0x4e, 0x44, 0x49, 0x43, 0x45, 0x53, 0x00, 0x53, 0x56,
    0x5f, 0x49, 0x6e, 0x73, 0x74, 0x61, 0x6e, 0x63, 0x65, 0x49, 0x44, 0x00, 0x4f, 0x53, 0x47, 0x4e,
    0xe0, 0x00, 0x00, 0x00, 0x08, 0x00, 0x00, 0x00, 0x08, 0x00, 0x00, 0x00, 0xc8, 0x00, 0x00, 0x00,
    0x00, 0x00, 0x00, 0x00, 0x01, 0x00, 0x00, 0x00, 0x03, 0x00, 0x00, 0x00, 0x00, 0x00, 0x00, 0x00,
    0x0f, 0x00, 0x00, 0x00, 0xd4, 0x00, 0x00, 0x00, 0x00, 0x00, 0x00, 0x00, 0x00, 0x00, 0x00, 0x00,
    0x03, 0x00, 0x00, 0x00, 0x01, 0x00, 0x00, 0x00, 0x0f, 0x00, 0x00, 0x00, 0xd4, 0x00, 0x00, 0x00,
    0x01, 0x00, 0x00, 0x00, 0x00, 0x00, 0x00, 0x00, 0x03, 0x00, 0x00, 0x00, 0x02, 0x00, 0x00, 0x00,
    0x0f, 0x00, 0x00, 0x00, 0xd4, 0x00, 0x00, 0x00, 0x02, 0x00, 0x00, 0x00, 0x00, 0x00, 0x00, 0x00,
    0x03, 0x00, 0x00, 0x00, 0x03, 0x00, 0x00, 0x00, 0x0f, 0x00, 0x00, 0x00, 0xd4, 0x00, 0x00, 0x00,
    0x03, 0x00, 0x00, 0x00, 0x00, 0x00, 0x00, 0x00, 0x03, 0x00, 0x00, 0x00, 0x04, 0x00, 0x00, 0x00,
    0x0f, 0x00, 0x00, 0x00, 0xd4, 0x00, 0x00, 0x00, 0x04, 0x00, 0x00, 0x00, 0x00, 0x00, 0x00, 0x00,
    0x03, 0x00, 0x00, 0x00, 0x05, 0x00, 0x00, 0x00, 0x07, 0x08, 0x00, 0x00, 0xd4, 0x00, 0x00, 0x00,
    0x05, 0x00, 0x00, 0x00, 0x00, 0x00, 0x00, 0x00, 0x03, 0x00, 0x00, 0x00, 0x06, 0x00, 0x00, 0x00,
    0x07, 0x08, 0x00, 0x00, 0xd4, 0x00, 0x00, 0x00, 0x06, 0x00, 0x00, 0x00, 0x00, 0x00, 0x00, 0x00,
    0x01, 0x00, 0x00, 0x00, 0x07, 0x00, 0x00, 0x00, 0x01, 0x0e, 0x00, 0x00, 0x53, 0x56, 0x5f, 0x50,
    0x6f, 0x73, 0x69, 0x74, 0x69, 0x6f, 0x6e, 0x00, 0x54, 0x45, 0x58, 0x43, 0x4f, 0x4f, 0x52, 0x44,
    0x00, 0xab, 0xab, 0xab, 0x53, 0x48, 0x45, 0x58, 0xdc, 0x1c, 0x00, 0x00, 0x50, 0x00, 0x01, 0x00,
    0x37, 0x07, 0x00, 0x00, 0x6a, 0x08, 0x00, 0x01, 0x59, 0x00, 0x00, 0x04, 0x46, 0x8e, 0x20, 0x00,
    0x00, 0x00, 0x00, 0x00, 0x02, 0x00, 0x00, 0x00, 0x59, 0x00, 0x00, 0x04, 0x46, 0x8e, 0x20, 0x00,
    0x01, 0x00, 0x00, 0x00, 0x52, 0x00, 0x00, 0x00, 0x59, 0x00, 0x00, 0x04, 0x46, 0x8e, 0x20, 0x00,
    0x02, 0x00, 0x00, 0x00, 0x68, 0x00, 0x00, 0x00, 0x59, 0x08, 0x00, 0x04, 0x46, 0x8e, 0x20, 0x00,
    0x03, 0x00, 0x00, 0x00, 0xfe, 0x0f, 0x00, 0x00, 0x59, 0x00, 0x00, 0x04, 0x46, 0x8e, 0x20, 0x00,
    0x04, 0x00, 0x00, 0x00, 0x31, 0x00, 0x00, 0x00, 0xa2, 0x00, 0x00, 0x04, 0x00, 0x70, 0x10, 0x00,
    0x00, 0x00, 0x00, 0x00, 0x10, 0x00, 0x00, 0x00, 0x5f, 0x00, 0x00, 0x03, 0x72, 0x10, 0x10, 0x00,
    0x00, 0x00, 0x00, 0x00, 0x5f, 0x00, 0x00, 0x03, 0xf2, 0x10, 0x10, 0x00, 0x01, 0x00, 0x00, 0x00,
    0x5f, 0x00, 0x00, 0x03, 0xf2, 0x10, 0x10, 0x00, 0x02, 0x00, 0x00, 0x00, 0x5f, 0x00, 0x00, 0x03,
    0xf2, 0x10, 0x10, 0x00, 0x03, 0x00, 0x00, 0x00, 0x5f, 0x00, 0x00, 0x03, 0x72, 0x10, 0x10, 0x00,
    0x04, 0x00, 0x00, 0x00, 0x5f, 0x00, 0x00, 0x03, 0xf2, 0x10, 0x10, 0x00, 0x05, 0x00, 0x00, 0x00,
    0x5f, 0x00, 0x00, 0x03, 0xf2, 0x10, 0x10, 0x00, 0x06, 0x00, 0x00, 0x00, 0x60, 0x00, 0x00, 0x04,
    0x12, 0x10, 0x10, 0x00, 0x07, 0x00, 0x00, 0x00, 0x08, 0x00, 0x00, 0x00, 0x67, 0x00, 0x00, 0x04,
    0xf2, 0x20, 0x10, 0x00, 0x00, 0x00, 0x00, 0x00, 0x01, 0x00, 0x00, 0x00, 0x65, 0x00, 0x00, 0x03,
    0xf2, 0x20, 0x10, 0x00, 0x01, 0x00, 0x00, 0x00, 0x65, 0x00, 0x00, 0x03, 0xf2, 0x20, 0x10, 0x00,
    0x02, 0x00, 0x00, 0x00, 0x65, 0x00, 0x00, 0x03, 0xf2, 0x20, 0x10, 0x00, 0x03, 0x00, 0x00, 0x00,
    0x65, 0x00, 0x00, 0x03, 0xf2, 0x20, 0x10, 0x00, 0x04, 0x00, 0x00, 0x00, 0x65, 0x00, 0x00, 0x03,
    0x72, 0x20, 0x10, 0x00, 0x05, 0x00, 0x00, 0x00, 0x65, 0x00, 0x00, 0x03, 0x72, 0x20, 0x10, 0x00,
    0x06, 0x00, 0x00, 0x00, 0x65, 0x00, 0x00, 0x03, 0x12, 0x20, 0x10, 0x00, 0x07, 0x00, 0x00, 0x00,
    0x68, 0x00, 0x00, 0x02, 0x0d, 0x00, 0x00, 0x00, 0x39, 0x00, 0x00, 0x08, 0x12, 0x00, 0x10, 0x00,
    0x00, 0x00, 0x00, 0x00, 0x01, 0x40, 0x00, 0x00, 0x00, 0x00, 0x00, 0x00, 0x2a, 0x80, 0x20, 0x00,
    0x04, 0x00, 0x00, 0x00, 0x03, 0x00, 0x00, 0x00, 0x29, 0x00, 0x00, 0x07, 0x22, 0x00, 0x10, 0x00,
    0x00, 0x00, 0x00, 0x00, 0x0a, 0x10, 0x10, 0x00, 0x07, 0x00, 0x00, 0x00, 0x01, 0x40, 0x00, 0x00,
    0x04, 0x00, 0x00, 0x00, 0x00, 0x00, 0x00, 0x0e, 0xf2, 0x00, 0x10, 0x00, 0x01, 0x00, 0x00, 0x00,
    0x02, 0x40, 0x00, 0x00, 0x00, 0x00, 0x80, 0x3f, 0x00, 0x00, 0x80, 0x3f, 0x00, 0x00, 0x80, 0x3f,
    0x00, 0x00, 0x80, 0x3f, 0x46, 0x8e, 0x20, 0x86, 0x41, 0x00, 0x00, 0x00, 0x03, 0x00, 0x00, 0x00,
    0x0d, 0x00, 0x00, 0x00, 0x1a, 0x00, 0x10, 0x00, 0x00, 0x00, 0x00, 0x00, 0x38, 0x00, 0x00, 0x07,
    0xf2, 0x00, 0x10, 0x00, 0x01, 0x00, 0x00, 0x00, 0x46, 0x0e, 0x10, 0x00, 0x01, 0x00, 0x00, 0x00,
    0x46, 0x1e, 0x10, 0x00, 0x01, 0x00, 0x00, 0x00, 0x01, 0x00, 0x00, 0x0d, 0xc2, 0x00, 0x10, 0x00,
    0x00, 0x00, 0x00, 0x00, 0x02, 0x40, 0x00, 0x00, 0x00, 0x00, 0x00, 0x00, 0x00, 0x00, 0x00, 0x00,
    0x20, 0x00, 0x00, 0x00, 0xcf, 0xff, 0xff, 0xff, 0xf6, 0x8f, 0x20, 0x06, 0x03, 0x00, 0x00, 0x00,
    0x04, 0x00, 0x00, 0x00, 0x1a, 0x00, 0x10, 0x00, 0x00, 0x00, 0x00, 0x00, 0x20, 0x00, 0x00, 0x0a,
    0x32, 0x00, 0x10, 0x00, 0x02, 0x00, 0x00, 0x00, 0xe6, 0x0a, 0x10, 0x00, 0x00, 0x00, 0x00, 0x00,
    0x02, 0x40, 0x00, 0x00, 0x00, 0x00, 0x00, 0x00, 0x00, 0x00, 0x00, 0x00, 0x00, 0x00, 0x00, 0x00,
    0x00, 0x00, 0x00, 0x00, 0x3c, 0x00, 0x00, 0x07, 0x42, 0x00, 0x10, 0x00, 0x00, 0x00, 0x00, 0x00,
    0x1a, 0x00, 0x10, 0x00, 0x02, 0x00, 0x00, 0x00, 0x0a, 0x00, 0x10, 0x00, 0x02, 0x00, 0x00, 0x00,
    0x1f, 0x00, 0x00, 0x03, 0x2a, 0x00, 0x10, 0x00, 0x00, 0x00, 0x00, 0x00, 0x1e, 0x00, 0x00, 0x0d,
    0x32, 0x00, 0x10, 0x00, 0x02, 0x00, 0x00, 0x00, 0x02, 0x40, 0x00, 0x00, 0x03, 0x00, 0x00, 0x00,
    0x03, 0x00, 0x00, 0x00, 0x00, 0x00, 0x00, 0x00, 0x00, 0x00, 0x00, 0x00, 0x46, 0x80, 0x20, 0x06,
    0x03, 0x00, 0x00, 0x00, 0x05, 0x00, 0x00, 0x00, 0x1a, 0x00, 0x10, 0x00, 0x00, 0x00, 0x00, 0x00,
    0x23, 0x00, 0x00, 0x0c, 0xf2, 0x00, 0x10, 0x00, 0x03, 0x00, 0x00, 0x00, 0x46, 0x1e, 0x10, 0x00,
    0x06, 0x00, 0x00, 0x00, 0x02, 0x40, 0x00, 0x00, 0x03, 0x00, 0x00, 0x00, 0x03, 0x00, 0x00, 0x00,
    0x03, 0x00, 0x00, 0x00, 0x03, 0x00, 0x00, 0x00, 0x06, 0x00, 0x10, 0x00, 0x02, 0x00, 0x00, 0x00,
    0x23, 0x00, 0x00, 0x0c, 0xf2, 0x00, 0x10, 0x00, 0x02, 0x00, 0x00, 0x00, 0x46, 0x1e, 0x10, 0x00,
    0x06, 0x00, 0x00, 0x00, 0x02, 0x40, 0x00, 0x00, 0x03, 0x00, 0x00, 0x00, 0x03, 0x00, 0x00, 0x00,
    0x03, 0x00, 0x00, 0x00, 0x03, 0x00, 0x00, 0x00, 0x56, 0x05, 0x10, 0x00, 0x02, 0x00, 0x00, 0x00,
    0x1e, 0x00, 0x00, 0x0a, 0x32, 0x00, 0x10, 0x00, 0x04, 0x00, 0x00, 0x00, 0x06, 0x00, 0x10, 0x00,
    0x03, 0x00, 0x00, 0x00, 0x02, 0x40, 0x00, 0x00, 0x01, 0x00, 0x00, 0x00, 0x02, 0x00, 0x00, 0x00,
    0x00, 0x00, 0x00, 0x00, 0x00, 0x00, 0x00, 0x00, 0x1e, 0x00, 0x00, 0x0a, 0xc2, 0x00, 0x10, 0x00,
    0x04, 0x00, 0x00, 0x00, 0x06, 0x00, 0x10, 0x00, 0x02, 0x00, 0x00, 0x00, 0x02, 0x40, 0x00, 0x00,
    0x00, 0x00, 0x00, 0x00, 0x00, 0x00, 0x00, 0x00, 0x01, 0x00, 0x00, 0x00, 0x02, 0x00, 0x00, 0x00,
    0x50, 0x00, 0x00, 0x0a, 0xc2, 0x00, 0x10, 0x00, 0x00, 0x00, 0x00, 0x00, 0xf6, 0x0f, 0x10, 0x00,
    0x00, 0x00, 0x00, 0x00, 0x02, 0x40, 0x00, 0x00, 0x00, 0x00, 0x00, 0x00, 0x00, 0x00, 0x00, 0x00,
    0x02, 0x00, 0x00, 0x00, 0x04, 0x00, 0x00, 0x00, 0x1f, 0x00, 0x04, 0x03, 0x2a, 0x00, 0x10, 0x00,
    0x00, 0x00, 0x00, 0x00, 0xa7, 0x00, 0x00, 0x8b, 0x02, 0x83, 0x00, 0x80, 0x83, 0x99, 0x19, 0x00,
    0xf2, 0x00, 0x10, 0x00, 0x05, 0x00, 0x00, 0x00, 0x3a, 0x00, 0x10, 0x00, 0x04, 0x00, 0x00, 0x00,
    0x01, 0x40, 0x00, 0x00, 0x00, 0x00, 0x00, 0x00, 0x46, 0x7e, 0x10, 0x00, 0x00, 0x00, 0x00, 0x00,
    0x1e, 0x00, 0x00, 0x0a, 0x32, 0x00, 0x10, 0x00, 0x06, 0x00, 0x00, 0x00, 0x56, 0x05, 0x10, 0x00,
    0x02, 0x00, 0x00, 0x00, 0x02, 0x40, 0x00, 0x00, 0x02, 0x00, 0x00, 0x00, 0x01, 0x00, 0x00, 0x00,
    0x00, 0x00, 0x00, 0x00, 0x00, 0x00, 0x00, 0x00, 0xa7, 0x00, 0x00, 0x8b, 0x02, 0x83, 0x00, 0x80,
    0x83, 0x99, 0x19, 0x00, 0xf2, 0x00, 0x10, 0x00, 0x07, 0x00, 0x00, 0x00, 0x0a, 0x00, 0x10, 0x00,
    0x06, 0x00, 0x00, 0x00, 0x01, 0x40, 0x00, 0x00, 0x00, 0x00, 0x00, 0x00, 0x46, 0x7e, 0x10, 0x00,
    0x00, 0x00, 0x00, 0x00, 0x38, 0x00, 0x00, 0x07, 0xf2, 0x00, 0x10, 0x00, 0x07, 0x00, 0x00, 0x00,
    0x46, 0x0e, 0x10, 0x00, 0x07, 0x00, 0x00, 0x00, 0x56, 0x15, 0x10, 0x00, 0x05, 0x00, 0x00, 0x00,
    0x32, 0x00, 0x00, 0x09, 0xf2, 0x00, 0x10, 0x00, 0x05, 0x00, 0x00, 0x00, 0x46, 0x0e, 0x10, 0x00,
    0x05, 0x00, 0x00, 0x00, 0x06, 0x10, 0x10, 0x00, 0x05, 0x00, 0x00, 0x00, 0x46, 0x0e, 0x10, 0x00,
    0x07, 0x00, 0x00, 0x00, 0xa7, 0x00, 0x00, 0x8b, 0x02, 0x83, 0x00, 0x80, 0x83, 0x99, 0x19, 0x00,
    0xf2, 0x00, 0x10, 0x00, 0x07, 0x00, 0x00, 0x00, 0x2a, 0x00, 0x10, 0x00, 0x04, 0x00, 0x00, 0x00,
    0x01, 0x40, 0x00, 0x00, 0x00, 0x00, 0x00, 0x00, 0x46, 0x7e, 0x10, 0x00, 0x00, 0x00, 0x00, 0x00,
    0xa7, 0x00, 0x00, 0x8b, 0x02, 0x83, 0x00, 0x80, 0x83, 0x99, 0x19, 0x00, 0xf2, 0x00, 0x10, 0x00,
    0x06, 0x00, 0x00, 0x00, 0x1a, 0x00, 0x10, 0x00, 0x06, 0x00, 0x00, 0x00, 0x01, 0x40, 0x00, 0x00,
    0x00, 0x00, 0x00, 0x00, 0x46, 0x7e, 0x10, 0x00, 0x00, 0x00, 0x00, 0x00, 0x38, 0x00, 0x00, 0x07,
    0xf2, 0x00, 0x10, 0x00, 0x06, 0x00, 0x00, 0x00, 0x46, 0x0e, 0x10, 0x00, 0x06, 0x00, 0x00, 0x00,
    0x56, 0x15, 0x10, 0x00, 0x05, 0x00, 0x00, 0x00, 0x32, 0x00, 0x00, 0x09, 0xf2, 0x00, 0x10, 0x00,
    0x06, 0x00, 0x00, 0x00, 0x46, 0x0e, 0x10, 0x00, 0x07, 0x00, 0x00, 0x00, 0x06, 0x10, 0x10, 0x00,
    0x05, 0x00, 0x00, 0x00, 0x46, 0x0e, 0x10, 0x00, 0x06, 0x00, 0x00, 0x00, 0xa7, 0x00, 0x00, 0x8b,
    0x02, 0x83, 0x00, 0x80, 0x83, 0x99, 0x19, 0x00, 0xf2, 0x00, 0x10, 0x00, 0x07, 0x00, 0x00, 0x00,
    0x0a, 0x00, 0x10, 0x00, 0x02, 0x00, 0x00, 0x00, 0x01, 0x40, 0x00, 0x00, 0x00, 0x00, 0x00, 0x00,
    0x46, 0x7e, 0x10, 0x00, 0x00, 0x00, 0x00, 0x00, 0xa7, 0x00, 0x00, 0x8b, 0x02, 0x83, 0x00, 0x80,
    0x83, 0x99, 0x19, 0x00, 0xf2, 0x00, 0x10, 0x00, 0x08, 0x00, 0x00, 0x00, 0x1a, 0x00, 0x10, 0x00,
    0x02, 0x00, 0x00, 0x00, 0x01, 0x40, 0x00, 0x00, 0x00, 0x00, 0x00, 0x00, 0x46, 0x7e, 0x10, 0x00,
    0x00, 0x00, 0x00, 0x00, 0x38, 0x00, 0x00, 0x07, 0xf2, 0x00, 0x10, 0x00, 0x08, 0x00, 0x00, 0x00,
    0x46, 0x0e, 0x10, 0x00, 0x08, 0x00, 0x00, 0x00, 0x56, 0x15, 0x10, 0x00, 0x05, 0x00, 0x00, 0x00,
    0x32, 0x00, 0x00, 0x09, 0xf2, 0x00, 0x10, 0x00, 0x07, 0x00, 0x00, 0x00, 0x46, 0x0e, 0x10, 0x00,
    0x07, 0x00, 0x00, 0x00, 0x06, 0x10, 0x10, 0x00, 0x05, 0x00, 0x00, 0x00, 0x46, 0x0e, 0x10, 0x00,
    0x08, 0x00, 0x00, 0x00, 0xa7, 0x00, 0x00, 0x8b, 0x02, 0x83, 0x00, 0x80, 0x83, 0x99, 0x19, 0x00,
    0xf2, 0x00, 0x10, 0x00, 0x08, 0x00, 0x00, 0x00, 0x1a, 0x00, 0x10, 0x00, 0x04, 0x00, 0x00, 0x00,
    0x01, 0x40, 0x00, 0x00, 0x00, 0x00, 0x00, 0x00, 0x46, 0x7e, 0x10, 0x00, 0x00, 0x00, 0x00, 0x00,
    0x1e, 0x00, 0x00, 0x0a, 0x32, 0x00, 0x10, 0x00, 0x09, 0x00, 0x00, 0x00, 0x56, 0x05, 0x10, 0x00,
    0x03, 0x00, 0x00, 0x00, 0x02, 0x40, 0x00, 0x00, 0x02, 0x00, 0x00, 0x00, 0x01, 0x00, 0x00, 0x00,
    0x00, 0x00, 0x00, 0x00, 0x00, 0x00, 0x00, 0x00, 0xa7, 0x00, 0x00, 0x8b, 0x02, 0x83, 0x00, 0x80,
    0x83, 0x99, 0x19, 0x00, 0xf2, 0x00, 0x10, 0x00, 0x0a, 0x00, 0x00, 0x00, 0x0a, 0x00, 0x10, 0x00,
    0x09, 0x00, 0x00, 0x00, 0x01, 0x40, 0x00, 0x00, 0x00, 0x00, 0x00, 0x00, 0x46, 0x7e, 0x10, 0x00,
    0x00, 0x00, 0x00, 0x00, 0x38, 0x00, 0x00, 0x07, 0xf2, 0x00, 0x10, 0x00, 0x0a, 0x00, 0x00, 0x00,
    0x46, 0x0e, 0x10, 0x00, 0x0a, 0x00, 0x00, 0x00, 0x56, 0x15, 0x10, 0x00, 0x05, 0x00, 0x00, 0x00,
    0x32, 0x00, 0x00, 0x09, 0xf2, 0x00, 0x10, 0x00, 0x08, 0x00, 0x00, 0x00, 0x46, 0x0e, 0x10, 0x00,
    0x08, 0x00, 0x00, 0x00, 0x06, 0x10, 0x10, 0x00, 0x05, 0x00, 0x00, 0x00, 0x46, 0x0e, 0x10, 0x00,
    0x0a, 0x00, 0x00, 0x00, 0xa7, 0x00, 0x00, 0x8b, 0x02, 0x83, 0x00, 0x80, 0x83, 0x99, 0x19, 0x00,
    0xf2, 0x00, 0x10, 0x00, 0x0a, 0x00, 0x00, 0x00, 0x0a, 0x00, 0x10, 0x00, 0x04, 0x00, 0x00, 0x00,
    0x01, 0x40, 0x00, 0x00, 0x00, 0x00, 0x00, 0x00, 0x46, 0x7e, 0x10, 0x00, 0x00, 0x00, 0x00, 0x00,
    0xa7, 0x00, 0x00, 0x8b, 0x02, 0x83, 0x00, 0x80, 0x83, 0x99, 0x19, 0x00, 0xf2, 0x00, 0x10, 0x00,
    0x09, 0x00, 0x00, 0x00, 0x1a, 0x00, 0x10, 0x00, 0x09, 0x00, 0x00, 0x00, 0x01, 0x40, 0x00, 0x00,
    0x00, 0x00, 0x00, 0x00, 0x46, 0x7e, 0x10, 0x00, 0x00, 0x00, 0x00, 0x00, 0x38, 0x00, 0x00, 0x07,
    0xf2, 0x00, 0x10, 0x00, 0x09, 0x00, 0x00, 0x00, 0x46, 0x0e, 0x10, 0x00, 0x09, 0x00, 0x00, 0x00,
    0x56, 0x15, 0x10, 0x00, 0x05, 0x00, 0x00, 0x00, 0x32, 0x00, 0x00, 0x09, 0xf2, 0x00, 0x10, 0x00,
    0x09, 0x00, 0x00, 0x00, 0x46, 0x0e, 0x10, 0x00, 0x0a, 0x00, 0x00, 0x00, 0x06, 0x10, 0x10, 0x00,
    0x05, 0x00, 0x00, 0x00, 0x46, 0x0e, 0x10, 0x00, 0x09, 0x00, 0x00, 0x00, 0xa7, 0x00, 0x00, 0x8b,
    0x02, 0x83, 0x00, 0x80, 0x83, 0x99, 0x19, 0x00, 0xf2, 0x00, 0x10, 0x00, 0x0a, 0x00, 0x00, 0x00,
    0x0a, 0x00, 0x10, 0x00, 0x03, 0x00, 0x00, 0x00, 0x01, 0x40, 0x00, 0x00, 0x00, 0x00, 0x00, 0x00,
    0x46, 0x7e, 0x10, 0x00, 0x00, 0x00, 0x00, 0x00, 0xa7, 0x00, 0x00, 0x8b, 0x02, 0x83, 0x00, 0x80,
    0x83, 0x99, 0x19, 0x00, 0xf2, 0x00, 0x10, 0x00, 0x0b, 0x00, 0x00, 0x00, 0x1a, 0x00, 0x10, 0x00,
    0x03, 0x00, 0x00, 0x00, 0x01, 0x40, 0x00, 0x00, 0x00, 0x00, 0x00, 0x00, 0x46, 0x7e, 0x10, 0x00,
    0x00, 0x00, 0x00, 0x00, 0x38, 0x00, 0x00, 0x07, 0xf2, 0x00, 0x10, 0x00, 0x0b, 0x00, 0x00, 0x00,
    0x46, 0x0e, 0x10, 0x00, 0x0b, 0x00, 0x00, 0x00, 0x56, 0x15, 0x10, 0x00, 0x05, 0x00, 0x00, 0x00,
    0x32, 0x00, 0x00, 0x09, 0xf2, 0x00, 0x10, 0x00, 0x0a, 0x00, 0x00, 0x00, 0x46, 0x0e, 0x10, 0x00,
    0x0a, 0x00, 0x00, 0x00, 0x06, 0x10, 0x10, 0x00, 0x05, 0x00, 0x00, 0x00, 0x46, 0x0e, 0x10, 0x00,
    0x0b, 0x00, 0x00, 0x00, 0x12, 0x00, 0x00, 0x01, 0xa7, 0x00, 0x00, 0x8b, 0x02, 0x83, 0x00, 0x80,
    0x83, 0x99, 0x19, 0x00, 0xf2, 0x00, 0x10, 0x00, 0x05, 0x00, 0x00, 0x00, 0x3a, 0x00, 0x10, 0x00,
    0x04, 0x00, 0x00, 0x00, 0x01, 0x40, 0x00, 0x00, 0x00, 0x00, 0x00, 0x00, 0x46, 0x7e, 0x10, 0x00,
    0x00, 0x00, 0x00, 0x00, 0xa7, 0x00, 0x00, 0x8b, 0x02, 0x83, 0x00, 0x80, 0x83, 0x99, 0x19, 0x00,
    0xf2, 0x00, 0x10, 0x00, 0x06, 0x00, 0x00, 0x00, 0x2a, 0x00, 0x10, 0x00, 0x04, 0x00, 0x00, 0x00,
    0x01, 0x40, 0x00, 0x00, 0x00, 0x00, 0x00, 0x00, 0x46, 0x7e, 0x10, 0x00, 0x00, 0x00, 0x00, 0x00,
    0xa7, 0x00, 0x00, 0x8b, 0x02, 0x83, 0x00, 0x80, 0x83, 0x99, 0x19, 0x00, 0xf2, 0x00, 0x10, 0x00,
    0x07, 0x00, 0x00, 0x00, 0x0a, 0x00, 0x10, 0x00, 0x02, 0x00, 0x00, 0x00, 0x01, 0x40, 0x00, 0x00,
    0x00, 0x00, 0x00, 0x00, 0x46, 0x7e, 0x10, 0x00, 0x00, 0x00, 0x00, 0x00, 0xa7, 0x00, 0x00, 0x8b,
    0x02, 0x83, 0x00, 0x80, 0x83, 0x99, 0x19, 0x00, 0xf2, 0x00, 0x10, 0x00, 0x08, 0x00, 0x00, 0x00,
    0x1a, 0x00, 0x10, 0x00, 0x04, 0x00, 0x00, 0x00, 0x01, 0x40, 0x00, 0x00, 0x00, 0x00, 0x00, 0x00,
    0x46, 0x7e, 0x10, 0x00, 0x00, 0x00, 0x00, 0x00, 0xa7, 0x00, 0x00, 0x8b, 0x02, 0x83, 0x00, 0x80,
    0x83, 0x99, 0x19, 0x00, 0xf2, 0x00, 0x10, 0x00, 0x09, 0x00, 0x00, 0x00, 0x0a, 0x00, 0x10, 0x00,
    0x04, 0x00, 0x00, 0x00, 0x01, 0x40, 0x00, 0x00, 0x00, 0x00, 0x00, 0x00, 0x46, 0x7e, 0x10, 0x00,
    0x00, 0x00, 0x00, 0x00, 0xa7, 0x00, 0x00, 0x8b, 0x02, 0x83, 0x00, 0x80, 0x83, 0x99, 0x19, 0x00,
    0xf2, 0x00, 0x10, 0x00, 0x0a, 0x00, 0x00, 0x00, 0x0a, 0x00, 0x10, 0x00, 0x03, 0x00, 0x00, 0x00,
    0x01, 0x40, 0x00, 0x00, 0x00, 0x00, 0x00, 0x00, 0x46, 0x7e, 0x10, 0x00, 0x00, 0x00, 0x00, 0x00,
    0x15, 0x00, 0x00, 0x01, 0x1f, 0x00, 0x04, 0x03, 0x3a, 0x00, 0x10, 0x00, 0x00, 0x00, 0x00, 0x00,
    0x1e, 0x00, 0x00, 0x0a, 0xf2, 0x00, 0x10, 0x00, 0x04, 0x00, 0x00, 0x00, 0xe6, 0x0e, 0x10, 0x00,
    0x02, 0x00, 0x00, 0x00, 0x02, 0x40, 0x00, 0x00, 0x02, 0x00, 0x00, 0x00, 0x02, 0x00, 0x00, 0x00,
    0x01, 0x00, 0x00, 0x00, 0x01, 0x00, 0x00, 0x00, 0xa7, 0x00, 0x00, 0x8b, 0x02, 0x83, 0x00, 0x80,
    0x83, 0x99, 0x19, 0x00, 0xf2, 0x00, 0x10, 0x00, 0x0b, 0x00, 0x00, 0x00, 0x0a, 0x00, 0x10, 0x00,
    0x04, 0x00, 0x00, 0x00, 0x01, 0x40, 0x00, 0x00, 0x00, 0x00, 0x00, 0x00, 0x46, 0x7e, 0x10, 0x00,
    0x00, 0x00, 0x00, 0x00, 0xa7, 0x00, 0x00, 0x8b, 0x02, 0x83, 0x00, 0x80, 0x83, 0x99, 0x19, 0x00,
    0xf2, 0x00, 0x10, 0x00, 0x0c, 0x00, 0x00, 0x00, 0x1a, 0x00, 0x10, 0x00, 0x04, 0x00, 0x00, 0x00,
    0x01, 0x40, 0x00, 0x00, 0x00, 0x00, 0x00, 0x00, 0x46, 0x7e, 0x10, 0x00, 0x00, 0x00, 0x00, 0x00,
    0x38, 0x00, 0x00, 0x07, 0xf2, 0x00, 0x10, 0x00, 0x0c, 0x00, 0x00, 0x00, 0x46, 0x0e, 0x10, 0x00,
    0x0c, 0x00, 0x00, 0x00, 0xf6, 0x1f, 0x10, 0x00, 0x05, 0x00, 0x00, 0x00, 0x32, 0x00, 0x00, 0x09,
    0xf2, 0x00, 0x10, 0x00, 0x0b, 0x00, 0x00, 0x00, 0x46, 0x0e, 0x10, 0x00, 0x0b, 0x00, 0x00, 0x00,
    0xa6, 0x1a, 0x10, 0x00, 0x05, 0x00, 0x00, 0x00, 0x46, 0x0e, 0x10, 0x00, 0x0c, 0x00, 0x00, 0x00,
    0x00, 0x00, 0x00, 0x07, 0xf2, 0x00, 0x10, 0x00, 0x05, 0x00, 0x00, 0x00, 0x46, 0x0e, 0x10, 0x00,
    0x05, 0x00, 0x00, 0x00, 0x46, 0x0e, 0x10, 0x00, 0x0b, 0x00, 0x00, 0x00, 0xa7, 0x00, 0x00, 0x8b,
    0x02, 0x83, 0x00, 0x80, 0x83, 0x99, 0x19, 0x00, 0xf2, 0x00, 0x10, 0x00, 0x0b, 0x00, 0x00, 0x00,
    0x2a, 0x00, 0x10, 0x00, 0x04, 0x00, 0x00, 0x00, 0x01, 0x40, 0x00, 0x00, 0x00, 0x00, 0x00, 0x00,
    0x46, 0x7e, 0x10, 0x00, 0x00, 0x00, 0x00, 0x00, 0xa7, 0x00, 0x00, 0x8b, 0x02, 0x83, 0x00, 0x80,
    0x83, 0x99, 0x19, 0x00, 0xf2, 0x00, 0x10, 0x00, 0x04, 0x00, 0x00, 0x00, 0x3a, 0x00, 0x10, 0x00,
    0x04, 0x00, 0x00, 0x00, 0x01, 0x40, 0x00, 0x00, 0x00, 0x00, 0x00, 0x00, 0x46, 0x7e, 0x10, 0x00,
    0x00, 0x00, 0x00, 0x00, 0x38, 0x00, 0x00, 0x07, 0xf2, 0x00, 0x10, 0x00, 0x04, 0x00, 0x00, 0x00,
    0x46, 0x0e, 0x10, 0x00, 0x04, 0x00, 0x00, 0x00, 0xf6, 0x1f, 0x10, 0x00, 0x05, 0x00, 0x00, 0x00,
    0x32, 0x00, 0x00, 0x09, 0xf2, 0x00, 0x10, 0x00, 0x04, 0x00, 0x00, 0x00, 0x46, 0x0e, 0x10, 0x00,
    0x0b, 0x00, 0x00, 0x00, 0xa6, 0x1a, 0x10, 0x00, 0x05, 0x00, 0x00, 0x00, 0x46, 0x0e, 0x10, 0x00,
    0x04, 0x00, 0x00, 0x00, 0x00, 0x00, 0x00, 0x07, 0xf2, 0x00, 0x10, 0x00, 0x06, 0x00, 0x00, 0x00,
    0x46, 0x0e, 0x10, 0x00, 0x04, 0x00, 0x00, 0x00, 0x46, 0x0e, 0x10, 0x00, 0x06, 0x00, 0x00, 0x00,
    0xa7, 0x00, 0x00, 0x8b, 0x02, 0x83, 0x00, 0x80, 0x83, 0x99, 0x19, 0x00, 0xf2, 0x00, 0x10, 0x00,
    0x04, 0x00, 0x00, 0x00, 0x2a, 0x00, 0x10, 0x00, 0x02, 0x00, 0x00, 0x00, 0x01, 0x40, 0x00, 0x00,
    0x00, 0x00, 0x00, 0x00, 0x46, 0x7e, 0x10, 0x00, 0x00, 0x00, 0x00, 0x00, 0xa7, 0x00, 0x00, 0x8b,
    0x02, 0x83, 0x00, 0x80, 0x83, 0x99, 0x19, 0x00, 0xf2, 0x00, 0x10, 0x00, 0x02, 0x00, 0x00, 0x00,
    0x3a, 0x00, 0x10, 0x00, 0x02, 0x00, 0x00, 0x00, 0x01, 0x40, 0x00, 0x00, 0x00, 0x00, 0x00, 0x00,
    0x46, 0x7e, 0x10, 0x00, 0x00, 0x00, 0x00, 0x00, 0x38, 0x00, 0x00, 0x07, 0xf2, 0x00, 0x10, 0x00,
    0x02, 0x00, 0x00, 0x00, 0x46, 0x0e, 0x10, 0x00, 0x02, 0x00, 0x00, 0x00, 0xf6, 0x1f, 0x10, 0x00,
    0x05, 0x00, 0x00, 0x00, 0x32, 0x00, 0x00, 0x09, 0xf2, 0x00, 0x10, 0x00, 0x02, 0x00, 0x00, 0x00,
    0x46, 0x0e, 0x10, 0x00, 0x04, 0x00, 0x00, 0x00, 0xa6, 0x1a, 0x10, 0x00, 0x05, 0x00, 0x00, 0x00,
    0x46, 0x0e, 0x10, 0x00, 0x02, 0x00, 0x00, 0x00, 0x00, 0x00, 0x00, 0x07, 0xf2, 0x00, 0x10, 0x00,
    0x07, 0x00, 0x00, 0x00, 0x46, 0x0e, 0x10, 0x00, 0x02, 0x00, 0x00, 0x00, 0x46, 0x0e, 0x10, 0x00,
    0x07, 0x00, 0x00, 0x00, 0x1e, 0x00, 0x00, 0x0a, 0xf2, 0x00, 0x10, 0x00, 0x02, 0x00, 0x00, 0x00,
    0xe6, 0x0e, 0x10, 0x00, 0x03, 0x00, 0x00, 0x00, 0x02, 0x40, 0x00, 0x00, 0x02, 0x00, 0x00, 0x00,
    0x02, 0x00, 0x00, 0x00, 0x01, 0x00, 0x00, 0x00, 0x01, 0x00, 0x00, 0x00, 0xa7, 0x00, 0x00, 0x8b,
    0x02, 0x83, 0x00, 0x80, 0x83, 0x99, 0x19, 0x00, 0xf2, 0x00, 0x10, 0x00, 0x04, 0x00, 0x00, 0x00,
    0x0a, 0x00, 0x10, 0x00, 0x02, 0x00, 0x00, 0x00, 0x01, 0x40, 0x00, 0x00, 0x00, 0x00, 0x00, 0x00,
    0x46, 0x7e, 0x10, 0x00, 0x00, 0x00, 0x00, 0x00, 0xa7, 0x00, 0x00, 0x8b, 0x02, 0x83, 0x00, 0x80,
    0x83, 0x99, 0x19, 0x00, 0xf2, 0x00, 0x10, 0x00, 0x0b, 0x00, 0x00, 0x00, 0x1a, 0x00, 0x10, 0x00,
    0x02, 0x00, 0x00, 0x00, 0x01, 0x40, 0x00, 0x00, 0x00, 0x00, 0x00, 0x00, 0x46, 0x7e, 0x10, 0x00,
    0x00, 0x00, 0x00, 0x00, 0x38, 0x00, 0x00, 0x07, 0xf2, 0x00, 0x10, 0x00, 0x0b, 0x00, 0x00, 0x00,
    0x46, 0x0e, 0x10, 0x00, 0x0b, 0x00, 0x00, 0x00, 0xf6, 0x1f, 0x10, 0x00, 0x05, 0x00, 0x00, 0x00,
    0x32, 0x00, 0x00, 0x09, 0xf2, 0x00, 0x10, 0x00, 0x04, 0x00, 0x00, 0x00, 0x46, 0x0e, 0x10, 0x00,
    0x04, 0x00, 0x00, 0x00, 0xa6, 0x1a, 0x10, 0x00, 0x05, 0x00, 0x00, 0x00, 0x46, 0x0e, 0x10, 0x00,
    0x0b, 0x00, 0x00, 0x00, 0x00, 0x00, 0x00, 0x07, 0xf2, 0x00, 0x10, 0x00, 0x08, 0x00, 0x00, 0x00,
    0x46, 0x0e, 0x10, 0x00, 0x04, 0x00, 0x00, 0x00, 0x46, 0x0e, 0x10, 0x00, 0x08, 0x00, 0x00, 0x00,
    0xa7, 0x00, 0x00, 0x8b, 0x02, 0x83, 0x00, 0x80, 0x83, 0x99, 0x19, 0x00, 0xf2, 0x00, 0x10, 0x00,
    0x04, 0x00, 0x00, 0x00, 0x2a, 0x00, 0x10, 0x00, 0x02, 0x00, 0x00, 0x00, 0x01, 0x40, 0x00, 0x00,
    0x00, 0x00, 0x00, 0x00, 0x46, 0x7e, 0x10, 0x00, 0x00, 0x00, 0x00, 0x00, 0xa7, 0x00, 0x00, 0x8b,
    0x02, 0x83, 0x00, 0x80, 0x83, 0x99, 0x19, 0x00, 0xf2, 0x00, 0x10, 0x00, 0x02, 0x00, 0x00, 0x00,
    0x3a, 0x00, 0x10, 0x00, 0x02, 0x00, 0x00, 0x00, 0x01, 0x40, 0x00, 0x00, 0x00, 0x00, 0x00, 0x00,
    0x46, 0x7e, 0x10, 0x00, 0x00, 0x00, 0x00, 0x00, 0x38, 0x00, 0x00, 0x07, 0xf2, 0x00, 0x10, 0x00,
    0x02, 0x00, 0x00, 0x00, 0x46, 0x0e, 0x10, 0x00, 0x02, 0x00, 0x00, 0x00, 0xf6, 0x1f, 0x10, 0x00,
    0x05, 0x00, 0x00, 0x00, 0x32, 0x00, 0x00, 0x09, 0xf2, 0x00, 0x10, 0x00, 0x02, 0x00, 0x00, 0x00,
    0x46, 0x0e, 0x10, 0x00, 0x04, 0x00, 0x00, 0x00, 0xa6, 0x1a, 0x10, 0x00, 0x05, 0x00, 0x00, 0x00,
    0x46, 0x0e, 0x10, 0x00, 0x02, 0x00, 0x00, 0x00, 0x00, 0x00, 0x00, 0x07, 0xf2, 0x00, 0x10, 0x00,
    0x09, 0x00, 0x00, 0x00, 0x46, 0x0e, 0x10, 0x00, 0x02, 0x00, 0x00, 0x00, 0x46, 0x0e, 0x10, 0x00,
    0x09, 0x00, 0x00, 0x00, 0xa7, 0x00, 0x00, 0x8b, 0x02, 0x83, 0x00, 0x80, 0x83, 0x99, 0x19, 0x00,
    0xf2, 0x00, 0x10, 0x00, 0x02, 0x00, 0x00, 0x00, 0x2a, 0x00, 0x10, 0x00, 0x03, 0x00, 0x00, 0x00,
    0x01, 0x40, 0x00, 0x00, 0x00, 0x00, 0x00, 0x00, 0x46, 0x7e, 0x10, 0x00, 0x00, 0x00, 0x00, 0x00,
    0xa7, 0x00, 0x00, 0x8b, 0x02, 0x83, 0x00, 0x80, 0x83, 0x99, 0x19, 0x00, 0xf2, 0x00, 0x10, 0x00,
    0x03, 0x00, 0x00, 0x00, 0x3a, 0x00, 0x10, 0x00, 0x03, 0x00, 0x00, 0x00, 0x01, 0x40, 0x00, 0x00,
    0x00, 0x00, 0x00, 0x00, 0x46, 0x7e, 0x10, 0x00, 0x00, 0x00, 0x00, 0x00, 0x38, 0x00, 0x00, 0x07,
    0xf2, 0x00, 0x10, 0x00, 0x03, 0x00, 0x00, 0x00, 0x46, 0x0e, 0x10, 0x00, 0x03, 0x00, 0x00, 0x00,
    0xf6, 0x1f, 0x10, 0x00, 0x05, 0x00, 0x00, 0x00, 0x32, 0x00, 0x00, 0x09, 0xf2, 0x00, 0x10, 0x00,
    0x02, 0x00, 0x00, 0x00, 0x46, 0x0e, 0x10, 0x00, 0x02, 0x00, 0x00, 0x00, 0xa6, 0x1a, 0x10, 0x00,
    0x05, 0x00, 0x00, 0x00, 0x46, 0x0e, 0x10, 0x00, 0x03, 0x00, 0x00, 0x00, 0x00, 0x00, 0x00, 0x07,
    0xf2, 0x00, 0x10, 0x00, 0x0a, 0x00, 0x00, 0x00, 0x46, 0x0e, 0x10, 0x00, 0x02, 0x00, 0x00, 0x00,
    0x46, 0x0e, 0x10, 0x00, 0x0a, 0x00, 0x00, 0x00, 0x15, 0x00, 0x00, 0x01, 0x36, 0x00, 0x00, 0x05,
    0x72, 0x00, 0x10, 0x00, 0x02, 0x00, 0x00, 0x00, 0x46, 0x12, 0x10, 0x00, 0x00, 0x00, 0x00, 0x00,
    0x36, 0x00, 0x00, 0x05, 0x82, 0x00, 0x10, 0x00, 0x02, 0x00, 0x00, 0x00, 0x01, 0x40, 0x00, 0x00,
    0x00, 0x00, 0x80, 0x3f, 0x11, 0x00, 0x00, 0x07, 0x42, 0x00, 0x10, 0x00, 0x00, 0x00, 0x00, 0x00,
    0x46, 0x0e, 0x10, 0x00, 0x0a, 0x00, 0x00, 0x00, 0x46, 0x0e, 0x10, 0x00, 0x02, 0x00, 0x00, 0x00,
    0x11, 0x00, 0x00, 0x07, 0x82, 0x00, 0x10, 0x00, 0x00, 0x00, 0x00, 0x00, 0x46, 0x0e, 0x10, 0x00,
    0x09, 0x00, 0x00, 0x00, 0x46, 0x0e, 0x10, 0x00, 0x02, 0x00, 0x00, 0x00, 0x11, 0x00, 0x00, 0x07,
    0x12, 0x00, 0x10, 0x00, 0x03, 0x00, 0x00, 0x00, 0x46, 0x0e, 0x10, 0x00, 0x08, 0x00, 0x00, 0x00,
    0x46, 0x0e, 0x10, 0x00, 0x02, 0x00, 0x00, 0x00, 0x11, 0x00, 0x00, 0x07, 0x12, 0x00, 0x10, 0x00,
    0x04, 0x00, 0x00, 0x00, 0x46, 0x0e, 0x10, 0x00, 0x07, 0x00, 0x00, 0x00, 0x46, 0x0e, 0x10, 0x00,
    0x02, 0x00, 0x00, 0x00, 0x11, 0x00, 0x00, 0x07, 0x22, 0x00, 0x10, 0x00, 0x04, 0x00, 0x00, 0x00,
    0x46, 0x0e, 0x10, 0x00, 0x06, 0x00, 0x00, 0x00, 0x46, 0x0e, 0x10, 0x00, 0x02, 0x00, 0x00, 0x00,
    0x11, 0x00, 0x00, 0x07, 0x42, 0x00, 0x10, 0x00, 0x04, 0x00, 0x00, 0x00, 0x46, 0x0e, 0x10, 0x00,
    0x05, 0x00, 0x00, 0x00, 0x46, 0x0e, 0x10, 0x00, 0x02, 0x00, 0x00, 0x00, 0x12, 0x00, 0x00, 0x01,
    0x36, 0x00, 0x00, 0x05, 0x72, 0x00, 0x10, 0x00, 0x04, 0x00, 0x00, 0x00, 0x46, 0x12, 0x10, 0x00,
    0x04, 0x00, 0x00, 0x00, 0x36, 0x00, 0x00, 0x05, 0xc2, 0x00, 0x10, 0x00, 0x00, 0x00, 0x00, 0x00,
    0x06, 0x14, 0x10, 0x00, 0x00, 0x00, 0x00, 0x00, 0x36, 0x00, 0x00, 0x05, 0x12, 0x00, 0x10, 0x00,
    0x03, 0x00, 0x00, 0x00, 0x2a, 0x10, 0x10, 0x00, 0x00, 0x00, 0x00, 0x00, 0x15, 0x00, 0x00, 0x01,
    0x38, 0x00, 0x00, 0x0a, 0x72, 0x00, 0x10, 0x00, 0x02, 0x00, 0x00, 0x00, 0xf6, 0x0f, 0x10, 0x00,
    0x00, 0x00, 0x00, 0x00, 0x46, 0x82, 0x20, 0x06, 0x03, 0x00, 0x00, 0x00, 0x01, 0x00, 0x00, 0x00,
    0x1a, 0x00, 0x10, 0x00, 0x00, 0x00, 0x00, 0x00, 0x32, 0x00, 0x00, 0x0b, 0x72, 0x00, 0x10, 0x00,
    0x02, 0x00, 0x00, 0x00, 0x46, 0x82, 0x20, 0x04, 0x03, 0x00, 0x00, 0x00, 0x1a, 0x00, 0x10, 0x00,
    0x00, 0x00, 0x00, 0x00, 0xa6, 0x0a, 0x10, 0x00, 0x00, 0x00, 0x00, 0x00, 0x46, 0x02, 0x10, 0x00,
    0x02, 0x00, 0x00, 0x00, 0x32, 0x00, 0x00, 0x0c, 0x72, 0x00, 0x10, 0x00, 0x02, 0x00, 0x00, 0x00,
    0x46, 0x82, 0x20, 0x06, 0x03, 0x00, 0x00, 0x00, 0x02, 0x00, 0x00, 0x00, 0x1a, 0x00, 0x10, 0x00,
    0x00, 0x00, 0x00, 0x00, 0x06, 0x00, 0x10, 0x00, 0x03, 0x00, 0x00, 0x00, 0x46, 0x02, 0x10, 0x00,
    0x02, 0x00, 0x00, 0x00, 0x00, 0x00, 0x00, 0x0a, 0xe2, 0x00, 0x10, 0x00, 0x03, 0x00, 0x00, 0x00,
    0x06, 0x09, 0x10, 0x00, 0x02, 0x00, 0x00, 0x00, 0x06, 0x89, 0x20, 0x06, 0x03, 0x00, 0x00, 0x00,
    0x03, 0x00, 0x00, 0x00, 0x1a, 0x00, 0x10, 0x00, 0x00, 0x00, 0x00, 0x00, 0x00, 0x00, 0x00, 0x09,
    0xe2, 0x00, 0x10, 0x00, 0x03, 0x00, 0x00, 0x00, 0x56, 0x0e, 0x10, 0x80, 0x41, 0x00, 0x00, 0x00,
    0x03, 0x00, 0x00, 0x00, 0x06, 0x89, 0x20, 0x00, 0x01, 0x00, 0x00, 0x00, 0x2c, 0x00, 0x00, 0x00,
    0x10, 0x00, 0x00, 0x07, 0x82, 0x00, 0x10, 0x00, 0x02, 0x00, 0x00, 0x00, 0x96, 0x07, 0x10, 0x00,
    0x03, 0x00, 0x00, 0x00, 0x96, 0x07, 0x10, 0x00, 0x03, 0x00, 0x00, 0x00, 0x4b, 0x00, 0x00, 0x05,
    0x82, 0x00, 0x10, 0x00, 0x02, 0x00, 0x00, 0x00, 0x3a, 0x00, 0x10, 0x00, 0x02, 0x00, 0x00, 0x00,
    0x0e, 0x00, 0x00, 0x07, 0xe2, 0x00, 0x10, 0x00, 0x03, 0x00, 0x00, 0x00, 0x56, 0x0e, 0x10, 0x00,
    0x03, 0x00, 0x00, 0x00, 0xf6, 0x0f, 0x10, 0x00, 0x02, 0x00, 0x00, 0x00, 0x00, 0x00, 0x00, 0x07,
    0x82, 0x00, 0x10, 0x00, 0x02, 0x00, 0x00, 0x00, 0x3a, 0x00, 0x10, 0x00, 0x02, 0x00, 0x00, 0x00,
    0x01, 0x40, 0x00, 0x00, 0x00, 0x00, 0x80, 0xbf, 0x34, 0x00, 0x00, 0x07, 0x82, 0x00, 0x10, 0x00,
    0x02, 0x00, 0x00, 0x00, 0x3a, 0x00, 0x10, 0x00, 0x02, 0x00, 0x00, 0x00, 0x01, 0x40, 0x00, 0x00,
    0x00, 0x00, 0x00, 0x00, 0x33, 0x00, 0x00, 0x08, 0x82, 0x00, 0x10, 0x00, 0x02, 0x00, 0x00, 0x00,
    0x3a, 0x00, 0x10, 0x00, 0x02, 0x00, 0x00, 0x00, 0x1a, 0x80, 0x20, 0x00, 0x04, 0x00, 0x00, 0x00,
    0x03, 0x00, 0x00, 0x00, 0x00, 0x00, 0x00, 0x07, 0x82, 0x00, 0x10, 0x00, 0x02, 0x00, 0x00, 0x00,
    0x3a, 0x00, 0x10, 0x00, 0x02, 0x00, 0x00, 0x00, 0x01, 0x40, 0x00, 0x00, 0x6f, 0x12, 0x83, 0x3a,
    0x38, 0x00, 0x00, 0x07, 0xe2, 0x00, 0x10, 0x00, 0x03, 0x00, 0x00, 0x00, 0xf6, 0x0f, 0x10, 0x00,
    0x02, 0x00, 0x00, 0x00, 0x56, 0x0e, 0x10, 0x00, 0x03, 0x00, 0x00, 0x00, 0x00, 0x00, 0x00, 0x09,
    0x82, 0x00, 0x10, 0x00, 0x02, 0x00, 0x00, 0x00, 0x01, 0x40, 0x00, 0x00, 0x00, 0x00, 0x80, 0x3f,
    0x0a, 0x80, 0x20, 0x80, 0x41, 0x00, 0x00, 0x00, 0x00, 0x00, 0x00, 0x00, 0x01, 0x00, 0x00, 0x00,
    0x00, 0x00, 0x00, 0x0c, 0x72, 0x00, 0x10, 0x00, 0x05, 0x00, 0x00, 0x00, 0x46, 0x82, 0x20, 0x80,
    0x41, 0x00, 0x00, 0x00, 0x01, 0x00, 0x00, 0x00, 0x2c, 0x00, 0x00, 0x00, 0x46, 0x82, 0x20, 0x06,
    0x03, 0x00, 0x00, 0x00, 0x03, 0x00, 0x00, 0x00, 0x1a, 0x00, 0x10, 0x00, 0x00, 0x00, 0x00, 0x00,
    0x00, 0x00, 0x00, 0x07, 0x72, 0x00, 0x10, 0x00, 0x02, 0x00, 0x00, 0x00, 0x46, 0x02, 0x10, 0x00,
    0x02, 0x00, 0x00, 0x00, 0x46, 0x02, 0x10, 0x00, 0x05, 0x00, 0x00, 0x00, 0x32, 0x00, 0x00, 0x09,
    0x72, 0x00, 0x10, 0x00, 0x02, 0x00, 0x00, 0x00, 0x96, 0x07, 0x10, 0x00, 0x03, 0x00, 0x00, 0x00,
    0xf6, 0x0f, 0x10, 0x00, 0x02, 0x00, 0x00, 0x00, 0x46, 0x02, 0x10, 0x00, 0x02, 0x00, 0x00, 0x00,
    0x38, 0x00, 0x00, 0x08, 0xf2, 0x00, 0x10, 0x00, 0x05, 0x00, 0x00, 0x00, 0x56, 0x05, 0x10, 0x00,
    0x02, 0x00, 0x00, 0x00, 0x46, 0x8e, 0x20, 0x00, 0x01, 0x00, 0x00, 0x00, 0x21, 0x00, 0x00, 0x00,
    0x32, 0x00, 0x00, 0x0a, 0xf2, 0x00, 0x10, 0x00, 0x05, 0x00, 0x00, 0x00, 0x46, 0x8e, 0x20, 0x00,
    0x01, 0x00, 0x00, 0x00, 0x20, 0x00, 0x00, 0x00, 0x06, 0x00, 0x10, 0x00, 0x02, 0x00, 0x00, 0x00,
    0x46, 0x0e, 0x10, 0x00, 0x05, 0x00, 0x00, 0x00, 0x32, 0x00, 0x00, 0x0a, 0xf2, 0x00, 0x10, 0x00,
    0x05, 0x00, 0x00, 0x00, 0x46, 0x8e, 0x20, 0x00, 0x01, 0x00, 0x00, 0x00, 0x22, 0x00, 0x00, 0x00,
    0xa6, 0x0a, 0x10, 0x00, 0x02, 0x00, 0x00, 0x00, 0x46, 0x0e, 0x10, 0x00, 0x05, 0x00, 0x00, 0x00,
    0x00, 0x00, 0x00, 0x08, 0xf2, 0x00, 0x10, 0x00, 0x05, 0x00, 0x00, 0x00, 0x46, 0x0e, 0x10, 0x00,
    0x05, 0x00, 0x00, 0x00, 0x46, 0x8e, 0x20, 0x00, 0x01, 0x00, 0x00, 0x00, 0x23, 0x00, 0x00, 0x00,
    0x38, 0x00, 0x00, 0x08, 0x32, 0x00, 0x10, 0x00, 0x06, 0x00, 0x00, 0x00, 0xf6, 0x0f, 0x10, 0x00,
    0x05, 0x00, 0x00, 0x00, 0xe6, 0x8a, 0x20, 0x00, 0x02, 0x00, 0x00, 0x00, 0x13, 0x00, 0x00, 0x00,
    0x32, 0x00, 0x00, 0x0d, 0x32, 0x20, 0x10, 0x00, 0x00, 0x00, 0x00, 0x00, 0x46, 0x00, 0x10, 0x80,
    0x41, 0x00, 0x00, 0x00, 0x06, 0x00, 0x00, 0x00, 0x02, 0x40, 0x00, 0x00, 0x00, 0x00, 0x00, 0x40,
    0x00, 0x00, 0x00, 0xc0, 0x00, 0x00, 0x00, 0x00, 0x00, 0x00, 0x00, 0x00, 0x46, 0x00, 0x10, 0x00,
    0x05, 0x00, 0x00, 0x00, 0x31, 0x00, 0x00, 0x0d, 0x32, 0x00, 0x10, 0x00, 0x06, 0x00, 0x00, 0x00,
    0x46, 0x80, 0x20, 0x06, 0x03, 0x00, 0x00, 0x00, 0x0a, 0x00, 0x00, 0x00, 0x1a, 0x00, 0x10, 0x00,
    0x00, 0x00, 0x00, 0x00, 0x02, 0x40, 0x00, 0x00, 0x00, 0x00, 0x80, 0x3f, 0x00, 0x00, 0x80, 0x3f,
    0x00, 0x00, 0x00, 0x00, 0x00, 0x00, 0x00, 0x00, 0x00, 0x00, 0x00, 0x0a, 0x72, 0x00, 0x10, 0x00,
    0x07, 0x00, 0x00, 0x00, 0x46, 0x82, 0x20, 0x00, 0x01, 0x00, 0x00, 0x00, 0x2c, 0x00, 0x00, 0x00,
    0x46, 0x82, 0x20, 0x80, 0x41, 0x00, 0x00, 0x00, 0x01, 0x00, 0x00, 0x00, 0x51, 0x00, 0x00, 0x00,
    0x00, 0x00, 0x00, 0x07, 0x72, 0x00, 0x10, 0x00, 0x02, 0x00, 0x00, 0x00, 0x46, 0x02, 0x10, 0x00,
    0x02, 0x00, 0x00, 0x00, 0x46, 0x02, 0x10, 0x00, 0x07, 0x00, 0x00, 0x00, 0x37, 0x00, 0x00, 0x09,
    0xc2, 0x00, 0x10, 0x00, 0x00, 0x00, 0x00, 0x00, 0x06, 0x00, 0x10, 0x00, 0x06, 0x00, 0x00, 0x00,
    0xa6, 0x0e, 0x10, 0x00, 0x00, 0x00, 0x00, 0x00, 0x06, 0x04, 0x10, 0x00, 0x04, 0x00, 0x00, 0x00,
    0x37, 0x00, 0x00, 0x09, 0x12, 0x00, 0x10, 0x00, 0x03, 0x00, 0x00, 0x00, 0x0a, 0x00, 0x10, 0x00,
    0x06, 0x00, 0x00, 0x00, 0x0a, 0x00, 0x10, 0x00, 0x03, 0x00, 0x00, 0x00, 0x2a, 0x00, 0x10, 0x00,
    0x04, 0x00, 0x00, 0x00, 0x38, 0x00, 0x00, 0x0a, 0x72, 0x00, 0x10, 0x00, 0x04, 0x00, 0x00, 0x00,
    0xf6, 0x0f, 0x10, 0x00, 0x00, 0x00, 0x00, 0x00, 0x46, 0x82, 0x20, 0x06, 0x03, 0x00, 0x00, 0x00,
    0x07, 0x00, 0x00, 0x00, 0x1a, 0x00, 0x10, 0x00, 0x00, 0x00, 0x00, 0x00, 0x32, 0x00, 0x00, 0x0c,
    0x72, 0x00, 0x10, 0x00, 0x04, 0x00, 0x00, 0x00, 0x46, 0x82, 0x20, 0x06, 0x03, 0x00, 0x00, 0x00,
    0x06, 0x00, 0x00, 0x00, 0x1a, 0x00, 0x10, 0x00, 0x00, 0x00, 0x00, 0x00, 0xa6, 0x0a, 0x10, 0x00,
    0x00, 0x00, 0x00, 0x00, 0x46, 0x02, 0x10, 0x00, 0x04, 0x00, 0x00, 0x00, 0x32, 0x00, 0x00, 0x0c,
    0x72, 0x00, 0x10, 0x00, 0x04, 0x00, 0x00, 0x00, 0x46, 0x82, 0x20, 0x06, 0x03, 0x00, 0x00, 0x00,
    0x08, 0x00, 0x00, 0x00, 0x1a, 0x00, 0x10, 0x00, 0x00, 0x00, 0x00, 0x00, 0x06, 0x00, 0x10, 0x00,
    0x03, 0x00, 0x00, 0x00, 0x46, 0x02, 0x10, 0x00, 0x04, 0x00, 0x00, 0x00, 0x00, 0x00, 0x00, 0x0c,
    0xe2, 0x00, 0x10, 0x00, 0x00, 0x00, 0x00, 0x00, 0x06, 0x89, 0x20, 0x80, 0x41, 0x00, 0x00, 0x00,
    0x01, 0x00, 0x00, 0x00, 0x51, 0x00, 0x00, 0x00, 0x06, 0x89, 0x20, 0x06, 0x03, 0x00, 0x00, 0x00,
    0x09, 0x00, 0x00, 0x00, 0x1a, 0x00, 0x10, 0x00, 0x00, 0x00, 0x00, 0x00, 0x00, 0x00, 0x00, 0x07,
    0xe2, 0x00, 0x10, 0x00, 0x00, 0x00, 0x00, 0x00, 0x56, 0x0e, 0x10, 0x00, 0x00, 0x00, 0x00, 0x00,
    0x06, 0x09, 0x10, 0x00, 0x04, 0x00, 0x00, 0x00, 0x32, 0x00, 0x00, 0x09, 0xe2, 0x00, 0x10, 0x00,
    0x00, 0x00, 0x00, 0x00, 0x56, 0x0e, 0x10, 0x00, 0x03, 0x00, 0x00, 0x00, 0xf6, 0x0f, 0x10, 0x00,
    0x02, 0x00, 0x00, 0x00, 0x56, 0x0e, 0x10, 0x00, 0x00, 0x00, 0x00, 0x00, 0x38, 0x00, 0x00, 0x08,
    0xf2, 0x00, 0x10, 0x00, 0x03, 0x00, 0x00, 0x00, 0x06, 0x15, 0x10, 0x00, 0x03, 0x00, 0x00, 0x00,
    0x06, 0x80, 0x20, 0x00, 0x04, 0x00, 0x00, 0x00, 0x01, 0x00, 0x00, 0x00, 0x32, 0x00, 0x00, 0x0b,
    0xf2, 0x00, 0x10, 0x00, 0x03, 0x00, 0x00, 0x00, 0xa6, 0x1f, 0x10, 0x00, 0x02, 0x00, 0x00, 0x00,
    0x06, 0x80, 0x20, 0x00, 0x04, 0x00, 0x00, 0x00, 0x01, 0x00, 0x00, 0x00, 0x46, 0x0e, 0x10, 0x80,
    0x41, 0x00, 0x00, 0x00, 0x03, 0x00, 0x00, 0x00, 0x00, 0x00, 0x00, 0x07, 0xf2, 0x00, 0x10, 0x00,
    0x03, 0x00, 0x00, 0x00, 0x46, 0x0e, 0x10, 0x00, 0x03, 0x00, 0x00, 0x00, 0x06, 0x15, 0x10, 0x00,
    0x03, 0x00, 0x00, 0x00, 0x38, 0x00, 0x00, 0x08, 0xf2, 0x00, 0x10, 0x00, 0x04, 0x00, 0x00, 0x00,
    0x46, 0x1e, 0x10, 0x00, 0x03, 0x00, 0x00, 0x00, 0x06, 0x80, 0x20, 0x00, 0x04, 0x00, 0x00, 0x00,
    0x01, 0x00, 0x00, 0x00, 0x38, 0x00, 0x00, 0x08, 0xf2, 0x00, 0x10, 0x00, 0x07, 0x00, 0x00, 0x00,
    0x56, 0x0f, 0x10, 0x00, 0x03, 0x00, 0x00, 0x00, 0x56, 0x85, 0x20, 0x00, 0x04, 0x00, 0x00, 0x00,
    0x08, 0x00, 0x00, 0x00, 0x32, 0x00, 0x00, 0x0a, 0xf2, 0x00, 0x10, 0x00, 0x07, 0x00, 0x00, 0x00,
    0x06, 0x15, 0x10, 0x00, 0x02, 0x00, 0x00, 0x00, 0x06, 0x80, 0x20, 0x00, 0x04, 0x00, 0x00, 0x00,
    0x08, 0x00, 0x00, 0x00, 0x46, 0x0e, 0x10, 0x00, 0x07, 0x00, 0x00, 0x00, 0x32, 0x00, 0x00, 0x0b,
    0xf2, 0x00, 0x10, 0x00, 0x07, 0x00, 0x00, 0x00, 0x06, 0x85, 0x20, 0x00, 0x04, 0x00, 0x00, 0x00,
    0x06, 0x00, 0x00, 0x00, 0xf6, 0x8f, 0x20, 0x00, 0x02, 0x00, 0x00, 0x00, 0x67, 0x00, 0x00, 0x00,
    0x46, 0x0e, 0x10, 0x00, 0x07, 0x00, 0x00, 0x00, 0x32, 0x00, 0x00, 0x0a, 0xf2, 0x00, 0x10, 0x00,
    0x07, 0x00, 0x00, 0x00, 0xa6, 0x8f, 0x20, 0x00, 0x04, 0x00, 0x00, 0x00, 0x06, 0x00, 0x00, 0x00,
    0x06, 0x00, 0x10, 0x00, 0x04, 0x00, 0x00, 0x00, 0x46, 0x0e, 0x10, 0x00, 0x07, 0x00, 0x00, 0x00,
    0x00, 0x00, 0x00, 0x0a, 0xf2, 0x00, 0x10, 0x00, 0x07, 0x00, 0x00, 0x00, 0x46, 0x0e, 0x10, 0x00,
    0x07, 0x00, 0x00, 0x00, 0x02, 0x40, 0x00, 0x00, 0x00, 0x00, 0x00, 0xbf, 0x00, 0x00, 0x00, 0xbf,
    0x00, 0x00, 0x00, 0xbf, 0x00, 0x00, 0x00, 0xbf, 0x38, 0x00, 0x00, 0x08, 0xf2, 0x00, 0x10, 0x00,
    0x07, 0x00, 0x00, 0x00, 0x46, 0x0e, 0x10, 0x00, 0x07, 0x00, 0x00, 0x00, 0x46, 0x8e, 0x20, 0x00,
    0x04, 0x00, 0x00, 0x00, 0x07, 0x00, 0x00, 0x00, 0x00, 0x00, 0x00, 0x07, 0x52, 0x00, 0x10, 0x00,
    0x06, 0x00, 0x00, 0x00, 0xa6, 0x0b, 0x10, 0x00, 0x07, 0x00, 0x00, 0x00, 0x06, 0x01, 0x10, 0x00,
    0x07, 0x00, 0x00, 0x00, 0x00, 0x00, 0x00, 0x0a, 0x52, 0x00, 0x10, 0x00, 0x06, 0x00, 0x00, 0x00,
    0x06, 0x02, 0x10, 0x00, 0x06, 0x00, 0x00, 0x00, 0x02, 0x40, 0x00, 0x00, 0x00, 0x00, 0x00, 0x3f,
    0x00, 0x00, 0x00, 0x00, 0x00, 0x00, 0x00, 0x3f, 0x00, 0x00, 0x00, 0x00, 0x32, 0x00, 0x00, 0x0b,
    0x32, 0x20, 0x10, 0x00, 0x01, 0x00, 0x00, 0x00, 0x86, 0x00, 0x10, 0x00, 0x06, 0x00, 0x00, 0x00,
    0x46, 0x80, 0x20, 0x00, 0x04, 0x00, 0x00, 0x00, 0x09, 0x00, 0x00, 0x00, 0xe6, 0x8a, 0x20, 0x00,
    0x04, 0x00, 0x00, 0x00, 0x09, 0x00, 0x00, 0x00, 0x38, 0x00, 0x00, 0x09, 0xf2, 0x00, 0x10, 0x00,
    0x07, 0x00, 0x00, 0x00, 0x56, 0x85, 0x20, 0x00, 0x04, 0x00, 0x00, 0x00, 0x0c, 0x00, 0x00, 0x00,
    0x46, 0x8e, 0x20, 0x00, 0x04, 0x00, 0x00, 0x00, 0x2d, 0x00, 0x00, 0x00, 0x32, 0x00, 0x00, 0x0b,
    0xf2, 0x00, 0x10, 0x00, 0x07, 0x00, 0x00, 0x00, 0x46, 0x8e, 0x20, 0x00, 0x04, 0x00, 0x00, 0x00,
    0x2b, 0x00, 0x00, 0x00, 0x06, 0x80, 0x20, 0x00, 0x04, 0x00, 0x00, 0x00, 0x0c, 0x00, 0x00, 0x00,
    0x46, 0x0e, 0x10, 0x00, 0x07, 0x00, 0x00, 0x00, 0x38, 0x00, 0x00, 0x08, 0xf2, 0x00, 0x10, 0x00,
    0x08, 0x00, 0x00, 0x00, 0x56, 0x0f, 0x10, 0x00, 0x03, 0x00, 0x00, 0x00, 0x56, 0x85, 0x20, 0x00,
    0x04, 0x00, 0x00, 0x00, 0x10, 0x00, 0x00, 0x00, 0x32, 0x00, 0x00, 0x0a, 0xf2, 0x00, 0x10, 0x00,
    0x08, 0x00, 0x00, 0x00, 0x06, 0x15, 0x10, 0x00, 0x02, 0x00, 0x00, 0x00, 0x06, 0x80, 0x20, 0x00,
    0x04, 0x00, 0x00, 0x00, 0x10, 0x00, 0x00, 0x00, 0x46, 0x0e, 0x10, 0x00, 0x08, 0x00, 0x00, 0x00,
    0x32, 0x00, 0x00, 0x0b, 0xf2, 0x00, 0x10, 0x00, 0x08, 0x00, 0x00, 0x00, 0x06, 0x85, 0x20, 0x00,
    0x04, 0x00, 0x00, 0x00, 0x0e, 0x00, 0x00, 0x00, 0xf6, 0x8f, 0x20, 0x00, 0x02, 0x00, 0x00, 0x00,
    0x67, 0x00, 0x00, 0x00, 0x46, 0x0e, 0x10, 0x00, 0x08, 0x00, 0x00, 0x00, 0x32, 0x00, 0x00, 0x0a,
    0xf2, 0x00, 0x10, 0x00, 0x08, 0x00, 0x00, 0x00, 0xa6, 0x8f, 0x20, 0x00, 0x04, 0x00, 0x00, 0x00,
    0x0e, 0x00, 0x00, 0x00, 0x56, 0x05, 0x10, 0x00, 0x04, 0x00, 0x00, 0x00, 0x46, 0x0e, 0x10, 0x00,
    0x08, 0x00, 0x00, 0x00, 0x00, 0x00, 0x00, 0x0a, 0xf2, 0x00, 0x10, 0x00, 0x08, 0x00, 0x00, 0x00,
    0x46, 0x0e, 0x10, 0x00, 0x08, 0x00, 0x00, 0x00, 0x02, 0x40, 0x00, 0x00, 0x00, 0x00, 0x00, 0xbf,
    0x00, 0x00, 0x00, 0xbf, 0x00, 0x00, 0x00, 0xbf, 0x00, 0x00, 0x00, 0xbf, 0x38, 0x00, 0x00, 0x08,
    0xf2, 0x00, 0x10, 0x00, 0x08, 0x00, 0x00, 0x00, 0x46, 0x0e, 0x10, 0x00, 0x08, 0x00, 0x00, 0x00,
    0x46, 0x8e, 0x20, 0x00, 0x04, 0x00, 0x00, 0x00, 0x0f, 0x00, 0x00, 0x00, 0x00, 0x00, 0x00, 0x07,
    0x52, 0x00, 0x10, 0x00, 0x06, 0x00, 0x00, 0x00, 0xa6, 0x0b, 0x10, 0x00, 0x08, 0x00, 0x00, 0x00,
    0x06, 0x01, 0x10, 0x00, 0x08, 0x00, 0x00, 0x00, 0x00, 0x00, 0x00, 0x0a, 0x52, 0x00, 0x10, 0x00,
    0x06, 0x00, 0x00, 0x00, 0x06, 0x02, 0x10, 0x00, 0x06, 0x00, 0x00, 0x00, 0x02, 0x40, 0x00, 0x00,
    0x00, 0x00, 0x00, 0x3f, 0x00, 0x00, 0x00, 0x00, 0x00, 0x00, 0x00, 0x3f, 0x00, 0x00, 0x00, 0x00,
    0x32, 0x00, 0x00, 0x09, 0x32, 0x20, 0x10, 0x00, 0x02, 0x00, 0x00, 0x00, 0x86, 0x00, 0x10, 0x00,
    0x06, 0x00, 0x00, 0x00, 0x46, 0x00, 0x10, 0x00, 0x07, 0x00, 0x00, 0x00, 0xe6, 0x0a, 0x10, 0x00,
    0x07, 0x00, 0x00, 0x00, 0x38, 0x00, 0x00, 0x09, 0xf2, 0x00, 0x10, 0x00, 0x07, 0x00, 0x00, 0x00,
    0x56, 0x85, 0x20, 0x00, 0x04, 0x00, 0x00, 0x00, 0x12, 0x00, 0x00, 0x00, 0x46, 0x8e, 0x20, 0x00,
    0x04, 0x00, 0x00, 0x00, 0x2d, 0x00, 0x00, 0x00, 0x32, 0x00, 0x00, 0x0b, 0xf2, 0x00, 0x10, 0x00,
    0x07, 0x00, 0x00, 0x00, 0x46, 0x8e, 0x20, 0x00, 0x04, 0x00, 0x00, 0x00, 0x2c, 0x00, 0x00, 0x00,
    0x06, 0x80, 0x20, 0x00, 0x04, 0x00, 0x00, 0x00, 0x12, 0x00, 0x00, 0x00, 0x46, 0x0e, 0x10, 0x00,
    0x07, 0x00, 0x00, 0x00, 0x32, 0x00, 0x00, 0x0b, 0xf2, 0x00, 0x10, 0x00, 0x07, 0x00, 0x00, 0x00,
    0x46, 0x8e, 0x20, 0x00, 0x04, 0x00, 0x00, 0x00, 0x2e, 0x00, 0x00, 0x00, 0xa6, 0x8a, 0x20, 0x00,
    0x04, 0x00, 0x00, 0x00, 0x12, 0x00, 0x00, 0x00, 0x46, 0x0e, 0x10, 0x00, 0x07, 0x00, 0x00, 0x00,
    0x38, 0x00, 0x00, 0x08, 0xf2, 0x00, 0x10, 0x00, 0x08, 0x00, 0x00, 0x00, 0x56, 0x0f, 0x10, 0x00,
    0x03, 0x00, 0x00, 0x00, 0x56, 0x85, 0x20, 0x00, 0x04, 0x00, 0x00, 0x00, 0x16, 0x00, 0x00, 0x00,
    0x32, 0x00, 0x00, 0x0a, 0xf2, 0x00, 0x10, 0x00, 0x08, 0x00, 0x00, 0x00, 0x06, 0x15, 0x10, 0x00,
    0x02, 0x00, 0x00, 0x00, 0x06, 0x80, 0x20, 0x00, 0x04, 0x00, 0x00, 0x00, 0x16, 0x00, 0x00, 0x00,
    0x46, 0x0e, 0x10, 0x00, 0x08, 0x00, 0x00, 0x00, 0x32, 0x00, 0x00, 0x0b, 0xf2, 0x00, 0x10, 0x00,
    0x08, 0x00, 0x00, 0x00, 0x06, 0x85, 0x20, 0x00, 0x04, 0x00, 0x00, 0x00, 0x14, 0x00, 0x00, 0x00,
    0xf6, 0x8f, 0x20, 0x00, 0x02, 0x00, 0x00, 0x00, 0x67, 0x00, 0x00, 0x00, 0x46, 0x0e, 0x10, 0x00,
    0x08, 0x00, 0x00, 0x00, 0x32, 0x00, 0x00, 0x0a, 0xf2, 0x00, 0x10, 0x00, 0x08, 0x00, 0x00, 0x00,
    0xa6, 0x8f, 0x20, 0x00, 0x04, 0x00, 0x00, 0x00, 0x14, 0x00, 0x00, 0x00, 0x56, 0x05, 0x10, 0x00,
    0x04, 0x00, 0x00, 0x00, 0x46, 0x0e, 0x10, 0x00, 0x08, 0x00, 0x00, 0x00, 0x00, 0x00, 0x00, 0x0a,
    0xf2, 0x00, 0x10, 0x00, 0x08, 0x00, 0x00, 0x00, 0x46, 0x0e, 0x10, 0x00, 0x08, 0x00, 0x00, 0x00,
    0x02, 0x40, 0x00, 0x00, 0x00, 0x00, 0x00, 0xbf, 0x00, 0x00, 0x00, 0xbf, 0x00, 0x00, 0x00, 0xbf,
    0x00, 0x00, 0x00, 0xbf, 0x38, 0x00, 0x00, 0x08, 0xf2, 0x00, 0x10, 0x00, 0x08, 0x00, 0x00, 0x00,
    0x46, 0x0e, 0x10, 0x00, 0x08, 0x00, 0x00, 0x00, 0x46, 0x8e, 0x20, 0x00, 0x04, 0x00, 0x00, 0x00,
    0x15, 0x00, 0x00, 0x00, 0x00, 0x00, 0x00, 0x07, 0x52, 0x00, 0x10, 0x00, 0x06, 0x00, 0x00, 0x00,
    0xa6, 0x0b, 0x10, 0x00, 0x08, 0x00, 0x00, 0x00, 0x06, 0x01, 0x10, 0x00, 0x08, 0x00, 0x00, 0x00,
    0x00, 0x00, 0x00, 0x0a, 0x52, 0x00, 0x10, 0x00, 0x06, 0x00, 0x00, 0x00, 0x06, 0x02, 0x10, 0x00,
    0x06, 0x00, 0x00, 0x00, 0x02, 0x40, 0x00, 0x00, 0x00, 0x00, 0x00, 0x3f, 0x00, 0x00, 0x00, 0x00,
    0x00, 0x00, 0x00, 0x3f, 0x00, 0x00, 0x00, 0x00, 0x32, 0x00, 0x00, 0x09, 0xc2, 0x20, 0x10, 0x00,
    0x02, 0x00, 0x00, 0x00, 0x06, 0x08, 0x10, 0x00, 0x06, 0x00, 0x00, 0x00, 0x06, 0x04, 0x10, 0x00,
    0x07, 0x00, 0x00, 0x00, 0xa6, 0x0e, 0x10, 0x00, 0x07, 0x00, 0x00, 0x00, 0x38, 0x00, 0x00, 0x09,
    0xf2, 0x00, 0x10, 0x00, 0x07, 0x00, 0x00, 0x00, 0x56, 0x85, 0x20, 0x00, 0x04, 0x00, 0x00, 0x00,
    0x18, 0x00, 0x00, 0x00, 0x46, 0x8e, 0x20, 0x00, 0x04, 0x00, 0x00, 0x00, 0x2e, 0x00, 0x00, 0x00,
    0x32, 0x00, 0x00, 0x0b, 0xf2, 0x00, 0x10, 0x00, 0x07, 0x00, 0x00, 0x00, 0x46, 0x8e, 0x20, 0x00,
    0x04, 0x00, 0x00, 0x00, 0x2d, 0x00, 0x00, 0x00, 0x06, 0x80, 0x20, 0x00, 0x04, 0x00, 0x00, 0x00,
    0x18, 0x00, 0x00, 0x00, 0x46, 0x0e, 0x10, 0x00, 0x07, 0x00, 0x00, 0x00, 0x32, 0x00, 0x00, 0x0b,
    0xf2, 0x00, 0x10, 0x00, 0x07, 0x00, 0x00, 0x00, 0x46, 0x8e, 0x20, 0x00, 0x04, 0x00, 0x00, 0x00,
    0x2f, 0x00, 0x00, 0x00, 0xa6, 0x8a, 0x20, 0x00, 0x04, 0x00, 0x00, 0x00, 0x18, 0x00, 0x00, 0x00,
    0x46, 0x0e, 0x10, 0x00, 0x07, 0x00, 0x00, 0x00, 0x38, 0x00, 0x00, 0x08, 0xf2, 0x00, 0x10, 0x00,
    0x08, 0x00, 0x00, 0x00, 0x56, 0x0f, 0x10, 0x00, 0x03, 0x00, 0x00, 0x00, 0x56, 0x85, 0x20, 0x00,
    0x04, 0x00, 0x00, 0x00, 0x1b, 0x00, 0x00, 0x00, 0x32, 0x00, 0x00, 0x0a, 0xf2, 0x00, 0x10, 0x00,
    0x08, 0x00, 0x00, 0x00, 0x06, 0x15, 0x10, 0x00, 0x02, 0x00, 0x00, 0x00, 0x06, 0x80, 0x20, 0x00,
    0x04, 0x00, 0x00, 0x00, 0x1b, 0x00, 0x00, 0x00, 0x46, 0x0e, 0x10, 0x00, 0x08, 0x00, 0x00, 0x00,
    0x32, 0x00, 0x00, 0x0b, 0xf2, 0x00, 0x10, 0x00, 0x08, 0x00, 0x00, 0x00, 0x06, 0x85, 0x20, 0x00,
    0x04, 0x00, 0x00, 0x00, 0x19, 0x00, 0x00, 0x00, 0xf6, 0x8f, 0x20, 0x00, 0x02, 0x00, 0x00, 0x00,
    0x67, 0x00, 0x00, 0x00, 0x46, 0x0e, 0x10, 0x00, 0x08, 0x00, 0x00, 0x00, 0x32, 0x00, 0x00, 0x0a,
    0xf2, 0x00, 0x10, 0x00, 0x08, 0x00, 0x00, 0x00, 0xa6, 0x8f, 0x20, 0x00, 0x04, 0x00, 0x00, 0x00,
    0x19, 0x00, 0x00, 0x00, 0x56, 0x05, 0x10, 0x00, 0x04, 0x00, 0x00, 0x00, 0x46, 0x0e, 0x10, 0x00,
    0x08, 0x00, 0x00, 0x00, 0x00, 0x00, 0x00, 0x0a, 0xf2, 0x00, 0x10, 0x00, 0x08, 0x00, 0x00, 0x00,
    0x46, 0x0e, 0x10, 0x00, 0x08, 0x00, 0x00, 0x00, 0x02, 0x40, 0x00, 0x00, 0x00, 0x00, 0x00, 0xbf,
    0x00, 0x00, 0x00, 0xbf, 0x00, 0x00, 0x00, 0xbf, 0x00, 0x00, 0x00, 0xbf, 0x38, 0x00, 0x00, 0x08,
    0xf2, 0x00, 0x10, 0x00, 0x08, 0x00, 0x00, 0x00, 0x46, 0x0e, 0x10, 0x00, 0x08, 0x00, 0x00, 0x00,
    0x46, 0x8e, 0x20, 0x00, 0x04, 0x00, 0x00, 0x00, 0x1a, 0x00, 0x00, 0x00, 0x00, 0x00, 0x00, 0x07,
    0x52, 0x00, 0x10, 0x00, 0x06, 0x00, 0x00, 0x00, 0xa6, 0x0b, 0x10, 0x00, 0x08, 0x00, 0x00, 0x00,
    0x06, 0x01, 0x10, 0x00, 0x08, 0x00, 0x00, 0x00, 0x00, 0x00, 0x00, 0x0a, 0x52, 0x00, 0x10, 0x00,
    0x06, 0x00, 0x00, 0x00, 0x06, 0x02, 0x10, 0x00, 0x06, 0x00, 0x00, 0x00, 0x02, 0x40, 0x00, 0x00,
    0x00, 0x00, 0x00, 0x3f, 0x00, 0x00, 0x00, 0x00, 0x00, 0x00, 0x00, 0x3f, 0x00, 0x00, 0x00, 0x00,
    0x32, 0x00, 0x00, 0x09, 0x32, 0x20, 0x10, 0x00, 0x03, 0x00, 0x00, 0x00, 0x86, 0x00, 0x10, 0x00,
    0x06, 0x00, 0x00, 0x00, 0x46, 0x00, 0x10, 0x00, 0x07, 0x00, 0x00, 0x00, 0xe6, 0x0a, 0x10, 0x00,
    0x07, 0x00, 0x00, 0x00, 0x38, 0x00, 0x00, 0x09, 0xf2, 0x00, 0x10, 0x00, 0x07, 0x00, 0x00, 0x00,
    0x56, 0x85, 0x20, 0x00, 0x04, 0x00, 0x00, 0x00, 0x1d, 0x00, 0x00, 0x00, 0x46, 0x8e, 0x20, 0x00,
    0x04, 0x00, 0x00, 0x00, 0x2f, 0x00, 0x00, 0x00, 0x32, 0x00, 0x00, 0x0b, 0xf2, 0x00, 0x10, 0x00,
    0x07, 0x00, 0x00, 0x00, 0x46, 0x8e, 0x20, 0x00, 0x04, 0x00, 0x00, 0x00, 0x2e, 0x00, 0x00, 0x00,
    0x06, 0x80, 0x20, 0x00, 0x04, 0x00, 0x00, 0x00, 0x1d, 0x00, 0x00, 0x00, 0x46, 0x0e, 0x10, 0x00,
    0x07, 0x00, 0x00, 0x00, 0x32, 0x00, 0x00, 0x0b, 0xf2, 0x00, 0x10, 0x00, 0x07, 0x00, 0x00, 0x00,
    0x46, 0x8e, 0x20, 0x00, 0x04, 0x00, 0x00, 0x00, 0x30, 0x00, 0x00, 0x00, 0xa6, 0x8a, 0x20, 0x00,
    0x04, 0x00, 0x00, 0x00, 0x1d, 0x00, 0x00, 0x00, 0x46, 0x0e, 0x10, 0x00, 0x07, 0x00, 0x00, 0x00,
    0x38, 0x00, 0x00, 0x08, 0xf2, 0x00, 0x10, 0x00, 0x03, 0x00, 0x00, 0x00, 0x46, 0x0e, 0x10, 0x00,
    0x03, 0x00, 0x00, 0x00, 0x56, 0x85, 0x20, 0x00, 0x04, 0x00, 0x00, 0x00, 0x20, 0x00, 0x00, 0x00,
    0x32, 0x00, 0x00, 0x0a, 0xf2, 0x00, 0x10, 0x00, 0x03, 0x00, 0x00, 0x00, 0x06, 0x15, 0x10, 0x00,
    0x02, 0x00, 0x00, 0x00, 0x06, 0x80, 0x20, 0x00, 0x04, 0x00, 0x00, 0x00, 0x20, 0x00, 0x00, 0x00,
    0x46, 0x0e, 0x10, 0x00, 0x03, 0x00, 0x00, 0x00, 0x32, 0x00, 0x00, 0x0b, 0xf2, 0x00, 0x10, 0x00,
    0x03, 0x00, 0x00, 0x00, 0x06, 0x85, 0x20, 0x00, 0x04, 0x00, 0x00, 0x00, 0x1e, 0x00, 0x00, 0x00,
    0xf6, 0x8f, 0x20, 0x00, 0x02, 0x00, 0x00, 0x00, 0x67, 0x00, 0x00, 0x00, 0x46, 0x0e, 0x10, 0x00,
    0x03, 0x00, 0x00, 0x00, 0x32, 0x00, 0x00, 0x0a, 0xf2, 0x00, 0x10, 0x00, 0x03, 0x00, 0x00, 0x00,
    0xa6, 0x8f, 0x20, 0x00, 0x04, 0x00, 0x00, 0x00, 0x1e, 0x00, 0x00, 0x00, 0x56, 0x05, 0x10, 0x00,
    0x04, 0x00, 0x00, 0x00, 0x46, 0x0e, 0x10, 0x00, 0x03, 0x00, 0x00, 0x00, 0x00, 0x00, 0x00, 0x0a,
    0xf2, 0x00, 0x10, 0x00, 0x03, 0x00, 0x00, 0x00, 0x46, 0x0e, 0x10, 0x00, 0x03, 0x00, 0x00, 0x00,
    0x02, 0x40, 0x00, 0x00, 0x00, 0x00, 0x00, 0xbf, 0x00, 0x00, 0x00, 0xbf, 0x00, 0x00, 0x00, 0xbf,
    0x00, 0x00, 0x00, 0xbf, 0x38, 0x00, 0x00, 0x08, 0xf2, 0x00, 0x10, 0x00, 0x03, 0x00, 0x00, 0x00,
    0x46, 0x0e, 0x10, 0x00, 0x03, 0x00, 0x00, 0x00, 0x46, 0x8e, 0x20, 0x00, 0x04, 0x00, 0x00, 0x00,
    0x1f, 0x00, 0x00, 0x00, 0x00, 0x00, 0x00, 0x07, 0x32, 0x00, 0x10, 0x00, 0x03, 0x00, 0x00, 0x00,
    0xe6, 0x0a, 0x10, 0x00, 0x03, 0x00, 0x00, 0x00, 0x46, 0x00, 0x10, 0x00, 0x03, 0x00, 0x00, 0x00,
    0x00, 0x00, 0x00, 0x0a, 0x32, 0x00, 0x10, 0x00, 0x03, 0x00, 0x00, 0x00, 0x46, 0x00, 0x10, 0x00,
    0x03, 0x00, 0x00, 0x00, 0x02, 0x40, 0x00, 0x00, 0x00, 0x00, 0x00, 0x3f, 0x00, 0x00, 0x00, 0x3f,
    0x00, 0x00, 0x00, 0x00, 0x00, 0x00, 0x00, 0x00, 0x32, 0x00, 0x00, 0x09, 0xc2, 0x20, 0x10, 0x00,
    0x03, 0x00, 0x00, 0x00, 0x06, 0x04, 0x10, 0x00, 0x03, 0x00, 0x00, 0x00, 0x06, 0x04, 0x10, 0x00,
    0x07, 0x00, 0x00, 0x00, 0xa6, 0x0e, 0x10, 0x00, 0x07, 0x00, 0x00, 0x00, 0x37, 0x00, 0x00, 0x09,
    0xf2, 0x20, 0x10, 0x00, 0x04, 0x00, 0x00, 0x00, 0x06, 0x00, 0x10, 0x00, 0x00, 0x00, 0x00, 0x00,
    0x46, 0x1e, 0x10, 0x00, 0x01, 0x00, 0x00, 0x00, 0x46, 0x0e, 0x10, 0x00, 0x01, 0x00, 0x00, 0x00,
    0x37, 0x00, 0x00, 0x09, 0x72, 0x00, 0x10, 0x00, 0x00, 0x00, 0x00, 0x00, 0x56, 0x05, 0x10, 0x00,
    0x06, 0x00, 0x00, 0x00, 0x46, 0x02, 0x10, 0x00, 0x02, 0x00, 0x00, 0x00, 0x96, 0x07, 0x10, 0x00,
    0x00, 0x00, 0x00, 0x00, 0x38, 0x00, 0x00, 0x08, 0x72, 0x00, 0x10, 0x00, 0x01, 0x00, 0x00, 0x00,
    0x56, 0x05, 0x10, 0x00, 0x00, 0x00, 0x00, 0x00, 0x46, 0x83, 0x20, 0x00, 0x01, 0x00, 0x00, 0x00,
    0x3a, 0x00, 0x00, 0x00, 0x32, 0x00, 0x00, 0x0a, 0xb2, 0x00, 0x10, 0x00, 0x00, 0x00, 0x00, 0x00,
    0x46, 0x8c, 0x20, 0x00, 0x01, 0x00, 0x00, 0x00, 0x39, 0x00, 0x00, 0x00, 0x06, 0x00, 0x10, 0x00,
    0x00, 0x00, 0x00, 0x00, 0x46, 0x08, 0x10, 0x00, 0x01, 0x00, 0x00, 0x00, 0x32, 0x00, 0x00, 0x0a,
    0x72, 0x00, 0x10, 0x00, 0x00, 0x00, 0x00, 0x00, 0x46, 0x83, 0x20, 0x00, 0x01, 0x00, 0x00, 0x00,
    0x3b, 0x00, 0x00, 0x00, 0xa6, 0x0a, 0x10, 0x00, 0x00, 0x00, 0x00, 0x00, 0x46, 0x03, 0x10, 0x00,
    0x00, 0x00, 0x00, 0x00, 0x00, 0x00, 0x00, 0x08, 0x72, 0x20, 0x10, 0x00, 0x06, 0x00, 0x00, 0x00,
    0x46, 0x02, 0x10, 0x00, 0x00, 0x00, 0x00, 0x00, 0x46, 0x83, 0x20, 0x00, 0x01, 0x00, 0x00, 0x00,
    0x3c, 0x00, 0x00, 0x00, 0x36, 0x00, 0x00, 0x05, 0xc2, 0x20, 0x10, 0x00, 0x00, 0x00, 0x00, 0x00,
    0xa6, 0x0e, 0x10, 0x00, 0x05, 0x00, 0x00, 0x00, 0x36, 0x00, 0x00, 0x05, 0xc2, 0x20, 0x10, 0x00,
    0x01, 0x00, 0x00, 0x00, 0xa6, 0x0e, 0x10, 0x00, 0x04, 0x00, 0x00, 0x00, 0x36, 0x00, 0x00, 0x05,
    0x72, 0x20, 0x10, 0x00, 0x05, 0x00, 0x00, 0x00, 0x46, 0x03, 0x10, 0x00, 0x05, 0x00, 0x00, 0x00,
    0x36, 0x00, 0x00, 0x05, 0x12, 0x20, 0x10, 0x00, 0x07, 0x00, 0x00, 0x00, 0x0a, 0x10, 0x10, 0x00,
    0x07, 0x00, 0x00, 0x00, 0x3e, 0x00, 0x00, 0x01,
};
inline constexpr std::size_t g_EndfieldM18PeakVertexDxbcSize = sizeof(g_EndfieldM18PeakVertexDxbc);

inline constexpr std::uint8_t g_EndfieldM18PeakPixelDxbc[] = {
    0x44, 0x58, 0x42, 0x43, 0x85, 0xfb, 0x10, 0x6f, 0x72, 0xcf, 0xc0, 0xca, 0x96, 0x7a, 0x11, 0x50,
    0x18, 0xf2, 0xf4, 0x35, 0x01, 0x00, 0x00, 0x00, 0xdc, 0x1c, 0x00, 0x00, 0x03, 0x00, 0x00, 0x00,
    0x2c, 0x00, 0x00, 0x00, 0x14, 0x01, 0x00, 0x00, 0x60, 0x01, 0x00, 0x00, 0x49, 0x53, 0x47, 0x4e,
    0xe0, 0x00, 0x00, 0x00, 0x08, 0x00, 0x00, 0x00, 0x08, 0x00, 0x00, 0x00, 0xc8, 0x00, 0x00, 0x00,
    0x00, 0x00, 0x00, 0x00, 0x01, 0x00, 0x00, 0x00, 0x03, 0x00, 0x00, 0x00, 0x00, 0x00, 0x00, 0x00,
    0x0f, 0x07, 0x00, 0x00, 0xd4, 0x00, 0x00, 0x00, 0x00, 0x00, 0x00, 0x00, 0x00, 0x00, 0x00, 0x00,
    0x03, 0x00, 0x00, 0x00, 0x01, 0x00, 0x00, 0x00, 0x0f, 0x0f, 0x00, 0x00, 0xd4, 0x00, 0x00, 0x00,
    0x01, 0x00, 0x00, 0x00, 0x00, 0x00, 0x00, 0x00, 0x03, 0x00, 0x00, 0x00, 0x02, 0x00, 0x00, 0x00,
    0x0f, 0x0f, 0x00, 0x00, 0xd4, 0x00, 0x00, 0x00, 0x02, 0x00, 0x00, 0x00, 0x00, 0x00, 0x00, 0x00,
    0x03, 0x00, 0x00, 0x00, 0x03, 0x00, 0x00, 0x00, 0x0f, 0x0f, 0x00, 0x00, 0xd4, 0x00, 0x00, 0x00,
    0x03, 0x00, 0x00, 0x00, 0x00, 0x00, 0x00, 0x00, 0x03, 0x00, 0x00, 0x00, 0x04, 0x00, 0x00, 0x00,
    0x0f, 0x0f, 0x00, 0x00, 0xd4, 0x00, 0x00, 0x00, 0x04, 0x00, 0x00, 0x00, 0x00, 0x00, 0x00, 0x00,
    0x03, 0x00, 0x00, 0x00, 0x05, 0x00, 0x00, 0x00, 0x07, 0x07, 0x00, 0x00, 0xd4, 0x00, 0x00, 0x00,
    0x05, 0x00, 0x00, 0x00, 0x00, 0x00, 0x00, 0x00, 0x03, 0x00, 0x00, 0x00, 0x06, 0x00, 0x00, 0x00,
    0x07, 0x07, 0x00, 0x00, 0xd4, 0x00, 0x00, 0x00, 0x06, 0x00, 0x00, 0x00, 0x00, 0x00, 0x00, 0x00,
    0x01, 0x00, 0x00, 0x00, 0x07, 0x00, 0x00, 0x00, 0x01, 0x01, 0x00, 0x00, 0x53, 0x56, 0x5f, 0x50,
    0x6f, 0x73, 0x69, 0x74, 0x69, 0x6f, 0x6e, 0x00, 0x54, 0x45, 0x58, 0x43, 0x4f, 0x4f, 0x52, 0x44,
    0x00, 0xab, 0xab, 0xab, 0x4f, 0x53, 0x47, 0x4e, 0x44, 0x00, 0x00, 0x00, 0x02, 0x00, 0x00, 0x00,
    0x08, 0x00, 0x00, 0x00, 0x38, 0x00, 0x00, 0x00, 0x00, 0x00, 0x00, 0x00, 0x00, 0x00, 0x00, 0x00,
    0x03, 0x00, 0x00, 0x00, 0x00, 0x00, 0x00, 0x00, 0x0f, 0x00, 0x00, 0x00, 0x38, 0x00, 0x00, 0x00,
    0x01, 0x00, 0x00, 0x00, 0x00, 0x00, 0x00, 0x00, 0x03, 0x00, 0x00, 0x00, 0x01, 0x00, 0x00, 0x00,
    0x0f, 0x00, 0x00, 0x00, 0x53, 0x56, 0x5f, 0x54, 0x61, 0x72, 0x67, 0x65, 0x74, 0x00, 0xab, 0xab,
    0x53, 0x48, 0x45, 0x58, 0x74, 0x1b, 0x00, 0x00, 0x50, 0x00, 0x00, 0x00, 0xdd, 0x06, 0x00, 0x00,
    0x6a, 0x08, 0x00, 0x01, 0x59, 0x00, 0x00, 0x04, 0x46, 0x8e, 0x20, 0x00, 0x00, 0x00, 0x00, 0x00,
    0x1c, 0x00, 0x00, 0x00, 0x59, 0x00, 0x00, 0x04, 0x46, 0x8e, 0x20, 0x00, 0x01, 0x00, 0x00, 0x00,
    0x69, 0x00, 0x00, 0x00, 0x59, 0x08, 0x00, 0x04, 0x46, 0x8e, 0x20, 0x00, 0x02, 0x00, 0x00, 0x00,
    0xf5, 0x0f, 0x00, 0x00, 0x59, 0x00, 0x00, 0x04, 0x46, 0x8e, 0x20, 0x00, 0x03, 0x00, 0x00, 0x00,
    0x2b, 0x00, 0x00, 0x00, 0x5a, 0x00, 0x00, 0x03, 0x00, 0x60, 0x10, 0x00, 0x00, 0x00, 0x00, 0x00,
    0x5a, 0x00, 0x00, 0x03, 0x00, 0x60, 0x10, 0x00, 0x01, 0x00, 0x00, 0x00, 0x5a, 0x00, 0x00, 0x03,
    0x00, 0x60, 0x10, 0x00, 0x02, 0x00, 0x00, 0x00, 0x5a, 0x00, 0x00, 0x03, 0x00, 0x60, 0x10, 0x00,
    0x03, 0x00, 0x00, 0x00, 0x5a, 0x00, 0x00, 0x03, 0x00, 0x60, 0x10, 0x00, 0x04, 0x00, 0x00, 0x00,
    0x58, 0x18, 0x00, 0x04, 0x00, 0x70, 0x10, 0x00, 0x00, 0x00, 0x00, 0x00, 0x55, 0x55, 0x00, 0x00,
    0x58, 0x18, 0x00, 0x04, 0x00, 0x70, 0x10, 0x00, 0x01, 0x00, 0x00, 0x00, 0x55, 0x55, 0x00, 0x00,
    0x58, 0x18, 0x00, 0x04, 0x00, 0x70, 0x10, 0x00, 0x02, 0x00, 0x00, 0x00, 0x55, 0x55, 0x00, 0x00,
    0x58, 0x18, 0x00, 0x04, 0x00, 0x70, 0x10, 0x00, 0x03, 0x00, 0x00, 0x00, 0x55, 0x55, 0x00, 0x00,
    0x58, 0x18, 0x00, 0x04, 0x00, 0x70, 0x10, 0x00, 0x04, 0x00, 0x00, 0x00, 0x55, 0x55, 0x00, 0x00,
    0x64, 0x20, 0x00, 0x04, 0x72, 0x10, 0x10, 0x00, 0x00, 0x00, 0x00, 0x00, 0x01, 0x00, 0x00, 0x00,
    0x62, 0x10, 0x00, 0x03, 0xf2, 0x10, 0x10, 0x00, 0x01, 0x00, 0x00, 0x00, 0x62, 0x10, 0x00, 0x03,
    0xf2, 0x10, 0x10, 0x00, 0x02, 0x00, 0x00, 0x00, 0x62, 0x10, 0x00, 0x03, 0xf2, 0x10, 0x10, 0x00,
    0x03, 0x00, 0x00, 0x00, 0x62, 0x10, 0x00, 0x03, 0xf2, 0x10, 0x10, 0x00, 0x04, 0x00, 0x00, 0x00,
    0x62, 0x10, 0x00, 0x03, 0x72, 0x10, 0x10, 0x00, 0x05, 0x00, 0x00, 0x00, 0x62, 0x10, 0x00, 0x03,
    0x72, 0x10, 0x10, 0x00, 0x06, 0x00, 0x00, 0x00, 0x62, 0x08, 0x00, 0x03, 0x12, 0x10, 0x10, 0x00,
    0x07, 0x00, 0x00, 0x00, 0x65, 0x00, 0x00, 0x03, 0xf2, 0x20, 0x10, 0x00, 0x00, 0x00, 0x00, 0x00,
    0x65, 0x00, 0x00, 0x03, 0xf2, 0x20, 0x10, 0x00, 0x01, 0x00, 0x00, 0x00, 0x68, 0x00, 0x00, 0x02,
    0x07, 0x00, 0x00, 0x00, 0x43, 0x00, 0x00, 0x06, 0x12, 0x00, 0x10, 0x00, 0x00, 0x00, 0x00, 0x00,
    0x0a, 0x80, 0x20, 0x00, 0x03, 0x00, 0x00, 0x00, 0x11, 0x00, 0x00, 0x00, 0x36, 0x00, 0x00, 0x05,
    0x12, 0x00, 0x10, 0x00, 0x01, 0x00, 0x00, 0x00, 0x01, 0x40, 0x00, 0x00, 0x00, 0x00, 0x80, 0x3f,
    0x43, 0x00, 0x00, 0x06, 0x22, 0x00, 0x10, 0x00, 0x00, 0x00, 0x00, 0x00, 0x0a, 0x80, 0x20, 0x00,
    0x03, 0x00, 0x00, 0x00, 0x0b, 0x00, 0x00, 0x00, 0x00, 0x00, 0x00, 0x08, 0x32, 0x00, 0x10, 0x00,
    0x00, 0x00, 0x00, 0x00, 0x46, 0x00, 0x10, 0x00, 0x00, 0x00, 0x00, 0x00, 0x06, 0x80, 0x20, 0x00,
    0x01, 0x00, 0x00, 0x00, 0x1a, 0x00, 0x00, 0x00, 0x4a, 0x00, 0x00, 0x8d, 0xc2, 0x00, 0x00, 0x80,
    0x43, 0x55, 0x15, 0x00, 0xe2, 0x00, 0x10, 0x00, 0x00, 0x00, 0x00, 0x00, 0x46, 0x10, 0x10, 0x00,
    0x02, 0x00, 0x00, 0x00, 0x26, 0x7d, 0x10, 0x00, 0x01, 0x00, 0x00, 0x00, 0x00, 0x60, 0x10, 0x00,
    0x01, 0x00, 0x00, 0x00, 0x1a, 0x00, 0x10, 0x00, 0x00, 0x00, 0x00, 0x00, 0x36, 0x00, 0x00, 0x05,
    0x42, 0x00, 0x10, 0x00, 0x01, 0x00, 0x00, 0x00, 0x1a, 0x00, 0x10, 0x00, 0x00, 0x00, 0x00, 0x00,
    0x00, 0x00, 0x00, 0x08, 0xf2, 0x00, 0x10, 0x00, 0x01, 0x00, 0x00, 0x00, 0x96, 0x07, 0x10, 0x80,
    0x41, 0x00, 0x00, 0x00, 0x00, 0x00, 0x00, 0x00, 0x06, 0x02, 0x10, 0x00, 0x01, 0x00, 0x00, 0x00,
    0x32, 0x00, 0x00, 0x0a, 0xf2, 0x00, 0x10, 0x00, 0x01, 0x00, 0x00, 0x00, 0xa6, 0x8a, 0x20, 0x00,
    0x03, 0x00, 0x00, 0x00, 0x0b, 0x00, 0x00, 0x00, 0x46, 0x0e, 0x10, 0x00, 0x01, 0x00, 0x00, 0x00,
    0x96, 0x07, 0x10, 0x00, 0x00, 0x00, 0x00, 0x00, 0x00, 0x00, 0x00, 0x0c, 0xe2, 0x00, 0x10, 0x00,
    0x00, 0x00, 0x00, 0x00, 0x02, 0x40, 0x00, 0x00, 0x00, 0x00, 0x00, 0x00, 0x00, 0x00, 0x80, 0x3f,
    0x00, 0x00, 0x80, 0x3f, 0x00, 0x00, 0x80, 0x3f, 0x06, 0x8e, 0x20, 0x80, 0x41, 0x00, 0x00, 0x00,
    0x03, 0x00, 0x00, 0x00, 0x23, 0x00, 0x00, 0x00, 0x32, 0x00, 0x00, 0x0a, 0xf2, 0x00, 0x10, 0x00,
    0x01, 0x00, 0x00, 0x00, 0x46, 0x0e, 0x10, 0x00, 0x01, 0x00, 0x00, 0x00, 0x06, 0x84, 0x20, 0x00,
    0x03, 0x00, 0x00, 0x00, 0x0c, 0x00, 0x00, 0x00, 0x56, 0x09, 0x10, 0x00, 0x00, 0x00, 0x00, 0x00,
    0x00, 0x00, 0x00, 0x08, 0x22, 0x00, 0x10, 0x00, 0x00, 0x00, 0x00, 0x00, 0x01, 0x40, 0x00, 0x00,
    0x00, 0x00, 0x80, 0x3f, 0x3a, 0x80, 0x20, 0x00, 0x03, 0x00, 0x00, 0x00, 0x24, 0x00, 0x00, 0x00,
    0x32, 0x00, 0x00, 0x0b, 0x42, 0x00, 0x10, 0x00, 0x00, 0x00, 0x00, 0x00, 0x0a, 0x00, 0x10, 0x00,
    0x01, 0x00, 0x00, 0x00, 0x1a, 0x00, 0x10, 0x00, 0x00, 0x00, 0x00, 0x00, 0x3a, 0x80, 0x20, 0x80,
    0x41, 0x00, 0x00, 0x00, 0x03, 0x00, 0x00, 0x00, 0x24, 0x00, 0x00, 0x00, 0x38, 0x00, 0x00, 0x07,
    0x12, 0x00, 0x10, 0x00, 0x01, 0x00, 0x00, 0x00, 0x2a, 0x00, 0x10, 0x00, 0x00, 0x00, 0x00, 0x00,
    0x2a, 0x00, 0x10, 0x00, 0x01, 0x00, 0x00, 0x00, 0x38, 0x00, 0x00, 0x08, 0x32, 0x00, 0x10, 0x00,
    0x02, 0x00, 0x00, 0x00, 0xa6, 0x0a, 0x10, 0x00, 0x00, 0x00, 0x00, 0x00, 0x46, 0x80, 0x20, 0x00,
    0x03, 0x00, 0x00, 0x00, 0x25, 0x00, 0x00, 0x00, 0x32, 0x00, 0x00, 0x0f, 0x32, 0x00, 0x10, 0x00,
    0x01, 0x00, 0x00, 0x00, 0x46, 0x00, 0x10, 0x00, 0x01, 0x00, 0x00, 0x00, 0x02, 0x40, 0x00, 0x00,
    0x00, 0x00, 0x00, 0x40, 0x00, 0x00, 0x00, 0x40, 0x00, 0x00, 0x00, 0x00, 0x00, 0x00, 0x00, 0x00,
    0x02, 0x40, 0x00, 0x00, 0x00, 0x00, 0x80, 0xbf, 0x00, 0x00, 0x80, 0xbf, 0x00, 0x00, 0x00, 0x00,
    0x00, 0x00, 0x00, 0x00, 0x38, 0x00, 0x00, 0x08, 0x32, 0x00, 0x10, 0x00, 0x01, 0x00, 0x00, 0x00,
    0x46, 0x00, 0x10, 0x00, 0x01, 0x00, 0x00, 0x00, 0x06, 0x80, 0x20, 0x00, 0x03, 0x00, 0x00, 0x00,
    0x25, 0x00, 0x00, 0x00, 0x39, 0x00, 0x00, 0x0b, 0xc2, 0x00, 0x10, 0x00, 0x02, 0x00, 0x00, 0x00,
    0x02, 0x40, 0x00, 0x00, 0x00, 0x00, 0x00, 0x00, 0x00, 0x00, 0x00, 0x00, 0x00, 0x00, 0x00, 0x00,
    0x00, 0x00, 0x00, 0x00, 0xa6, 0x86, 0x20, 0x00, 0x03, 0x00, 0x00, 0x00, 0x24, 0x00, 0x00, 0x00,
    0x37, 0x00, 0x00, 0x09, 0x42, 0x00, 0x10, 0x00, 0x00, 0x00, 0x00, 0x00, 0x2a, 0x00, 0x10, 0x00,
    0x02, 0x00, 0x00, 0x00, 0x3a, 0x10, 0x10, 0x00, 0x01, 0x00, 0x00, 0x00, 0x01, 0x40, 0x00, 0x00,
    0x00, 0x00, 0x80, 0x3f, 0x38, 0x00, 0x00, 0x07, 0x32, 0x00, 0x10, 0x00, 0x01, 0x00, 0x00, 0x00,
    0xa6, 0x0a, 0x10, 0x00, 0x00, 0x00, 0x00, 0x00, 0x46, 0x00, 0x10, 0x00, 0x01, 0x00, 0x00, 0x00,
    0x38, 0x00, 0x00, 0x07, 0x32, 0x00, 0x10, 0x00, 0x02, 0x00, 0x00, 0x00, 0xa6, 0x0a, 0x10, 0x00,
    0x00, 0x00, 0x00, 0x00, 0x46, 0x00, 0x10, 0x00, 0x02, 0x00, 0x00, 0x00, 0x39, 0x00, 0x00, 0x0b,
    0x32, 0x00, 0x10, 0x00, 0x03, 0x00, 0x00, 0x00, 0x02, 0x40, 0x00, 0x00, 0x00, 0x00, 0x00, 0x00,
    0x00, 0x00, 0x00, 0x00, 0x00, 0x00, 0x00, 0x00, 0x00, 0x00, 0x00, 0x00, 0x46, 0x80, 0x20, 0x00,
    0x03, 0x00, 0x00, 0x00, 0x26, 0x00, 0x00, 0x00, 0x37, 0x00, 0x00, 0x09, 0x32, 0x00, 0x10, 0x00,
    0x01, 0x00, 0x00, 0x00, 0x06, 0x00, 0x10, 0x00, 0x03, 0x00, 0x00, 0x00, 0x46, 0x00, 0x10, 0x00,
    0x01, 0x00, 0x00, 0x00, 0x46, 0x00, 0x10, 0x00, 0x02, 0x00, 0x00, 0x00, 0x39, 0x00, 0x00, 0x08,
    0x42, 0x00, 0x10, 0x00, 0x01, 0x00, 0x00, 0x00, 0x01, 0x40, 0x00, 0x00, 0x00, 0x00, 0x00, 0x00,
    0x0a, 0x80, 0x20, 0x00, 0x03, 0x00, 0x00, 0x00, 0x0c, 0x00, 0x00, 0x00, 0x01, 0x00, 0x00, 0x07,
    0x32, 0x00, 0x10, 0x00, 0x01, 0x00, 0x00, 0x00, 0x46, 0x00, 0x10, 0x00, 0x01, 0x00, 0x00, 0x00,
    0xa6, 0x0a, 0x10, 0x00, 0x01, 0x00, 0x00, 0x00, 0x32, 0x00, 0x00, 0x0a, 0x32, 0x00, 0x10, 0x00,
    0x02, 0x00, 0x00, 0x00, 0x46, 0x00, 0x10, 0x00, 0x01, 0x00, 0x00, 0x00, 0x56, 0x85, 0x20, 0x00,
    0x03, 0x00, 0x00, 0x00, 0x11, 0x00, 0x00, 0x00, 0xe6, 0x1a, 0x10, 0x00, 0x02, 0x00, 0x00, 0x00,
    0x4a, 0x00, 0x00, 0x8d, 0xc2, 0x00, 0x00, 0x80, 0x43, 0x55, 0x15, 0x00, 0xf2, 0x00, 0x10, 0x00,
    0x04, 0x00, 0x00, 0x00, 0x46, 0x00, 0x10, 0x00, 0x02, 0x00, 0x00, 0x00, 0x46, 0x7e, 0x10, 0x00,
    0x02, 0x00, 0x00, 0x00, 0x00, 0x60, 0x10, 0x00, 0x02, 0x00, 0x00, 0x00, 0x0a, 0x00, 0x10, 0x00,
    0x00, 0x00, 0x00, 0x00, 0x36, 0x00, 0x00, 0x05, 0x82, 0x00, 0x10, 0x00, 0x03, 0x00, 0x00, 0x00,
    0x0a, 0x00, 0x10, 0x00, 0x04, 0x00, 0x00, 0x00, 0x36, 0x00, 0x00, 0x05, 0x12, 0x00, 0x10, 0x00,
    0x03, 0x00, 0x00, 0x00, 0x01, 0x40, 0x00, 0x00, 0x00, 0x00, 0x80, 0x3f, 0x00, 0x00, 0x00, 0x08,
    0xf2, 0x00, 0x10, 0x00, 0x05, 0x00, 0x00, 0x00, 0x46, 0x0e, 0x10, 0x80, 0x41, 0x00, 0x00, 0x00,
    0x04, 0x00, 0x00, 0x00, 0x06, 0x0c, 0x10, 0x00, 0x03, 0x00, 0x00, 0x00, 0x32, 0x00, 0x00, 0x0a,
    0xf2, 0x00, 0x10, 0x00, 0x04, 0x00, 0x00, 0x00, 0xa6, 0x8a, 0x20, 0x00, 0x03, 0x00, 0x00, 0x00,
    0x11, 0x00, 0x00, 0x00, 0x46, 0x0e, 0x10, 0x00, 0x05, 0x00, 0x00, 0x00, 0x46, 0x0e, 0x10, 0x00,
    0x04, 0x00, 0x00, 0x00, 0x32, 0x00, 0x00, 0x0c, 0x12, 0x00, 0x10, 0x00, 0x00, 0x00, 0x00, 0x00,
    0x0a, 0x80, 0x20, 0x80, 0x41, 0x00, 0x00, 0x00, 0x03, 0x00, 0x00, 0x00, 0x23, 0x00, 0x00, 0x00,
    0x1a, 0x80, 0x20, 0x00, 0x03, 0x00, 0x00, 0x00, 0x23, 0x00, 0x00, 0x00, 0x01, 0x40, 0x00, 0x00,
    0x00, 0x00, 0x80, 0x3f, 0x32, 0x00, 0x00, 0x0a, 0xe2, 0x00, 0x10, 0x00, 0x05, 0x00, 0x00, 0x00,
    0x06, 0x0d, 0x10, 0x00, 0x04, 0x00, 0x00, 0x00, 0x06, 0x80, 0x20, 0x00, 0x03, 0x00, 0x00, 0x00,
    0x12, 0x00, 0x00, 0x00, 0x06, 0x00, 0x10, 0x00, 0x00, 0x00, 0x00, 0x00, 0x32, 0x00, 0x00, 0x0b,
    0x12, 0x00, 0x10, 0x00, 0x00, 0x00, 0x00, 0x00, 0x1a, 0x00, 0x10, 0x00, 0x05, 0x00, 0x00, 0x00,
    0x1a, 0x00, 0x10, 0x00, 0x00, 0x00, 0x00, 0x00, 0x3a, 0x80, 0x20, 0x80, 0x41, 0x00, 0x00, 0x00,
    0x03, 0x00, 0x00, 0x00, 0x24, 0x00, 0x00, 0x00, 0x38, 0x00, 0x00, 0x07, 0x12, 0x00, 0x10, 0x00,
    0x05, 0x00, 0x00, 0x00, 0x0a, 0x00, 0x10, 0x00, 0x00, 0x00, 0x00, 0x00, 0x3a, 0x00, 0x10, 0x00,
    0x05, 0x00, 0x00, 0x00, 0x38, 0x00, 0x00, 0x08, 0x32, 0x00, 0x10, 0x00, 0x00, 0x00, 0x00, 0x00,
    0x06, 0x00, 0x10, 0x00, 0x00, 0x00, 0x00, 0x00, 0xe6, 0x8a, 0x20, 0x00, 0x03, 0x00, 0x00, 0x00,
    0x25, 0x00, 0x00, 0x00, 0x32, 0x00, 0x00, 0x09, 0x32, 0x00, 0x10, 0x00, 0x00, 0x00, 0x00, 0x00,
    0x46, 0x00, 0x10, 0x00, 0x00, 0x00, 0x00, 0x00, 0xa6, 0x0a, 0x10, 0x00, 0x00, 0x00, 0x00, 0x00,
    0x46, 0x00, 0x10, 0x00, 0x01, 0x00, 0x00, 0x00, 0x32, 0x00, 0x00, 0x0f, 0x32, 0x00, 0x10, 0x00,
    0x02, 0x00, 0x00, 0x00, 0x86, 0x00, 0x10, 0x00, 0x05, 0x00, 0x00, 0x00, 0x02, 0x40, 0x00, 0x00,
    0x00, 0x00, 0x00, 0x40, 0x00, 0x00, 0x00, 0x40, 0x00, 0x00, 0x00, 0x00, 0x00, 0x00, 0x00, 0x00,
    0x02, 0x40, 0x00, 0x00, 0x00, 0x00, 0x80, 0xbf, 0x00, 0x00, 0x80, 0xbf, 0x00, 0x00, 0x00, 0x00,
    0x00, 0x00, 0x00, 0x00, 0x38, 0x00, 0x00, 0x08, 0x32, 0x00, 0x10, 0x00, 0x02, 0x00, 0x00, 0x00,
    0x46, 0x00, 0x10, 0x00, 0x02, 0x00, 0x00, 0x00, 0xa6, 0x8a, 0x20, 0x00, 0x03, 0x00, 0x00, 0x00,
    0x25, 0x00, 0x00, 0x00, 0x32, 0x00, 0x00, 0x09, 0x32, 0x00, 0x10, 0x00, 0x02, 0x00, 0x00, 0x00,
    0x46, 0x00, 0x10, 0x00, 0x02, 0x00, 0x00, 0x00, 0xa6, 0x0a, 0x10, 0x00, 0x00, 0x00, 0x00, 0x00,
    0x46, 0x00, 0x10, 0x00, 0x01, 0x00, 0x00, 0x00, 0x37, 0x00, 0x00, 0x09, 0x32, 0x00, 0x10, 0x00,
    0x00, 0x00, 0x00, 0x00, 0x56, 0x05, 0x10, 0x00, 0x03, 0x00, 0x00, 0x00, 0x46, 0x00, 0x10, 0x00,
    0x02, 0x00, 0x00, 0x00, 0x46, 0x00, 0x10, 0x00, 0x00, 0x00, 0x00, 0x00, 0x39, 0x00, 0x00, 0x08,
    0x42, 0x00, 0x10, 0x00, 0x00, 0x00, 0x00, 0x00, 0x01, 0x40, 0x00, 0x00, 0x00, 0x00, 0x00, 0x00,
    0x0a, 0x80, 0x20, 0x00, 0x03, 0x00, 0x00, 0x00, 0x12, 0x00, 0x00, 0x00, 0x37, 0x00, 0x00, 0x09,
    0x32, 0x00, 0x10, 0x00, 0x00, 0x00, 0x00, 0x00, 0xa6, 0x0a, 0x10, 0x00, 0x00, 0x00, 0x00, 0x00,
    0x46, 0x00, 0x10, 0x00, 0x00, 0x00, 0x00, 0x00, 0x46, 0x00, 0x10, 0x00, 0x01, 0x00, 0x00, 0x00,
    0x32, 0x00, 0x00, 0x0a, 0x42, 0x00, 0x10, 0x00, 0x00, 0x00, 0x00, 0x00, 0x0a, 0x00, 0x10, 0x00,
    0x04, 0x00, 0x00, 0x00, 0x1a, 0x80, 0x20, 0x00, 0x03, 0x00, 0x00, 0x00, 0x12, 0x00, 0x00, 0x00,
    0x3a, 0x00, 0x10, 0x00, 0x01, 0x00, 0x00, 0x00, 0x32, 0x00, 0x00, 0x0a, 0xf2, 0x00, 0x10, 0x00,
    0x01, 0x00, 0x00, 0x00, 0x46, 0x0e, 0x10, 0x00, 0x04, 0x00, 0x00, 0x00, 0xa6, 0x8a, 0x20, 0x00,
    0x03, 0x00, 0x00, 0x00, 0x12, 0x00, 0x00, 0x00, 0xf6, 0x0f, 0x10, 0x00, 0x00, 0x00, 0x00, 0x00,
    0x38, 0x00, 0x00, 0x09, 0x82, 0x00, 0x10, 0x00, 0x00, 0x00, 0x00, 0x00, 0x1a, 0x80, 0x20, 0x00,
    0x03, 0x00, 0x00, 0x00, 0x12, 0x00, 0x00, 0x00, 0x3a, 0x80, 0x20, 0x00, 0x03, 0x00, 0x00, 0x00,
    0x26, 0x00, 0x00, 0x00, 0x38, 0x00, 0x00, 0x08, 0x12, 0x00, 0x10, 0x00, 0x02, 0x00, 0x00, 0x00,
    0x3a, 0x00, 0x10, 0x00, 0x00, 0x00, 0x00, 0x00, 0x2a, 0x80, 0x20, 0x00, 0x03, 0x00, 0x00, 0x00,
    0x26, 0x00, 0x00, 0x00, 0x32, 0x00, 0x00, 0x0b, 0x82, 0x00, 0x10, 0x00, 0x00, 0x00, 0x00, 0x00,
    0x3a, 0x00, 0x10, 0x80, 0x41, 0x00, 0x00, 0x00, 0x00, 0x00, 0x00, 0x00, 0x2a, 0x80, 0x20, 0x00,
    0x03, 0x00, 0x00, 0x00, 0x26, 0x00, 0x00, 0x00, 0x01, 0x40, 0x00, 0x00, 0x00, 0x00, 0x80, 0x3f,
    0x32, 0x00, 0x00, 0x09, 0x82, 0x00, 0x10, 0x00, 0x00, 0x00, 0x00, 0x00, 0x2a, 0x00, 0x10, 0x00,
    0x00, 0x00, 0x00, 0x00, 0x0a, 0x00, 0x10, 0x00, 0x02, 0x00, 0x00, 0x00, 0x3a, 0x00, 0x10, 0x00,
    0x00, 0x00, 0x00, 0x00, 0x38, 0x00, 0x00, 0x07, 0x32, 0x00, 0x10, 0x00, 0x00, 0x00, 0x00, 0x00,
    0xf6, 0x0f, 0x10, 0x00, 0x00, 0x00, 0x00, 0x00, 0x46, 0x00, 0x10, 0x00, 0x00, 0x00, 0x00, 0x00,
    0x32, 0x00, 0x00, 0x0a, 0x32, 0x00, 0x10, 0x00, 0x02, 0x00, 0x00, 0x00, 0x46, 0x00, 0x10, 0x00,
    0x00, 0x00, 0x00, 0x00, 0x56, 0x85, 0x20, 0x00, 0x03, 0x00, 0x00, 0x00, 0x17, 0x00, 0x00, 0x00,
    0x46, 0x10, 0x10, 0x00, 0x03, 0x00, 0x00, 0x00, 0x43, 0x00, 0x00, 0x06, 0x82, 0x00, 0x10, 0x00,
    0x00, 0x00, 0x00, 0x00, 0x0a, 0x80, 0x20, 0x00, 0x03, 0x00, 0x00, 0x00, 0x17, 0x00, 0x00, 0x00,
    0x00, 0x00, 0x00, 0x08, 0x82, 0x00, 0x10, 0x00, 0x00, 0x00, 0x00, 0x00, 0x3a, 0x00, 0x10, 0x00,
    0x00, 0x00, 0x00, 0x00, 0x0a, 0x80, 0x20, 0x00, 0x01, 0x00, 0x00, 0x00, 0x1a, 0x00, 0x00, 0x00,
    0x4a, 0x00, 0x00, 0x8d, 0xc2, 0x00, 0x00, 0x80, 0x43, 0x55, 0x15, 0x00, 0xf2, 0x00, 0x10, 0x00,
    0x03, 0x00, 0x00, 0x00, 0x46, 0x00, 0x10, 0x00, 0x02, 0x00, 0x00, 0x00, 0x46, 0x7e, 0x10, 0x00,
    0x03, 0x00, 0x00, 0x00, 0x00, 0x60, 0x10, 0x00, 0x03, 0x00, 0x00, 0x00, 0x3a, 0x00, 0x10, 0x00,
    0x00, 0x00, 0x00, 0x00, 0x36, 0x00, 0x00, 0x05, 0x82, 0x00, 0x10, 0x00, 0x04, 0x00, 0x00, 0x00,
    0x0a, 0x00, 0x10, 0x00, 0x03, 0x00, 0x00, 0x00, 0x36, 0x00, 0x00, 0x05, 0x12, 0x00, 0x10, 0x00,
    0x04, 0x00, 0x00, 0x00, 0x01, 0x40, 0x00, 0x00, 0x00, 0x00, 0x80, 0x3f, 0x00, 0x00, 0x00, 0x08,
    0xf2, 0x00, 0x10, 0x00, 0x04, 0x00, 0x00, 0x00, 0x46, 0x0e, 0x10, 0x80, 0x41, 0x00, 0x00, 0x00,
    0x03, 0x00, 0x00, 0x00, 0x06, 0x0c, 0x10, 0x00, 0x04, 0x00, 0x00, 0x00, 0x32, 0x00, 0x00, 0x0a,
    0xf2, 0x00, 0x10, 0x00, 0x03, 0x00, 0x00, 0x00, 0xa6, 0x8a, 0x20, 0x00, 0x03, 0x00, 0x00, 0x00,
    0x17, 0x00, 0x00, 0x00, 0x46, 0x0e, 0x10, 0x00, 0x04, 0x00, 0x00, 0x00, 0x46, 0x0e, 0x10, 0x00,
    0x03, 0x00, 0x00, 0x00, 0x32, 0x00, 0x00, 0x0a, 0xf2, 0x00, 0x10, 0x00, 0x01, 0x00, 0x00, 0x00,
    0x46, 0x0e, 0x10, 0x00, 0x03, 0x00, 0x00, 0x00, 0x56, 0x85, 0x20, 0x00, 0x03, 0x00, 0x00, 0x00,
    0x18, 0x00, 0x00, 0x00, 0x46, 0x0e, 0x10, 0x00, 0x01, 0x00, 0x00, 0x00, 0x32, 0x00, 0x00, 0x0a,
    0x42, 0x00, 0x10, 0x00, 0x00, 0x00, 0x00, 0x00, 0x0a, 0x00, 0x10, 0x00, 0x03, 0x00, 0x00, 0x00,
    0x0a, 0x80, 0x20, 0x00, 0x03, 0x00, 0x00, 0x00, 0x18, 0x00, 0x00, 0x00, 0x2a, 0x00, 0x10, 0x00,
    0x00, 0x00, 0x00, 0x00, 0x38, 0x00, 0x00, 0x09, 0x82, 0x00, 0x10, 0x00, 0x00, 0x00, 0x00, 0x00,
    0x0a, 0x80, 0x20, 0x00, 0x03, 0x00, 0x00, 0x00, 0x18, 0x00, 0x00, 0x00, 0x3a, 0x80, 0x20, 0x00,
    0x03, 0x00, 0x00, 0x00, 0x26, 0x00, 0x00, 0x00, 0x38, 0x00, 0x00, 0x08, 0x12, 0x00, 0x10, 0x00,
    0x02, 0x00, 0x00, 0x00, 0x3a, 0x00, 0x10, 0x00, 0x00, 0x00, 0x00, 0x00, 0x2a, 0x80, 0x20, 0x00,
    0x03, 0x00, 0x00, 0x00, 0x26, 0x00, 0x00, 0x00, 0x32, 0x00, 0x00, 0x0b, 0x82, 0x00, 0x10, 0x00,
    0x00, 0x00, 0x00, 0x00, 0x3a, 0x00, 0x10, 0x80, 0x41, 0x00, 0x00, 0x00, 0x00, 0x00, 0x00, 0x00,
    0x2a, 0x80, 0x20, 0x00, 0x03, 0x00, 0x00, 0x00, 0x26, 0x00, 0x00, 0x00, 0x01, 0x40, 0x00, 0x00,
    0x00, 0x00, 0x80, 0x3f, 0x32, 0x00, 0x00, 0x09, 0x82, 0x00, 0x10, 0x00, 0x00, 0x00, 0x00, 0x00,
    0x2a, 0x00, 0x10, 0x00, 0x00, 0x00, 0x00, 0x00, 0x0a, 0x00, 0x10, 0x00, 0x02, 0x00, 0x00, 0x00,
    0x3a, 0x00, 0x10, 0x00, 0x00, 0x00, 0x00, 0x00, 0x38, 0x00, 0x00, 0x07, 0x32, 0x00, 0x10, 0x00,
    0x00, 0x00, 0x00, 0x00, 0xf6, 0x0f, 0x10, 0x00, 0x00, 0x00, 0x00, 0x00, 0x46, 0x00, 0x10, 0x00,
    0x00, 0x00, 0x00, 0x00, 0x32, 0x00, 0x00, 0x0a, 0x32, 0x00, 0x10, 0x00, 0x02, 0x00, 0x00, 0x00,
    0x46, 0x00, 0x10, 0x00, 0x00, 0x00, 0x00, 0x00, 0x56, 0x85, 0x20, 0x00, 0x03, 0x00, 0x00, 0x00,
    0x1c, 0x00, 0x00, 0x00, 0xe6, 0x1a, 0x10, 0x00, 0x03, 0x00, 0x00, 0x00, 0x32, 0x00, 0x00, 0x0a,
    0x32, 0x00, 0x10, 0x00, 0x00, 0x00, 0x00, 0x00, 0x46, 0x00, 0x10, 0x00, 0x00, 0x00, 0x00, 0x00,
    0x06, 0x80, 0x20, 0x00, 0x03, 0x00, 0x00, 0x00, 0x05, 0x00, 0x00, 0x00, 0x46, 0x10, 0x10, 0x00,
    0x01, 0x00, 0x00, 0x00, 0x43, 0x00, 0x00, 0x06, 0x82, 0x00, 0x10, 0x00, 0x00, 0x00, 0x00, 0x00,
    0x0a, 0x80, 0x20, 0x00, 0x03, 0x00, 0x00, 0x00, 0x1c, 0x00, 0x00, 0x00, 0x00, 0x00, 0x00, 0x08,
    0x82, 0x00, 0x10, 0x00, 0x00, 0x00, 0x00, 0x00, 0x3a, 0x00, 0x10, 0x00, 0x00, 0x00, 0x00, 0x00,
    0x0a, 0x80, 0x20, 0x00, 0x01, 0x00, 0x00, 0x00, 0x1a, 0x00, 0x00, 0x00, 0x4a, 0x00, 0x00, 0x8d,
    0xc2, 0x00, 0x00, 0x80, 0x43, 0x55, 0x15, 0x00, 0xf2, 0x00, 0x10, 0x00, 0x04, 0x00, 0x00, 0x00,
    0x46, 0x00, 0x10, 0x00, 0x02, 0x00, 0x00, 0x00, 0x46, 0x7e, 0x10, 0x00, 0x04, 0x00, 0x00, 0x00,
    0x00, 0x60, 0x10, 0x00, 0x04, 0x00, 0x00, 0x00, 0x3a, 0x00, 0x10, 0x00, 0x00, 0x00, 0x00, 0x00,
    0x36, 0x00, 0x00, 0x05, 0x82, 0x00, 0x10, 0x00, 0x05, 0x00, 0x00, 0x00, 0x0a, 0x00, 0x10, 0x00,
    0x04, 0x00, 0x00, 0x00, 0x36, 0x00, 0x00, 0x05, 0x12, 0x00, 0x10, 0x00, 0x05, 0x00, 0x00, 0x00,
    0x01, 0x40, 0x00, 0x00, 0x00, 0x00, 0x80, 0x3f, 0x00, 0x00, 0x00, 0x08, 0xf2, 0x00, 0x10, 0x00,
    0x05, 0x00, 0x00, 0x00, 0x46, 0x0e, 0x10, 0x80, 0x41, 0x00, 0x00, 0x00, 0x04, 0x00, 0x00, 0x00,
    0x06, 0x0c, 0x10, 0x00, 0x05, 0x00, 0x00, 0x00, 0x32, 0x00, 0x00, 0x0a, 0xf2, 0x00, 0x10, 0x00,
    0x04, 0x00, 0x00, 0x00, 0xa6, 0x8a, 0x20, 0x00, 0x03, 0x00, 0x00, 0x00, 0x1c, 0x00, 0x00, 0x00,
    0x46, 0x0e, 0x10, 0x00, 0x05, 0x00, 0x00, 0x00, 0x46, 0x0e, 0x10, 0x00, 0x04, 0x00, 0x00, 0x00,
    0x32, 0x00, 0x00, 0x0a, 0xf2, 0x00, 0x10, 0x00, 0x01, 0x00, 0x00, 0x00, 0x46, 0x0e, 0x10, 0x00,
    0x04, 0x00, 0x00, 0x00, 0x06, 0x80, 0x20, 0x00, 0x03, 0x00, 0x00, 0x00, 0x1d, 0x00, 0x00, 0x00,
    0x46, 0x0e, 0x10, 0x00, 0x01, 0x00, 0x00, 0x00, 0x43, 0x00, 0x00, 0x06, 0x82, 0x00, 0x10, 0x00,
    0x00, 0x00, 0x00, 0x00, 0x2a, 0x80, 0x20, 0x00, 0x03, 0x00, 0x00, 0x00, 0x05, 0x00, 0x00, 0x00,
    0x00, 0x00, 0x00, 0x08, 0x82, 0x00, 0x10, 0x00, 0x00, 0x00, 0x00, 0x00, 0x3a, 0x00, 0x10, 0x00,
    0x00, 0x00, 0x00, 0x00, 0x0a, 0x80, 0x20, 0x00, 0x01, 0x00, 0x00, 0x00, 0x1a, 0x00, 0x00, 0x00,
    0x4a, 0x00, 0x00, 0x8d, 0xc2, 0x00, 0x00, 0x80, 0x43, 0x55, 0x15, 0x00, 0xf2, 0x00, 0x10, 0x00,
    0x05, 0x00, 0x00, 0x00, 0x46, 0x00, 0x10, 0x00, 0x00, 0x00, 0x00, 0x00, 0x46, 0x7e, 0x10, 0x00,
    0x00, 0x00, 0x00, 0x00, 0x00, 0x60, 0x10, 0x00, 0x00, 0x00, 0x00, 0x00, 0x3a, 0x00, 0x10, 0x00,
    0x00, 0x00, 0x00, 0x00, 0x36, 0x00, 0x00, 0x05, 0x82, 0x00, 0x10, 0x00, 0x00, 0x00, 0x00, 0x00,
    0x0a, 0x00, 0x10, 0x00, 0x05, 0x00, 0x00, 0x00, 0x36, 0x00, 0x00, 0x05, 0x12, 0x00, 0x10, 0x00,
    0x00, 0x00, 0x00, 0x00, 0x01, 0x40, 0x00, 0x00, 0x00, 0x00, 0x80, 0x3f, 0x00, 0x00, 0x00, 0x08,
    0xf2, 0x00, 0x10, 0x00, 0x06, 0x00, 0x00, 0x00, 0x46, 0x0e, 0x10, 0x80, 0x41, 0x00, 0x00, 0x00,
    0x05, 0x00, 0x00, 0x00, 0x06, 0x0c, 0x10, 0x00, 0x00, 0x00, 0x00, 0x00, 0x32, 0x00, 0x00, 0x0a,
    0xf2, 0x00, 0x10, 0x00, 0x05, 0x00, 0x00, 0x00, 0x56, 0x85, 0x20, 0x00, 0x03, 0x00, 0x00, 0x00,
    0x05, 0x00, 0x00, 0x00, 0x46, 0x0e, 0x10, 0x00, 0x06, 0x00, 0x00, 0x00, 0x46, 0x0e, 0x10, 0x00,
    0x05, 0x00, 0x00, 0x00, 0x39, 0x00, 0x00, 0x08, 0x12, 0x00, 0x10, 0x00, 0x00, 0x00, 0x00, 0x00,
    0x01, 0x40, 0x00, 0x00, 0x00, 0x00, 0x00, 0x00, 0x1a, 0x80, 0x20, 0x00, 0x03, 0x00, 0x00, 0x00,
    0x01, 0x00, 0x00, 0x00, 0x37, 0x00, 0x00, 0x0c, 0xf2, 0x00, 0x10, 0x00, 0x06, 0x00, 0x00, 0x00,
    0x06, 0x00, 0x10, 0x00, 0x00, 0x00, 0x00, 0x00, 0x02, 0x40, 0x00, 0x00, 0x00, 0x00, 0x80, 0x3f,
    0x00, 0x00, 0x80, 0x3f, 0x00, 0x00, 0x80, 0x3f, 0x00, 0x00, 0x80, 0x3f, 0x46, 0x1e, 0x10, 0x00,
    0x04, 0x00, 0x00, 0x00, 0x38, 0x00, 0x00, 0x08, 0xf2, 0x00, 0x10, 0x00, 0x06, 0x00, 0x00, 0x00,
    0x46, 0x0e, 0x10, 0x00, 0x06, 0x00, 0x00, 0x00, 0x46, 0x8e, 0x20, 0x00, 0x03, 0x00, 0x00, 0x00,
    0x04, 0x00, 0x00, 0x00, 0x38, 0x00, 0x00, 0x08, 0xf2, 0x00, 0x10, 0x00, 0x06, 0x00, 0x00, 0x00,
    0x46, 0x0e, 0x10, 0x00, 0x06, 0x00, 0x00, 0x00, 0xa6, 0x8e, 0x20, 0x00, 0x03, 0x00, 0x00, 0x00,
    0x01, 0x00, 0x00, 0x00, 0x38, 0x00, 0x00, 0x07, 0xf2, 0x00, 0x10, 0x00, 0x05, 0x00, 0x00, 0x00,
    0x46, 0x0e, 0x10, 0x00, 0x05, 0x00, 0x00, 0x00, 0x46, 0x0e, 0x10, 0x00, 0x06, 0x00, 0x00, 0x00,
    0x38, 0x00, 0x00, 0x08, 0xf2, 0x00, 0x10, 0x00, 0x06, 0x00, 0x00, 0x00, 0x46, 0x0e, 0x10, 0x00,
    0x04, 0x00, 0x00, 0x00, 0x56, 0x85, 0x20, 0x00, 0x03, 0x00, 0x00, 0x00, 0x1d, 0x00, 0x00, 0x00,
    0x32, 0x00, 0x00, 0x0a, 0xf2, 0x00, 0x10, 0x00, 0x03, 0x00, 0x00, 0x00, 0x46, 0x0e, 0x10, 0x00,
    0x03, 0x00, 0x00, 0x00, 0xa6, 0x8a, 0x20, 0x00, 0x03, 0x00, 0x00, 0x00, 0x18, 0x00, 0x00, 0x00,
    0x46, 0x0e, 0x10, 0x00, 0x06, 0x00, 0x00, 0x00, 0x32, 0x00, 0x00, 0x09, 0x12, 0x00, 0x10, 0x00,
    0x00, 0x00, 0x00, 0x00, 0x3a, 0x00, 0x10, 0x00, 0x05, 0x00, 0x00, 0x00, 0x3a, 0x00, 0x10, 0x00,
    0x01, 0x00, 0x00, 0x00, 0x3a, 0x00, 0x10, 0x00, 0x03, 0x00, 0x00, 0x00, 0x38, 0x00, 0x00, 0x07,
    0xf2, 0x00, 0x10, 0x00, 0x01, 0x00, 0x00, 0x00, 0x46, 0x0e, 0x10, 0x00, 0x01, 0x00, 0x00, 0x00,
    0x46, 0x0e, 0x10, 0x00, 0x05, 0x00, 0x00, 0x00, 0x38, 0x20, 0x00, 0x08, 0x12, 0x00, 0x10, 0x00,
    0x00, 0x00, 0x00, 0x00, 0x0a, 0x00, 0x10, 0x00, 0x00, 0x00, 0x00, 0x00, 0x3a, 0x80, 0x20, 0x00,
    0x03, 0x00, 0x00, 0x00, 0x29, 0x00, 0x00, 0x00, 0x38, 0x00, 0x00, 0x07, 0xb2, 0x00, 0x10, 0x00,
    0x00, 0x00, 0x00, 0x00, 0x06, 0x00, 0x10, 0x00, 0x00, 0x00, 0x00, 0x00, 0x46, 0x08, 0x10, 0x00,
    0x03, 0x00, 0x00, 0x00, 0x32, 0x00, 0x00, 0x0a, 0xb2, 0x00, 0x10, 0x00, 0x00, 0x00, 0x00, 0x00,
    0x46, 0x0c, 0x10, 0x00, 0x00, 0x00, 0x00, 0x00, 0x46, 0x88, 0x20, 0x00, 0x03, 0x00, 0x00, 0x00,
    0x29, 0x00, 0x00, 0x00, 0x46, 0x08, 0x10, 0x00, 0x01, 0x00, 0x00, 0x00, 0x38, 0x00, 0x00, 0x09,
    0x12, 0x00, 0x10, 0x00, 0x01, 0x00, 0x00, 0x00, 0x3a, 0x80, 0x20, 0x00, 0x03, 0x00, 0x00, 0x00,
    0x26, 0x00, 0x00, 0x00, 0x3a, 0x80, 0x20, 0x00, 0x03, 0x00, 0x00, 0x00, 0x27, 0x00, 0x00, 0x00,
    0x32, 0x00, 0x00, 0x0c, 0x22, 0x00, 0x10, 0x00, 0x01, 0x00, 0x00, 0x00, 0x3a, 0x80, 0x20, 0x80,
    0x41, 0x00, 0x00, 0x00, 0x03, 0x00, 0x00, 0x00, 0x26, 0x00, 0x00, 0x00, 0x3a, 0x80, 0x20, 0x00,
    0x03, 0x00, 0x00, 0x00, 0x27, 0x00, 0x00, 0x00, 0x01, 0x40, 0x00, 0x00, 0x00, 0x00, 0x80, 0x3f,
    0x32, 0x00, 0x00, 0x09, 0x42, 0x00, 0x10, 0x00, 0x00, 0x00, 0x00, 0x00, 0x2a, 0x00, 0x10, 0x00,
    0x00, 0x00, 0x00, 0x00, 0x0a, 0x00, 0x10, 0x00, 0x01, 0x00, 0x00, 0x00, 0x1a, 0x00, 0x10, 0x00,
    0x01, 0x00, 0x00, 0x00, 0x00, 0x00, 0x00, 0x08, 0x12, 0x00, 0x10, 0x00, 0x01, 0x00, 0x00, 0x00,
    0x2a, 0x10, 0x10, 0x00, 0x01, 0x00, 0x00, 0x00, 0x1a, 0x80, 0x20, 0x00, 0x03, 0x00, 0x00, 0x00,
    0x27, 0x00, 0x00, 0x00, 0x32, 0x00, 0x00, 0x09, 0x12, 0x00, 0x10, 0x00, 0x01, 0x00, 0x00, 0x00,
    0x0a, 0x00, 0x10, 0x00, 0x01, 0x00, 0x00, 0x00, 0x01, 0x40, 0x00, 0x00, 0xae, 0x47, 0x01, 0x40,
    0x01, 0x40, 0x00, 0x00, 0x00, 0xd7, 0x23, 0xbc, 0x32, 0x00, 0x00, 0x09, 0x42, 0x00, 0x10, 0x00,
    0x00, 0x00, 0x00, 0x00, 0x2a, 0x00, 0x10, 0x00, 0x00, 0x00, 0x00, 0x00, 0x0a, 0x00, 0x10, 0x00,
    0x01, 0x00, 0x00, 0x00, 0x01, 0x40, 0x00, 0x00, 0x00, 0x00, 0x80, 0xbf, 0x32, 0x00, 0x00, 0x0b,
    0x42, 0x00, 0x10, 0x00, 0x00, 0x00, 0x00, 0x00, 0x0a, 0x00, 0x10, 0x00, 0x04, 0x00, 0x00, 0x00,
    0x2a, 0x80, 0x20, 0x00, 0x03, 0x00, 0x00, 0x00, 0x1d, 0x00, 0x00, 0x00, 0x2a, 0x00, 0x10, 0x80,
    0x41, 0x00, 0x00, 0x00, 0x00, 0x00, 0x00, 0x00, 0x00, 0x00, 0x00, 0x09, 0x12, 0x00, 0x10, 0x00,
    0x01, 0x00, 0x00, 0x00, 0x2a, 0x00, 0x10, 0x80, 0x41, 0x00, 0x00, 0x00, 0x00, 0x00, 0x00, 0x00,
    0x2a, 0x80, 0x20, 0x00, 0x03, 0x00, 0x00, 0x00, 0x27, 0x00, 0x00, 0x00, 0x38, 0x20, 0x00, 0x08,
    0x42, 0x00, 0x10, 0x00, 0x00, 0x00, 0x00, 0x00, 0x2a, 0x00, 0x10, 0x00, 0x00, 0x00, 0x00, 0x00,
    0x0a, 0x80, 0x20, 0x00, 0x03, 0x00, 0x00, 0x00, 0x27, 0x00, 0x00, 0x00, 0x38, 0x00, 0x00, 0x07,
    0x42, 0x00, 0x10, 0x00, 0x00, 0x00, 0x00, 0x00, 0x2a, 0x00, 0x10, 0x00, 0x00, 0x00, 0x00, 0x00,
    0x3a, 0x00, 0x10, 0x00, 0x01, 0x00, 0x00, 0x00, 0x37, 0x00, 0x00, 0x09, 0x42, 0x00, 0x10, 0x00,
    0x00, 0x00, 0x00, 0x00, 0x3a, 0x00, 0x10, 0x00, 0x02, 0x00, 0x00, 0x00, 0x2a, 0x00, 0x10, 0x00,
    0x00, 0x00, 0x00, 0x00, 0x3a, 0x00, 0x10, 0x00, 0x01, 0x00, 0x00, 0x00, 0x38, 0x20, 0x00, 0x08,
    0x12, 0x00, 0x10, 0x00, 0x01, 0x00, 0x00, 0x00, 0x0a, 0x00, 0x10, 0x00, 0x01, 0x00, 0x00, 0x00,
    0x0a, 0x80, 0x20, 0x00, 0x03, 0x00, 0x00, 0x00, 0x27, 0x00, 0x00, 0x00, 0x38, 0x00, 0x00, 0x08,
    0xe2, 0x00, 0x10, 0x00, 0x01, 0x00, 0x00, 0x00, 0x06, 0x00, 0x10, 0x00, 0x01, 0x00, 0x00, 0x00,
    0x06, 0x89, 0x20, 0x00, 0x03, 0x00, 0x00, 0x00, 0x2a, 0x00, 0x00, 0x00, 0x32, 0x00, 0x00, 0x0b,
    0xe2, 0x00, 0x10, 0x00, 0x01, 0x00, 0x00, 0x00, 0x56, 0x0e, 0x10, 0x00, 0x01, 0x00, 0x00, 0x00,
    0xa6, 0x8a, 0x20, 0x00, 0x03, 0x00, 0x00, 0x00, 0x01, 0x00, 0x00, 0x00, 0x06, 0x0d, 0x10, 0x80,
    0x41, 0x00, 0x00, 0x00, 0x00, 0x00, 0x00, 0x00, 0x32, 0x00, 0x00, 0x09, 0x72, 0x00, 0x10, 0x00,
    0x01, 0x00, 0x00, 0x00, 0x06, 0x00, 0x10, 0x00, 0x01, 0x00, 0x00, 0x00, 0x96, 0x07, 0x10, 0x00,
    0x01, 0x00, 0x00, 0x00, 0x46, 0x03, 0x10, 0x00, 0x00, 0x00, 0x00, 0x00, 0x37, 0x00, 0x00, 0x09,
    0xb2, 0x00, 0x10, 0x00, 0x00, 0x00, 0x00, 0x00, 0xf6, 0x0f, 0x10, 0x00, 0x02, 0x00, 0x00, 0x00,
    0x46, 0x08, 0x10, 0x00, 0x01, 0x00, 0x00, 0x00, 0x46, 0x0c, 0x10, 0x00, 0x00, 0x00, 0x00, 0x00,
    0x00, 0x00, 0x00, 0x09, 0x72, 0x00, 0x10, 0x00, 0x01, 0x00, 0x00, 0x00, 0x46, 0x03, 0x10, 0x00,
    0x00, 0x00, 0x00, 0x00, 0x56, 0x85, 0x20, 0x80, 0x41, 0x00, 0x00, 0x00, 0x03, 0x00, 0x00, 0x00,
    0x02, 0x00, 0x00, 0x00, 0x34, 0x00, 0x00, 0x0a, 0x72, 0x00, 0x10, 0x00, 0x01, 0x00, 0x00, 0x00,
    0x46, 0x02, 0x10, 0x00, 0x01, 0x00, 0x00, 0x00, 0x02, 0x40, 0x00, 0x00, 0x00, 0x00, 0x00, 0x00,
    0x00, 0x00, 0x00, 0x00, 0x00, 0x00, 0x00, 0x00, 0x00, 0x00, 0x00, 0x00, 0x32, 0x00, 0x00, 0x0a,
    0xb2, 0x00, 0x10, 0x00, 0x00, 0x00, 0x00, 0x00, 0x46, 0x08, 0x10, 0x00, 0x01, 0x00, 0x00, 0x00,
    0xa6, 0x8a, 0x20, 0x00, 0x03, 0x00, 0x00, 0x00, 0x02, 0x00, 0x00, 0x00, 0x46, 0x0c, 0x10, 0x00,
    0x00, 0x00, 0x00, 0x00, 0x00, 0x00, 0x00, 0x09, 0x12, 0x00, 0x10, 0x00, 0x01, 0x00, 0x00, 0x00,
    0x01, 0x40, 0x00, 0x00, 0x00, 0x00, 0x80, 0x3f, 0x0a, 0x80, 0x20, 0x80, 0x41, 0x00, 0x00, 0x00,
    0x03, 0x00, 0x00, 0x00, 0x03, 0x00, 0x00, 0x00, 0x32, 0x00, 0x00, 0x0b, 0x12, 0x00, 0x10, 0x00,
    0x01, 0x00, 0x00, 0x00, 0x1a, 0x80, 0x20, 0x00, 0x01, 0x00, 0x00, 0x00, 0x1b, 0x00, 0x00, 0x00,
    0x0a, 0x80, 0x20, 0x00, 0x03, 0x00, 0x00, 0x00, 0x03, 0x00, 0x00, 0x00, 0x0a, 0x00, 0x10, 0x00,
    0x01, 0x00, 0x00, 0x00, 0x38, 0x00, 0x00, 0x07, 0xb2, 0x00, 0x10, 0x00, 0x00, 0x00, 0x00, 0x00,
    0x46, 0x0c, 0x10, 0x00, 0x00, 0x00, 0x00, 0x00, 0x06, 0x00, 0x10, 0x00, 0x01, 0x00, 0x00, 0x00,
    0x34, 0x00, 0x00, 0x0a, 0xb2, 0x00, 0x10, 0x00, 0x00, 0x00, 0x00, 0x00, 0x46, 0x0c, 0x10, 0x00,
    0x00, 0x00, 0x00, 0x00, 0x02, 0x40, 0x00, 0x00, 0x00, 0x00, 0x00, 0x00, 0x00, 0x00, 0x00, 0x00,
    0x00, 0x00, 0x00, 0x00, 0x00, 0x00, 0x00, 0x00, 0x33, 0x00, 0x00, 0x0a, 0xb2, 0x00, 0x10, 0x00,
    0x00, 0x00, 0x00, 0x00, 0x46, 0x0c, 0x10, 0x00, 0x00, 0x00, 0x00, 0x00, 0x02, 0x40, 0x00, 0x00,
    0x00, 0x00, 0x7a, 0x44, 0x00, 0x00, 0x7a, 0x44, 0x00, 0x00, 0x00, 0x00, 0x00, 0x00, 0x7a, 0x44,
    0x38, 0x00, 0x00, 0x08, 0x32, 0x00, 0x10, 0x00, 0x01, 0x00, 0x00, 0x00, 0x46, 0x10, 0x10, 0x00,
    0x00, 0x00, 0x00, 0x00, 0xe6, 0x8a, 0x20, 0x00, 0x01, 0x00, 0x00, 0x00, 0x00, 0x00, 0x00, 0x00,
    0x32, 0x00, 0x00, 0x0f, 0x32, 0x00, 0x10, 0x00, 0x01, 0x00, 0x00, 0x00, 0x46, 0x00, 0x10, 0x00,
    0x01, 0x00, 0x00, 0x00, 0x02, 0x40, 0x00, 0x00, 0x00, 0x00, 0x00, 0x40, 0x00, 0x00, 0x00, 0x40,
    0x00, 0x00, 0x00, 0x00, 0x00, 0x00, 0x00, 0x00, 0x02, 0x40, 0x00, 0x00, 0x00, 0x00, 0x80, 0xbf,
    0x00, 0x00, 0x80, 0xbf, 0x00, 0x00, 0x00, 0x00, 0x00, 0x00, 0x00, 0x00, 0x38, 0x00, 0x00, 0x09,
    0xf2, 0x00, 0x10, 0x00, 0x02, 0x00, 0x00, 0x00, 0x56, 0x05, 0x10, 0x80, 0x41, 0x00, 0x00, 0x00,
    0x01, 0x00, 0x00, 0x00, 0x46, 0x8e, 0x20, 0x00, 0x00, 0x00, 0x00, 0x00, 0x19, 0x00, 0x00, 0x00,
    0x32, 0x00, 0x00, 0x0a, 0xf2, 0x00, 0x10, 0x00, 0x01, 0x00, 0x00, 0x00, 0x46, 0x8e, 0x20, 0x00,
    0x00, 0x00, 0x00, 0x00, 0x18, 0x00, 0x00, 0x00, 0x06, 0x00, 0x10, 0x00, 0x01, 0x00, 0x00, 0x00,
    0x46, 0x0e, 0x10, 0x00, 0x02, 0x00, 0x00, 0x00, 0x32, 0x00, 0x00, 0x0a, 0xf2, 0x00, 0x10, 0x00,
    0x01, 0x00, 0x00, 0x00, 0x46, 0x8e, 0x20, 0x00, 0x00, 0x00, 0x00, 0x00, 0x1a, 0x00, 0x00, 0x00,
    0xa6, 0x1a, 0x10, 0x00, 0x00, 0x00, 0x00, 0x00, 0x46, 0x0e, 0x10, 0x00, 0x01, 0x00, 0x00, 0x00,
    0x00, 0x00, 0x00, 0x08, 0xf2, 0x00, 0x10, 0x00, 0x01, 0x00, 0x00, 0x00, 0x46, 0x0e, 0x10, 0x00,
    0x01, 0x00, 0x00, 0x00, 0x46, 0x8e, 0x20, 0x00, 0x00, 0x00, 0x00, 0x00, 0x1b, 0x00, 0x00, 0x00,
    0x0e, 0x00, 0x00, 0x07, 0x72, 0x00, 0x10, 0x00, 0x01, 0x00, 0x00, 0x00, 0x46, 0x02, 0x10, 0x00,
    0x01, 0x00, 0x00, 0x00, 0xf6, 0x0f, 0x10, 0x00, 0x01, 0x00, 0x00, 0x00, 0x38, 0x00, 0x00, 0x08,
    0x22, 0x00, 0x10, 0x00, 0x01, 0x00, 0x00, 0x00, 0x1a, 0x00, 0x10, 0x00, 0x01, 0x00, 0x00, 0x00,
    0x2a, 0x80, 0x20, 0x00, 0x00, 0x00, 0x00, 0x00, 0x01, 0x00, 0x00, 0x00, 0x32, 0x00, 0x00, 0x0a,
    0x12, 0x00, 0x10, 0x00, 0x01, 0x00, 0x00, 0x00, 0x2a, 0x80, 0x20, 0x00, 0x00, 0x00, 0x00, 0x00,
    0x00, 0x00, 0x00, 0x00, 0x0a, 0x00, 0x10, 0x00, 0x01, 0x00, 0x00, 0x00, 0x1a, 0x00, 0x10, 0x00,
    0x01, 0x00, 0x00, 0x00, 0x32, 0x00, 0x00, 0x0a, 0x12, 0x00, 0x10, 0x00, 0x01, 0x00, 0x00, 0x00,
    0x2a, 0x80, 0x20, 0x00, 0x00, 0x00, 0x00, 0x00, 0x02, 0x00, 0x00, 0x00, 0x2a, 0x00, 0x10, 0x00,
    0x01, 0x00, 0x00, 0x00, 0x0a, 0x00, 0x10, 0x00, 0x01, 0x00, 0x00, 0x00, 0x00, 0x00, 0x00, 0x08,
    0x12, 0x00, 0x10, 0x00, 0x01, 0x00, 0x00, 0x00, 0x0a, 0x00, 0x10, 0x00, 0x01, 0x00, 0x00, 0x00,
    0x2a, 0x80, 0x20, 0x00, 0x00, 0x00, 0x00, 0x00, 0x03, 0x00, 0x00, 0x00, 0x00, 0x00, 0x00, 0x0a,
    0x32, 0x00, 0x10, 0x00, 0x01, 0x00, 0x00, 0x00, 0x06, 0x00, 0x10, 0x80, 0x81, 0x00, 0x00, 0x00,
    0x01, 0x00, 0x00, 0x00, 0xd6, 0x85, 0x20, 0x80, 0x41, 0x00, 0x00, 0x00, 0x03, 0x00, 0x00, 0x00,
    0x21, 0x00, 0x00, 0x00, 0x00, 0x00, 0x00, 0x0a, 0x42, 0x00, 0x10, 0x00, 0x01, 0x00, 0x00, 0x00,
    0x1a, 0x80, 0x20, 0x80, 0x41, 0x00, 0x00, 0x00, 0x03, 0x00, 0x00, 0x00, 0x21, 0x00, 0x00, 0x00,
    0x2a, 0x80, 0x20, 0x00, 0x03, 0x00, 0x00, 0x00, 0x21, 0x00, 0x00, 0x00, 0x0e, 0x20, 0x00, 0x07,
    0x12, 0x00, 0x10, 0x00, 0x01, 0x00, 0x00, 0x00, 0x0a, 0x00, 0x10, 0x00, 0x01, 0x00, 0x00, 0x00,
    0x2a, 0x00, 0x10, 0x00, 0x01, 0x00, 0x00, 0x00, 0x00, 0x00, 0x00, 0x0a, 0x42, 0x00, 0x10, 0x00,
    0x01, 0x00, 0x00, 0x00, 0x3a, 0x80, 0x20, 0x80, 0x41, 0x00, 0x00, 0x00, 0x03, 0x00, 0x00, 0x00,
    0x21, 0x00, 0x00, 0x00, 0x0a, 0x80, 0x20, 0x00, 0x03, 0x00, 0x00, 0x00, 0x22, 0x00, 0x00, 0x00,
    0x0e, 0x20, 0x00, 0x07, 0x22, 0x00, 0x10, 0x00, 0x01, 0x00, 0x00, 0x00, 0x1a, 0x00, 0x10, 0x00,
    0x01, 0x00, 0x00, 0x00, 0x2a, 0x00, 0x10, 0x00, 0x01, 0x00, 0x00, 0x00, 0x38, 0x00, 0x00, 0x07,
    0x12, 0x00, 0x10, 0x00, 0x01, 0x00, 0x00, 0x00, 0x1a, 0x00, 0x10, 0x00, 0x01, 0x00, 0x00, 0x00,
    0x0a, 0x00, 0x10, 0x00, 0x01, 0x00, 0x00, 0x00, 0x39, 0x00, 0x00, 0x08, 0x22, 0x00, 0x10, 0x00,
    0x01, 0x00, 0x00, 0x00, 0x01, 0x40, 0x00, 0x00, 0x00, 0x00, 0x00, 0x00, 0x0a, 0x80, 0x20, 0x00,
    0x03, 0x00, 0x00, 0x00, 0x21, 0x00, 0x00, 0x00, 0x37, 0x00, 0x00, 0x09, 0x12, 0x00, 0x10, 0x00,
    0x01, 0x00, 0x00, 0x00, 0x1a, 0x00, 0x10, 0x00, 0x01, 0x00, 0x00, 0x00, 0x0a, 0x00, 0x10, 0x00,
    0x01, 0x00, 0x00, 0x00, 0x01, 0x40, 0x00, 0x00, 0x00, 0x00, 0x80, 0x3f, 0x38, 0x20, 0x00, 0x07,
    0x42, 0x00, 0x10, 0x00, 0x00, 0x00, 0x00, 0x00, 0x2a, 0x00, 0x10, 0x00, 0x00, 0x00, 0x00, 0x00,
    0x0a, 0x00, 0x10, 0x00, 0x01, 0x00, 0x00, 0x00, 0x29, 0x00, 0x00, 0x07, 0x12, 0x00, 0x10, 0x00,
    0x01, 0x00, 0x00, 0x00, 0x0a, 0x10, 0x10, 0x00, 0x07, 0x00, 0x00, 0x00, 0x01, 0x40, 0x00, 0x00,
    0x04, 0x00, 0x00, 0x00, 0x00, 0x00, 0x00, 0x0b, 0x22, 0x00, 0x10, 0x00, 0x01, 0x00, 0x00, 0x00,
    0x01, 0x40, 0x00, 0x00, 0x00, 0x00, 0x80, 0x3f, 0x1a, 0x80, 0x20, 0x86, 0x41, 0x00, 0x00, 0x00,
    0x02, 0x00, 0x00, 0x00, 0x04, 0x00, 0x00, 0x00, 0x0a, 0x00, 0x10, 0x00, 0x01, 0x00, 0x00, 0x00,
    0x38, 0x00, 0x00, 0x07, 0x42, 0x00, 0x10, 0x00, 0x00, 0x00, 0x00, 0x00, 0x2a, 0x00, 0x10, 0x00,
    0x00, 0x00, 0x00, 0x00, 0x1a, 0x00, 0x10, 0x00, 0x01, 0x00, 0x00, 0x00, 0x0f, 0x00, 0x00, 0x0a,
    0x22, 0x00, 0x10, 0x00, 0x01, 0x00, 0x00, 0x00, 0x46, 0x10, 0x10, 0x00, 0x00, 0x00, 0x00, 0x00,
    0x02, 0x40, 0x00, 0x00, 0x43, 0x71, 0x89, 0x3d, 0x90, 0x45, 0xbf, 0x3b, 0x00, 0x00, 0x00, 0x00,
    0x00, 0x00, 0x00, 0x00, 0x1a, 0x00, 0x00, 0x05, 0x22, 0x00, 0x10, 0x00, 0x01, 0x00, 0x00, 0x00,
    0x1a, 0x00, 0x10, 0x00, 0x01, 0x00, 0x00, 0x00, 0x38, 0x00, 0x00, 0x07, 0x22, 0x00, 0x10, 0x00,
    0x01, 0x00, 0x00, 0x00, 0x1a, 0x00, 0x10, 0x00, 0x01, 0x00, 0x00, 0x00, 0x01, 0x40, 0x00, 0x00,
    0x82, 0xee, 0x53, 0x42, 0x1a, 0x00, 0x00, 0x05, 0x22, 0x00, 0x10, 0x00, 0x01, 0x00, 0x00, 0x00,
    0x1a, 0x00, 0x10, 0x00, 0x01, 0x00, 0x00, 0x00, 0x1d, 0x00, 0x00, 0x0a, 0x42, 0x00, 0x10, 0x00,
    0x01, 0x00, 0x00, 0x00, 0x0a, 0x80, 0x20, 0x06, 0x02, 0x00, 0x00, 0x00, 0x04, 0x00, 0x00, 0x00,
    0x0a, 0x00, 0x10, 0x00, 0x01, 0x00, 0x00, 0x00, 0x01, 0x40, 0x00, 0x00, 0x00, 0x00, 0x00, 0x00,
    0x37, 0x00, 0x00, 0x0a, 0x22, 0x00, 0x10, 0x00, 0x01, 0x00, 0x00, 0x00, 0x2a, 0x00, 0x10, 0x00,
    0x01, 0x00, 0x00, 0x00, 0x1a, 0x00, 0x10, 0x00, 0x01, 0x00, 0x00, 0x00, 0x1a, 0x00, 0x10, 0x80,
    0x41, 0x00, 0x00, 0x00, 0x01, 0x00, 0x00, 0x00, 0x00, 0x00, 0x00, 0x0b, 0x12, 0x00, 0x10, 0x00,
    0x01, 0x00, 0x00, 0x00, 0x1a, 0x00, 0x10, 0x80, 0x41, 0x00, 0x00, 0x00, 0x01, 0x00, 0x00, 0x00,
    0x0a, 0x80, 0x20, 0x06, 0x02, 0x00, 0x00, 0x00, 0x04, 0x00, 0x00, 0x00, 0x0a, 0x00, 0x10, 0x00,
    0x01, 0x00, 0x00, 0x00, 0x31, 0x00, 0x00, 0x07, 0x12, 0x00, 0x10, 0x00, 0x01, 0x00, 0x00, 0x00,
    0x01, 0x40, 0x00, 0x00, 0x00, 0x00, 0x00, 0x00, 0x0a, 0x00, 0x10, 0x00, 0x01, 0x00, 0x00, 0x00,
    0x00, 0x00, 0x00, 0x0c, 0x62, 0x00, 0x10, 0x00, 0x01, 0x00, 0x00, 0x00, 0x02, 0x40, 0x00, 0x00,
    0x00, 0x00, 0x00, 0x00, 0x00, 0x00, 0x80, 0x3f, 0x00, 0x00, 0x80, 0x3f, 0x00, 0x00, 0x00, 0x00,
    0x06, 0x81, 0x20, 0x80, 0x41, 0x00, 0x00, 0x00, 0x03, 0x00, 0x00, 0x00, 0x00, 0x00, 0x00, 0x00,
    0x37, 0x00, 0x00, 0x09, 0x12, 0x00, 0x10, 0x00, 0x01, 0x00, 0x00, 0x00, 0x0a, 0x00, 0x10, 0x00,
    0x01, 0x00, 0x00, 0x00, 0x01, 0x40, 0x00, 0x00, 0x00, 0x00, 0x80, 0x3f, 0x1a, 0x00, 0x10, 0x00,
    0x01, 0x00, 0x00, 0x00, 0x32, 0x00, 0x00, 0x0a, 0x22, 0x00, 0x10, 0x00, 0x01, 0x00, 0x00, 0x00,
    0x2a, 0x00, 0x10, 0x80, 0x41, 0x00, 0x00, 0x00, 0x00, 0x00, 0x00, 0x00, 0x0a, 0x00, 0x10, 0x00,
    0x01, 0x00, 0x00, 0x00, 0x01, 0x40, 0x00, 0x00, 0x00, 0x00, 0x80, 0x3f, 0x38, 0x00, 0x00, 0x07,
    0x42, 0x00, 0x10, 0x00, 0x00, 0x00, 0x00, 0x00, 0x2a, 0x00, 0x10, 0x00, 0x00, 0x00, 0x00, 0x00,
    0x0a, 0x00, 0x10, 0x00, 0x01, 0x00, 0x00, 0x00, 0x32, 0x00, 0x00, 0x09, 0xb2, 0x00, 0x10, 0x00,
    0x01, 0x00, 0x00, 0x00, 0x46, 0x0c, 0x10, 0x00, 0x00, 0x00, 0x00, 0x00, 0xa6, 0x0a, 0x10, 0x00,
    0x00, 0x00, 0x00, 0x00, 0x56, 0x05, 0x10, 0x00, 0x01, 0x00, 0x00, 0x00, 0x38, 0x00, 0x00, 0x07,
    0x72, 0x00, 0x10, 0x00, 0x02, 0x00, 0x00, 0x00, 0xa6, 0x0a, 0x10, 0x00, 0x00, 0x00, 0x00, 0x00,
    0x46, 0x03, 0x10, 0x00, 0x00, 0x00, 0x00, 0x00, 0x10, 0x00, 0x00, 0x0a, 0x12, 0x00, 0x10, 0x00,
    0x00, 0x00, 0x00, 0x00, 0x46, 0x03, 0x10, 0x00, 0x00, 0x00, 0x00, 0x00, 0x02, 0x40, 0x00, 0x00,
    0xed, 0xc6, 0x59, 0x3e, 0x37, 0x14, 0x37, 0x3f, 0x7d, 0xd0, 0x93, 0x3d, 0x00, 0x00, 0x00, 0x00,
    0x38, 0x00, 0x00, 0x07, 0x12, 0x00, 0x10, 0x00, 0x00, 0x00, 0x00, 0x00, 0x2a, 0x00, 0x10, 0x00,
    0x00, 0x00, 0x00, 0x00, 0x0a, 0x00, 0x10, 0x00, 0x00, 0x00, 0x00, 0x00, 0x38, 0x00, 0x00, 0x07,
    0x22, 0x00, 0x10, 0x00, 0x00, 0x00, 0x00, 0x00, 0x2a, 0x00, 0x10, 0x00, 0x01, 0x00, 0x00, 0x00,
    0x2a, 0x00, 0x10, 0x00, 0x00, 0x00, 0x00, 0x00, 0x34, 0x00, 0x00, 0x07, 0x12, 0x00, 0x10, 0x00,
    0x00, 0x00, 0x00, 0x00, 0x1a, 0x00, 0x10, 0x00, 0x00, 0x00, 0x00, 0x00, 0x0a, 0x00, 0x10, 0x00,
    0x00, 0x00, 0x00, 0x00, 0x36, 0x00, 0x00, 0x05, 0x82, 0x20, 0x10, 0x00, 0x00, 0x00, 0x00, 0x00,
    0x1a, 0x00, 0x10, 0x00, 0x00, 0x00, 0x00, 0x00, 0x38, 0x20, 0x00, 0x07, 0x12, 0x00, 0x10, 0x00,
    0x00, 0x00, 0x00, 0x00, 0x0a, 0x00, 0x10, 0x00, 0x00, 0x00, 0x00, 0x00, 0x01, 0x40, 0x00, 0x00,
    0x00, 0x00, 0x20, 0x41, 0x31, 0x00, 0x00, 0x07, 0x12, 0x00, 0x10, 0x00, 0x00, 0x00, 0x00, 0x00,
    0x01, 0x40, 0x00, 0x00, 0x00, 0x00, 0x00, 0x3f, 0x0a, 0x00, 0x10, 0x00, 0x00, 0x00, 0x00, 0x00,
    0x01, 0x00, 0x00, 0x07, 0x12, 0x00, 0x10, 0x00, 0x00, 0x00, 0x00, 0x00, 0x0a, 0x00, 0x10, 0x00,
    0x00, 0x00, 0x00, 0x00, 0x01, 0x40, 0x00, 0x00, 0x00, 0x00, 0x80, 0x3f, 0x18, 0x00, 0x00, 0x08,
    0x22, 0x00, 0x10, 0x00, 0x00, 0x00, 0x00, 0x00, 0x01, 0x40, 0x00, 0x00, 0x00, 0x00, 0x00, 0x40,
    0x1a, 0x80, 0x20, 0x00, 0x03, 0x00, 0x00, 0x00, 0x00, 0x00, 0x00, 0x00, 0x37, 0x00, 0x00, 0x09,
    0xe2, 0x00, 0x10, 0x00, 0x00, 0x00, 0x00, 0x00, 0x56, 0x05, 0x10, 0x00, 0x00, 0x00, 0x00, 0x00,
    0x06, 0x0d, 0x10, 0x00, 0x01, 0x00, 0x00, 0x00, 0x06, 0x09, 0x10, 0x00, 0x02, 0x00, 0x00, 0x00,
    0x10, 0x00, 0x00, 0x0a, 0x12, 0x00, 0x10, 0x00, 0x01, 0x00, 0x00, 0x00, 0x96, 0x07, 0x10, 0x00,
    0x00, 0x00, 0x00, 0x00, 0x02, 0x40, 0x00, 0x00, 0xed, 0xc6, 0x59, 0x3e, 0x37, 0x14, 0x37, 0x3f,
    0x7d, 0xd0, 0x93, 0x3d, 0x00, 0x00, 0x00, 0x00, 0x00, 0x00, 0x00, 0x08, 0xe2, 0x00, 0x10, 0x00,
    0x01, 0x00, 0x00, 0x00, 0x56, 0x0e, 0x10, 0x00, 0x00, 0x00, 0x00, 0x00, 0x06, 0x00, 0x10, 0x80,
    0x41, 0x00, 0x00, 0x00, 0x01, 0x00, 0x00, 0x00, 0x32, 0x00, 0x00, 0x0a, 0x72, 0x00, 0x10, 0x00,
    0x01, 0x00, 0x00, 0x00, 0xf6, 0x8f, 0x20, 0x00, 0x01, 0x00, 0x00, 0x00, 0x68, 0x00, 0x00, 0x00,
    0x96, 0x07, 0x10, 0x00, 0x01, 0x00, 0x00, 0x00, 0x06, 0x00, 0x10, 0x00, 0x01, 0x00, 0x00, 0x00,
    0x38, 0x00, 0x00, 0x08, 0x72, 0x00, 0x10, 0x00, 0x01, 0x00, 0x00, 0x00, 0x46, 0x02, 0x10, 0x00,
    0x01, 0x00, 0x00, 0x00, 0x46, 0x82, 0x20, 0x00, 0x01, 0x00, 0x00, 0x00, 0x68, 0x00, 0x00, 0x00,
    0x00, 0x00, 0x00, 0x09, 0x82, 0x00, 0x10, 0x00, 0x01, 0x00, 0x00, 0x00, 0x01, 0x40, 0x00, 0x00,
    0x00, 0x00, 0x80, 0x3f, 0x3a, 0x80, 0x20, 0x80, 0x41, 0x00, 0x00, 0x00, 0x03, 0x00, 0x00, 0x00,
    0x02, 0x00, 0x00, 0x00, 0x38, 0x00, 0x00, 0x07, 0xe2, 0x00, 0x10, 0x00, 0x00, 0x00, 0x00, 0x00,
    0x56, 0x0e, 0x10, 0x00, 0x00, 0x00, 0x00, 0x00, 0xf6, 0x0f, 0x10, 0x00, 0x01, 0x00, 0x00, 0x00,
    0x32, 0x00, 0x00, 0x0a, 0x72, 0x20, 0x10, 0x00, 0x00, 0x00, 0x00, 0x00, 0x46, 0x02, 0x10, 0x00,
    0x01, 0x00, 0x00, 0x00, 0xf6, 0x8f, 0x20, 0x00, 0x03, 0x00, 0x00, 0x00, 0x02, 0x00, 0x00, 0x00,
    0x96, 0x07, 0x10, 0x00, 0x00, 0x00, 0x00, 0x00, 0x38, 0x00, 0x00, 0x09, 0x22, 0x00, 0x10, 0x00,
    0x00, 0x00, 0x00, 0x00, 0x0a, 0x80, 0x20, 0x00, 0x03, 0x00, 0x00, 0x00, 0x00, 0x00, 0x00, 0x00,
    0x2a, 0x80, 0x20, 0x00, 0x03, 0x00, 0x00, 0x00, 0x00, 0x00, 0x00, 0x00, 0x38, 0x00, 0x00, 0x07,
    0x82, 0x20, 0x10, 0x00, 0x01, 0x00, 0x00, 0x00, 0x0a, 0x00, 0x10, 0x00, 0x00, 0x00, 0x00, 0x00,
    0x1a, 0x00, 0x10, 0x00, 0x00, 0x00, 0x00, 0x00, 0x34, 0x00, 0x00, 0x07, 0x12, 0x00, 0x10, 0x00,
    0x00, 0x00, 0x00, 0x00, 0x2a, 0x10, 0x10, 0x00, 0x05, 0x00, 0x00, 0x00, 0x01, 0x40, 0x00, 0x00,
    0x77, 0xcc, 0x2b, 0x32, 0x0e, 0x00, 0x00, 0x07, 0x32, 0x00, 0x10, 0x00, 0x00, 0x00, 0x00, 0x00,
    0x46, 0x10, 0x10, 0x00, 0x05, 0x00, 0x00, 0x00, 0x06, 0x00, 0x10, 0x00, 0x00, 0x00, 0x00, 0x00,
    0x34, 0x00, 0x00, 0x07, 0x42, 0x00, 0x10, 0x00, 0x00, 0x00, 0x00, 0x00, 0x2a, 0x10, 0x10, 0x00,
    0x06, 0x00, 0x00, 0x00, 0x01, 0x40, 0x00, 0x00, 0x77, 0xcc, 0x2b, 0x32, 0x0e, 0x00, 0x00, 0x07,
    0xc2, 0x00, 0x10, 0x00, 0x00, 0x00, 0x00, 0x00, 0x06, 0x14, 0x10, 0x00, 0x06, 0x00, 0x00, 0x00,
    0xa6, 0x0a, 0x10, 0x00, 0x00, 0x00, 0x00, 0x00, 0x00, 0x00, 0x00, 0x08, 0x32, 0x00, 0x10, 0x00,
    0x00, 0x00, 0x00, 0x00, 0xe6, 0x0a, 0x10, 0x80, 0x41, 0x00, 0x00, 0x00, 0x00, 0x00, 0x00, 0x00,
    0x46, 0x00, 0x10, 0x00, 0x00, 0x00, 0x00, 0x00, 0x36, 0x00, 0x00, 0x06, 0x42, 0x00, 0x10, 0x00,
    0x00, 0x00, 0x00, 0x00, 0x1a, 0x00, 0x10, 0x80, 0x41, 0x00, 0x00, 0x00, 0x00, 0x00, 0x00, 0x00,
    0x31, 0x00, 0x00, 0x0a, 0x32, 0x00, 0x10, 0x00, 0x01, 0x00, 0x00, 0x00, 0x02, 0x40, 0x00, 0x00,
    0x00, 0x00, 0x00, 0x00, 0x00, 0x00, 0x00, 0x00, 0x00, 0x00, 0x00, 0x00, 0x00, 0x00, 0x00, 0x00,
    0x86, 0x00, 0x10, 0x00, 0x00, 0x00, 0x00, 0x00, 0x31, 0x00, 0x00, 0x0a, 0xc2, 0x00, 0x10, 0x00,
    0x00, 0x00, 0x00, 0x00, 0x06, 0x08, 0x10, 0x00, 0x00, 0x00, 0x00, 0x00, 0x02, 0x40, 0x00, 0x00,
    0x00, 0x00, 0x00, 0x00, 0x00, 0x00, 0x00, 0x00, 0x00, 0x00, 0x00, 0x00, 0x00, 0x00, 0x00, 0x00,
    0x38, 0x00, 0x00, 0x0a, 0x32, 0x00, 0x10, 0x00, 0x00, 0x00, 0x00, 0x00, 0x46, 0x00, 0x10, 0x00,
    0x00, 0x00, 0x00, 0x00, 0x02, 0x40, 0x00, 0x00, 0x00, 0x00, 0x00, 0x3f, 0x00, 0x00, 0x00, 0xbf,
    0x00, 0x00, 0x00, 0x00, 0x00, 0x00, 0x00, 0x00, 0x4b, 0x00, 0x00, 0x06, 0x32, 0x00, 0x10, 0x00,
    0x00, 0x00, 0x00, 0x00, 0x46, 0x00, 0x10, 0x80, 0x81, 0x00, 0x00, 0x00, 0x00, 0x00, 0x00, 0x00,
    0x4b, 0x00, 0x00, 0x05, 0x32, 0x00, 0x10, 0x00, 0x00, 0x00, 0x00, 0x00, 0x46, 0x00, 0x10, 0x00,
    0x00, 0x00, 0x00, 0x00, 0x1e, 0x00, 0x00, 0x08, 0xc2, 0x00, 0x10, 0x00, 0x00, 0x00, 0x00, 0x00,
    0x06, 0x04, 0x10, 0x80, 0x41, 0x00, 0x00, 0x00, 0x01, 0x00, 0x00, 0x00, 0xa6, 0x0e, 0x10, 0x00,
    0x00, 0x00, 0x00, 0x00, 0x2b, 0x00, 0x00, 0x05, 0xc2, 0x00, 0x10, 0x00, 0x00, 0x00, 0x00, 0x00,
    0xa6, 0x0e, 0x10, 0x00, 0x00, 0x00, 0x00, 0x00, 0x38, 0x00, 0x00, 0x07, 0x32, 0x00, 0x10, 0x00,
    0x00, 0x00, 0x00, 0x00, 0xe6, 0x0a, 0x10, 0x00, 0x00, 0x00, 0x00, 0x00, 0x46, 0x00, 0x10, 0x00,
    0x00, 0x00, 0x00, 0x00, 0x32, 0x00, 0x00, 0x0f, 0x32, 0x00, 0x10, 0x00, 0x00, 0x00, 0x00, 0x00,
    0x46, 0x00, 0x10, 0x00, 0x00, 0x00, 0x00, 0x00, 0x02, 0x40, 0x00, 0x00, 0x00, 0x00, 0x00, 0x3f,
    0x00, 0x00, 0x00, 0x3f, 0x00, 0x00, 0x00, 0x00, 0x00, 0x00, 0x00, 0x00, 0x02, 0x40, 0x00, 0x00,
    0x00, 0x00, 0x00, 0x3f, 0x00, 0x00, 0x00, 0x3f, 0x00, 0x00, 0x00, 0x00, 0x00, 0x00, 0x00, 0x00,
    0x00, 0x00, 0x00, 0x0a, 0x42, 0x00, 0x10, 0x00, 0x00, 0x00, 0x00, 0x00, 0x0a, 0x80, 0x20, 0x80,
    0x41, 0x00, 0x00, 0x00, 0x03, 0x00, 0x00, 0x00, 0x00, 0x00, 0x00, 0x00, 0x3a, 0x80, 0x20, 0x00,
    0x03, 0x00, 0x00, 0x00, 0x00, 0x00, 0x00, 0x00, 0x00, 0x20, 0x00, 0x07, 0x42, 0x00, 0x10, 0x00,
    0x00, 0x00, 0x00, 0x00, 0x2a, 0x00, 0x10, 0x00, 0x00, 0x00, 0x00, 0x00, 0x01, 0x40, 0x00, 0x00,
    0x00, 0x00, 0x80, 0x3f, 0x31, 0x00, 0x00, 0x07, 0x42, 0x00, 0x10, 0x00, 0x00, 0x00, 0x00, 0x00,
    0x01, 0x40, 0x00, 0x00, 0x00, 0x00, 0x00, 0x3f, 0x2a, 0x00, 0x10, 0x00, 0x00, 0x00, 0x00, 0x00,
    0x01, 0x00, 0x00, 0x07, 0x32, 0x00, 0x10, 0x00, 0x00, 0x00, 0x00, 0x00, 0x46, 0x00, 0x10, 0x00,
    0x00, 0x00, 0x00, 0x00, 0xa6, 0x0a, 0x10, 0x00, 0x00, 0x00, 0x00, 0x00, 0x33, 0x00, 0x00, 0x0a,
    0x32, 0x20, 0x10, 0x00, 0x01, 0x00, 0x00, 0x00, 0x46, 0x00, 0x10, 0x00, 0x00, 0x00, 0x00, 0x00,
    0x02, 0x40, 0x00, 0x00, 0x00, 0x00, 0x80, 0x3f, 0x00, 0x00, 0x80, 0x3f, 0x00, 0x00, 0x00, 0x00,
    0x00, 0x00, 0x00, 0x00, 0x36, 0x00, 0x00, 0x05, 0x42, 0x20, 0x10, 0x00, 0x01, 0x00, 0x00, 0x00,
    0x01, 0x40, 0x00, 0x00, 0x00, 0x00, 0x80, 0x3f, 0x3e, 0x00, 0x00, 0x01,
};
inline constexpr std::size_t g_EndfieldM18PeakPixelDxbcSize = sizeof(g_EndfieldM18PeakPixelDxbc);

inline constexpr std::uint8_t g_EndfieldM18PeakVertices[] = {
    0xec, 0x20, 0x96, 0xc3, 0x31, 0xa8, 0x96, 0x43, 0x48, 0xd1, 0x95, 0xc3, 0xd4, 0x03, 0xc3, 0x3b,
    0x49, 0x33, 0x89, 0x3d, 0x9d, 0x6b, 0x7f, 0xbf, 0xff, 0xff, 0xff, 0xa8, 0x00, 0x00, 0x80, 0x3f,
    0x00, 0x00, 0x00, 0x00, 0x00, 0x00, 0x80, 0x3f, 0x00, 0x00, 0x00, 0x00, 0x00, 0x00, 0x00, 0x00,
    0xda, 0xe2, 0xdd, 0x3f, 0xfe, 0x24, 0x00, 0x3f, 0x00, 0x00, 0x00, 0x00, 0x00, 0x00, 0x00, 0x00,
    0x00, 0x00, 0x00, 0x00, 0x00, 0x00, 0x00, 0x00, 0x00, 0x00, 0x00, 0x00, 0x40, 0x0b, 0x96, 0xc3,
    0x31, 0xa8, 0x96, 0x43, 0x27, 0xd1, 0x95, 0xc3, 0xd7, 0x03, 0xc3, 0x3b, 0xf5, 0x30, 0x89, 0x3d,
    0xa3, 0x6b, 0x7f, 0xbf, 0xff, 0xff, 0xff, 0xa8, 0xab, 0xaa, 0x2a, 0x3f, 0x00, 0x00, 0x00, 0x00,
    0xab, 0xaa, 0x2a, 0x3f, 0x00, 0x00, 0x00, 0x00, 0x00, 0x00, 0x00, 0x00, 0xda, 0xe2, 0xdd, 0x3f,
    0xfe, 0x24, 0x00, 0x3f, 0x00, 0x00, 0x00, 0x00, 0x00, 0x00, 0x00, 0x00, 0x00, 0x00, 0x00, 0x00,
    0x00, 0x00, 0x00, 0x00, 0x00, 0x00, 0x00, 0x00, 0xec, 0x20, 0x96, 0xc3, 0x2e, 0xa8, 0x96, 0x43,
    0x48, 0xd1, 0x95, 0xc3, 0x26, 0x06, 0xc3, 0x3b, 0x30, 0x33, 0x89, 0x3d, 0x9d, 0x6b, 0x7f, 0xbf,
    0xff, 0xff, 0xff, 0xa8, 0x00, 0x00, 0x80, 0x3f, 0x0a, 0xd7, 0xa3, 0x3c, 0x00, 0x00, 0x80, 0x3f,
    0x0a, 0xd7, 0xa3, 0x3c, 0x00, 0x00, 0x00, 0x00, 0xda, 0xe2, 0xdd, 0x3f, 0xfe, 0x24, 0x00, 0x3f,
    0x00, 0x00, 0x00, 0x00, 0x00, 0x00, 0x00, 0x00, 0x00, 0x00, 0x00, 0x00, 0x00, 0x00, 0x00, 0x00,
    0x00, 0x00, 0x00, 0x00, 0x6b, 0x0b, 0x96, 0xc3, 0x78, 0xa5, 0x96, 0x43, 0x56, 0xd1, 0x95, 0xc3,
    0xd7, 0x03, 0xc3, 0x3b, 0xf5, 0x30, 0x89, 0x3d, 0xa3, 0x6b, 0x7f, 0xbf, 0xff, 0xff, 0xff, 0xa8,
    0xab, 0xaa, 0x2a, 0x3f, 0x0a, 0xd7, 0xa3, 0x3c, 0xab, 0xaa, 0x2a, 0x3f, 0x0a, 0xd7, 0xa3, 0x3c,
    0x00, 0x00, 0x00, 0x00, 0xda, 0xe2, 0xdd, 0x3f, 0xfe, 0x24, 0x00, 0x3f, 0x00, 0x00, 0x00, 0x00,
    0x00, 0x00, 0x00, 0x00, 0x00, 0x00, 0x00, 0x00, 0x00, 0x00, 0x00, 0x00, 0x00, 0x00, 0x00, 0x00,
    0x93, 0xf5, 0x95, 0xc3, 0x31, 0xa8, 0x96, 0x43, 0x06, 0xd1, 0x95, 0xc3, 0xd7, 0x03, 0xc3, 0x3b,
    0xf5, 0x30, 0x89, 0x3d, 0xa3, 0x6b, 0x7f, 0xbf, 0xff, 0xff, 0xff, 0xa8, 0xab, 0xaa, 0xaa, 0x3e,
    0x00, 0x00, 0x00, 0x00, 0xab, 0xaa, 0xaa, 0x3e, 0x00, 0x00, 0x00, 0x00, 0x00, 0x00, 0x00, 0x00,
    0xda, 0xe2, 0xdd, 0x3f, 0xfe, 0x24, 0x00, 0x3f, 0x00, 0x00, 0x00, 0x00, 0x00, 0x00, 0x00, 0x00,
    0x00, 0x00, 0x00, 0x00, 0x00, 0x00, 0x00, 0x00, 0x00, 0x00, 0x00, 0x00, 0xed, 0x20, 0x96, 0xc3,
    0x2a, 0xa8, 0x96, 0x43, 0x48, 0xd1, 0x95, 0xc3, 0x93, 0x0a, 0xc3, 0x3b, 0x28, 0x33, 0x89, 0x3d,
    0x9d, 0x6b, 0x7f, 0xbf, 0xff, 0xff, 0xff, 0xa8, 0x00, 0x00, 0x80, 0x3f, 0x0a, 0xd7, 0x23, 0x3d,
    0x00, 0x00, 0x80, 0x3f, 0x0a, 0xd7, 0x23, 0x3d, 0x00, 0x00, 0x00, 0x00, 0xda, 0xe2, 0xdd, 0x3f,
    0xfe, 0x24, 0x00, 0x3f, 0x00, 0x00, 0x00, 0x00, 0x00, 0x00, 0x00, 0x00, 0x00, 0x00, 0x00, 0x00,
    0x00, 0x00, 0x00, 0x00, 0x00, 0x00, 0x00, 0x00, 0xeb, 0xf5, 0x95, 0xc3, 0xc2, 0xa2, 0x96, 0x43,
    0x64, 0xd1, 0x95, 0xc3, 0xd7, 0x03, 0xc3, 0x3b, 0xf5, 0x30, 0x89, 0x3d, 0xa3, 0x6b, 0x7f, 0xbf,
    0xff, 0xff, 0xff, 0xa8, 0xab, 0xaa, 0xaa, 0x3e, 0x0a, 0xd7, 0xa3, 0x3c, 0xab, 0xaa, 0xaa, 0x3e,
    0x0a, 0xd7, 0xa3, 0x3c, 0x00, 0x00, 0x00, 0x00, 0xda, 0xe2, 0xdd, 0x3f, 0xfe, 0x24, 0x00, 0x3f,
    0x00, 0x00, 0x00, 0x00, 0x00, 0x00, 0x00, 0x00, 0x00, 0x00, 0x00, 0x00, 0x00, 0x00, 0x00, 0x00,
    0x00, 0x00, 0x00, 0x00, 0xe7, 0xdf, 0x95, 0xc3, 0x31, 0xa8, 0x96, 0x43, 0xe5, 0xd0, 0x95, 0xc3,
    0xd7, 0x03, 0xc3, 0x3b, 0xf5, 0x30, 0x89, 0x3d, 0xa3, 0x6b, 0x7f, 0xbf, 0xff, 0xff, 0xff, 0xa8,
    0x00, 0x00, 0x00, 0x00, 0x00, 0x00, 0x00, 0x00, 0x00, 0x00, 0x00, 0x00, 0x00, 0x00, 0x00, 0x00,
    0x00, 0x00, 0x00, 0x00, 0xda, 0xe2, 0xdd, 0x3f, 0xfe, 0x24, 0x00, 0x3f, 0x00, 0x00, 0x00, 0x00,
    0x00, 0x00, 0x00, 0x00, 0x00, 0x00, 0x00, 0x00, 0x00, 0x00, 0x00, 0x00, 0x00, 0x00, 0x00, 0x00,
    0x6a, 0xe0, 0x95, 0xc3, 0x0c, 0xa0, 0x96, 0x43, 0x71, 0xd1, 0x95, 0xc3, 0xd7, 0x03, 0xc3, 0x3b,
    0xf5, 0x30, 0x89, 0x3d, 0xa3, 0x6b, 0x7f, 0xbf, 0xff, 0xff, 0xff, 0xa8, 0x00, 0x00, 0x00, 0x00,
    0x0a, 0xd7, 0xa3, 0x3c, 0x00, 0x00, 0x00, 0x00, 0x0a, 0xd7, 0xa3, 0x3c, 0x00, 0x00, 0x00, 0x00,
    0xda, 0xe2, 0xdd, 0x3f, 0xfe, 0x24, 0x00, 0x3f, 0x00, 0x00, 0x00, 0x00, 0x00, 0x00, 0x00, 0x00,
    0x00, 0x00, 0x00, 0x00, 0x00, 0x00, 0x00, 0x00, 0x00, 0x00, 0x00, 0x00, 0xee, 0x0b, 0x96, 0xc3,
    0xca, 0xa2, 0x96, 0x43, 0x85, 0xd1, 0x95, 0xc3, 0xd7, 0x03, 0xc3, 0x3b, 0xf5, 0x30, 0x89, 0x3d,
    0xa3, 0x6b, 0x7f, 0xbf, 0xff, 0xff, 0xff, 0xa8, 0xab, 0xaa, 0x2a, 0x3f, 0x0a, 0xd7, 0x23, 0x3d,
    0xab, 0xaa, 0x2a, 0x3f, 0x0a, 0xd7, 0x23, 0x3d, 0x00, 0x00, 0x00, 0x00, 0xda, 0xe2, 0xdd, 0x3f,
    0xfe, 0x24, 0x00, 0x3f, 0x00, 0x00, 0x00, 0x00, 0x00, 0x00, 0x00, 0x00, 0x00, 0x00, 0x00, 0x00,
    0x00, 0x00, 0x00, 0x00, 0x00, 0x00, 0x00, 0x00, 0xee, 0x20, 0x96, 0xc3, 0x27, 0xa8, 0x96, 0x43,
    0x48, 0xd1, 0x95, 0xc3, 0xe3, 0x0e, 0xc3, 0x3b, 0x16, 0x33, 0x89, 0x3d, 0x9d, 0x6b, 0x7f, 0xbf,
    0xff, 0xff, 0xff, 0xa8, 0x00, 0x00, 0x80, 0x3f, 0x8f, 0xc2, 0x75, 0x3d, 0x00, 0x00, 0x80, 0x3f,
    0x8f, 0xc2, 0x75, 0x3d, 0x00, 0x00, 0x00, 0x00, 0xda, 0xe2, 0xdd, 0x3f, 0xfe, 0x24, 0x00, 0x3f,
    0x00, 0x00, 0x00, 0x00, 0x00, 0x00, 0x00, 0x00, 0x00, 0x00, 0x00, 0x00, 0x00, 0x00, 0x00, 0x00,
    0x00, 0x00, 0x00, 0x00, 0xf0, 0xf6, 0x95, 0xc3, 0x69, 0x9d, 0x96, 0x43, 0xc1, 0xd1, 0x95, 0xc3,
    0xd7, 0x03, 0xc3, 0x3b, 0xf5, 0x30, 0x89, 0x3d, 0xa3, 0x6b, 0x7f, 0xbf, 0xff, 0xff, 0xff, 0xa8,
    0xab, 0xaa, 0xaa, 0x3e, 0x0a, 0xd7, 0x23, 0x3d, 0xab, 0xaa, 0xaa, 0x3e, 0x0a, 0xd7, 0x23, 0x3d,
    0x00, 0x00, 0x00, 0x00, 0xda, 0xe2, 0xdd, 0x3f, 0xfe, 0x24, 0x00, 0x3f, 0x00, 0x00, 0x00, 0x00,
    0x00, 0x00, 0x00, 0x00, 0x00, 0x00, 0x00, 0x00, 0x00, 0x00, 0x00, 0x00, 0x00, 0x00, 0x00, 0x00,
    0xf1, 0xe1, 0x95, 0xc3, 0x08, 0x98, 0x96, 0x43, 0xfd, 0xd1, 0x95, 0xc3, 0xd7, 0x03, 0xc3, 0x3b,
    0xf5, 0x30, 0x89, 0x3d, 0xa3, 0x6b, 0x7f, 0xbf, 0xff, 0xff, 0xff, 0xa8, 0x00, 0x00, 0x00, 0x00,
    0x0a, 0xd7, 0x23, 0x3d, 0x00, 0x00, 0x00, 0x00, 0x0a, 0xd7, 0x23, 0x3d, 0x00, 0x00, 0x00, 0x00,
    0xda, 0xe2, 0xdd, 0x3f, 0xfe, 0x24, 0x00, 0x3f, 0x00, 0x00, 0x00, 0x00, 0x00, 0x00, 0x00, 0x00,
    0x00, 0x00, 0x00, 0x00, 0x00, 0x00, 0x00, 0x00, 0x00, 0x00, 0x00, 0x00, 0xc6, 0x0c, 0x96, 0xc3,
    0x31, 0xa0, 0x96, 0x43, 0xb3, 0xd1, 0x95, 0xc3, 0xd7, 0x03, 0xc3, 0x3b, 0xf5, 0x30, 0x89, 0x3d,
    0xa3, 0x6b, 0x7f, 0xbf, 0xff, 0xff, 0xff, 0xa8, 0xab, 0xaa, 0x2a, 0x3f, 0x8f, 0xc2, 0x75, 0x3d,
    0xab, 0xaa, 0x2a, 0x3f, 0x8f, 0xc2, 0x75, 0x3d, 0x00, 0x00, 0x00, 0x00, 0xda, 0xe2, 0xdd, 0x3f,
    0xfe, 0x24, 0x00, 0x3f, 0x00, 0x00, 0x00, 0x00, 0x00, 0x00, 0x00, 0x00, 0x00, 0x00, 0x00, 0x00,
    0x00, 0x00, 0x00, 0x00, 0x00, 0x00, 0x00, 0x00, 0xef, 0x20, 0x96, 0xc3, 0x24, 0xa8, 0x96, 0x43,
    0x49, 0xd1, 0x95, 0xc3, 0x07, 0x13, 0xc3, 0x3b, 0xfb, 0x32, 0x89, 0x3d, 0x9d, 0x6b, 0x7f, 0xbf,
    0xff, 0xff, 0xff, 0xa8, 0x00, 0x00, 0x80, 0x3f, 0x0a, 0xd7, 0xa3, 0x3d, 0x00, 0x00, 0x80, 0x3f,
    0x0a, 0xd7, 0xa3, 0x3d, 0x00, 0x00, 0x00, 0x00, 0xda, 0xe2, 0xdd, 0x3f, 0xfe, 0x24, 0x00, 0x3f,
    0x00, 0x00, 0x00, 0x00, 0x00, 0x00, 0x00, 0x00, 0x00, 0x00, 0x00, 0x00, 0x00, 0x00, 0x00, 0x00,
    0x00, 0x00, 0x00, 0x00, 0x9f, 0xf8, 0x95, 0xc3, 0x3c, 0x98, 0x96, 0x43, 0x1d, 0xd2, 0x95, 0xc3,
    0xd7, 0x03, 0xc3, 0x3b, 0xf5, 0x30, 0x89, 0x3d, 0xa3, 0x6b, 0x7f, 0xbf, 0xff, 0xff, 0xff, 0xa8,
    0xab, 0xaa, 0xaa, 0x3e, 0x8f, 0xc2, 0x75, 0x3d, 0xab, 0xaa, 0xaa, 0x3e, 0x8f, 0xc2, 0x75, 0x3d,
    0x00, 0x00, 0x00, 0x00, 0xda, 0xe2, 0xdd, 0x3f, 0xfe, 0x24, 0x00, 0x3f, 0x00, 0x00, 0x00, 0x00,
    0x00, 0x00, 0x00, 0x00, 0x00, 0x00, 0x00, 0x00, 0x00, 0x00, 0x00, 0x00, 0x00, 0x00, 0x00, 0x00,
    0x78, 0xe4, 0x95, 0xc3, 0x46, 0x90, 0x96, 0x43, 0x87, 0xd2, 0x95, 0xc3, 0xd7, 0x03, 0xc3, 0x3b,
    0xf5, 0x30, 0x89, 0x3d, 0xa3, 0x6b, 0x7f, 0xbf, 0xff, 0xff, 0xff, 0xa8, 0x00, 0x00, 0x00, 0x00,
    0x8f, 0xc2, 0x75, 0x3d, 0x00, 0x00, 0x00, 0x00, 0x8f, 0xc2, 0x75, 0x3d, 0x00, 0x00, 0x00, 0x00,
    0xda, 0xe2, 0xdd, 0x3f, 0xfe, 0x24, 0x00, 0x3f, 0x00, 0x00, 0x00, 0x00, 0x00, 0x00, 0x00, 0x00,
    0x00, 0x00, 0x00, 0x00, 0x00, 0x00, 0x00, 0x00, 0x00, 0x00, 0x00, 0x00, 0xf0, 0x0d, 0x96, 0xc3,
    0xb9, 0x9d, 0x96, 0x43, 0xdf, 0xd1, 0x95, 0xc3, 0xd7, 0x03, 0xc3, 0x3b, 0xf5, 0x30, 0x89, 0x3d,
    0xa3, 0x6b, 0x7f, 0xbf, 0xff, 0xff, 0xff, 0xa8, 0xab, 0xaa, 0x2a, 0x3f, 0x0a, 0xd7, 0xa3, 0x3d,
    0xab, 0xaa, 0x2a, 0x3f, 0x0a, 0xd7, 0xa3, 0x3d, 0x00, 0x00, 0x00, 0x00, 0xda, 0xe2, 0xdd, 0x3f,
    0xfe, 0x24, 0x00, 0x3f, 0x00, 0x00, 0x00, 0x00, 0x00, 0x00, 0x00, 0x00, 0x00, 0x00, 0x00, 0x00,
    0x00, 0x00, 0x00, 0x00, 0x00, 0x00, 0x00, 0x00, 0xf1, 0x20, 0x96, 0xc3, 0x22, 0xa8, 0x96, 0x43,
    0x49, 0xd1, 0x95, 0xc3, 0xee, 0x16, 0xc3, 0x3b, 0xd9, 0x32, 0x89, 0x3d, 0x9f, 0x6b, 0x7f, 0xbf,
    0xff, 0xff, 0xff, 0xa8, 0x00, 0x00, 0x80, 0x3f, 0xcc, 0xcc, 0xcc, 0x3d, 0x00, 0x00, 0x80, 0x3f,
    0xcc, 0xcc, 0xcc, 0x3d, 0x00, 0x00, 0x00, 0x00, 0xda, 0xe2, 0xdd, 0x3f, 0xfe, 0x24, 0x00, 0x3f,
    0x00, 0x00, 0x00, 0x00, 0x00, 0x00, 0x00, 0x00, 0x00, 0x00, 0x00, 0x00, 0x00, 0x00, 0x00, 0x00,
    0x00, 0x00, 0x00, 0x00, 0xf1, 0xfa, 0x95, 0xc3, 0x4f, 0x93, 0x96, 0x43, 0x75, 0xd2, 0x95, 0xc3,
    0xd7, 0x03, 0xc3, 0x3b, 0xf5, 0x30, 0x89, 0x3d, 0xa3, 0x6b, 0x7f, 0xbf, 0xff, 0xff, 0xff, 0xa8,
    0xab, 0xaa, 0xaa, 0x3e, 0x0a, 0xd7, 0xa3, 0x3d, 0xab, 0xaa, 0xaa, 0x3e, 0x0a, 0xd7, 0xa3, 0x3d,
    0x00, 0x00, 0x00, 0x00, 0xda, 0xe2, 0xdd, 0x3f, 0xfe, 0x24, 0x00, 0x3f, 0x00, 0x00, 0x00, 0x00,
    0x00, 0x00, 0x00, 0x00, 0x00, 0x00, 0x00, 0x00, 0x00, 0x00, 0x00, 0x00, 0x00, 0x00, 0x00, 0x00,
    0xf2, 0xe7, 0x95, 0xc3, 0xe4, 0x88, 0x96, 0x43, 0x0b, 0xd3, 0x95, 0xc3, 0xd7, 0x03, 0xc3, 0x3b,
    0xf5, 0x30, 0x89, 0x3d, 0xa3, 0x6b, 0x7f, 0xbf, 0xff, 0xff, 0xff, 0xa8, 0x00, 0x00, 0x00, 0x00,
    0x0a, 0xd7, 0xa3, 0x3d, 0x00, 0x00, 0x00, 0x00, 0x0a, 0xd7, 0xa3, 0x3d, 0x00, 0x00, 0x00, 0x00,
    0xda, 0xe2, 0xdd, 0x3f, 0xfe, 0x24, 0x00, 0x3f, 0x00, 0x00, 0x00, 0x00, 0x00, 0x00, 0x00, 0x00,
    0x00, 0x00, 0x00, 0x00, 0x00, 0x00, 0x00, 0x00, 0x00, 0x00, 0x00, 0x00, 0x67, 0x0f, 0x96, 0xc3,
    0x6c, 0x9b, 0x96, 0x43, 0x09, 0xd2, 0x95, 0xc3, 0xd7, 0x03, 0xc3, 0x3b, 0xf5, 0x30, 0x89, 0x3d,
    0xa3, 0x6b, 0x7f, 0xbf, 0xff, 0xff, 0xff, 0xa8, 0xab, 0xaa, 0x2a, 0x3f, 0xcc, 0xcc, 0xcc, 0x3d,
    0xab, 0xaa, 0x2a, 0x3f, 0xcc, 0xcc, 0xcc, 0x3d, 0x00, 0x00, 0x00, 0x00, 0xda, 0xe2, 0xdd, 0x3f,
    0xfe, 0x24, 0x00, 0x3f, 0x00, 0x00, 0x00, 0x00, 0x00, 0x00, 0x00, 0x00, 0x00, 0x00, 0x00, 0x00,
    0x00, 0x00, 0x00, 0x00, 0x00, 0x00, 0x00, 0x00, 0xf3, 0x20, 0x96, 0xc3, 0x1f, 0xa8, 0x96, 0x43,
    0x49, 0xd1, 0x95, 0xc3, 0x8b, 0x1a, 0xc3, 0x3b, 0xaf, 0x32, 0x89, 0x3d, 0x9f, 0x6b, 0x7f, 0xbf,
    0xff, 0xff, 0xff, 0xa8, 0x00, 0x00, 0x80, 0x3f, 0x8e, 0xc2, 0xf5, 0x3d, 0x00, 0x00, 0x80, 0x3f,
    0x8e, 0xc2, 0xf5, 0x3d, 0x00, 0x00, 0x00, 0x00, 0xda, 0xe2, 0xdd, 0x3f, 0xfe, 0x24, 0x00, 0x3f,
    0x00, 0x00, 0x00, 0x00, 0x00, 0x00, 0x00, 0x00, 0x00, 0x00, 0x00, 0x00, 0x00, 0x00, 0x00, 0x00,
    0x00, 0x00, 0x00, 0x00, 0xdd, 0xfd, 0x95, 0xc3, 0xb6, 0x8e, 0x96, 0x43, 0xc8, 0xd2, 0x95, 0xc3,
    0xd7, 0x03, 0xc3, 0x3b, 0xf5, 0x30, 0x89, 0x3d, 0xa3, 0x6b, 0x7f, 0xbf, 0xff, 0xff, 0xff, 0xa8,
    0xab, 0xaa, 0xaa, 0x3e, 0xcc, 0xcc, 0xcc, 0x3d, 0xab, 0xaa, 0xaa, 0x3e, 0xcc, 0xcc, 0xcc, 0x3d,
    0x00, 0x00, 0x00, 0x00, 0xda, 0xe2, 0xdd, 0x3f, 0xfe, 0x24, 0x00, 0x3f, 0x00, 0x00, 0x00, 0x00,
    0x00, 0x00, 0x00, 0x00, 0x00, 0x00, 0x00, 0x00, 0x00, 0x00, 0x00, 0x00, 0x00, 0x00, 0x00, 0x00,
    0x53, 0xec, 0x95, 0xc3, 0x00, 0x82, 0x96, 0x43, 0x88, 0xd3, 0x95, 0xc3, 0xd7, 0x03, 0xc3, 0x3b,
    0xf5, 0x30, 0x89, 0x3d, 0xa3, 0x6b, 0x7f, 0xbf, 0xff, 0xff, 0xff, 0xa8, 0x00, 0x00, 0x00, 0x00,
    0xcc, 0xcc, 0xcc, 0x3d, 0x00, 0x00, 0x00, 0x00, 0xcc, 0xcc, 0xcc, 0x3d, 0x00, 0x00, 0x00, 0x00,
    0xda, 0xe2, 0xdd, 0x3f, 0xfe, 0x24, 0x00, 0x3f, 0x00, 0x00, 0x00, 0x00, 0x00, 0x00, 0x00, 0x00,
    0x00, 0x00, 0x00, 0x00, 0x00, 0x00, 0x00, 0x00, 0x00, 0x00, 0x00, 0x00, 0x25, 0x11, 0x96, 0xc3,
    0x52, 0x99, 0x96, 0x43, 0x2f, 0xd2, 0x95, 0xc3, 0xd7, 0x03, 0xc3, 0x3b, 0xf5, 0x30, 0x89, 0x3d,
    0xa3, 0x6b, 0x7f, 0xbf, 0xff, 0xff, 0xff, 0xa8, 0xab, 0xaa, 0x2a, 0x3f, 0x8e, 0xc2, 0xf5, 0x3d,
    0xab, 0xaa, 0x2a, 0x3f, 0x8e, 0xc2, 0xf5, 0x3d, 0x00, 0x00, 0x00, 0x00, 0xda, 0xe2, 0xdd, 0x3f,
    0xfe, 0x24, 0x00, 0x3f, 0x00, 0x00, 0x00, 0x00, 0x00, 0x00, 0x00, 0x00, 0x00, 0x00, 0x00, 0x00,
    0x00, 0x00, 0x00, 0x00, 0x00, 0x00, 0x00, 0x00, 0xf5, 0x20, 0x96, 0xc3, 0x1d, 0xa8, 0x96, 0x43,
    0x49, 0xd1, 0x95, 0xc3, 0xc9, 0x1d, 0xc3, 0x3b, 0x7e, 0x32, 0x89, 0x3d, 0x9f, 0x6b, 0x7f, 0xbf,
    0xff, 0xff, 0xff, 0xa8, 0x00, 0x00, 0x80, 0x3f, 0x28, 0x5c, 0x0f, 0x3e, 0x00, 0x00, 0x80, 0x3f,
    0x28, 0x5c, 0x0f, 0x3e, 0x00, 0x00, 0x00, 0x00, 0xda, 0xe2, 0xdd, 0x3f, 0xfe, 0x24, 0x00, 0x3f,
    0x00, 0x00, 0x00, 0x00, 0x00, 0x00, 0x00, 0x00, 0x00, 0x00, 0x00, 0x00, 0x00, 0x00, 0x00, 0x00,
    0x00, 0x00, 0x00, 0x00, 0x57, 0x01, 0x96, 0xc3, 0x84, 0x8a, 0x96, 0x43, 0x16, 0xd3, 0x95, 0xc3,
    0xd7, 0x03, 0xc3, 0x3b, 0xf5, 0x30, 0x89, 0x3d, 0xa3, 0x6b, 0x7f, 0xbf, 0xff, 0xff, 0xff, 0xa8,
    0xab, 0xaa, 0xaa, 0x3e, 0x8e, 0xc2, 0xf5, 0x3d, 0xab, 0xaa, 0xaa, 0x3e, 0x8e, 0xc2, 0xf5, 0x3d,
    0x00, 0x00, 0x00, 0x00, 0xda, 0xe2, 0xdd, 0x3f, 0xfe, 0x24, 0x00, 0x3f, 0x00, 0x00, 0x00, 0x00,
    0x00, 0x00, 0x00, 0x00, 0x00, 0x00, 0x00, 0x00, 0x00, 0x00, 0x00, 0x00, 0x00, 0x00, 0x00, 0x00,
    0x89, 0xf1, 0x95, 0xc3, 0xb7, 0x7b, 0x96, 0x43, 0xfc, 0xd3, 0x95, 0xc3, 0xd7, 0x03, 0xc3, 0x3b,
    0xf5, 0x30, 0x89, 0x3d, 0xa3, 0x6b, 0x7f, 0xbf, 0xff, 0xff, 0xff, 0xa8, 0x00, 0x00, 0x00, 0x00,
    0x8e, 0xc2, 0xf5, 0x3d, 0x00, 0x00, 0x00, 0x00, 0x8e, 0xc2, 0xf5, 0x3d, 0x00, 0x00, 0x00, 0x00,
    0xda, 0xe2, 0xdd, 0x3f, 0xfe, 0x24, 0x00, 0x3f, 0x00, 0x00, 0x00, 0x00, 0x00, 0x00, 0x00, 0x00,
    0x00, 0x00, 0x00, 0x00, 0x00, 0x00, 0x00, 0x00, 0x00, 0x00, 0x00, 0x00, 0x23, 0x13, 0x96, 0xc3,
    0x73, 0x97, 0x96, 0x43, 0x53, 0xd2, 0x95, 0xc3, 0xd7, 0x03, 0xc3, 0x3b, 0xf5, 0x30, 0x89, 0x3d,
    0xa3, 0x6b, 0x7f, 0xbf, 0xff, 0xff, 0xff, 0xa8, 0xab, 0xaa, 0x2a, 0x3f, 0x28, 0x5c, 0x0f, 0x3e,
    0xab, 0xaa, 0x2a, 0x3f, 0x28, 0x5c, 0x0f, 0x3e, 0x00, 0x00, 0x00, 0x00, 0xda, 0xe2, 0xdd, 0x3f,
    0xfe, 0x24, 0x00, 0x3f, 0x00, 0x00, 0x00, 0x00, 0x00, 0x00, 0x00, 0x00, 0x00, 0x00, 0x00, 0x00,
    0x00, 0x00, 0x00, 0x00, 0x00, 0x00, 0x00, 0x00, 0xf8, 0x20, 0x96, 0xc3, 0x1b, 0xa8, 0x96, 0x43,
    0x49, 0xd1, 0x95, 0xc3, 0x9c, 0x20, 0xc3, 0x3b, 0x47, 0x32, 0x89, 0x3d, 0x9f, 0x6b, 0x7f, 0xbf,
    0xff, 0xff, 0xff, 0xa8, 0x00, 0x00, 0x80, 0x3f, 0x09, 0xd7, 0x23, 0x3e, 0x00, 0x00, 0x80, 0x3f,
    0x09, 0xd7, 0x23, 0x3e, 0x00, 0x00, 0x00, 0x00, 0xda, 0xe2, 0xdd, 0x3f, 0xfe, 0x24, 0x00, 0x3f,
    0x00, 0x00, 0x00, 0x00, 0x00, 0x00, 0x00, 0x00, 0x00, 0x00, 0x00, 0x00, 0x00, 0x00, 0x00, 0x00,
    0x00, 0x00, 0x00, 0x00, 0x51, 0x05, 0x96, 0xc3, 0xca, 0x86, 0x96, 0x43, 0x5c, 0xd3, 0x95, 0xc3,
    0xd7, 0x03, 0xc3, 0x3b, 0xf5, 0x30, 0x89, 0x3d, 0xa3, 0x6b, 0x7f, 0xbf, 0xff, 0xff, 0xff, 0xa8,
    0xab, 0xaa, 0xaa, 0x3e, 0x28, 0x5c, 0x0f, 0x3e, 0xab, 0xaa, 0xaa, 0x3e, 0x28, 0x5c, 0x0f, 0x3e,
    0x00, 0x00, 0x00, 0x00, 0xda, 0xe2, 0xdd, 0x3f, 0xfe, 0x24, 0x00, 0x3f, 0x00, 0x00, 0x00, 0x00,
    0x00, 0x00, 0x00, 0x00, 0x00, 0x00, 0x00, 0x00, 0x00, 0x00, 0x00, 0x00, 0x00, 0x00, 0x00, 0x00,
    0x7f, 0xf7, 0x95, 0xc3, 0x21, 0x76, 0x96, 0x43, 0x65, 0xd4, 0x95, 0xc3, 0xd7, 0x03, 0xc3, 0x3b,
    0xf5, 0x30, 0x89, 0x3d, 0xa3, 0x6b, 0x7f, 0xbf, 0xff, 0xff, 0xff, 0xa8, 0x00, 0x00, 0x00, 0x00,
    0x28, 0x5c, 0x0f, 0x3e, 0x00, 0x00, 0x00, 0x00, 0x28, 0x5c, 0x0f, 0x3e, 0x00, 0x00, 0x00, 0x00,
    0xda, 0xe2, 0xdd, 0x3f, 0xfe, 0x24, 0x00, 0x3f, 0x00, 0x00, 0x00, 0x00, 0x00, 0x00, 0x00, 0x00,
    0x00, 0x00, 0x00, 0x00, 0x00, 0x00, 0x00, 0x00, 0x00, 0x00, 0x00, 0x00, 0x59, 0x15, 0x96, 0xc3,
    0xd9, 0x95, 0x96, 0x43, 0x71, 0xd2, 0x95, 0xc3, 0xd7, 0x03, 0xc3, 0x3b, 0xf5, 0x30, 0x89, 0x3d,
    0xa3, 0x6b, 0x7f, 0xbf, 0xff, 0xff, 0xff, 0xa8, 0xab, 0xaa, 0x2a, 0x3f, 0x09, 0xd7, 0x23, 0x3e,
    0xab, 0xaa, 0x2a, 0x3f, 0x09, 0xd7, 0x23, 0x3e, 0x00, 0x00, 0x00, 0x00, 0xda, 0xe2, 0xdd, 0x3f,
    0xfe, 0x24, 0x00, 0x3f, 0x00, 0x00, 0x00, 0x00, 0x00, 0x00, 0x00, 0x00, 0x00, 0x00, 0x00, 0x00,
    0x00, 0x00, 0x00, 0x00, 0x00, 0x00, 0x00, 0x00, 0xfb, 0x20, 0x96, 0xc3, 0x19, 0xa8, 0x96, 0x43,
    0x4a, 0xd1, 0x95, 0xc3, 0xff, 0x22, 0xc3, 0x3b, 0x0b, 0x32, 0x89, 0x3d, 0xa1, 0x6b, 0x7f, 0xbf,
    0xff, 0xff, 0xff, 0xa8, 0x00, 0x00, 0x80, 0x3f, 0xea, 0x51, 0x38, 0x3e, 0x00, 0x00, 0x80, 0x3f,
    0xea, 0x51, 0x38, 0x3e, 0x00, 0x00, 0x00, 0x00, 0xda, 0xe2, 0xdd, 0x3f, 0xfe, 0x24, 0x00, 0x3f,
    0x00, 0x00, 0x00, 0x00, 0x00, 0x00, 0x00, 0x00, 0x00, 0x00, 0x00, 0x00, 0x00, 0x00, 0x00, 0x00,
    0x00, 0x00, 0x00, 0x00, 0xba, 0x09, 0x96, 0xc3, 0x97, 0x83, 0x96, 0x43, 0x9a, 0xd3, 0x95, 0xc3,
    0xd7, 0x03, 0xc3, 0x3b, 0xf5, 0x30, 0x89, 0x3d, 0xa3, 0x6b, 0x7f, 0xbf, 0xff, 0xff, 0xff, 0xa8,
    0xab, 0xaa, 0xaa, 0x3e, 0x09, 0xd7, 0x23, 0x3e, 0xab, 0xaa, 0xaa, 0x3e, 0x09, 0xd7, 0x23, 0x3e,
    0x00, 0x00, 0x00, 0x00, 0xda, 0xe2, 0xdd, 0x3f, 0xfe, 0x24, 0x00, 0x3f, 0x00, 0x00, 0x00, 0x00,
    0x00, 0x00, 0x00, 0x00, 0x00, 0x00, 0x00, 0x00, 0x00, 0x00, 0x00, 0x00, 0x00, 0x00, 0x00, 0x00,
    0x1c, 0xfe, 0x95, 0xc3, 0x55, 0x71, 0x96, 0x43, 0xc2, 0xd4, 0x95, 0xc3, 0xd7, 0x03, 0xc3, 0x3b,
    0xf5, 0x30, 0x89, 0x3d, 0xa3, 0x6b, 0x7f, 0xbf, 0xff, 0xff, 0xff, 0xa8, 0x00, 0x00, 0x00, 0x00,
    0x09, 0xd7, 0x23, 0x3e, 0x00, 0x00, 0x00, 0x00, 0x09, 0xd7, 0x23, 0x3e, 0x00, 0x00, 0x00, 0x00,
    0xda, 0xe2, 0xdd, 0x3f, 0xfe, 0x24, 0x00, 0x3f, 0x00, 0x00, 0x00, 0x00, 0x00, 0x00, 0x00, 0x00,
    0x00, 0x00, 0x00, 0x00, 0x00, 0x00, 0x00, 0x00, 0x00, 0x00, 0x00, 0x00, 0xbf, 0x17, 0x96, 0xc3,
    0x88, 0x94, 0x96, 0x43, 0x8c, 0xd2, 0x95, 0xc3, 0xd7, 0x03, 0xc3, 0x3b, 0xf5, 0x30, 0x89, 0x3d,
    0xa3, 0x6b, 0x7f, 0xbf, 0xff, 0xff, 0xff, 0xa8, 0xab, 0xaa, 0x2a, 0x3f, 0xea, 0x51, 0x38, 0x3e,
    0xab, 0xaa, 0x2a, 0x3f, 0xea, 0x51, 0x38, 0x3e, 0x00, 0x00, 0x00, 0x00, 0xda, 0xe2, 0xdd, 0x3f,
    0xfe, 0x24, 0x00, 0x3f, 0x00, 0x00, 0x00, 0x00, 0x00, 0x00, 0x00, 0x00, 0x00, 0x00, 0x00, 0x00,
    0x00, 0x00, 0x00, 0x00, 0x00, 0x00, 0x00, 0x00, 0xfe, 0x20, 0x96, 0xc3, 0x18, 0xa8, 0x96, 0x43,
    0x4a, 0xd1, 0x95, 0xc3, 0xe1, 0x24, 0xc3, 0x3b, 0xc9, 0x31, 0x89, 0x3d, 0xa1, 0x6b, 0x7f, 0xbf,
    0xff, 0xff, 0xff, 0xa8, 0x00, 0x00, 0x80, 0x3f, 0xcb, 0xcc, 0x4c, 0x3e, 0x00, 0x00, 0x80, 0x3f,
    0xcb, 0xcc, 0x4c, 0x3e, 0x00, 0x00, 0x00, 0x00, 0xda, 0xe2, 0xdd, 0x3f, 0xfe, 0x24, 0x00, 0x3f,
    0x00, 0x00, 0x00, 0x00, 0x00, 0x00, 0x00, 0x00, 0x00, 0x00, 0x00, 0x00, 0x00, 0x00, 0x00, 0x00,
    0x00, 0x00, 0x00, 0x00, 0x82, 0x0e, 0x96, 0xc3, 0xf7, 0x80, 0x96, 0x43, 0xce, 0xd3, 0x95, 0xc3,
    0xd7, 0x03, 0xc3, 0x3b, 0xf5, 0x30, 0x89, 0x3d, 0xa3, 0x6b, 0x7f, 0xbf, 0xff, 0xff, 0xff, 0xa8,
    0xab, 0xaa, 0xaa, 0x3e, 0xea, 0x51, 0x38, 0x3e, 0xab, 0xaa, 0xaa, 0x3e, 0xea, 0x51, 0x38, 0x3e,
    0x00, 0x00, 0x00, 0x00, 0xda, 0xe2, 0xdd, 0x3f, 0xfe, 0x24, 0x00, 0x3f, 0x00, 0x00, 0x00, 0x00,
    0x00, 0x00, 0x00, 0x00, 0x00, 0x00, 0x00, 0x00, 0x00, 0x00, 0x00, 0x00, 0x00, 0x00, 0x00, 0x00,
    0x46, 0x05, 0x96, 0xc3, 0x67, 0x6d, 0x96, 0x43, 0x10, 0xd5, 0x95, 0xc3, 0xd7, 0x03, 0xc3, 0x3b,
    0xf5, 0x30, 0x89, 0x3d, 0xa3, 0x6b, 0x7f, 0xbf, 0xff, 0xff, 0xff, 0xa8, 0x00, 0x00, 0x00, 0x00,
    0xea, 0x51, 0x38, 0x3e, 0x00, 0x00, 0x00, 0x00, 0xea, 0x51, 0x38, 0x3e, 0x00, 0x00, 0x00, 0x00,
    0xda, 0xe2, 0xdd, 0x3f, 0xfe, 0x24, 0x00, 0x3f, 0x00, 0x00, 0x00, 0x00, 0x00, 0x00, 0x00, 0x00,
    0x00, 0x00, 0x00, 0x00, 0x00, 0x00, 0x00, 0x00, 0x00, 0x00, 0x00, 0x00, 0x49, 0x1a, 0x96, 0xc3,
    0x87, 0x93, 0x96, 0x43, 0xa1, 0xd2, 0x95, 0xc3, 0xd7, 0x03, 0xc3, 0x3b, 0xf5, 0x30, 0x89, 0x3d,
    0xa3, 0x6b, 0x7f, 0xbf, 0xff, 0xff, 0xff, 0xa8, 0xab, 0xaa, 0x2a, 0x3f, 0xcb, 0xcc, 0x4c, 0x3e,
    0xab, 0xaa, 0x2a, 0x3f, 0xcb, 0xcc, 0x4c, 0x3e, 0x00, 0x00, 0x00, 0x00, 0xda, 0xe2, 0xdd, 0x3f,
    0xfe, 0x24, 0x00, 0x3f, 0x00, 0x00, 0x00, 0x00, 0x00, 0x00, 0x00, 0x00, 0x00, 0x00, 0x00, 0x00,
    0x00, 0x00, 0x00, 0x00, 0x00, 0x00, 0x00, 0x00, 0x01, 0x21, 0x96, 0xc3, 0x17, 0xa8, 0x96, 0x43,
    0x4a, 0xd1, 0x95, 0xc3, 0x41, 0x26, 0xc3, 0x3b, 0x86, 0x31, 0x89, 0x3d, 0xa1, 0x6b, 0x7f, 0xbf,
    0xff, 0xff, 0xff, 0xa8, 0x00, 0x00, 0x80, 0x3f, 0xac, 0x47, 0x61, 0x3e, 0x00, 0x00, 0x80, 0x3f,
    0xac, 0x47, 0x61, 0x3e, 0x00, 0x00, 0x00, 0x00, 0xda, 0xe2, 0xdd, 0x3f, 0xfe, 0x24, 0x00, 0x3f,
    0x00, 0x00, 0x00, 0x00, 0x00, 0x00, 0x00, 0x00, 0x00, 0x00, 0x00, 0x00, 0x00, 0x00, 0x00, 0x00,
    0x00, 0x00, 0x00, 0x00, 0x95, 0x13, 0x96, 0xc3, 0xf6, 0x7e, 0x96, 0x43, 0xf8, 0xd3, 0x95, 0xc3,
    0xd7, 0x03, 0xc3, 0x3b, 0xf5, 0x30, 0x89, 0x3d, 0xa3, 0x6b, 0x7f, 0xbf, 0xff, 0xff, 0xff, 0xa8,
    0xab, 0xaa, 0xaa, 0x3e, 0xcb, 0xcc, 0x4c, 0x3e, 0xab, 0xaa, 0xaa, 0x3e, 0xcb, 0xcc, 0x4c, 0x3e,
    0x00, 0x00, 0x00, 0x00, 0xda, 0xe2, 0xdd, 0x3f, 0xfe, 0x24, 0x00, 0x3f, 0x00, 0x00, 0x00, 0x00,
    0x00, 0x00, 0x00, 0x00, 0x00, 0x00, 0x00, 0x00, 0x00, 0x00, 0x00, 0x00, 0x00, 0x00, 0x00, 0x00,
    0xe0, 0x0c, 0x96, 0xc3, 0x66, 0x6a, 0x96, 0x43, 0x4f, 0xd5, 0x95, 0xc3, 0xd7, 0x03, 0xc3, 0x3b,
    0xf5, 0x30, 0x89, 0x3d, 0xa3, 0x6b, 0x7f, 0xbf, 0xff, 0xff, 0xff, 0xa8, 0x00, 0x00, 0x00, 0x00,
    0xcb, 0xcc, 0x4c, 0x3e, 0x00, 0x00, 0x00, 0x00, 0xcb, 0xcc, 0x4c, 0x3e, 0x00, 0x00, 0x00, 0x00,
    0xda, 0xe2, 0xdd, 0x3f, 0xfe, 0x24, 0x00, 0x3f, 0x00, 0x00, 0x00, 0x00, 0x00, 0x00, 0x00, 0x00,
    0x00, 0x00, 0x00, 0x00, 0x00, 0x00, 0x00, 0x00, 0x00, 0x00, 0x00, 0x00, 0xef, 0x1c, 0x96, 0xc3,
    0xda, 0x92, 0x96, 0x43, 0xb1, 0xd2, 0x95, 0xc3, 0xd7, 0x03, 0xc3, 0x3b, 0xf5, 0x30, 0x89, 0x3d,
    0xa3, 0x6b, 0x7f, 0xbf, 0xff, 0xff, 0xff, 0xa8, 0xab, 0xaa, 0x2a, 0x3f, 0xac, 0x47, 0x61, 0x3e,
    0xab, 0xaa, 0x2a, 0x3f, 0xac, 0x47, 0x61, 0x3e, 0x00, 0x00, 0x00, 0x00, 0xda, 0xe2, 0xdd, 0x3f,
    0xfe, 0x24, 0x00, 0x3f, 0x00, 0x00, 0x00, 0x00, 0x00, 0x00, 0x00, 0x00, 0x00, 0x00, 0x00, 0x00,
    0x00, 0x00, 0x00, 0x00, 0x00, 0x00, 0x00, 0x00, 0x04, 0x21, 0x96, 0xc3, 0x17, 0xa8, 0x96, 0x43,
    0x4a, 0xd1, 0x95, 0xc3, 0x19, 0x27, 0xc3, 0x3b, 0x40, 0x31, 0x89, 0x3d, 0xa3, 0x6b, 0x7f, 0xbf,
    0xff, 0xff, 0xff, 0xa8, 0x00, 0x00, 0x80, 0x3f, 0x8d, 0xc2, 0x75, 0x3e, 0x00, 0x00, 0x80, 0x3f,
    0x8d, 0xc2, 0x75, 0x3e, 0x00, 0x00, 0x00, 0x00, 0xda, 0xe2, 0xdd, 0x3f, 0xfe, 0x24, 0x00, 0x3f,
    0x00, 0x00, 0x00, 0x00, 0x00, 0x00, 0x00, 0x00, 0x00, 0x00, 0x00, 0x00, 0x00, 0x00, 0x00, 0x00,
    0x00, 0x00, 0x00, 0x00, 0xdd, 0x18, 0x96, 0xc3, 0x9c, 0x7d, 0x96, 0x43, 0x17, 0xd4, 0x95, 0xc3,
    0xd7, 0x03, 0xc3, 0x3b, 0xf5, 0x30, 0x89, 0x3d, 0xa3, 0x6b, 0x7f, 0xbf, 0xff, 0xff, 0xff, 0xa8,
    0xab, 0xaa, 0xaa, 0x3e, 0xac, 0x47, 0x61, 0x3e, 0xab, 0xaa, 0xaa, 0x3e, 0xac, 0x47, 0x61, 0x3e,
    0x00, 0x00, 0x00, 0x00, 0xda, 0xe2, 0xdd, 0x3f, 0xfe, 0x24, 0x00, 0x3f, 0x00, 0x00, 0x00, 0x00,
    0x00, 0x00, 0x00, 0x00, 0x00, 0x00, 0x00, 0x00, 0x00, 0x00, 0x00, 0x00, 0x00, 0x00, 0x00, 0x00,
    0xcc, 0x14, 0x96, 0xc3, 0x5e, 0x68, 0x96, 0x43, 0x7e, 0xd5, 0x95, 0xc3, 0xd7, 0x03, 0xc3, 0x3b,
    0xf5, 0x30, 0x89, 0x3d, 0xa3, 0x6b, 0x7f, 0xbf, 0xff, 0xff, 0xff, 0xa8, 0x00, 0x00, 0x00, 0x00,
    0xac, 0x47, 0x61, 0x3e, 0x00, 0x00, 0x00, 0x00, 0xac, 0x47, 0x61, 0x3e, 0x00, 0x00, 0x00, 0x00,
    0xda, 0xe2, 0xdd, 0x3f, 0xfe, 0x24, 0x00, 0x3f, 0x00, 0x00, 0x00, 0x00, 0x00, 0x00, 0x00, 0x00,
    0x00, 0x00, 0x00, 0x00, 0x00, 0x00, 0x00, 0x00, 0x00, 0x00, 0x00, 0x00, 0xa6, 0x1f, 0x96, 0xc3,
    0x82, 0x92, 0x96, 0x43, 0xbb, 0xd2, 0x95, 0xc3, 0xd7, 0x03, 0xc3, 0x3b, 0xf5, 0x30, 0x89, 0x3d,
    0xa3, 0x6b, 0x7f, 0xbf, 0xff, 0xff, 0xff, 0xa8, 0xab, 0xaa, 0x2a, 0x3f, 0x8d, 0xc2, 0x75, 0x3e,
    0xab, 0xaa, 0x2a, 0x3f, 0x8d, 0xc2, 0x75, 0x3e, 0x00, 0x00, 0x00, 0x00, 0xda, 0xe2, 0xdd, 0x3f,
    0xfe, 0x24, 0x00, 0x3f, 0x00, 0x00, 0x00, 0x00, 0x00, 0x00, 0x00, 0x00, 0x00, 0x00, 0x00, 0x00,
    0x00, 0x00, 0x00, 0x00, 0x00, 0x00, 0x00, 0x00, 0x08, 0x21, 0x96, 0xc3, 0x17, 0xa8, 0x96, 0x43,
    0x4a, 0xd1, 0x95, 0xc3, 0x5c, 0x27, 0xc3, 0x3b, 0xf5, 0x30, 0x89, 0x3d, 0xa3, 0x6b, 0x7f, 0xbf,
    0xff, 0xff, 0xff, 0xa8, 0x00, 0x00, 0x80, 0x3f, 0xb7, 0x1e, 0x85, 0x3e, 0x00, 0x00, 0x80, 0x3f,
    0xb7, 0x1e, 0x85, 0x3e, 0x00, 0x00, 0x00, 0x00, 0xda, 0xe2, 0xdd, 0x3f, 0xfe, 0x24, 0x00, 0x3f,
    0x00, 0x00, 0x00, 0x00, 0x00, 0x00, 0x00, 0x00, 0x00, 0x00, 0x00, 0x00, 0x00, 0x00, 0x00, 0x00,
    0x00, 0x00, 0x00, 0x00, 0x47, 0x1e, 0x96, 0xc3, 0xed, 0x7c, 0x96, 0x43, 0x2b, 0xd4, 0x95, 0xc3,
    0xd7, 0x03, 0xc3, 0x3b, 0xf5, 0x30, 0x89, 0x3d, 0xa3, 0x6b, 0x7f, 0xbf, 0xff, 0xff, 0xff, 0xa8,
    0xab, 0xaa, 0xaa, 0x3e, 0x8d, 0xc2, 0x75, 0x3e, 0xab, 0xaa, 0xaa, 0x3e, 0x8d, 0xc2, 0x75, 0x3e,
    0x00, 0x00, 0x00, 0x00, 0xda, 0xe2, 0xdd, 0x3f, 0xfe, 0x24, 0x00, 0x3f, 0x00, 0x00, 0x00, 0x00,
    0x00, 0x00, 0x00, 0x00, 0x00, 0x00, 0x00, 0x00, 0x00, 0x00, 0x00, 0x00, 0x00, 0x00, 0x00, 0x00,
    0xe9, 0x1c, 0x96, 0xc3, 0x58, 0x67, 0x96, 0x43, 0x9c, 0xd5, 0x95, 0xc3, 0xd7, 0x03, 0xc3, 0x3b,
    0xf5, 0x30, 0x89, 0x3d, 0xa3, 0x6b, 0x7f, 0xbf, 0xff, 0xff, 0xff, 0xa8, 0x00, 0x00, 0x00, 0x00,
    0x8d, 0xc2, 0x75, 0x3e, 0x00, 0x00, 0x00, 0x00, 0x8d, 0xc2, 0x75, 0x3e, 0x00, 0x00, 0x00, 0x00,
    0xda, 0xe2, 0xdd, 0x3f, 0xfe, 0x24, 0x00, 0x3f, 0x00, 0x00, 0x00, 0x00, 0x00, 0x00, 0x00, 0x00,
    0x00, 0x00, 0x00, 0x00, 0x00, 0x00, 0x00, 0x00, 0x00, 0x00, 0x00, 0x00, 0x62, 0x22, 0x96, 0xc3,
    0x82, 0x92, 0x96, 0x43, 0xbf, 0xd2, 0x95, 0xc3, 0xd7, 0x03, 0xc3, 0x3b, 0xf5, 0x30, 0x89, 0x3d,
    0xa3, 0x6b, 0x7f, 0xbf, 0xff, 0xff, 0xff, 0xa8, 0xab, 0xaa, 0x2a, 0x3f, 0xb7, 0x1e, 0x85, 0x3e,
    0xab, 0xaa, 0x2a, 0x3f, 0xb7, 0x1e, 0x85, 0x3e, 0x00, 0x00, 0x00, 0x00, 0xda, 0xe2, 0xdd, 0x3f,
    0xfe, 0x24, 0x00, 0x3f, 0x00, 0x00, 0x00, 0x00, 0x00, 0x00, 0x00, 0x00, 0x00, 0x00, 0x00, 0x00,
    0x00, 0x00, 0x00, 0x00, 0x00, 0x00, 0x00, 0x00, 0x0b, 0x21, 0x96, 0xc3, 0x17, 0xa8, 0x96, 0x43,
    0x4a, 0xd1, 0x95, 0xc3, 0x0e, 0x27, 0xc3, 0x3b, 0xb2, 0x30, 0x89, 0x3d, 0xa3, 0x6b, 0x7f, 0xbf,
    0xff, 0xff, 0xff, 0xa8, 0x00, 0x00, 0x80, 0x3f, 0x28, 0x5c, 0x8f, 0x3e, 0x00, 0x00, 0x80, 0x3f,
    0x28, 0x5c, 0x8f, 0x3e, 0x00, 0x00, 0x00, 0x00, 0xda, 0xe2, 0xdd, 0x3f, 0xfe, 0x24, 0x00, 0x3f,
    0x00, 0x00, 0x00, 0x00, 0x00, 0x00, 0x00, 0x00, 0x00, 0x00, 0x00, 0x00, 0x00, 0x00, 0x00, 0x00,
    0x00, 0x00, 0x00, 0x00, 0xbc, 0x23, 0x96, 0xc3, 0xed, 0x7c, 0x96, 0x43, 0x34, 0xd4, 0x95, 0xc3,
    0xd7, 0x03, 0xc3, 0x3b, 0xf5, 0x30, 0x89, 0x3d, 0xa3, 0x6b, 0x7f, 0xbf, 0xff, 0xff, 0xff, 0xa8,
    0xab, 0xaa, 0xaa, 0x3e, 0xb7, 0x1e, 0x85, 0x3e, 0xab, 0xaa, 0xaa, 0x3e, 0xb7, 0x1e, 0x85, 0x3e,
    0x00, 0x00, 0x00, 0x00, 0xda, 0xe2, 0xdd, 0x3f, 0xfe, 0x24, 0x00, 0x3f, 0x00, 0x00, 0x00, 0x00,
    0x00, 0x00, 0x00, 0x00, 0x00, 0x00, 0x00, 0x00, 0x00, 0x00, 0x00, 0x00, 0x00, 0x00, 0x00, 0x00,
    0x16, 0x25, 0x96, 0xc3, 0x58, 0x67, 0x96, 0x43, 0xa9, 0xd5, 0x95, 0xc3, 0xd7, 0x03, 0xc3, 0x3b,
    0xf5, 0x30, 0x89, 0x3d, 0xa3, 0x6b, 0x7f, 0xbf, 0xff, 0xff, 0xff, 0xa8, 0x00, 0x00, 0x00, 0x00,
    0xb7, 0x1e, 0x85, 0x3e, 0x00, 0x00, 0x00, 0x00, 0xb7, 0x1e, 0x85, 0x3e, 0x00, 0x00, 0x00, 0x00,
    0xda, 0xe2, 0xdd, 0x3f, 0xfe, 0x24, 0x00, 0x3f, 0x00, 0x00, 0x00, 0x00, 0x00, 0x00, 0x00, 0x00,
    0x00, 0x00, 0x00, 0x00, 0x00, 0x00, 0x00, 0x00, 0x00, 0x00, 0x00, 0x00, 0x18, 0x25, 0x96, 0xc3,
    0xda, 0x92, 0x96, 0x43, 0xbd, 0xd2, 0x95, 0xc3, 0xd7, 0x03, 0xc3, 0x3b, 0xf5, 0x30, 0x89, 0x3d,
    0xa3, 0x6b, 0x7f, 0xbf, 0xff, 0xff, 0xff, 0xa8, 0xab, 0xaa, 0x2a, 0x3f, 0x28, 0x5c, 0x8f, 0x3e,
    0xab, 0xaa, 0x2a, 0x3f, 0x28, 0x5c, 0x8f, 0x3e, 0x00, 0x00, 0x00, 0x00, 0xda, 0xe2, 0xdd, 0x3f,
    0xfe, 0x24, 0x00, 0x3f, 0x00, 0x00, 0x00, 0x00, 0x00, 0x00, 0x00, 0x00, 0x00, 0x00, 0x00, 0x00,
    0x00, 0x00, 0x00, 0x00, 0x00, 0x00, 0x00, 0x00, 0x0e, 0x21, 0x96, 0xc3, 0x18, 0xa8, 0x96, 0x43,
    0x4a, 0xd1, 0x95, 0xc3, 0x39, 0x26, 0xc3, 0x3b, 0x6c, 0x30, 0x89, 0x3d, 0xa4, 0x6b, 0x7f, 0xbf,
    0xff, 0xff, 0xff, 0xa8, 0x00, 0x00, 0x80, 0x3f, 0x99, 0x99, 0x99, 0x3e, 0x00, 0x00, 0x80, 0x3f,
    0x99, 0x99, 0x99, 0x3e, 0x00, 0x00, 0x00, 0x00, 0xda, 0xe2, 0xdd, 0x3f, 0xfe, 0x24, 0x00, 0x3f,
    0x00, 0x00, 0x00, 0x00, 0x00, 0x00, 0x00, 0x00, 0x00, 0x00, 0x00, 0x00, 0x00, 0x00, 0x00, 0x00,
    0x00, 0x00, 0x00, 0x00, 0x26, 0x29, 0x96, 0xc3, 0x9c, 0x7d, 0x96, 0x43, 0x30, 0xd4, 0x95, 0xc3,
    0xd7, 0x03, 0xc3, 0x3b, 0xf5, 0x30, 0x89, 0x3d, 0xa3, 0x6b, 0x7f, 0xbf, 0xff, 0xff, 0xff, 0xa8,
    0xab, 0xaa, 0xaa, 0x3e, 0x28, 0x5c, 0x8f, 0x3e, 0xab, 0xaa, 0xaa, 0x3e, 0x28, 0x5c, 0x8f, 0x3e,
    0x00, 0x00, 0x00, 0x00, 0xda, 0xe2, 0xdd, 0x3f, 0xfe, 0x24, 0x00, 0x3f, 0x00, 0x00, 0x00, 0x00,
    0x00, 0x00, 0x00, 0x00, 0x00, 0x00, 0x00, 0x00, 0x00, 0x00, 0x00, 0x00, 0x00, 0x00, 0x00, 0x00,
    0x33, 0x2d, 0x96, 0xc3, 0x5e, 0x68, 0x96, 0x43, 0xa4, 0xd5, 0x95, 0xc3, 0xd7, 0x03, 0xc3, 0x3b,
    0xf5, 0x30, 0x89, 0x3d, 0xa3, 0x6b, 0x7f, 0xbf, 0xff, 0xff, 0xff, 0xa8, 0x00, 0x00, 0x00, 0x00,
    0x28, 0x5c, 0x8f, 0x3e, 0x00, 0x00, 0x00, 0x00, 0x28, 0x5c, 0x8f, 0x3e, 0x00, 0x00, 0x00, 0x00,
    0xda, 0xe2, 0xdd, 0x3f, 0xfe, 0x24, 0x00, 0x3f, 0x00, 0x00, 0x00, 0x00, 0x00, 0x00, 0x00, 0x00,
    0x00, 0x00, 0x00, 0x00, 0x00, 0x00, 0x00, 0x00, 0x00, 0x00, 0x00, 0x00, 0xbe, 0x27, 0x96, 0xc3,
    0x87, 0x93, 0x96, 0x43, 0xb5, 0xd2, 0x95, 0xc3, 0xd7, 0x03, 0xc3, 0x3b, 0xf5, 0x30, 0x89, 0x3d,
    0xa3, 0x6b, 0x7f, 0xbf, 0xff, 0xff, 0xff, 0xa8, 0xab, 0xaa, 0x2a, 0x3f, 0x99, 0x99, 0x99, 0x3e,
    0xab, 0xaa, 0x2a, 0x3f, 0x99, 0x99, 0x99, 0x3e, 0x00, 0x00, 0x00, 0x00, 0xda, 0xe2, 0xdd, 0x3f,
    0xfe, 0x24, 0x00, 0x3f, 0x00, 0x00, 0x00, 0x00, 0x00, 0x00, 0x00, 0x00, 0x00, 0x00, 0x00, 0x00,
    0x00, 0x00, 0x00, 0x00, 0x00, 0x00, 0x00, 0x00, 0x11, 0x21, 0x96, 0xc3, 0x19, 0xa8, 0x96, 0x43,
    0x4a, 0xd1, 0x95, 0xc3, 0xd5, 0x24, 0xc3, 0x3b, 0x28, 0x30, 0x89, 0x3d, 0xa4, 0x6b, 0x7f, 0xbf,
    0xff, 0xff, 0xff, 0xa8, 0x00, 0x00, 0x80, 0x3f, 0x0a, 0xd7, 0xa3, 0x3e, 0x00, 0x00, 0x80, 0x3f,
    0x0a, 0xd7, 0xa3, 0x3e, 0x00, 0x00, 0x00, 0x00, 0xda, 0xe2, 0xdd, 0x3f, 0xfe, 0x24, 0x00, 0x3f,
    0x00, 0x00, 0x00, 0x00, 0x00, 0x00, 0x00, 0x00, 0x00, 0x00, 0x00, 0x00, 0x00, 0x00, 0x00, 0x00,
    0x00, 0x00, 0x00, 0x00, 0x6f, 0x2e, 0x96, 0xc3, 0xf6, 0x7e, 0x96, 0x43, 0x21, 0xd4, 0x95, 0xc3,
    0xd7, 0x03, 0xc3, 0x3b, 0xf5, 0x30, 0x89, 0x3d, 0xa3, 0x6b, 0x7f, 0xbf, 0xff, 0xff, 0xff, 0xa8,
    0xab, 0xaa, 0xaa, 0x3e, 0x99, 0x99, 0x99, 0x3e, 0xab, 0xaa, 0xaa, 0x3e, 0x99, 0x99, 0x99, 0x3e,
    0x00, 0x00, 0x00, 0x00, 0xda, 0xe2, 0xdd, 0x3f, 0xfe, 0x24, 0x00, 0x3f, 0x00, 0x00, 0x00, 0x00,
    0x00, 0x00, 0x00, 0x00, 0x00, 0x00, 0x00, 0x00, 0x00, 0x00, 0x00, 0x00, 0x00, 0x00, 0x00, 0x00,
    0x1f, 0x35, 0x96, 0xc3, 0x66, 0x6a, 0x96, 0x43, 0x8d, 0xd5, 0x95, 0xc3, 0xd7, 0x03, 0xc3, 0x3b,
    0xf5, 0x30, 0x89, 0x3d, 0xa3, 0x6b, 0x7f, 0xbf, 0xff, 0xff, 0xff, 0xa8, 0x00, 0x00, 0x00, 0x00,
    0x99, 0x99, 0x99, 0x3e, 0x00, 0x00, 0x00, 0x00, 0x99, 0x99, 0x99, 0x3e, 0x00, 0x00, 0x00, 0x00,
    0xda, 0xe2, 0xdd, 0x3f, 0xfe, 0x24, 0x00, 0x3f, 0x00, 0x00, 0x00, 0x00, 0x00, 0x00, 0x00, 0x00,
    0x00, 0x00, 0x00, 0x00, 0x00, 0x00, 0x00, 0x00, 0x00, 0x00, 0x00, 0x00, 0x49, 0x2a, 0x96, 0xc3,
    0x88, 0x94, 0x96, 0x43, 0xa8, 0xd2, 0x95, 0xc3, 0xd7, 0x03, 0xc3, 0x3b, 0xf5, 0x30, 0x89, 0x3d,
    0xa3, 0x6b, 0x7f, 0xbf, 0xff, 0xff, 0xff, 0xa8, 0xab, 0xaa, 0x2a, 0x3f, 0x0a, 0xd7, 0xa3, 0x3e,
    0xab, 0xaa, 0x2a, 0x3f, 0x0a, 0xd7, 0xa3, 0x3e, 0x00, 0x00, 0x00, 0x00, 0xda, 0xe2, 0xdd, 0x3f,
    0xfe, 0x24, 0x00, 0x3f, 0x00, 0x00, 0x00, 0x00, 0x00, 0x00, 0x00, 0x00, 0x00, 0x00, 0x00, 0x00,
    0x00, 0x00, 0x00, 0x00, 0x00, 0x00, 0x00, 0x00, 0x14, 0x21, 0x96, 0xc3, 0x1b, 0xa8, 0x96, 0x43,
    0x4a, 0xd1, 0x95, 0xc3, 0xeb, 0x22, 0xc3, 0x3b, 0xe8, 0x2f, 0x89, 0x3d, 0xa4, 0x6b, 0x7f, 0xbf,
    0xff, 0xff, 0xff, 0xa8, 0x00, 0x00, 0x80, 0x3f, 0x7b, 0x14, 0xae, 0x3e, 0x00, 0x00, 0x80, 0x3f,
    0x7b, 0x14, 0xae, 0x3e, 0x00, 0x00, 0x00, 0x00, 0xda, 0xe2, 0xdd, 0x3f, 0xfe, 0x24, 0x00, 0x3f,
    0x00, 0x00, 0x00, 0x00, 0x00, 0x00, 0x00, 0x00, 0x00, 0x00, 0x00, 0x00, 0x00, 0x00, 0x00, 0x00,
    0x00, 0x00, 0x00, 0x00, 0x82, 0x33, 0x96, 0xc3, 0xf7, 0x80, 0x96, 0x43, 0x06, 0xd4, 0x95, 0xc3,
    0xd7, 0x03, 0xc3, 0x3b, 0xf5, 0x30, 0x89, 0x3d, 0xa3, 0x6b, 0x7f, 0xbf, 0xff, 0xff, 0xff, 0xa8,
    0xab, 0xaa, 0xaa, 0x3e, 0x0a, 0xd7, 0xa3, 0x3e, 0xab, 0xaa, 0xaa, 0x3e, 0x0a, 0xd7, 0xa3, 0x3e,
    0x00, 0x00, 0x00, 0x00, 0xda, 0xe2, 0xdd, 0x3f, 0xfe, 0x24, 0x00, 0x3f, 0x00, 0x00, 0x00, 0x00,
    0x00, 0x00, 0x00, 0x00, 0x00, 0x00, 0x00, 0x00, 0x00, 0x00, 0x00, 0x00, 0x00, 0x00, 0x00, 0x00,
    0xba, 0x3c, 0x96, 0xc3, 0x67, 0x6d, 0x96, 0x43, 0x65, 0xd5, 0x95, 0xc3, 0xd7, 0x03, 0xc3, 0x3b,
    0xf5, 0x30, 0x89, 0x3d, 0xa3, 0x6b, 0x7f, 0xbf, 0xff, 0xff, 0xff, 0xa8, 0x00, 0x00, 0x00, 0x00,
    0x0a, 0xd7, 0xa3, 0x3e, 0x00, 0x00, 0x00, 0x00, 0x0a, 0xd7, 0xa3, 0x3e, 0x00, 0x00, 0x00, 0x00,
    0xda, 0xe2, 0xdd, 0x3f, 0xfe, 0x24, 0x00, 0x3f, 0x00, 0x00, 0x00, 0x00, 0x00, 0x00, 0x00, 0x00,
    0x00, 0x00, 0x00, 0x00, 0x00, 0x00, 0x00, 0x00, 0x00, 0x00, 0x00, 0x00, 0xaf, 0x2c, 0x96, 0xc3,
    0xd9, 0x95, 0x96, 0x43, 0x95, 0xd2, 0x95, 0xc3, 0xd7, 0x03, 0xc3, 0x3b, 0xf5, 0x30, 0x89, 0x3d,
    0xa3, 0x6b, 0x7f, 0xbf, 0xff, 0xff, 0xff, 0xa8, 0xab, 0xaa, 0x2a, 0x3f, 0x7b, 0x14, 0xae, 0x3e,
    0xab, 0xaa, 0x2a, 0x3f, 0x7b, 0x14, 0xae, 0x3e, 0x00, 0x00, 0x00, 0x00, 0xda, 0xe2, 0xdd, 0x3f,
    0xfe, 0x24, 0x00, 0x3f, 0x00, 0x00, 0x00, 0x00, 0x00, 0x00, 0x00, 0x00, 0x00, 0x00, 0x00, 0x00,
    0x00, 0x00, 0x00, 0x00, 0x00, 0x00, 0x00, 0x00, 0x17, 0x21, 0x96, 0xc3, 0x1d, 0xa8, 0x96, 0x43,
    0x49, 0xd1, 0x95, 0xc3, 0x88, 0x20, 0xc3, 0x3b, 0xac, 0x2f, 0x89, 0x3d, 0xa6, 0x6b, 0x7f, 0xbf,
    0xff, 0xff, 0xff, 0xa8, 0x00, 0x00, 0x80, 0x3f, 0xec, 0x51, 0xb8, 0x3e, 0x00, 0x00, 0x80, 0x3f,
    0xec, 0x51, 0xb8, 0x3e, 0x00, 0x00, 0x00, 0x00, 0xda, 0xe2, 0xdd, 0x3f, 0xfe, 0x24, 0x00, 0x3f,
    0x00, 0x00, 0x00, 0x00, 0x00, 0x00, 0x00, 0x00, 0x00, 0x00, 0x00, 0x00, 0x00, 0x00, 0x00, 0x00,
    0x00, 0x00, 0x00, 0x00, 0x4a, 0x38, 0x96, 0xc3, 0x97, 0x83, 0x96, 0x43, 0xe1, 0xd3, 0x95, 0xc3,
    0xd7, 0x03, 0xc3, 0x3b, 0xf5, 0x30, 0x89, 0x3d, 0xa3, 0x6b, 0x7f, 0xbf, 0xff, 0xff, 0xff, 0xa8,
    0xab, 0xaa, 0xaa, 0x3e, 0x7b, 0x14, 0xae, 0x3e, 0xab, 0xaa, 0xaa, 0x3e, 0x7b, 0x14, 0xae, 0x3e,
    0x00, 0x00, 0x00, 0x00, 0xda, 0xe2, 0xdd, 0x3f, 0xfe, 0x24, 0x00, 0x3f, 0x00, 0x00, 0x00, 0x00,
    0x00, 0x00, 0x00, 0x00, 0x00, 0x00, 0x00, 0x00, 0x00, 0x00, 0x00, 0x00, 0x00, 0x00, 0x00, 0x00,
    0xe5, 0x43, 0x96, 0xc3, 0x55, 0x71, 0x96, 0x43, 0x2c, 0xd5, 0x95, 0xc3, 0xd7, 0x03, 0xc3, 0x3b,
    0xf5, 0x30, 0x89, 0x3d, 0xa3, 0x6b, 0x7f, 0xbf, 0xff, 0xff, 0xff, 0xa8, 0x00, 0x00, 0x00, 0x00,
    0x7b, 0x14, 0xae, 0x3e, 0x00, 0x00, 0x00, 0x00, 0x7b, 0x14, 0xae, 0x3e, 0x00, 0x00, 0x00, 0x00,
    0xda, 0xe2, 0xdd, 0x3f, 0xfe, 0x24, 0x00, 0x3f, 0x00, 0x00, 0x00, 0x00, 0x00, 0x00, 0x00, 0x00,
    0x00, 0x00, 0x00, 0x00, 0x00, 0x00, 0x00, 0x00, 0x00, 0x00, 0x00, 0x00, 0xe6, 0x2e, 0x96, 0xc3,
    0x73, 0x97, 0x96, 0x43, 0x7d, 0xd2, 0x95, 0xc3, 0xd7, 0x03, 0xc3, 0x3b, 0xf5, 0x30, 0x89, 0x3d,
    0xa3, 0x6b, 0x7f, 0xbf, 0xff, 0xff, 0xff, 0xa8, 0xab, 0xaa, 0x2a, 0x3f, 0xec, 0x51, 0xb8, 0x3e,
    0xab, 0xaa, 0x2a, 0x3f, 0xec, 0x51, 0xb8, 0x3e, 0x00, 0x00, 0x00, 0x00, 0xda, 0xe2, 0xdd, 0x3f,
    0xfe, 0x24, 0x00, 0x3f, 0x00, 0x00, 0x00, 0x00, 0x00, 0x00, 0x00, 0x00, 0x00, 0x00, 0x00, 0x00,
    0x00, 0x00, 0x00, 0x00, 0x00, 0x00, 0x00, 0x00, 0x19, 0x21, 0x96, 0xc3, 0x1f, 0xa8, 0x96, 0x43,
    0x49, 0xd1, 0x95, 0xc3, 0xad, 0x1d, 0xc3, 0x3b, 0x75, 0x2f, 0x89, 0x3d, 0xa6, 0x6b, 0x7f, 0xbf,
    0xff, 0xff, 0xff, 0xa8, 0x00, 0x00, 0x80, 0x3f, 0x5d, 0x8f, 0xc2, 0x3e, 0x00, 0x00, 0x80, 0x3f,
    0x5d, 0x8f, 0xc2, 0x3e, 0x00, 0x00, 0x00, 0x00, 0xda, 0xe2, 0xdd, 0x3f, 0xfe, 0x24, 0x00, 0x3f,
    0x00, 0x00, 0x00, 0x00, 0x00, 0x00, 0x00, 0x00, 0x00, 0x00, 0x00, 0x00, 0x00, 0x00, 0x00, 0x00,
    0x00, 0x00, 0x00, 0x00, 0xb4, 0x3c, 0x96, 0xc3, 0xca, 0x86, 0x96, 0x43, 0xb0, 0xd3, 0x95, 0xc3,
    0xd7, 0x03, 0xc3, 0x3b, 0xf5, 0x30, 0x89, 0x3d, 0xa3, 0x6b, 0x7f, 0xbf, 0xff, 0xff, 0xff, 0xa8,
    0xab, 0xaa, 0xaa, 0x3e, 0xec, 0x51, 0xb8, 0x3e, 0xab, 0xaa, 0xaa, 0x3e, 0xec, 0x51, 0xb8, 0x3e,
    0x00, 0x00, 0x00, 0x00, 0xda, 0xe2, 0xdd, 0x3f, 0xfe, 0x24, 0x00, 0x3f, 0x00, 0x00, 0x00, 0x00,
    0x00, 0x00, 0x00, 0x00, 0x00, 0x00, 0x00, 0x00, 0x00, 0x00, 0x00, 0x00, 0x00, 0x00, 0x00, 0x00,
    0x83, 0x4a, 0x96, 0xc3, 0x21, 0x76, 0x96, 0x43, 0xe4, 0xd4, 0x95, 0xc3, 0xd7, 0x03, 0xc3, 0x3b,
    0xf5, 0x30, 0x89, 0x3d, 0xa3, 0x6b, 0x7f, 0xbf, 0xff, 0xff, 0xff, 0xa8, 0x00, 0x00, 0x00, 0x00,
    0xec, 0x51, 0xb8, 0x3e, 0x00, 0x00, 0x00, 0x00, 0xec, 0x51, 0xb8, 0x3e, 0x00, 0x00, 0x00, 0x00,
    0xda, 0xe2, 0xdd, 0x3f, 0xfe, 0x24, 0x00, 0x3f, 0x00, 0x00, 0x00, 0x00, 0x00, 0x00, 0x00, 0x00,
    0x00, 0x00, 0x00, 0x00, 0x00, 0x00, 0x00, 0x00, 0x00, 0x00, 0x00, 0x00, 0xe4, 0x30, 0x96, 0xc3,
    0x52, 0x99, 0x96, 0x43, 0x60, 0xd2, 0x95, 0xc3, 0xd7, 0x03, 0xc3, 0x3b, 0xf5, 0x30, 0x89, 0x3d,
    0xa3, 0x6b, 0x7f, 0xbf, 0xff, 0xff, 0xff, 0xa8, 0xab, 0xaa, 0x2a, 0x3f, 0x5d, 0x8f, 0xc2, 0x3e,
    0xab, 0xaa, 0x2a, 0x3f, 0x5d, 0x8f, 0xc2, 0x3e, 0x00, 0x00, 0x00, 0x00, 0xda, 0xe2, 0xdd, 0x3f,
    0xfe, 0x24, 0x00, 0x3f, 0x00, 0x00, 0x00, 0x00, 0x00, 0x00, 0x00, 0x00, 0x00, 0x00, 0x00, 0x00,
    0x00, 0x00, 0x00, 0x00, 0x00, 0x00, 0x00, 0x00, 0x1b, 0x21, 0x96, 0xc3, 0x22, 0xa8, 0x96, 0x43,
    0x49, 0xd1, 0x95, 0xc3, 0x6a, 0x1a, 0xc3, 0x3b, 0x45, 0x2f, 0x89, 0x3d, 0xa6, 0x6b, 0x7f, 0xbf,
    0xff, 0xff, 0xff, 0xa8, 0x00, 0x00, 0x80, 0x3f, 0xce, 0xcc, 0xcc, 0x3e, 0x00, 0x00, 0x80, 0x3f,
    0xce, 0xcc, 0xcc, 0x3e, 0x00, 0x00, 0x00, 0x00, 0xda, 0xe2, 0xdd, 0x3f, 0xfe, 0x24, 0x00, 0x3f,
    0x00, 0x00, 0x00, 0x00, 0x00, 0x00, 0x00, 0x00, 0x00, 0x00, 0x00, 0x00, 0x00, 0x00, 0x00, 0x00,
    0x00, 0x00, 0x00, 0x00, 0xaf, 0x40, 0x96, 0xc3, 0x84, 0x8a, 0x96, 0x43, 0x76, 0xd3, 0x95, 0xc3,
    0xd7, 0x03, 0xc3, 0x3b, 0xf5, 0x30, 0x89, 0x3d, 0xa3, 0x6b, 0x7f, 0xbf, 0xff, 0xff, 0xff, 0xa8,
    0xab, 0xaa, 0xaa, 0x3e, 0x5d, 0x8f, 0xc2, 0x3e, 0xab, 0xaa, 0xaa, 0x3e, 0x5d, 0x8f, 0xc2, 0x3e,
    0x00, 0x00, 0x00, 0x00, 0xda, 0xe2, 0xdd, 0x3f, 0xfe, 0x24, 0x00, 0x3f, 0x00, 0x00, 0x00, 0x00,
    0x00, 0x00, 0x00, 0x00, 0x00, 0x00, 0x00, 0x00, 0x00, 0x00, 0x00, 0x00, 0x00, 0x00, 0x00, 0x00,
    0x7a, 0x50, 0x96, 0xc3, 0xb7, 0x7b, 0x96, 0x43, 0x8d, 0xd4, 0x95, 0xc3, 0xd7, 0x03, 0xc3, 0x3b,
    0xf5, 0x30, 0x89, 0x3d, 0xa3, 0x6b, 0x7f, 0xbf, 0xff, 0xff, 0xff, 0xa8, 0x00, 0x00, 0x00, 0x00,
    0x5d, 0x8f, 0xc2, 0x3e, 0x00, 0x00, 0x00, 0x00, 0x5d, 0x8f, 0xc2, 0x3e, 0x00, 0x00, 0x00, 0x00,
    0xda, 0xe2, 0xdd, 0x3f, 0xfe, 0x24, 0x00, 0x3f, 0x00, 0x00, 0x00, 0x00, 0x00, 0x00, 0x00, 0x00,
    0x00, 0x00, 0x00, 0x00, 0x00, 0x00, 0x00, 0x00, 0x00, 0x00, 0x00, 0x00, 0xa2, 0x32, 0x96, 0xc3,
    0x6c, 0x9b, 0x96, 0x43, 0x3e, 0xd2, 0x95, 0xc3, 0xd7, 0x03, 0xc3, 0x3b, 0xf5, 0x30, 0x89, 0x3d,
    0xa3, 0x6b, 0x7f, 0xbf, 0xff, 0xff, 0xff, 0xa8, 0xab, 0xaa, 0x2a, 0x3f, 0xce, 0xcc, 0xcc, 0x3e,
    0xab, 0xaa, 0x2a, 0x3f, 0xce, 0xcc, 0xcc, 0x3e, 0x00, 0x00, 0x00, 0x00, 0xda, 0xe2, 0xdd, 0x3f,
    0xfe, 0x24, 0x00, 0x3f, 0x00, 0x00, 0x00, 0x00, 0x00, 0x00, 0x00, 0x00, 0x00, 0x00, 0x00, 0x00,
    0x00, 0x00, 0x00, 0x00, 0x00, 0x00, 0x00, 0x00, 0x1d, 0x21, 0x96, 0xc3, 0x24, 0xa8, 0x96, 0x43,
    0x49, 0xd1, 0x95, 0xc3, 0xce, 0x16, 0xc3, 0x3b, 0x1b, 0x2f, 0x89, 0x3d, 0xa6, 0x6b, 0x7f, 0xbf,
    0xff, 0xff, 0xff, 0xa8, 0x00, 0x00, 0x80, 0x3f, 0x3f, 0x0a, 0xd7, 0x3e, 0x00, 0x00, 0x80, 0x3f,
    0x3f, 0x0a, 0xd7, 0x3e, 0x00, 0x00, 0x00, 0x00, 0xda, 0xe2, 0xdd, 0x3f, 0xfe, 0x24, 0x00, 0x3f,
    0x00, 0x00, 0x00, 0x00, 0x00, 0x00, 0x00, 0x00, 0x00, 0x00, 0x00, 0x00, 0x00, 0x00, 0x00, 0x00,
    0x00, 0x00, 0x00, 0x00, 0x2a, 0x44, 0x96, 0xc3, 0xb6, 0x8e, 0x96, 0x43, 0x34, 0xd3, 0x95, 0xc3,
    0xd7, 0x03, 0xc3, 0x3b, 0xf5, 0x30, 0x89, 0x3d, 0xa3, 0x6b, 0x7f, 0xbf, 0xff, 0xff, 0xff, 0xa8,
    0xab, 0xaa, 0xaa, 0x3e, 0xce, 0xcc, 0xcc, 0x3e, 0xab, 0xaa, 0xaa, 0x3e, 0xce, 0xcc, 0xcc, 0x3e,
    0x00, 0x00, 0x00, 0x00, 0xda, 0xe2, 0xdd, 0x3f, 0xfe, 0x24, 0x00, 0x3f, 0x00, 0x00, 0x00, 0x00,
    0x00, 0x00, 0x00, 0x00, 0x00, 0x00, 0x00, 0x00, 0x00, 0x00, 0x00, 0x00, 0x00, 0x00, 0x00, 0x00,
    0xb1, 0x55, 0x96, 0xc3, 0x00, 0x82, 0x96, 0x43, 0x29, 0xd4, 0x95, 0xc3, 0xd7, 0x03, 0xc3, 0x3b,
    0xf5, 0x30, 0x89, 0x3d, 0xa3, 0x6b, 0x7f, 0xbf, 0xff, 0xff, 0xff, 0xa8, 0x00, 0x00, 0x00, 0x00,
    0xce, 0xcc, 0xcc, 0x3e, 0x00, 0x00, 0x00, 0x00, 0xce, 0xcc, 0xcc, 0x3e, 0x00, 0x00, 0x00, 0x00,
    0xda, 0xe2, 0xdd, 0x3f, 0xfe, 0x24, 0x00, 0x3f, 0x00, 0x00, 0x00, 0x00, 0x00, 0x00, 0x00, 0x00,
    0x00, 0x00, 0x00, 0x00, 0x00, 0x00, 0x00, 0x00, 0x00, 0x00, 0x00, 0x00, 0x1a, 0x34, 0x96, 0xc3,
    0xb9, 0x9d, 0x96, 0x43, 0x19, 0xd2, 0x95, 0xc3, 0xd7, 0x03, 0xc3, 0x3b, 0xf5, 0x30, 0x89, 0x3d,
    0xa3, 0x6b, 0x7f, 0xbf, 0xff, 0xff, 0xff, 0xa8, 0xab, 0xaa, 0x2a, 0x3f, 0x3f, 0x0a, 0xd7, 0x3e,
    0xab, 0xaa, 0x2a, 0x3f, 0x3f, 0x0a, 0xd7, 0x3e, 0x00, 0x00, 0x00, 0x00, 0xda, 0xe2, 0xdd, 0x3f,
    0xfe, 0x24, 0x00, 0x3f, 0x00, 0x00, 0x00, 0x00, 0x00, 0x00, 0x00, 0x00, 0x00, 0x00, 0x00, 0x00,
    0x00, 0x00, 0x00, 0x00, 0x00, 0x00, 0x00, 0x00, 0x1e, 0x21, 0x96, 0xc3, 0x27, 0xa8, 0x96, 0x43,
    0x49, 0xd1, 0x95, 0xc3, 0xe5, 0x12, 0xc3, 0x3b, 0xf9, 0x2e, 0x89, 0x3d, 0xa6, 0x6b, 0x7f, 0xbf,
    0xff, 0xff, 0xff, 0xa8, 0x00, 0x00, 0x80, 0x3f, 0xb0, 0x47, 0xe1, 0x3e, 0x00, 0x00, 0x80, 0x3f,
    0xb0, 0x47, 0xe1, 0x3e, 0x00, 0x00, 0x00, 0x00, 0xda, 0xe2, 0xdd, 0x3f, 0xfe, 0x24, 0x00, 0x3f,
    0x00, 0x00, 0x00, 0x00, 0x00, 0x00, 0x00, 0x00, 0x00, 0x00, 0x00, 0x00, 0x00, 0x00, 0x00, 0x00,
    0x00, 0x00, 0x00, 0x00, 0x17, 0x47, 0x96, 0xc3, 0x4f, 0x93, 0x96, 0x43, 0xe9, 0xd2, 0x95, 0xc3,
    0xd7, 0x03, 0xc3, 0x3b, 0xf5, 0x30, 0x89, 0x3d, 0xa3, 0x6b, 0x7f, 0xbf, 0xff, 0xff, 0xff, 0xa8,
    0xab, 0xaa, 0xaa, 0x3e, 0x3f, 0x0a, 0xd7, 0x3e, 0xab, 0xaa, 0xaa, 0x3e, 0x3f, 0x0a, 0xd7, 0x3e,
    0x00, 0x00, 0x00, 0x00, 0xda, 0xe2, 0xdd, 0x3f, 0xfe, 0x24, 0x00, 0x3f, 0x00, 0x00, 0x00, 0x00,
    0x00, 0x00, 0x00, 0x00, 0x00, 0x00, 0x00, 0x00, 0x00, 0x00, 0x00, 0x00, 0x00, 0x00, 0x00, 0x00,
    0x13, 0x5a, 0x96, 0xc3, 0xe4, 0x88, 0x96, 0x43, 0xb9, 0xd3, 0x95, 0xc3, 0xd7, 0x03, 0xc3, 0x3b,
    0xf5, 0x30, 0x89, 0x3d, 0xa3, 0x6b, 0x7f, 0xbf, 0xff, 0xff, 0xff, 0xa8, 0x00, 0x00, 0x00, 0x00,
    0x3f, 0x0a, 0xd7, 0x3e, 0x00, 0x00, 0x00, 0x00, 0x3f, 0x0a, 0xd7, 0x3e, 0x00, 0x00, 0x00, 0x00,
    0xda, 0xe2, 0xdd, 0x3f, 0xfe, 0x24, 0x00, 0x3f, 0x00, 0x00, 0x00, 0x00, 0x00, 0x00, 0x00, 0x00,
    0x00, 0x00, 0x00, 0x00, 0x00, 0x00, 0x00, 0x00, 0x00, 0x00, 0x00, 0x00, 0x44, 0x35, 0x96, 0xc3,
    0x31, 0xa0, 0x96, 0x43, 0xf0, 0xd1, 0x95, 0xc3, 0xd7, 0x03, 0xc3, 0x3b, 0xf5, 0x30, 0x89, 0x3d,
    0xa3, 0x6b, 0x7f, 0xbf, 0xff, 0xff, 0xff, 0xa8, 0xab, 0xaa, 0x2a, 0x3f, 0xb0, 0x47, 0xe1, 0x3e,
    0xab, 0xaa, 0x2a, 0x3f, 0xb0, 0x47, 0xe1, 0x3e, 0x00, 0x00, 0x00, 0x00, 0xda, 0xe2, 0xdd, 0x3f,
    0xfe, 0x24, 0x00, 0x3f, 0x00, 0x00, 0x00, 0x00, 0x00, 0x00, 0x00, 0x00, 0x00, 0x00, 0x00, 0x00,
    0x00, 0x00, 0x00, 0x00, 0x00, 0x00, 0x00, 0x00, 0x1f, 0x21, 0x96, 0xc3, 0x2a, 0xa8, 0x96, 0x43,
    0x49, 0xd1, 0x95, 0xc3, 0xbe, 0x0e, 0xc3, 0x3b, 0xdf, 0x2e, 0x89, 0x3d, 0xa8, 0x6b, 0x7f, 0xbf,
    0xff, 0xff, 0xff, 0xa8, 0x00, 0x00, 0x80, 0x3f, 0x21, 0x85, 0xeb, 0x3e, 0x00, 0x00, 0x80, 0x3f,
    0x21, 0x85, 0xeb, 0x3e, 0x00, 0x00, 0x00, 0x00, 0xda, 0xe2, 0xdd, 0x3f, 0xfe, 0x24, 0x00, 0x3f,
    0x00, 0x00, 0x00, 0x00, 0x00, 0x00, 0x00, 0x00, 0x00, 0x00, 0x00, 0x00, 0x00, 0x00, 0x00, 0x00,
    0x00, 0x00, 0x00, 0x00, 0x6a, 0x49, 0x96, 0xc3, 0x3c, 0x98, 0x96, 0x43, 0x98, 0xd2, 0x95, 0xc3,
    0xd7, 0x03, 0xc3, 0x3b, 0xf5, 0x30, 0x89, 0x3d, 0xa3, 0x6b, 0x7f, 0xbf, 0xff, 0xff, 0xff, 0xa8,
    0xab, 0xaa, 0xaa, 0x3e, 0xb0, 0x47, 0xe1, 0x3e, 0xab, 0xaa, 0xaa, 0x3e, 0xb0, 0x47, 0xe1, 0x3e,
    0x00, 0x00, 0x00, 0x00, 0xda, 0xe2, 0xdd, 0x3f, 0xfe, 0x24, 0x00, 0x3f, 0x00, 0x00, 0x00, 0x00,
    0x00, 0x00, 0x00, 0x00, 0x00, 0x00, 0x00, 0x00, 0x00, 0x00, 0x00, 0x00, 0x00, 0x00, 0x00, 0x00,
    0x90, 0x5d, 0x96, 0xc3, 0x46, 0x90, 0x96, 0x43, 0x40, 0xd3, 0x95, 0xc3, 0xd7, 0x03, 0xc3, 0x3b,
    0xf5, 0x30, 0x89, 0x3d, 0xa3, 0x6b, 0x7f, 0xbf, 0xff, 0xff, 0xff, 0xa8, 0x00, 0x00, 0x00, 0x00,
    0xb0, 0x47, 0xe1, 0x3e, 0x00, 0x00, 0x00, 0x00, 0xb0, 0x47, 0xe1, 0x3e, 0x00, 0x00, 0x00, 0x00,
    0xda, 0xe2, 0xdd, 0x3f, 0xfe, 0x24, 0x00, 0x3f, 0x00, 0x00, 0x00, 0x00, 0x00, 0x00, 0x00, 0x00,
    0x00, 0x00, 0x00, 0x00, 0x00, 0x00, 0x00, 0x00, 0x00, 0x00, 0x00, 0x00, 0x1d, 0x36, 0x96, 0xc3,
    0xca, 0xa2, 0x96, 0x43, 0xc5, 0xd1, 0x95, 0xc3, 0xd7, 0x03, 0xc3, 0x3b, 0xf5, 0x30, 0x89, 0x3d,
    0xa3, 0x6b, 0x7f, 0xbf, 0xff, 0xff, 0xff, 0xa8, 0xab, 0xaa, 0x2a, 0x3f, 0x21, 0x85, 0xeb, 0x3e,
    0xab, 0xaa, 0x2a, 0x3f, 0x21, 0x85, 0xeb, 0x3e, 0x00, 0x00, 0x00, 0x00, 0xda, 0xe2, 0xdd, 0x3f,
    0xfe, 0x24, 0x00, 0x3f, 0x00, 0x00, 0x00, 0x00, 0x00, 0x00, 0x00, 0x00, 0x00, 0x00, 0x00, 0x00,
    0x00, 0x00, 0x00, 0x00, 0x00, 0x00, 0x00, 0x00, 0x20, 0x21, 0x96, 0xc3, 0x2e, 0xa8, 0x96, 0x43,
    0x48, 0xd1, 0x95, 0xc3, 0x6c, 0x0a, 0xc3, 0x3b, 0xcd, 0x2e, 0x89, 0x3d, 0xa8, 0x6b, 0x7f, 0xbf,
    0xff, 0xff, 0xff, 0xa8, 0x00, 0x00, 0x80, 0x3f, 0x92, 0xc2, 0xf5, 0x3e, 0x00, 0x00, 0x80, 0x3f,
    0x92, 0xc2, 0xf5, 0x3e, 0x00, 0x00, 0x00, 0x00, 0xda, 0xe2, 0xdd, 0x3f, 0xfe, 0x24, 0x00, 0x3f,
    0x00, 0x00, 0x00, 0x00, 0x00, 0x00, 0x00, 0x00, 0x00, 0x00, 0x00, 0x00, 0x00, 0x00, 0x00, 0x00,
    0x00, 0x00, 0x00, 0x00, 0x1a, 0x4b, 0x96, 0xc3, 0x69, 0x9d, 0x96, 0x43, 0x42, 0xd2, 0x95, 0xc3,
    0xd7, 0x03, 0xc3, 0x3b, 0xf5, 0x30, 0x89, 0x3d, 0xa3, 0x6b, 0x7f, 0xbf, 0xff, 0xff, 0xff, 0xa8,
    0xab, 0xaa, 0xaa, 0x3e, 0x21, 0x85, 0xeb, 0x3e, 0xab, 0xaa, 0xaa, 0x3e, 0x21, 0x85, 0xeb, 0x3e,
    0x00, 0x00, 0x00, 0x00, 0xda, 0xe2, 0xdd, 0x3f, 0xfe, 0x24, 0x00, 0x3f, 0x00, 0x00, 0x00, 0x00,
    0x00, 0x00, 0x00, 0x00, 0x00, 0x00, 0x00, 0x00, 0x00, 0x00, 0x00, 0x00, 0x00, 0x00, 0x00, 0x00,
    0x17, 0x60, 0x96, 0xc3, 0x08, 0x98, 0x96, 0x43, 0xbe, 0xd2, 0x95, 0xc3, 0xd7, 0x03, 0xc3, 0x3b,
    0xf5, 0x30, 0x89, 0x3d, 0xa3, 0x6b, 0x7f, 0xbf, 0xff, 0xff, 0xff, 0xa8, 0x00, 0x00, 0x00, 0x00,
    0x21, 0x85, 0xeb, 0x3e, 0x00, 0x00, 0x00, 0x00, 0x21, 0x85, 0xeb, 0x3e, 0x00, 0x00, 0x00, 0x00,
    0xda, 0xe2, 0xdd, 0x3f, 0xfe, 0x24, 0x00, 0x3f, 0x00, 0x00, 0x00, 0x00, 0x00, 0x00, 0x00, 0x00,
    0x00, 0x00, 0x00, 0x00, 0x00, 0x00, 0x00, 0x00, 0x00, 0x00, 0x00, 0x00, 0xa0, 0x36, 0x96, 0xc3,
    0x78, 0xa5, 0x96, 0x43, 0x98, 0xd1, 0x95, 0xc3, 0xd7, 0x03, 0xc3, 0x3b, 0xf5, 0x30, 0x89, 0x3d,
    0xa3, 0x6b, 0x7f, 0xbf, 0xff, 0xff, 0xff, 0xa8, 0xab, 0xaa, 0x2a, 0x3f, 0x92, 0xc2, 0xf5, 0x3e,
    0xab, 0xaa, 0x2a, 0x3f, 0x92, 0xc2, 0xf5, 0x3e, 0x00, 0x00, 0x00, 0x00, 0xda, 0xe2, 0xdd, 0x3f,
    0xfe, 0x24, 0x00, 0x3f, 0x00, 0x00, 0x00, 0x00, 0x00, 0x00, 0x00, 0x00, 0x00, 0x00, 0x00, 0x00,
    0x00, 0x00, 0x00, 0x00, 0x00, 0x00, 0x00, 0x00, 0x20, 0x21, 0x96, 0xc3, 0x31, 0xa8, 0x96, 0x43,
    0x48, 0xd1, 0x95, 0xc3, 0xff, 0x05, 0xc3, 0x3b, 0xc4, 0x2e, 0x89, 0x3d, 0xa8, 0x6b, 0x7f, 0xbf,
    0xff, 0xff, 0xff, 0xa8, 0x00, 0x00, 0x80, 0x3f, 0x01, 0x00, 0x00, 0x3f, 0x00, 0x00, 0x80, 0x3f,
    0x01, 0x00, 0x00, 0x3f, 0x00, 0x00, 0x00, 0x00, 0xda, 0xe2, 0xdd, 0x3f, 0xfe, 0x24, 0x00, 0x3f,
    0x00, 0x00, 0x00, 0x00, 0x00, 0x00, 0x00, 0x00, 0x00, 0x00, 0x00, 0x00, 0x00, 0x00, 0x00, 0x00,
    0x00, 0x00, 0x00, 0x00, 0x20, 0x4c, 0x96, 0xc3, 0xc2, 0xa2, 0x96, 0x43, 0xe7, 0xd1, 0x95, 0xc3,
    0xd7, 0x03, 0xc3, 0x3b, 0xf5, 0x30, 0x89, 0x3d, 0xa3, 0x6b, 0x7f, 0xbf, 0xff, 0xff, 0xff, 0xa8,
    0xab, 0xaa, 0xaa, 0x3e, 0x92, 0xc2, 0xf5, 0x3e, 0xab, 0xaa, 0xaa, 0x3e, 0x92, 0xc2, 0xf5, 0x3e,
    0x00, 0x00, 0x00, 0x00, 0xda, 0xe2, 0xdd, 0x3f, 0xfe, 0x24, 0x00, 0x3f, 0x00, 0x00, 0x00, 0x00,
    0x00, 0x00, 0x00, 0x00, 0x00, 0x00, 0x00, 0x00, 0x00, 0x00, 0x00, 0x00, 0x00, 0x00, 0x00, 0x00,
    0xa0, 0x61, 0x96, 0xc3, 0x0c, 0xa0, 0x96, 0x43, 0x37, 0xd2, 0x95, 0xc3, 0xd7, 0x03, 0xc3, 0x3b,
    0xf5, 0x30, 0x89, 0x3d, 0xa3, 0x6b, 0x7f, 0xbf, 0xff, 0xff, 0xff, 0xa8, 0x00, 0x00, 0x00, 0x00,
    0x92, 0xc2, 0xf5, 0x3e, 0x00, 0x00, 0x00, 0x00, 0x92, 0xc2, 0xf5, 0x3e, 0x00, 0x00, 0x00, 0x00,
    0xda, 0xe2, 0xdd, 0x3f, 0xfe, 0x24, 0x00, 0x3f, 0x00, 0x00, 0x00, 0x00, 0x00, 0x00, 0x00, 0x00,
    0x00, 0x00, 0x00, 0x00, 0x00, 0x00, 0x00, 0x00, 0x00, 0x00, 0x00, 0x00, 0xcc, 0x36, 0x96, 0xc3,
    0x31, 0xa8, 0x96, 0x43, 0x69, 0xd1, 0x95, 0xc3, 0xd7, 0x03, 0xc3, 0x3b, 0xf5, 0x30, 0x89, 0x3d,
    0xa3, 0x6b, 0x7f, 0xbf, 0xff, 0xff, 0xff, 0xa8, 0xab, 0xaa, 0x2a, 0x3f, 0x01, 0x00, 0x00, 0x3f,
    0xab, 0xaa, 0x2a, 0x3f, 0x01, 0x00, 0x00, 0x3f, 0x00, 0x00, 0x00, 0x00, 0xda, 0xe2, 0xdd, 0x3f,
    0xfe, 0x24, 0x00, 0x3f, 0x00, 0x00, 0x00, 0x00, 0x00, 0x00, 0x00, 0x00, 0x00, 0x00, 0x00, 0x00,
    0x00, 0x00, 0x00, 0x00, 0x00, 0x00, 0x00, 0x00, 0x20, 0x21, 0x96, 0xc3, 0x34, 0xa8, 0x96, 0x43,
    0x48, 0xd1, 0x95, 0xc3, 0x89, 0x01, 0xc3, 0x3b, 0xc5, 0x2e, 0x89, 0x3d, 0xa8, 0x6b, 0x7f, 0xbf,
    0xff, 0xff, 0xff, 0xa8, 0x00, 0x00, 0x80, 0x3f, 0xb9, 0x1e, 0x05, 0x3f, 0x00, 0x00, 0x80, 0x3f,
    0xb9, 0x1e, 0x05, 0x3f, 0x00, 0x00, 0x00, 0x00, 0xda, 0xe2, 0xdd, 0x3f, 0xfe, 0x24, 0x00, 0x3f,
    0x00, 0x00, 0x00, 0x00, 0x00, 0x00, 0x00, 0x00, 0x00, 0x00, 0x00, 0x00, 0x00, 0x00, 0x00, 0x00,
    0x00, 0x00, 0x00, 0x00, 0x79, 0x4c, 0x96, 0xc3, 0x31, 0xa8, 0x96, 0x43, 0x8a, 0xd1, 0x95, 0xc3,
    0xd7, 0x03, 0xc3, 0x3b, 0xf5, 0x30, 0x89, 0x3d, 0xa3, 0x6b, 0x7f, 0xbf, 0xff, 0xff, 0xff, 0xa8,
    0xab, 0xaa, 0xaa, 0x3e, 0x01, 0x00, 0x00, 0x3f, 0xab, 0xaa, 0xaa, 0x3e, 0x01, 0x00, 0x00, 0x3f,
    0x00, 0x00, 0x00, 0x00, 0xda, 0xe2, 0xdd, 0x3f, 0xfe, 0x24, 0x00, 0x3f, 0x00, 0x00, 0x00, 0x00,
    0x00, 0x00, 0x00, 0x00, 0x00, 0x00, 0x00, 0x00, 0x00, 0x00, 0x00, 0x00, 0x00, 0x00, 0x00, 0x00,
    0x25, 0x62, 0x96, 0xc3, 0x31, 0xa8, 0x96, 0x43, 0xab, 0xd1, 0x95, 0xc3, 0xd7, 0x03, 0xc3, 0x3b,
    0xf5, 0x30, 0x89, 0x3d, 0xa3, 0x6b, 0x7f, 0xbf, 0xff, 0xff, 0xff, 0xa8, 0x00, 0x00, 0x00, 0x00,
    0x01, 0x00, 0x00, 0x3f, 0x00, 0x00, 0x00, 0x00, 0x01, 0x00, 0x00, 0x3f, 0x00, 0x00, 0x00, 0x00,
    0xda, 0xe2, 0xdd, 0x3f, 0xfe, 0x24, 0x00, 0x3f, 0x00, 0x00, 0x00, 0x00, 0x00, 0x00, 0x00, 0x00,
    0x00, 0x00, 0x00, 0x00, 0x00, 0x00, 0x00, 0x00, 0x00, 0x00, 0x00, 0x00, 0xa1, 0x36, 0x96, 0xc3,
    0xea, 0xaa, 0x96, 0x43, 0x3a, 0xd1, 0x95, 0xc3, 0xd7, 0x03, 0xc3, 0x3b, 0xf5, 0x30, 0x89, 0x3d,
    0xa3, 0x6b, 0x7f, 0xbf, 0xff, 0xff, 0xff, 0xa8, 0xab, 0xaa, 0x2a, 0x3f, 0xb9, 0x1e, 0x05, 0x3f,
    0xab, 0xaa, 0x2a, 0x3f, 0xb9, 0x1e, 0x05, 0x3f, 0x00, 0x00, 0x00, 0x00, 0xda, 0xe2, 0xdd, 0x3f,
    0xfe, 0x24, 0x00, 0x3f, 0x00, 0x00, 0x00, 0x00, 0x00, 0x00, 0x00, 0x00, 0x00, 0x00, 0x00, 0x00,
    0x00, 0x00, 0x00, 0x00, 0x00, 0x00, 0x00, 0x00, 0x1f, 0x21, 0x96, 0xc3, 0x38, 0xa8, 0x96, 0x43,
    0x48, 0xd1, 0x95, 0xc3, 0x1b, 0xfd, 0xc2, 0x3b, 0xce, 0x2e, 0x89, 0x3d, 0xa8, 0x6b, 0x7f, 0xbf,
    0xff, 0xff, 0xff, 0xa8, 0x00, 0x00, 0x80, 0x3f, 0x71, 0x3d, 0x0a, 0x3f, 0x00, 0x00, 0x80, 0x3f,
    0x71, 0x3d, 0x0a, 0x3f, 0x00, 0x00, 0x00, 0x00, 0xda, 0xe2, 0xdd, 0x3f, 0xfe, 0x24, 0x00, 0x3f,
    0x00, 0x00, 0x00, 0x00, 0x00, 0x00, 0x00, 0x00, 0x00, 0x00, 0x00, 0x00, 0x00, 0x00, 0x00, 0x00,
    0x00, 0x00, 0x00, 0x00, 0x21, 0x4c, 0x96, 0xc3, 0xa0, 0xad, 0x96, 0x43, 0x2c, 0xd1, 0x95, 0xc3,
    0xd7, 0x03, 0xc3, 0x3b, 0xf5, 0x30, 0x89, 0x3d, 0xa3, 0x6b, 0x7f, 0xbf, 0xff, 0xff, 0xff, 0xa8,
    0xab, 0xaa, 0xaa, 0x3e, 0xb9, 0x1e, 0x05, 0x3f, 0xab, 0xaa, 0xaa, 0x3e, 0xb9, 0x1e, 0x05, 0x3f,
    0x00, 0x00, 0x00, 0x00, 0xda, 0xe2, 0xdd, 0x3f, 0xfe, 0x24, 0x00, 0x3f, 0x00, 0x00, 0x00, 0x00,
    0x00, 0x00, 0x00, 0x00, 0x00, 0x00, 0x00, 0x00, 0x00, 0x00, 0x00, 0x00, 0x00, 0x00, 0x00, 0x00,
    0xa2, 0x61, 0x96, 0xc3, 0x56, 0xb0, 0x96, 0x43, 0x1f, 0xd1, 0x95, 0xc3, 0xd7, 0x03, 0xc3, 0x3b,
    0xf5, 0x30, 0x89, 0x3d, 0xa3, 0x6b, 0x7f, 0xbf, 0xff, 0xff, 0xff, 0xa8, 0x00, 0x00, 0x00, 0x00,
    0xb9, 0x1e, 0x05, 0x3f, 0x00, 0x00, 0x00, 0x00, 0xb9, 0x1e, 0x05, 0x3f, 0x00, 0x00, 0x00, 0x00,
    0xda, 0xe2, 0xdd, 0x3f, 0xfe, 0x24, 0x00, 0x3f, 0x00, 0x00, 0x00, 0x00, 0x00, 0x00, 0x00, 0x00,
    0x00, 0x00, 0x00, 0x00, 0x00, 0x00, 0x00, 0x00, 0x00, 0x00, 0x00, 0x00, 0x1e, 0x36, 0x96, 0xc3,
    0x98, 0xad, 0x96, 0x43, 0x0b, 0xd1, 0x95, 0xc3, 0xd7, 0x03, 0xc3, 0x3b, 0xf5, 0x30, 0x89, 0x3d,
    0xa3, 0x6b, 0x7f, 0xbf, 0xff, 0xff, 0xff, 0xa8, 0xab, 0xaa, 0x2a, 0x3f, 0x71, 0x3d, 0x0a, 0x3f,
    0xab, 0xaa, 0x2a, 0x3f, 0x71, 0x3d, 0x0a, 0x3f, 0x00, 0x00, 0x00, 0x00, 0xda, 0xe2, 0xdd, 0x3f,
    0xfe, 0x24, 0x00, 0x3f, 0x00, 0x00, 0x00, 0x00, 0x00, 0x00, 0x00, 0x00, 0x00, 0x00, 0x00, 0x00,
    0x00, 0x00, 0x00, 0x00, 0x00, 0x00, 0x00, 0x00, 0x1e, 0x21, 0x96, 0xc3, 0x3b, 0xa8, 0x96, 0x43,
    0x47, 0xd1, 0x95, 0xc3, 0xcb, 0xf8, 0xc2, 0x3b, 0xe0, 0x2e, 0x89, 0x3d, 0xa8, 0x6b, 0x7f, 0xbf,
    0xff, 0xff, 0xff, 0xa8, 0x00, 0x00, 0x80, 0x3f, 0x29, 0x5c, 0x0f, 0x3f, 0x00, 0x00, 0x80, 0x3f,
    0x29, 0x5c, 0x0f, 0x3f, 0x00, 0x00, 0x00, 0x00, 0xda, 0xe2, 0xdd, 0x3f, 0xfe, 0x24, 0x00, 0x3f,
    0x00, 0x00, 0x00, 0x00, 0x00, 0x00, 0x00, 0x00, 0x00, 0x00, 0x00, 0x00, 0x00, 0x00, 0x00, 0x00,
    0x00, 0x00, 0x00, 0x00, 0x1c, 0x4b, 0x96, 0xc3, 0xf9, 0xb2, 0x96, 0x43, 0xcf, 0xd0, 0x95, 0xc3,
    0xd7, 0x03, 0xc3, 0x3b, 0xf5, 0x30, 0x89, 0x3d, 0xa3, 0x6b, 0x7f, 0xbf, 0xff, 0xff, 0xff, 0xa8,
    0xab, 0xaa, 0xaa, 0x3e, 0x71, 0x3d, 0x0a, 0x3f, 0xab, 0xaa, 0xaa, 0x3e, 0x71, 0x3d, 0x0a, 0x3f,
    0x00, 0x00, 0x00, 0x00, 0xda, 0xe2, 0xdd, 0x3f, 0xfe, 0x24, 0x00, 0x3f, 0x00, 0x00, 0x00, 0x00,
    0x00, 0x00, 0x00, 0x00, 0x00, 0x00, 0x00, 0x00, 0x00, 0x00, 0x00, 0x00, 0x00, 0x00, 0x00, 0x00,
    0x1b, 0x60, 0x96, 0xc3, 0x5a, 0xb8, 0x96, 0x43, 0x93, 0xd0, 0x95, 0xc3, 0xd7, 0x03, 0xc3, 0x3b,
    0xf5, 0x30, 0x89, 0x3d, 0xa3, 0x6b, 0x7f, 0xbf, 0xff, 0xff, 0xff, 0xa8, 0x00, 0x00, 0x00, 0x00,
    0x71, 0x3d, 0x0a, 0x3f, 0x00, 0x00, 0x00, 0x00, 0x71, 0x3d, 0x0a, 0x3f, 0x00, 0x00, 0x00, 0x00,
    0xda, 0xe2, 0xdd, 0x3f, 0xfe, 0x24, 0x00, 0x3f, 0x00, 0x00, 0x00, 0x00, 0x00, 0x00, 0x00, 0x00,
    0x00, 0x00, 0x00, 0x00, 0x00, 0x00, 0x00, 0x00, 0x00, 0x00, 0x00, 0x00, 0x46, 0x35, 0x96, 0xc3,
    0x31, 0xb0, 0x96, 0x43, 0xdd, 0xd0, 0x95, 0xc3, 0xd7, 0x03, 0xc3, 0x3b, 0xf5, 0x30, 0x89, 0x3d,
    0xa3, 0x6b, 0x7f, 0xbf, 0xff, 0xff, 0xff, 0xa8, 0xab, 0xaa, 0x2a, 0x3f, 0x29, 0x5c, 0x0f, 0x3f,
    0xab, 0xaa, 0x2a, 0x3f, 0x29, 0x5c, 0x0f, 0x3f, 0x00, 0x00, 0x00, 0x00, 0xda, 0xe2, 0xdd, 0x3f,
    0xfe, 0x24, 0x00, 0x3f, 0x00, 0x00, 0x00, 0x00, 0x00, 0x00, 0x00, 0x00, 0x00, 0x00, 0x00, 0x00,
    0x00, 0x00, 0x00, 0x00, 0x00, 0x00, 0x00, 0x00, 0x1d, 0x21, 0x96, 0xc3, 0x3e, 0xa8, 0x96, 0x43,
    0x47, 0xd1, 0x95, 0xc3, 0xa8, 0xf4, 0xc2, 0x3b, 0xfc, 0x2e, 0x89, 0x3d, 0xa6, 0x6b, 0x7f, 0xbf,
    0xff, 0xff, 0xff, 0xa8, 0x00, 0x00, 0x80, 0x3f, 0xe1, 0x7a, 0x14, 0x3f, 0x00, 0x00, 0x80, 0x3f,
    0xe1, 0x7a, 0x14, 0x3f, 0x00, 0x00, 0x00, 0x00, 0xda, 0xe2, 0xdd, 0x3f, 0xfe, 0x24, 0x00, 0x3f,
    0x00, 0x00, 0x00, 0x00, 0x00, 0x00, 0x00, 0x00, 0x00, 0x00, 0x00, 0x00, 0x00, 0x00, 0x00, 0x00,
    0x00, 0x00, 0x00, 0x00, 0x6d, 0x49, 0x96, 0xc3, 0x26, 0xb8, 0x96, 0x43, 0x73, 0xd0, 0x95, 0xc3,
    0xd7, 0x03, 0xc3, 0x3b, 0xf5, 0x30, 0x89, 0x3d, 0xa3, 0x6b, 0x7f, 0xbf, 0xff, 0xff, 0xff, 0xa8,
    0xab, 0xaa, 0xaa, 0x3e, 0x29, 0x5c, 0x0f, 0x3f, 0xab, 0xaa, 0xaa, 0x3e, 0x29, 0x5c, 0x0f, 0x3f,
    0x00, 0x00, 0x00, 0x00, 0xda, 0xe2, 0xdd, 0x3f, 0xfe, 0x24, 0x00, 0x3f, 0x00, 0x00, 0x00, 0x00,
    0x00, 0x00, 0x00, 0x00, 0x00, 0x00, 0x00, 0x00, 0x00, 0x00, 0x00, 0x00, 0x00, 0x00, 0x00, 0x00,
    0x94, 0x5d, 0x96, 0xc3, 0x1c, 0xc0, 0x96, 0x43, 0x09, 0xd0, 0x95, 0xc3, 0xd7, 0x03, 0xc3, 0x3b,
    0xf5, 0x30, 0x89, 0x3d, 0xa3, 0x6b, 0x7f, 0xbf, 0xff, 0xff, 0xff, 0xa8, 0x00, 0x00, 0x00, 0x00,
    0x29, 0x5c, 0x0f, 0x3f, 0x00, 0x00, 0x00, 0x00, 0x29, 0x5c, 0x0f, 0x3f, 0x00, 0x00, 0x00, 0x00,
    0xda, 0xe2, 0xdd, 0x3f, 0xfe, 0x24, 0x00, 0x3f, 0x00, 0x00, 0x00, 0x00, 0x00, 0x00, 0x00, 0x00,
    0x00, 0x00, 0x00, 0x00, 0x00, 0x00, 0x00, 0x00, 0x00, 0x00, 0x00, 0x00, 0x1c, 0x34, 0x96, 0xc3,
    0xa9, 0xb2, 0x96, 0x43, 0xb1, 0xd0, 0x95, 0xc3, 0xd7, 0x03, 0xc3, 0x3b, 0xf5, 0x30, 0x89, 0x3d,
    0xa3, 0x6b, 0x7f, 0xbf, 0xff, 0xff, 0xff, 0xa8, 0xab, 0xaa, 0x2a, 0x3f, 0xe1, 0x7a, 0x14, 0x3f,
    0xab, 0xaa, 0x2a, 0x3f, 0xe1, 0x7a, 0x14, 0x3f, 0x00, 0x00, 0x00, 0x00, 0xda, 0xe2, 0xdd, 0x3f,
    0xfe, 0x24, 0x00, 0x3f, 0x00, 0x00, 0x00, 0x00, 0x00, 0x00, 0x00, 0x00, 0x00, 0x00, 0x00, 0x00,
    0x00, 0x00, 0x00, 0x00, 0x00, 0x00, 0x00, 0x00, 0x1b, 0x21, 0x96, 0xc3, 0x40, 0xa8, 0x96, 0x43,
    0x47, 0xd1, 0x95, 0xc3, 0xc0, 0xf0, 0xc2, 0x3b, 0x1d, 0x2f, 0x89, 0x3d, 0xa6, 0x6b, 0x7f, 0xbf,
    0xff, 0xff, 0xff, 0xa8, 0x00, 0x00, 0x80, 0x3f, 0x99, 0x99, 0x19, 0x3f, 0x00, 0x00, 0x80, 0x3f,
    0x99, 0x99, 0x19, 0x3f, 0x00, 0x00, 0x00, 0x00, 0xda, 0xe2, 0xdd, 0x3f, 0xfe, 0x24, 0x00, 0x3f,
    0x00, 0x00, 0x00, 0x00, 0x00, 0x00, 0x00, 0x00, 0x00, 0x00, 0x00, 0x00, 0x00, 0x00, 0x00, 0x00,
    0x00, 0x00, 0x00, 0x00, 0x1b, 0x47, 0x96, 0xc3, 0x13, 0xbd, 0x96, 0x43, 0x1b, 0xd0, 0x95, 0xc3,
    0xd7, 0x03, 0xc3, 0x3b, 0xf5, 0x30, 0x89, 0x3d, 0xa3, 0x6b, 0x7f, 0xbf, 0xff, 0xff, 0xff, 0xa8,
    0xab, 0xaa, 0xaa, 0x3e, 0xe1, 0x7a, 0x14, 0x3f, 0xab, 0xaa, 0xaa, 0x3e, 0xe1, 0x7a, 0x14, 0x3f,
    0x00, 0x00, 0x00, 0x00, 0xda, 0xe2, 0xdd, 0x3f, 0xfe, 0x24, 0x00, 0x3f, 0x00, 0x00, 0x00, 0x00,
    0x00, 0x00, 0x00, 0x00, 0x00, 0x00, 0x00, 0x00, 0x00, 0x00, 0x00, 0x00, 0x00, 0x00, 0x00, 0x00,
    0x1a, 0x5a, 0x96, 0xc3, 0x7e, 0xc7, 0x96, 0x43, 0x85, 0xcf, 0x95, 0xc3, 0xd7, 0x03, 0xc3, 0x3b,
    0xf5, 0x30, 0x89, 0x3d, 0xa3, 0x6b, 0x7f, 0xbf, 0xff, 0xff, 0xff, 0xa8, 0x00, 0x00, 0x00, 0x00,
    0xe1, 0x7a, 0x14, 0x3f, 0x00, 0x00, 0x00, 0x00, 0xe1, 0x7a, 0x14, 0x3f, 0x00, 0x00, 0x00, 0x00,
    0xda, 0xe2, 0xdd, 0x3f, 0xfe, 0x24, 0x00, 0x3f, 0x00, 0x00, 0x00, 0x00, 0x00, 0x00, 0x00, 0x00,
    0x00, 0x00, 0x00, 0x00, 0x00, 0x00, 0x00, 0x00, 0x00, 0x00, 0x00, 0x00, 0xa5, 0x32, 0x96, 0xc3,
    0xf6, 0xb4, 0x96, 0x43, 0x87, 0xd0, 0x95, 0xc3, 0xd7, 0x03, 0xc3, 0x3b, 0xf5, 0x30, 0x89, 0x3d,
    0xa3, 0x6b, 0x7f, 0xbf, 0xff, 0xff, 0xff, 0xa8, 0xab, 0xaa, 0x2a, 0x3f, 0x99, 0x99, 0x19, 0x3f,
    0xab, 0xaa, 0x2a, 0x3f, 0x99, 0x99, 0x19, 0x3f, 0x00, 0x00, 0x00, 0x00, 0xda, 0xe2, 0xdd, 0x3f,
    0xfe, 0x24, 0x00, 0x3f, 0x00, 0x00, 0x00, 0x00, 0x00, 0x00, 0x00, 0x00, 0x00, 0x00, 0x00, 0x00,
    0x00, 0x00, 0x00, 0x00, 0x00, 0x00, 0x00, 0x00, 0x19, 0x21, 0x96, 0xc3, 0x43, 0xa8, 0x96, 0x43,
    0x47, 0xd1, 0x95, 0xc3, 0x24, 0xed, 0xc2, 0x3b, 0x47, 0x2f, 0x89, 0x3d, 0xa6, 0x6b, 0x7f, 0xbf,
    0xff, 0xff, 0xff, 0xa8, 0x00, 0x00, 0x80, 0x3f, 0x51, 0xb8, 0x1e, 0x3f, 0x00, 0x00, 0x80, 0x3f,
    0x51, 0xb8, 0x1e, 0x3f, 0x00, 0x00, 0x00, 0x00, 0xda, 0xe2, 0xdd, 0x3f, 0xfe, 0x24, 0x00, 0x3f,
    0x00, 0x00, 0x00, 0x00, 0x00, 0x00, 0x00, 0x00, 0x00, 0x00, 0x00, 0x00, 0x00, 0x00, 0x00, 0x00,
    0x00, 0x00, 0x00, 0x00, 0x2f, 0x44, 0x96, 0xc3, 0xac, 0xc1, 0x96, 0x43, 0xc8, 0xcf, 0x95, 0xc3,
    0xd7, 0x03, 0xc3, 0x3b, 0xf5, 0x30, 0x89, 0x3d, 0xa3, 0x6b, 0x7f, 0xbf, 0xff, 0xff, 0xff, 0xa8,
    0xab, 0xaa, 0xaa, 0x3e, 0x99, 0x99, 0x19, 0x3f, 0xab, 0xaa, 0xaa, 0x3e, 0x99, 0x99, 0x19, 0x3f,
    0x00, 0x00, 0x00, 0x00, 0xda, 0xe2, 0xdd, 0x3f, 0xfe, 0x24, 0x00, 0x3f, 0x00, 0x00, 0x00, 0x00,
    0x00, 0x00, 0x00, 0x00, 0x00, 0x00, 0x00, 0x00, 0x00, 0x00, 0x00, 0x00, 0x00, 0x00, 0x00, 0x00,
    0xb9, 0x55, 0x96, 0xc3, 0x62, 0xce, 0x96, 0x43, 0x08, 0xcf, 0x95, 0xc3, 0xd7, 0x03, 0xc3, 0x3b,
    0xf5, 0x30, 0x89, 0x3d, 0xa3, 0x6b, 0x7f, 0xbf, 0xff, 0xff, 0xff, 0xa8, 0x00, 0x00, 0x00, 0x00,
    0x99, 0x99, 0x19, 0x3f, 0x00, 0x00, 0x00, 0x00, 0x99, 0x99, 0x19, 0x3f, 0x00, 0x00, 0x00, 0x00,
    0xda, 0xe2, 0xdd, 0x3f, 0xfe, 0x24, 0x00, 0x3f, 0x00, 0x00, 0x00, 0x00, 0x00, 0x00, 0x00, 0x00,
    0x00, 0x00, 0x00, 0x00, 0x00, 0x00, 0x00, 0x00, 0x00, 0x00, 0x00, 0x00, 0xe7, 0x30, 0x96, 0xc3,
    0x10, 0xb7, 0x96, 0x43, 0x61, 0xd0, 0x95, 0xc3, 0xd7, 0x03, 0xc3, 0x3b, 0xf5, 0x30, 0x89, 0x3d,
    0xa3, 0x6b, 0x7f, 0xbf, 0xff, 0xff, 0xff, 0xa8, 0xab, 0xaa, 0x2a, 0x3f, 0x51, 0xb8, 0x1e, 0x3f,
    0xab, 0xaa, 0x2a, 0x3f, 0x51, 0xb8, 0x1e, 0x3f, 0x00, 0x00, 0x00, 0x00, 0xda, 0xe2, 0xdd, 0x3f,
    0xfe, 0x24, 0x00, 0x3f, 0x00, 0x00, 0x00, 0x00, 0x00, 0x00, 0x00, 0x00, 0x00, 0x00, 0x00, 0x00,
    0x00, 0x00, 0x00, 0x00, 0x00, 0x00, 0x00, 0x00, 0x17, 0x21, 0x96, 0xc3, 0x45, 0xa8, 0x96, 0x43,
    0x47, 0xd1, 0x95, 0xc3, 0xe7, 0xe9, 0xc2, 0x3b, 0x78, 0x2f, 0x89, 0x3d, 0xa6, 0x6b, 0x7f, 0xbf,
    0xff, 0xff, 0xff, 0xa8, 0x00, 0x00, 0x80, 0x3f, 0x09, 0xd7, 0x23, 0x3f, 0x00, 0x00, 0x80, 0x3f,
    0x09, 0xd7, 0x23, 0x3f, 0x00, 0x00, 0x00, 0x00, 0xda, 0xe2, 0xdd, 0x3f, 0xfe, 0x24, 0x00, 0x3f,
    0x00, 0x00, 0x00, 0x00, 0x00, 0x00, 0x00, 0x00, 0x00, 0x00, 0x00, 0x00, 0x00, 0x00, 0x00, 0x00,
    0x00, 0x00, 0x00, 0x00, 0xb5, 0x40, 0x96, 0xc3, 0xde, 0xc5, 0x96, 0x43, 0x7a, 0xcf, 0x95, 0xc3,
    0xd7, 0x03, 0xc3, 0x3b, 0xf5, 0x30, 0x89, 0x3d, 0xa3, 0x6b, 0x7f, 0xbf, 0xff, 0xff, 0xff, 0xa8,
    0xab, 0xaa, 0xaa, 0x3e, 0x51, 0xb8, 0x1e, 0x3f, 0xab, 0xaa, 0xaa, 0x3e, 0x51, 0xb8, 0x1e, 0x3f,
    0x00, 0x00, 0x00, 0x00, 0xda, 0xe2, 0xdd, 0x3f, 0xfe, 0x24, 0x00, 0x3f, 0x00, 0x00, 0x00, 0x00,
    0x00, 0x00, 0x00, 0x00, 0x00, 0x00, 0x00, 0x00, 0x00, 0x00, 0x00, 0x00, 0x00, 0x00, 0x00, 0x00,
    0x83, 0x50, 0x96, 0xc3, 0xab, 0xd4, 0x96, 0x43, 0x94, 0xce, 0x95, 0xc3, 0xd7, 0x03, 0xc3, 0x3b,
    0xf5, 0x30, 0x89, 0x3d, 0xa3, 0x6b, 0x7f, 0xbf, 0xff, 0xff, 0xff, 0xa8, 0x00, 0x00, 0x00, 0x00,
    0x51, 0xb8, 0x1e, 0x3f, 0x00, 0x00, 0x00, 0x00, 0x51, 0xb8, 0x1e, 0x3f, 0x00, 0x00, 0x00, 0x00,
    0xda, 0xe2, 0xdd, 0x3f, 0xfe, 0x24, 0x00, 0x3f, 0x00, 0x00, 0x00, 0x00, 0x00, 0x00, 0x00, 0x00,
    0x00, 0x00, 0x00, 0x00, 0x00, 0x00, 0x00, 0x00, 0x00, 0x00, 0x00, 0x00, 0xe9, 0x2e, 0x96, 0xc3,
    0xef, 0xb8, 0x96, 0x43, 0x3d, 0xd0, 0x95, 0xc3, 0xd7, 0x03, 0xc3, 0x3b, 0xf5, 0x30, 0x89, 0x3d,
    0xa3, 0x6b, 0x7f, 0xbf, 0xff, 0xff, 0xff, 0xa8, 0xab, 0xaa, 0x2a, 0x3f, 0x09, 0xd7, 0x23, 0x3f,
    0xab, 0xaa, 0x2a, 0x3f, 0x09, 0xd7, 0x23, 0x3f, 0x00, 0x00, 0x00, 0x00, 0xda, 0xe2, 0xdd, 0x3f,
    0xfe, 0x24, 0x00, 0x3f, 0x00, 0x00, 0x00, 0x00, 0x00, 0x00, 0x00, 0x00, 0x00, 0x00, 0x00, 0x00,
    0x00, 0x00, 0x00, 0x00, 0x00, 0x00, 0x00, 0x00, 0x14, 0x21, 0x96, 0xc3, 0x47, 0xa8, 0x96, 0x43,
    0x47, 0xd1, 0x95, 0xc3, 0x14, 0xe7, 0xc2, 0x3b, 0xaf, 0x2f, 0x89, 0x3d, 0xa6, 0x6b, 0x7f, 0xbf,
    0xff, 0xff, 0xff, 0xa8, 0x00, 0x00, 0x80, 0x3f, 0xc1, 0xf5, 0x28, 0x3f, 0x00, 0x00, 0x80, 0x3f,
    0xc1, 0xf5, 0x28, 0x3f, 0x00, 0x00, 0x00, 0x00, 0xda, 0xe2, 0xdd, 0x3f, 0xfe, 0x24, 0x00, 0x3f,
    0x00, 0x00, 0x00, 0x00, 0x00, 0x00, 0x00, 0x00, 0x00, 0x00, 0x00, 0x00, 0x00, 0x00, 0x00, 0x00,
    0x00, 0x00, 0x00, 0x00, 0xbb, 0x3c, 0x96, 0xc3, 0x98, 0xc9, 0x96, 0x43, 0x34, 0xcf, 0x95, 0xc3,
    0xd7, 0x03, 0xc3, 0x3b, 0xf5, 0x30, 0x89, 0x3d, 0xa3, 0x6b, 0x7f, 0xbf, 0xff, 0xff, 0xff, 0xa8,
    0xab, 0xaa, 0xaa, 0x3e, 0x09, 0xd7, 0x23, 0x3f, 0xab, 0xaa, 0xaa, 0x3e, 0x09, 0xd7, 0x23, 0x3f,
    0x00, 0x00, 0x00, 0x00, 0xda, 0xe2, 0xdd, 0x3f, 0xfe, 0x24, 0x00, 0x3f, 0x00, 0x00, 0x00, 0x00,
    0x00, 0x00, 0x00, 0x00, 0x00, 0x00, 0x00, 0x00, 0x00, 0x00, 0x00, 0x00, 0x00, 0x00, 0x00, 0x00,
    0x8d, 0x4a, 0x96, 0xc3, 0x41, 0xda, 0x96, 0x43, 0x2b, 0xce, 0x95, 0xc3, 0xd7, 0x03, 0xc3, 0x3b,
    0xf5, 0x30, 0x89, 0x3d, 0xa3, 0x6b, 0x7f, 0xbf, 0xff, 0xff, 0xff, 0xa8, 0x00, 0x00, 0x00, 0x00,
    0x09, 0xd7, 0x23, 0x3f, 0x00, 0x00, 0x00, 0x00, 0x09, 0xd7, 0x23, 0x3f, 0x00, 0x00, 0x00, 0x00,
    0xda, 0xe2, 0xdd, 0x3f, 0xfe, 0x24, 0x00, 0x3f, 0x00, 0x00, 0x00, 0x00, 0x00, 0x00, 0x00, 0x00,
    0x00, 0x00, 0x00, 0x00, 0x00, 0x00, 0x00, 0x00, 0x00, 0x00, 0x00, 0x00, 0xb3, 0x2c, 0x96, 0xc3,
    0x89, 0xba, 0x96, 0x43, 0x1f, 0xd0, 0x95, 0xc3, 0xd7, 0x03, 0xc3, 0x3b, 0xf5, 0x30, 0x89, 0x3d,
    0xa3, 0x6b, 0x7f, 0xbf, 0xff, 0xff, 0xff, 0xa8, 0xab, 0xaa, 0x2a, 0x3f, 0xc1, 0xf5, 0x28, 0x3f,
    0xab, 0xaa, 0x2a, 0x3f, 0xc1, 0xf5, 0x28, 0x3f, 0x00, 0x00, 0x00, 0x00, 0xda, 0xe2, 0xdd, 0x3f,
    0xfe, 0x24, 0x00, 0x3f, 0x00, 0x00, 0x00, 0x00, 0x00, 0x00, 0x00, 0x00, 0x00, 0x00, 0x00, 0x00,
    0x00, 0x00, 0x00, 0x00, 0x00, 0x00, 0x00, 0x00, 0x11, 0x21, 0x96, 0xc3, 0x49, 0xa8, 0x96, 0x43,
    0x46, 0xd1, 0x95, 0xc3, 0xb2, 0xe4, 0xc2, 0x3b, 0xec, 0x2f, 0x89, 0x3d, 0xa7, 0x6b, 0x7f, 0xbf,
    0xff, 0xff, 0xff, 0xa8, 0x00, 0x00, 0x80, 0x3f, 0x79, 0x14, 0x2e, 0x3f, 0x00, 0x00, 0x80, 0x3f,
    0x79, 0x14, 0x2e, 0x3f, 0x00, 0x00, 0x00, 0x00, 0xda, 0xe2, 0xdd, 0x3f, 0xfe, 0x24, 0x00, 0x3f,
    0x00, 0x00, 0x00, 0x00, 0x00, 0x00, 0x00, 0x00, 0x00, 0x00, 0x00, 0x00, 0x00, 0x00, 0x00, 0x00,
    0x00, 0x00, 0x00, 0x00, 0x52, 0x38, 0x96, 0xc3, 0xcb, 0xcc, 0x96, 0x43, 0xf6, 0xce, 0x95, 0xc3,
    0xd7, 0x03, 0xc3, 0x3b, 0xf5, 0x30, 0x89, 0x3d, 0xa3, 0x6b, 0x7f, 0xbf, 0xff, 0xff, 0xff, 0xa8,
    0xab, 0xaa, 0xaa, 0x3e, 0xc1, 0xf5, 0x28, 0x3f, 0xab, 0xaa, 0xaa, 0x3e, 0xc1, 0xf5, 0x28, 0x3f,
    0x00, 0x00, 0x00, 0x00, 0xda, 0xe2, 0xdd, 0x3f, 0xfe, 0x24, 0x00, 0x3f, 0x00, 0x00, 0x00, 0x00,
    0x00, 0x00, 0x00, 0x00, 0x00, 0x00, 0x00, 0x00, 0x00, 0x00, 0x00, 0x00, 0x00, 0x00, 0x00, 0x00,
    0xf0, 0x43, 0x96, 0xc3, 0x0d, 0xdf, 0x96, 0x43, 0xce, 0xcd, 0x95, 0xc3, 0xd7, 0x03, 0xc3, 0x3b,
    0xf5, 0x30, 0x89, 0x3d, 0xa3, 0x6b, 0x7f, 0xbf, 0xff, 0xff, 0xff, 0xa8, 0x00, 0x00, 0x00, 0x00,
    0xc1, 0xf5, 0x28, 0x3f, 0x00, 0x00, 0x00, 0x00, 0xc1, 0xf5, 0x28, 0x3f, 0x00, 0x00, 0x00, 0x00,
    0xda, 0xe2, 0xdd, 0x3f, 0xfe, 0x24, 0x00, 0x3f, 0x00, 0x00, 0x00, 0x00, 0x00, 0x00, 0x00, 0x00,
    0x00, 0x00, 0x00, 0x00, 0x00, 0x00, 0x00, 0x00, 0x00, 0x00, 0x00, 0x00, 0x4d, 0x2a, 0x96, 0xc3,
    0xda, 0xbb, 0x96, 0x43, 0x04, 0xd0, 0x95, 0xc3, 0xd7, 0x03, 0xc3, 0x3b, 0xf5, 0x30, 0x89, 0x3d,
    0xa3, 0x6b, 0x7f, 0xbf, 0xff, 0xff, 0xff, 0xa8, 0xab, 0xaa, 0x2a, 0x3f, 0x79, 0x14, 0x2e, 0x3f,
    0xab, 0xaa, 0x2a, 0x3f, 0x79, 0x14, 0x2e, 0x3f, 0x00, 0x00, 0x00, 0x00, 0xda, 0xe2, 0xdd, 0x3f,
    0xfe, 0x24, 0x00, 0x3f, 0x00, 0x00, 0x00, 0x00, 0x00, 0x00, 0x00, 0x00, 0x00, 0x00, 0x00, 0x00,
    0x00, 0x00, 0x00, 0x00, 0x00, 0x00, 0x00, 0x00, 0x0e, 0x21, 0x96, 0xc3, 0x4a, 0xa8, 0x96, 0x43,
    0x46, 0xd1, 0x95, 0xc3, 0xcc, 0xe2, 0xc2, 0x3b, 0x2b, 0x30, 0x89, 0x3d, 0xa4, 0x6b, 0x7f, 0xbf,
    0xff, 0xff, 0xff, 0xa8, 0x00, 0x00, 0x80, 0x3f, 0x31, 0x33, 0x33, 0x3f, 0x00, 0x00, 0x80, 0x3f,
    0x31, 0x33, 0x33, 0x3f, 0x00, 0x00, 0x00, 0x00, 0xda, 0xe2, 0xdd, 0x3f, 0xfe, 0x24, 0x00, 0x3f,
    0x00, 0x00, 0x00, 0x00, 0x00, 0x00, 0x00, 0x00, 0x00, 0x00, 0x00, 0x00, 0x00, 0x00, 0x00, 0x00,
    0x00, 0x00, 0x00, 0x00, 0x8a, 0x33, 0x96, 0xc3, 0x6b, 0xcf, 0x96, 0x43, 0xc2, 0xce, 0x95, 0xc3,
    0xd7, 0x03, 0xc3, 0x3b, 0xf5, 0x30, 0x89, 0x3d, 0xa3, 0x6b, 0x7f, 0xbf, 0xff, 0xff, 0xff, 0xa8,
    0xab, 0xaa, 0xaa, 0x3e, 0x79, 0x14, 0x2e, 0x3f, 0xab, 0xaa, 0xaa, 0x3e, 0x79, 0x14, 0x2e, 0x3f,
    0x00, 0x00, 0x00, 0x00, 0xda, 0xe2, 0xdd, 0x3f, 0xfe, 0x24, 0x00, 0x3f, 0x00, 0x00, 0x00, 0x00,
    0x00, 0x00, 0x00, 0x00, 0x00, 0x00, 0x00, 0x00, 0x00, 0x00, 0x00, 0x00, 0x00, 0x00, 0x00, 0x00,
    0xc6, 0x3c, 0x96, 0xc3, 0xfb, 0xe2, 0x96, 0x43, 0x80, 0xcd, 0x95, 0xc3, 0xd7, 0x03, 0xc3, 0x3b,
    0xf5, 0x30, 0x89, 0x3d, 0xa3, 0x6b, 0x7f, 0xbf, 0xff, 0xff, 0xff, 0xa8, 0x00, 0x00, 0x00, 0x00,
    0x79, 0x14, 0x2e, 0x3f, 0x00, 0x00, 0x00, 0x00, 0x79, 0x14, 0x2e, 0x3f, 0x00, 0x00, 0x00, 0x00,
    0xda, 0xe2, 0xdd, 0x3f, 0xfe, 0x24, 0x00, 0x3f, 0x00, 0x00, 0x00, 0x00, 0x00, 0x00, 0x00, 0x00,
    0x00, 0x00, 0x00, 0x00, 0x00, 0x00, 0x00, 0x00, 0x00, 0x00, 0x00, 0x00, 0xc3, 0x27, 0x96, 0xc3,
    0xdb, 0xbc, 0x96, 0x43, 0xef, 0xcf, 0x95, 0xc3, 0xd7, 0x03, 0xc3, 0x3b, 0xf5, 0x30, 0x89, 0x3d,
    0xa3, 0x6b, 0x7f, 0xbf, 0xff, 0xff, 0xff, 0xa8, 0xab, 0xaa, 0x2a, 0x3f, 0x31, 0x33, 0x33, 0x3f,
    0xab, 0xaa, 0x2a, 0x3f, 0x31, 0x33, 0x33, 0x3f, 0x00, 0x00, 0x00, 0x00, 0xda, 0xe2, 0xdd, 0x3f,
    0xfe, 0x24, 0x00, 0x3f, 0x00, 0x00, 0x00, 0x00, 0x00, 0x00, 0x00, 0x00, 0x00, 0x00, 0x00, 0x00,
    0x00, 0x00, 0x00, 0x00, 0x00, 0x00, 0x00, 0x00, 0x0b, 0x21, 0x96, 0xc3, 0x4b, 0xa8, 0x96, 0x43,
    0x46, 0xd1, 0x95, 0xc3, 0x6f, 0xe1, 0xc2, 0x3b, 0x6f, 0x30, 0x89, 0x3d, 0xa4, 0x6b, 0x7f, 0xbf,
    0xff, 0xff, 0xff, 0xa8, 0x00, 0x00, 0x80, 0x3f, 0xe9, 0x51, 0x38, 0x3f, 0x00, 0x00, 0x80, 0x3f,
    0xe9, 0x51, 0x38, 0x3f, 0x00, 0x00, 0x00, 0x00, 0xda, 0xe2, 0xdd, 0x3f, 0xfe, 0x24, 0x00, 0x3f,
    0x00, 0x00, 0x00, 0x00, 0x00, 0x00, 0x00, 0x00, 0x00, 0x00, 0x00, 0x00, 0x00, 0x00, 0x00, 0x00,
    0x00, 0x00, 0x00, 0x00, 0x77, 0x2e, 0x96, 0xc3, 0x6c, 0xd1, 0x96, 0x43, 0x98, 0xce, 0x95, 0xc3,
    0xd7, 0x03, 0xc3, 0x3b, 0xf5, 0x30, 0x89, 0x3d, 0xa3, 0x6b, 0x7f, 0xbf, 0xff, 0xff, 0xff, 0xa8,
    0xab, 0xaa, 0xaa, 0x3e, 0x31, 0x33, 0x33, 0x3f, 0xab, 0xaa, 0xaa, 0x3e, 0x31, 0x33, 0x33, 0x3f,
    0x00, 0x00, 0x00, 0x00, 0xda, 0xe2, 0xdd, 0x3f, 0xfe, 0x24, 0x00, 0x3f, 0x00, 0x00, 0x00, 0x00,
    0x00, 0x00, 0x00, 0x00, 0x00, 0x00, 0x00, 0x00, 0x00, 0x00, 0x00, 0x00, 0x00, 0x00, 0x00, 0x00,
    0x2c, 0x35, 0x96, 0xc3, 0xfc, 0xe5, 0x96, 0x43, 0x41, 0xcd, 0x95, 0xc3, 0xd7, 0x03, 0xc3, 0x3b,
    0xf5, 0x30, 0x89, 0x3d, 0xa3, 0x6b, 0x7f, 0xbf, 0xff, 0xff, 0xff, 0xa8, 0x00, 0x00, 0x00, 0x00,
    0x31, 0x33, 0x33, 0x3f, 0x00, 0x00, 0x00, 0x00, 0x31, 0x33, 0x33, 0x3f, 0x00, 0x00, 0x00, 0x00,
    0xda, 0xe2, 0xdd, 0x3f, 0xfe, 0x24, 0x00, 0x3f, 0x00, 0x00, 0x00, 0x00, 0x00, 0x00, 0x00, 0x00,
    0x00, 0x00, 0x00, 0x00, 0x00, 0x00, 0x00, 0x00, 0x00, 0x00, 0x00, 0x00, 0x1d, 0x25, 0x96, 0xc3,
    0x88, 0xbd, 0x96, 0x43, 0xdf, 0xcf, 0x95, 0xc3, 0xd7, 0x03, 0xc3, 0x3b, 0xf5, 0x30, 0x89, 0x3d,
    0xa3, 0x6b, 0x7f, 0xbf, 0xff, 0xff, 0xff, 0xa8, 0xab, 0xaa, 0x2a, 0x3f, 0xe9, 0x51, 0x38, 0x3f,
    0xab, 0xaa, 0x2a, 0x3f, 0xe9, 0x51, 0x38, 0x3f, 0x00, 0x00, 0x00, 0x00, 0xda, 0xe2, 0xdd, 0x3f,
    0xfe, 0x24, 0x00, 0x3f, 0x00, 0x00, 0x00, 0x00, 0x00, 0x00, 0x00, 0x00, 0x00, 0x00, 0x00, 0x00,
    0x00, 0x00, 0x00, 0x00, 0x00, 0x00, 0x00, 0x00, 0x08, 0x21, 0x96, 0xc3, 0x4b, 0xa8, 0x96, 0x43,
    0x46, 0xd1, 0x95, 0xc3, 0x98, 0xe0, 0xc2, 0x3b, 0xb6, 0x30, 0x89, 0x3d, 0xa5, 0x6b, 0x7f, 0xbf,
    0xff, 0xff, 0xff, 0xa8, 0x00, 0x00, 0x80, 0x3f, 0xa1, 0x70, 0x3d, 0x3f, 0x00, 0x00, 0x80, 0x3f,
    0xa1, 0x70, 0x3d, 0x3f, 0x00, 0x00, 0x00, 0x00, 0xda, 0xe2, 0xdd, 0x3f, 0xfe, 0x24, 0x00, 0x3f,
    0x00, 0x00, 0x00, 0x00, 0x00, 0x00, 0x00, 0x00, 0x00, 0x00, 0x00, 0x00, 0x00, 0x00, 0x00, 0x00,
    0x00, 0x00, 0x00, 0x00, 0x2f, 0x29, 0x96, 0xc3, 0xc6, 0xd2, 0x96, 0x43, 0x79, 0xce, 0x95, 0xc3,
    0xd7, 0x03, 0xc3, 0x3b, 0xf5, 0x30, 0x89, 0x3d, 0xa3, 0x6b, 0x7f, 0xbf, 0xff, 0xff, 0xff, 0xa8,
    0xab, 0xaa, 0xaa, 0x3e, 0xe9, 0x51, 0x38, 0x3f, 0xab, 0xaa, 0xaa, 0x3e, 0xe9, 0x51, 0x38, 0x3f,
    0x00, 0x00, 0x00, 0x00, 0xda, 0xe2, 0xdd, 0x3f, 0xfe, 0x24, 0x00, 0x3f, 0x00, 0x00, 0x00, 0x00,
    0x00, 0x00, 0x00, 0x00, 0x00, 0x00, 0x00, 0x00, 0x00, 0x00, 0x00, 0x00, 0x00, 0x00, 0x00, 0x00,
    0x40, 0x2d, 0x96, 0xc3, 0x04, 0xe8, 0x96, 0x43, 0x12, 0xcd, 0x95, 0xc3, 0xd7, 0x03, 0xc3, 0x3b,
    0xf5, 0x30, 0x89, 0x3d, 0xa3, 0x6b, 0x7f, 0xbf, 0xff, 0xff, 0xff, 0xa8, 0x00, 0x00, 0x00, 0x00,
    0xe9, 0x51, 0x38, 0x3f, 0x00, 0x00, 0x00, 0x00, 0xe9, 0x51, 0x38, 0x3f, 0x00, 0x00, 0x00, 0x00,
    0xda, 0xe2, 0xdd, 0x3f, 0xfe, 0x24, 0x00, 0x3f, 0x00, 0x00, 0x00, 0x00, 0x00, 0x00, 0x00, 0x00,
    0x00, 0x00, 0x00, 0x00, 0x00, 0x00, 0x00, 0x00, 0x00, 0x00, 0x00, 0x00, 0x66, 0x22, 0x96, 0xc3,
    0xe0, 0xbd, 0x96, 0x43, 0xd5, 0xcf, 0x95, 0xc3, 0xd7, 0x03, 0xc3, 0x3b, 0xf5, 0x30, 0x89, 0x3d,
    0xa3, 0x6b, 0x7f, 0xbf, 0xff, 0xff, 0xff, 0xa8, 0xab, 0xaa, 0x2a, 0x3f, 0xa1, 0x70, 0x3d, 0x3f,
    0xab, 0xaa, 0x2a, 0x3f, 0xa1, 0x70, 0x3d, 0x3f, 0x00, 0x00, 0x00, 0x00, 0xda, 0xe2, 0xdd, 0x3f,
    0xfe, 0x24, 0x00, 0x3f, 0x00, 0x00, 0x00, 0x00, 0x00, 0x00, 0x00, 0x00, 0x00, 0x00, 0x00, 0x00,
    0x00, 0x00, 0x00, 0x00, 0x00, 0x00, 0x00, 0x00, 0x04, 0x21, 0x96, 0xc3, 0x4b, 0xa8, 0x96, 0x43,
    0x46, 0xd1, 0x95, 0xc3, 0x4f, 0xe0, 0xc2, 0x3b, 0xf5, 0x30, 0x89, 0x3d, 0xa3, 0x6b, 0x7f, 0xbf,
    0xff, 0xff, 0xff, 0xa8, 0x00, 0x00, 0x80, 0x3f, 0x59, 0x8f, 0x42, 0x3f, 0x00, 0x00, 0x80, 0x3f,
    0x59, 0x8f, 0x42, 0x3f, 0x00, 0x00, 0x00, 0x00, 0xda, 0xe2, 0xdd, 0x3f, 0xfe, 0x24, 0x00, 0x3f,
    0x00, 0x00, 0x00, 0x00, 0x00, 0x00, 0x00, 0x00, 0x00, 0x00, 0x00, 0x00, 0x00, 0x00, 0x00, 0x00,
    0x00, 0x00, 0x00, 0x00, 0xc5, 0x23, 0x96, 0xc3, 0x75, 0xd3, 0x96, 0x43, 0x65, 0xce, 0x95, 0xc3,
    0xd7, 0x03, 0xc3, 0x3b, 0xf5, 0x30, 0x89, 0x3d, 0xa3, 0x6b, 0x7f, 0xbf, 0xff, 0xff, 0xff, 0xa8,
    0xab, 0xaa, 0xaa, 0x3e, 0xa1, 0x70, 0x3d, 0x3f, 0xab, 0xaa, 0xaa, 0x3e, 0xa1, 0x70, 0x3d, 0x3f,
    0x00, 0x00, 0x00, 0x00, 0xda, 0xe2, 0xdd, 0x3f, 0xfe, 0x24, 0x00, 0x3f, 0x00, 0x00, 0x00, 0x00,
    0x00, 0x00, 0x00, 0x00, 0x00, 0x00, 0x00, 0x00, 0x00, 0x00, 0x00, 0x00, 0x00, 0x00, 0x00, 0x00,
    0x23, 0x25, 0x96, 0xc3, 0x0a, 0xe9, 0x96, 0x43, 0xf4, 0xcc, 0x95, 0xc3, 0xd7, 0x03, 0xc3, 0x3b,
    0xf5, 0x30, 0x89, 0x3d, 0xa3, 0x6b, 0x7f, 0xbf, 0xff, 0xff, 0xff, 0xa8, 0x00, 0x00, 0x00, 0x00,
    0xa1, 0x70, 0x3d, 0x3f, 0x00, 0x00, 0x00, 0x00, 0xa1, 0x70, 0x3d, 0x3f, 0x00, 0x00, 0x00, 0x00,
    0xda, 0xe2, 0xdd, 0x3f, 0xfe, 0x24, 0x00, 0x3f, 0x00, 0x00, 0x00, 0x00, 0x00, 0x00, 0x00, 0x00,
    0x00, 0x00, 0x00, 0x00, 0x00, 0x00, 0x00, 0x00, 0x00, 0x00, 0x00, 0x00, 0xaa, 0x1f, 0x96, 0xc3,
    0xe0, 0xbd, 0x96, 0x43, 0xd1, 0xcf, 0x95, 0xc3, 0xd7, 0x03, 0xc3, 0x3b, 0xf5, 0x30, 0x89, 0x3d,
    0xa3, 0x6b, 0x7f, 0xbf, 0xff, 0xff, 0xff, 0xa8, 0xab, 0xaa, 0x2a, 0x3f, 0x59, 0x8f, 0x42, 0x3f,
    0xab, 0xaa, 0x2a, 0x3f, 0x59, 0x8f, 0x42, 0x3f, 0x00, 0x00, 0x00, 0x00, 0xda, 0xe2, 0xdd, 0x3f,
    0xfe, 0x24, 0x00, 0x3f, 0x00, 0x00, 0x00, 0x00, 0x00, 0x00, 0x00, 0x00, 0x00, 0x00, 0x00, 0x00,
    0x00, 0x00, 0x00, 0x00, 0x00, 0x00, 0x00, 0x00, 0x01, 0x21, 0x96, 0xc3, 0x4b, 0xa8, 0x96, 0x43,
    0x46, 0xd1, 0x95, 0xc3, 0x9e, 0xe0, 0xc2, 0x3b, 0x43, 0x31, 0x89, 0x3d, 0xa3, 0x6b, 0x7f, 0xbf,
    0xff, 0xff, 0xff, 0xa8, 0x00, 0x00, 0x80, 0x3f, 0x11, 0xae, 0x47, 0x3f, 0x00, 0x00, 0x80, 0x3f,
    0x11, 0xae, 0x47, 0x3f, 0x00, 0x00, 0x00, 0x00, 0xda, 0xe2, 0xdd, 0x3f, 0xfe, 0x24, 0x00, 0x3f,
    0x00, 0x00, 0x00, 0x00, 0x00, 0x00, 0x00, 0x00, 0x00, 0x00, 0x00, 0x00, 0x00, 0x00, 0x00, 0x00,
    0x00, 0x00, 0x00, 0x00, 0x50, 0x1e, 0x96, 0xc3, 0x75, 0xd3, 0x96, 0x43, 0x5c, 0xce, 0x95, 0xc3,
    0xd7, 0x03, 0xc3, 0x3b, 0xf5, 0x30, 0x89, 0x3d, 0xa3, 0x6b, 0x7f, 0xbf, 0xff, 0xff, 0xff, 0xa8,
    0xab, 0xaa, 0xaa, 0x3e, 0x59, 0x8f, 0x42, 0x3f, 0xab, 0xaa, 0xaa, 0x3e, 0x59, 0x8f, 0x42, 0x3f,
    0x00, 0x00, 0x00, 0x00, 0xda, 0xe2, 0xdd, 0x3f, 0xfe, 0x24, 0x00, 0x3f, 0x00, 0x00, 0x00, 0x00,
    0x00, 0x00, 0x00, 0x00, 0x00, 0x00, 0x00, 0x00, 0x00, 0x00, 0x00, 0x00, 0x00, 0x00, 0x00, 0x00,
    0xf6, 0x1c, 0x96, 0xc3, 0x0a, 0xe9, 0x96, 0x43, 0xe7, 0xcc, 0x95, 0xc3, 0xd7, 0x03, 0xc3, 0x3b,
    0xf5, 0x30, 0x89, 0x3d, 0xa3, 0x6b, 0x7f, 0xbf, 0xff, 0xff, 0xff, 0xa8, 0x00, 0x00, 0x00, 0x00,
    0x59, 0x8f, 0x42, 0x3f, 0x00, 0x00, 0x00, 0x00, 0x59, 0x8f, 0x42, 0x3f, 0x00, 0x00, 0x00, 0x00,
    0xda, 0xe2, 0xdd, 0x3f, 0xfe, 0x24, 0x00, 0x3f, 0x00, 0x00, 0x00, 0x00, 0x00, 0x00, 0x00, 0x00,
    0x00, 0x00, 0x00, 0x00, 0x00, 0x00, 0x00, 0x00, 0x00, 0x00, 0x00, 0x00, 0xf4, 0x1c, 0x96, 0xc3,
    0x88, 0xbd, 0x96, 0x43, 0xd3, 0xcf, 0x95, 0xc3, 0xd7, 0x03, 0xc3, 0x3b, 0xf5, 0x30, 0x89, 0x3d,
    0xa3, 0x6b, 0x7f, 0xbf, 0xff, 0xff, 0xff, 0xa8, 0xab, 0xaa, 0x2a, 0x3f, 0x11, 0xae, 0x47, 0x3f,
    0xab, 0xaa, 0x2a, 0x3f, 0x11, 0xae, 0x47, 0x3f, 0x00, 0x00, 0x00, 0x00, 0xda, 0xe2, 0xdd, 0x3f,
    0xfe, 0x24, 0x00, 0x3f, 0x00, 0x00, 0x00, 0x00, 0x00, 0x00, 0x00, 0x00, 0x00, 0x00, 0x00, 0x00,
    0x00, 0x00, 0x00, 0x00, 0x00, 0x00, 0x00, 0x00, 0xfe, 0x20, 0x96, 0xc3, 0x4a, 0xa8, 0x96, 0x43,
    0x46, 0xd1, 0x95, 0xc3, 0x76, 0xe1, 0xc2, 0x3b, 0x89, 0x31, 0x89, 0x3d, 0xa1, 0x6b, 0x7f, 0xbf,
    0xff, 0xff, 0xff, 0xa8, 0x00, 0x00, 0x80, 0x3f, 0xc9, 0xcc, 0x4c, 0x3f, 0x00, 0x00, 0x80, 0x3f,
    0xc9, 0xcc, 0x4c, 0x3f, 0x00, 0x00, 0x00, 0x00, 0xda, 0xe2, 0xdd, 0x3f, 0xfe, 0x24, 0x00, 0x3f,
    0x00, 0x00, 0x00, 0x00, 0x00, 0x00, 0x00, 0x00, 0x00, 0x00, 0x00, 0x00, 0x00, 0x00, 0x00, 0x00,
    0x00, 0x00, 0x00, 0x00, 0xe6, 0x18, 0x96, 0xc3, 0xc6, 0xd2, 0x96, 0x43, 0x60, 0xce, 0x95, 0xc3,
    0xd7, 0x03, 0xc3, 0x3b, 0xf5, 0x30, 0x89, 0x3d, 0xa3, 0x6b, 0x7f, 0xbf, 0xff, 0xff, 0xff, 0xa8,
    0xab, 0xaa, 0xaa, 0x3e, 0x11, 0xae, 0x47, 0x3f, 0xab, 0xaa, 0xaa, 0x3e, 0x11, 0xae, 0x47, 0x3f,
    0x00, 0x00, 0x00, 0x00, 0xda, 0xe2, 0xdd, 0x3f, 0xfe, 0x24, 0x00, 0x3f, 0x00, 0x00, 0x00, 0x00,
    0x00, 0x00, 0x00, 0x00, 0x00, 0x00, 0x00, 0x00, 0x00, 0x00, 0x00, 0x00, 0x00, 0x00, 0x00, 0x00,
    0xd9, 0x14, 0x96, 0xc3, 0x04, 0xe8, 0x96, 0x43, 0xec, 0xcc, 0x95, 0xc3, 0xd7, 0x03, 0xc3, 0x3b,
    0xf5, 0x30, 0x89, 0x3d, 0xa3, 0x6b, 0x7f, 0xbf, 0xff, 0xff, 0xff, 0xa8, 0x00, 0x00, 0x00, 0x00,
    0x11, 0xae, 0x47, 0x3f, 0x00, 0x00, 0x00, 0x00, 0x11, 0xae, 0x47, 0x3f, 0x00, 0x00, 0x00, 0x00,
    0xda, 0xe2, 0xdd, 0x3f, 0xfe, 0x24, 0x00, 0x3f, 0x00, 0x00, 0x00, 0x00, 0x00, 0x00, 0x00, 0x00,
    0x00, 0x00, 0x00, 0x00, 0x00, 0x00, 0x00, 0x00, 0x00, 0x00, 0x00, 0x00, 0x4e, 0x1a, 0x96, 0xc3,
    0xdb, 0xbc, 0x96, 0x43, 0xdb, 0xcf, 0x95, 0xc3, 0xd7, 0x03, 0xc3, 0x3b, 0xf5, 0x30, 0x89, 0x3d,
    0xa3, 0x6b, 0x7f, 0xbf, 0xff, 0xff, 0xff, 0xa8, 0xab, 0xaa, 0x2a, 0x3f, 0xc9, 0xcc, 0x4c, 0x3f,
    0xab, 0xaa, 0x2a, 0x3f, 0xc9, 0xcc, 0x4c, 0x3f, 0x00, 0x00, 0x00, 0x00, 0xda, 0xe2, 0xdd, 0x3f,
    0xfe, 0x24, 0x00, 0x3f, 0x00, 0x00, 0x00, 0x00, 0x00, 0x00, 0x00, 0x00, 0x00, 0x00, 0x00, 0x00,
    0x00, 0x00, 0x00, 0x00, 0x00, 0x00, 0x00, 0x00, 0xfb, 0x20, 0x96, 0xc3, 0x49, 0xa8, 0x96, 0x43,
    0x46, 0xd1, 0x95, 0xc3, 0xdb, 0xe2, 0xc2, 0x3b, 0xcd, 0x31, 0x89, 0x3d, 0xa1, 0x6b, 0x7f, 0xbf,
    0xff, 0xff, 0xff, 0xa8, 0x00, 0x00, 0x80, 0x3f, 0x81, 0xeb, 0x51, 0x3f, 0x00, 0x00, 0x80, 0x3f,
    0x81, 0xeb, 0x51, 0x3f, 0x00, 0x00, 0x00, 0x00, 0xda, 0xe2, 0xdd, 0x3f, 0xfe, 0x24, 0x00, 0x3f,
    0x00, 0x00, 0x00, 0x00, 0x00, 0x00, 0x00, 0x00, 0x00, 0x00, 0x00, 0x00, 0x00, 0x00, 0x00, 0x00,
    0x00, 0x00, 0x00, 0x00, 0x9d, 0x13, 0x96, 0xc3, 0x6c, 0xd1, 0x96, 0x43, 0x6f, 0xce, 0x95, 0xc3,
    0xd7, 0x03, 0xc3, 0x3b, 0xf5, 0x30, 0x89, 0x3d, 0xa3, 0x6b, 0x7f, 0xbf, 0xff, 0xff, 0xff, 0xa8,
    0xab, 0xaa, 0xaa, 0x3e, 0xc9, 0xcc, 0x4c, 0x3f, 0xab, 0xaa, 0xaa, 0x3e, 0xc9, 0xcc, 0x4c, 0x3f,
    0x00, 0x00, 0x00, 0x00, 0xda, 0xe2, 0xdd, 0x3f, 0xfe, 0x24, 0x00, 0x3f, 0x00, 0x00, 0x00, 0x00,
    0x00, 0x00, 0x00, 0x00, 0x00, 0x00, 0x00, 0x00, 0x00, 0x00, 0x00, 0x00, 0x00, 0x00, 0x00, 0x00,
    0xed, 0x0c, 0x96, 0xc3, 0xfc, 0xe5, 0x96, 0x43, 0x03, 0xcd, 0x95, 0xc3, 0xd7, 0x03, 0xc3, 0x3b,
    0xf5, 0x30, 0x89, 0x3d, 0xa3, 0x6b, 0x7f, 0xbf, 0xff, 0xff, 0xff, 0xa8, 0x00, 0x00, 0x00, 0x00,
    0xc9, 0xcc, 0x4c, 0x3f, 0x00, 0x00, 0x00, 0x00, 0xc9, 0xcc, 0x4c, 0x3f, 0x00, 0x00, 0x00, 0x00,
    0xda, 0xe2, 0xdd, 0x3f, 0xfe, 0x24, 0x00, 0x3f, 0x00, 0x00, 0x00, 0x00, 0x00, 0x00, 0x00, 0x00,
    0x00, 0x00, 0x00, 0x00, 0x00, 0x00, 0x00, 0x00, 0x00, 0x00, 0x00, 0x00, 0xc3, 0x17, 0x96, 0xc3,
    0xda, 0xbb, 0x96, 0x43, 0xe8, 0xcf, 0x95, 0xc3, 0xd7, 0x03, 0xc3, 0x3b, 0xf5, 0x30, 0x89, 0x3d,
    0xa3, 0x6b, 0x7f, 0xbf, 0xff, 0xff, 0xff, 0xa8, 0xab, 0xaa, 0x2a, 0x3f, 0x81, 0xeb, 0x51, 0x3f,
    0xab, 0xaa, 0x2a, 0x3f, 0x81, 0xeb, 0x51, 0x3f, 0x00, 0x00, 0x00, 0x00, 0xda, 0xe2, 0xdd, 0x3f,
    0xfe, 0x24, 0x00, 0x3f, 0x00, 0x00, 0x00, 0x00, 0x00, 0x00, 0x00, 0x00, 0x00, 0x00, 0x00, 0x00,
    0x00, 0x00, 0x00, 0x00, 0x00, 0x00, 0x00, 0x00, 0xf8, 0x20, 0x96, 0xc3, 0x47, 0xa8, 0x96, 0x43,
    0x46, 0xd1, 0x95, 0xc3, 0xc6, 0xe4, 0xc2, 0x3b, 0x0c, 0x32, 0x89, 0x3d, 0xa1, 0x6b, 0x7f, 0xbf,
    0xff, 0xff, 0xff, 0xa8, 0x00, 0x00, 0x80, 0x3f, 0x39, 0x0a, 0x57, 0x3f, 0x00, 0x00, 0x80, 0x3f,
    0x39, 0x0a, 0x57, 0x3f, 0x00, 0x00, 0x00, 0x00, 0xda, 0xe2, 0xdd, 0x3f, 0xfe, 0x24, 0x00, 0x3f,
    0x00, 0x00, 0x00, 0x00, 0x00, 0x00, 0x00, 0x00, 0x00, 0x00, 0x00, 0x00, 0x00, 0x00, 0x00, 0x00,
    0x00, 0x00, 0x00, 0x00, 0x8a, 0x0e, 0x96, 0xc3, 0x6b, 0xcf, 0x96, 0x43, 0x8a, 0xce, 0x95, 0xc3,
    0xd7, 0x03, 0xc3, 0x3b, 0xf5, 0x30, 0x89, 0x3d, 0xa3, 0x6b, 0x7f, 0xbf, 0xff, 0xff, 0xff, 0xa8,
    0xab, 0xaa, 0xaa, 0x3e, 0x81, 0xeb, 0x51, 0x3f, 0xab, 0xaa, 0xaa, 0x3e, 0x81, 0xeb, 0x51, 0x3f,
    0x00, 0x00, 0x00, 0x00, 0xda, 0xe2, 0xdd, 0x3f, 0xfe, 0x24, 0x00, 0x3f, 0x00, 0x00, 0x00, 0x00,
    0x00, 0x00, 0x00, 0x00, 0x00, 0x00, 0x00, 0x00, 0x00, 0x00, 0x00, 0x00, 0x00, 0x00, 0x00, 0x00,
    0x52, 0x05, 0x96, 0xc3, 0xfb, 0xe2, 0x96, 0x43, 0x2b, 0xcd, 0x95, 0xc3, 0xd7, 0x03, 0xc3, 0x3b,
    0xf5, 0x30, 0x89, 0x3d, 0xa3, 0x6b, 0x7f, 0xbf, 0xff, 0xff, 0xff, 0xa8, 0x00, 0x00, 0x00, 0x00,
    0x81, 0xeb, 0x51, 0x3f, 0x00, 0x00, 0x00, 0x00, 0x81, 0xeb, 0x51, 0x3f, 0x00, 0x00, 0x00, 0x00,
    0xda, 0xe2, 0xdd, 0x3f, 0xfe, 0x24, 0x00, 0x3f, 0x00, 0x00, 0x00, 0x00, 0x00, 0x00, 0x00, 0x00,
    0x00, 0x00, 0x00, 0x00, 0x00, 0x00, 0x00, 0x00, 0x00, 0x00, 0x00, 0x00, 0x5d, 0x15, 0x96, 0xc3,
    0x89, 0xba, 0x96, 0x43, 0xfb, 0xcf, 0x95, 0xc3, 0xd7, 0x03, 0xc3, 0x3b, 0xf5, 0x30, 0x89, 0x3d,
    0xa3, 0x6b, 0x7f, 0xbf, 0xff, 0xff, 0xff, 0xa8, 0xab, 0xaa, 0x2a, 0x3f, 0x39, 0x0a, 0x57, 0x3f,
    0xab, 0xaa, 0x2a, 0x3f, 0x39, 0x0a, 0x57, 0x3f, 0x00, 0x00, 0x00, 0x00, 0xda, 0xe2, 0xdd, 0x3f,
    0xfe, 0x24, 0x00, 0x3f, 0x00, 0x00, 0x00, 0x00, 0x00, 0x00, 0x00, 0x00, 0x00, 0x00, 0x00, 0x00,
    0x00, 0x00, 0x00, 0x00, 0x00, 0x00, 0x00, 0x00, 0xf5, 0x20, 0x96, 0xc3, 0x45, 0xa8, 0x96, 0x43,
    0x47, 0xd1, 0x95, 0xc3, 0x28, 0xe7, 0xc2, 0x3b, 0x4b, 0x32, 0x89, 0x3d, 0xa1, 0x6b, 0x7f, 0xbf,
    0xff, 0xff, 0xff, 0xa8, 0x00, 0x00, 0x80, 0x3f, 0xf1, 0x28, 0x5c, 0x3f, 0x00, 0x00, 0x80, 0x3f,
    0xf1, 0x28, 0x5c, 0x3f, 0x00, 0x00, 0x00, 0x00, 0xda, 0xe2, 0xdd, 0x3f, 0xfe, 0x24, 0x00, 0x3f,
    0x00, 0x00, 0x00, 0x00, 0x00, 0x00, 0x00, 0x00, 0x00, 0x00, 0x00, 0x00, 0x00, 0x00, 0x00, 0x00,
    0x00, 0x00, 0x00, 0x00, 0xc2, 0x09, 0x96, 0xc3, 0xcb, 0xcc, 0x96, 0x43, 0xaf, 0xce, 0x95, 0xc3,
    0xd7, 0x03, 0xc3, 0x3b, 0xf5, 0x30, 0x89, 0x3d, 0xa3, 0x6b, 0x7f, 0xbf, 0xff, 0xff, 0xff, 0xa8,
    0xab, 0xaa, 0xaa, 0x3e, 0x39, 0x0a, 0x57, 0x3f, 0xab, 0xaa, 0xaa, 0x3e, 0x39, 0x0a, 0x57, 0x3f,
    0x00, 0x00, 0x00, 0x00, 0xda, 0xe2, 0xdd, 0x3f, 0xfe, 0x24, 0x00, 0x3f, 0x00, 0x00, 0x00, 0x00,
    0x00, 0x00, 0x00, 0x00, 0x00, 0x00, 0x00, 0x00, 0x00, 0x00, 0x00, 0x00, 0x00, 0x00, 0x00, 0x00,
    0x27, 0xfe, 0x95, 0xc3, 0x0d, 0xdf, 0x96, 0x43, 0x64, 0xcd, 0x95, 0xc3, 0xd7, 0x03, 0xc3, 0x3b,
    0xf5, 0x30, 0x89, 0x3d, 0xa3, 0x6b, 0x7f, 0xbf, 0xff, 0xff, 0xff, 0xa8, 0x00, 0x00, 0x00, 0x00,
    0x39, 0x0a, 0x57, 0x3f, 0x00, 0x00, 0x00, 0x00, 0x39, 0x0a, 0x57, 0x3f, 0x00, 0x00, 0x00, 0x00,
    0xda, 0xe2, 0xdd, 0x3f, 0xfe, 0x24, 0x00, 0x3f, 0x00, 0x00, 0x00, 0x00, 0x00, 0x00, 0x00, 0x00,
    0x00, 0x00, 0x00, 0x00, 0x00, 0x00, 0x00, 0x00, 0x00, 0x00, 0x00, 0x00, 0x26, 0x13, 0x96, 0xc3,
    0xef, 0xb8, 0x96, 0x43, 0x13, 0xd0, 0x95, 0xc3, 0xd7, 0x03, 0xc3, 0x3b, 0xf5, 0x30, 0x89, 0x3d,
    0xa3, 0x6b, 0x7f, 0xbf, 0xff, 0xff, 0xff, 0xa8, 0xab, 0xaa, 0x2a, 0x3f, 0xf1, 0x28, 0x5c, 0x3f,
    0xab, 0xaa, 0x2a, 0x3f, 0xf1, 0x28, 0x5c, 0x3f, 0x00, 0x00, 0x00, 0x00, 0xda, 0xe2, 0xdd, 0x3f,
    0xfe, 0x24, 0x00, 0x3f, 0x00, 0x00, 0x00, 0x00, 0x00, 0x00, 0x00, 0x00, 0x00, 0x00, 0x00, 0x00,
    0x00, 0x00, 0x00, 0x00, 0x00, 0x00, 0x00, 0x00, 0xf3, 0x20, 0x96, 0xc3, 0x43, 0xa8, 0x96, 0x43,
    0x47, 0xd1, 0x95, 0xc3, 0x00, 0xea, 0xc2, 0x3b, 0x7f, 0x32, 0x89, 0x3d, 0x9f, 0x6b, 0x7f, 0xbf,
    0xff, 0xff, 0xff, 0xa8, 0x00, 0x00, 0x80, 0x3f, 0xa9, 0x47, 0x61, 0x3f, 0x00, 0x00, 0x80, 0x3f,
    0xa9, 0x47, 0x61, 0x3f, 0x00, 0x00, 0x00, 0x00, 0xda, 0xe2, 0xdd, 0x3f, 0xfe, 0x24, 0x00, 0x3f,
    0x00, 0x00, 0x00, 0x00, 0x00, 0x00, 0x00, 0x00, 0x00, 0x00, 0x00, 0x00, 0x00, 0x00, 0x00, 0x00,
    0x00, 0x00, 0x00, 0x00, 0x58, 0x05, 0x96, 0xc3, 0x98, 0xc9, 0x96, 0x43, 0xe0, 0xce, 0x95, 0xc3,
    0xd7, 0x03, 0xc3, 0x3b, 0xf5, 0x30, 0x89, 0x3d, 0xa3, 0x6b, 0x7f, 0xbf, 0xff, 0xff, 0xff, 0xa8,
    0xab, 0xaa, 0xaa, 0x3e, 0xf1, 0x28, 0x5c, 0x3f, 0xab, 0xaa, 0xaa, 0x3e, 0xf1, 0x28, 0x5c, 0x3f,
    0x00, 0x00, 0x00, 0x00, 0xda, 0xe2, 0xdd, 0x3f, 0xfe, 0x24, 0x00, 0x3f, 0x00, 0x00, 0x00, 0x00,
    0x00, 0x00, 0x00, 0x00, 0x00, 0x00, 0x00, 0x00, 0x00, 0x00, 0x00, 0x00, 0x00, 0x00, 0x00, 0x00,
    0x89, 0xf7, 0x95, 0xc3, 0x41, 0xda, 0x96, 0x43, 0xac, 0xcd, 0x95, 0xc3, 0xd7, 0x03, 0xc3, 0x3b,
    0xf5, 0x30, 0x89, 0x3d, 0xa3, 0x6b, 0x7f, 0xbf, 0xff, 0xff, 0xff, 0xa8, 0x00, 0x00, 0x00, 0x00,
    0xf1, 0x28, 0x5c, 0x3f, 0x00, 0x00, 0x00, 0x00, 0xf1, 0x28, 0x5c, 0x3f, 0x00, 0x00, 0x00, 0x00,
    0xda, 0xe2, 0xdd, 0x3f, 0xfe, 0x24, 0x00, 0x3f, 0x00, 0x00, 0x00, 0x00, 0x00, 0x00, 0x00, 0x00,
    0x00, 0x00, 0x00, 0x00, 0x00, 0x00, 0x00, 0x00, 0x00, 0x00, 0x00, 0x00, 0x28, 0x11, 0x96, 0xc3,
    0x10, 0xb7, 0x96, 0x43, 0x30, 0xd0, 0x95, 0xc3, 0xd7, 0x03, 0xc3, 0x3b, 0xf5, 0x30, 0x89, 0x3d,
    0xa3, 0x6b, 0x7f, 0xbf, 0xff, 0xff, 0xff, 0xa8, 0xab, 0xaa, 0x2a, 0x3f, 0xa9, 0x47, 0x61, 0x3f,
    0xab, 0xaa, 0x2a, 0x3f, 0xa9, 0x47, 0x61, 0x3f, 0x00, 0x00, 0x00, 0x00, 0xda, 0xe2, 0xdd, 0x3f,
    0xfe, 0x24, 0x00, 0x3f, 0x00, 0x00, 0x00, 0x00, 0x00, 0x00, 0x00, 0x00, 0x00, 0x00, 0x00, 0x00,
    0x00, 0x00, 0x00, 0x00, 0x00, 0x00, 0x00, 0x00, 0xf1, 0x20, 0x96, 0xc3, 0x40, 0xa8, 0x96, 0x43,
    0x47, 0xd1, 0x95, 0xc3, 0x45, 0xed, 0xc2, 0x3b, 0xb0, 0x32, 0x89, 0x3d, 0x9f, 0x6b, 0x7f, 0xbf,
    0xff, 0xff, 0xff, 0xa8, 0x00, 0x00, 0x80, 0x3f, 0x61, 0x66, 0x66, 0x3f, 0x00, 0x00, 0x80, 0x3f,
    0x61, 0x66, 0x66, 0x3f, 0x00, 0x00, 0x00, 0x00, 0xda, 0xe2, 0xdd, 0x3f, 0xfe, 0x24, 0x00, 0x3f,
    0x00, 0x00, 0x00, 0x00, 0x00, 0x00, 0x00, 0x00, 0x00, 0x00, 0x00, 0x00, 0x00, 0x00, 0x00, 0x00,
    0x00, 0x00, 0x00, 0x00, 0x5d, 0x01, 0x96, 0xc3, 0xde, 0xc5, 0x96, 0x43, 0x1a, 0xcf, 0x95, 0xc3,
    0xd7, 0x03, 0xc3, 0x3b, 0xf5, 0x30, 0x89, 0x3d, 0xa3, 0x6b, 0x7f, 0xbf, 0xff, 0xff, 0xff, 0xa8,
    0xab, 0xaa, 0xaa, 0x3e, 0xa9, 0x47, 0x61, 0x3f, 0xab, 0xaa, 0xaa, 0x3e, 0xa9, 0x47, 0x61, 0x3f,
    0x00, 0x00, 0x00, 0x00, 0xda, 0xe2, 0xdd, 0x3f, 0xfe, 0x24, 0x00, 0x3f, 0x00, 0x00, 0x00, 0x00,
    0x00, 0x00, 0x00, 0x00, 0x00, 0x00, 0x00, 0x00, 0x00, 0x00, 0x00, 0x00, 0x00, 0x00, 0x00, 0x00,
    0x92, 0xf1, 0x95, 0xc3, 0xab, 0xd4, 0x96, 0x43, 0x03, 0xce, 0x95, 0xc3, 0xd7, 0x03, 0xc3, 0x3b,
    0xf5, 0x30, 0x89, 0x3d, 0xa3, 0x6b, 0x7f, 0xbf, 0xff, 0xff, 0xff, 0xa8, 0x00, 0x00, 0x00, 0x00,
    0xa9, 0x47, 0x61, 0x3f, 0x00, 0x00, 0x00, 0x00, 0xa9, 0x47, 0x61, 0x3f, 0x00, 0x00, 0x00, 0x00,
    0xda, 0xe2, 0xdd, 0x3f, 0xfe, 0x24, 0x00, 0x3f, 0x00, 0x00, 0x00, 0x00, 0x00, 0x00, 0x00, 0x00,
    0x00, 0x00, 0x00, 0x00, 0x00, 0x00, 0x00, 0x00, 0x00, 0x00, 0x00, 0x00, 0x6a, 0x0f, 0x96, 0xc3,
    0xf6, 0xb4, 0x96, 0x43, 0x52, 0xd0, 0x95, 0xc3, 0xd7, 0x03, 0xc3, 0x3b, 0xf5, 0x30, 0x89, 0x3d,
    0xa3, 0x6b, 0x7f, 0xbf, 0xff, 0xff, 0xff, 0xa8, 0xab, 0xaa, 0x2a, 0x3f, 0x61, 0x66, 0x66, 0x3f,
    0xab, 0xaa, 0x2a, 0x3f, 0x61, 0x66, 0x66, 0x3f, 0x00, 0x00, 0x00, 0x00, 0xda, 0xe2, 0xdd, 0x3f,
    0xfe, 0x24, 0x00, 0x3f, 0x00, 0x00, 0x00, 0x00, 0x00, 0x00, 0x00, 0x00, 0x00, 0x00, 0x00, 0x00,
    0x00, 0x00, 0x00, 0x00, 0x00, 0x00, 0x00, 0x00, 0xef, 0x20, 0x96, 0xc3, 0x3e, 0xa8, 0x96, 0x43,
    0x47, 0xd1, 0x95, 0xc3, 0xe1, 0xf0, 0xc2, 0x3b, 0xda, 0x32, 0x89, 0x3d, 0x9f, 0x6b, 0x7f, 0xbf,
    0xff, 0xff, 0xff, 0xa8, 0x00, 0x00, 0x80, 0x3f, 0x19, 0x85, 0x6b, 0x3f, 0x00, 0x00, 0x80, 0x3f,
    0x19, 0x85, 0x6b, 0x3f, 0x00, 0x00, 0x00, 0x00, 0xda, 0xe2, 0xdd, 0x3f, 0xfe, 0x24, 0x00, 0x3f,
    0x00, 0x00, 0x00, 0x00, 0x00, 0x00, 0x00, 0x00, 0x00, 0x00, 0x00, 0x00, 0x00, 0x00, 0x00, 0x00,
    0x00, 0x00, 0x00, 0x00, 0xe2, 0xfd, 0x95, 0xc3, 0xac, 0xc1, 0x96, 0x43, 0x5c, 0xcf, 0x95, 0xc3,
    0xd7, 0x03, 0xc3, 0x3b, 0xf5, 0x30, 0x89, 0x3d, 0xa3, 0x6b, 0x7f, 0xbf, 0xff, 0xff, 0xff, 0xa8,
    0xab, 0xaa, 0xaa, 0x3e, 0x61, 0x66, 0x66, 0x3f, 0xab, 0xaa, 0xaa, 0x3e, 0x61, 0x66, 0x66, 0x3f,
    0x00, 0x00, 0x00, 0x00, 0xda, 0xe2, 0xdd, 0x3f, 0xfe, 0x24, 0x00, 0x3f, 0x00, 0x00, 0x00, 0x00,
    0x00, 0x00, 0x00, 0x00, 0x00, 0x00, 0x00, 0x00, 0x00, 0x00, 0x00, 0x00, 0x00, 0x00, 0x00, 0x00,
    0x5b, 0xec, 0x95, 0xc3, 0x62, 0xce, 0x96, 0x43, 0x67, 0xce, 0x95, 0xc3, 0xd7, 0x03, 0xc3, 0x3b,
    0xf5, 0x30, 0x89, 0x3d, 0xa3, 0x6b, 0x7f, 0xbf, 0xff, 0xff, 0xff, 0xa8, 0x00, 0x00, 0x00, 0x00,
    0x61, 0x66, 0x66, 0x3f, 0x00, 0x00, 0x00, 0x00, 0x61, 0x66, 0x66, 0x3f, 0x00, 0x00, 0x00, 0x00,
    0xda, 0xe2, 0xdd, 0x3f, 0xfe, 0x24, 0x00, 0x3f, 0x00, 0x00, 0x00, 0x00, 0x00, 0x00, 0x00, 0x00,
    0x00, 0x00, 0x00, 0x00, 0x00, 0x00, 0x00, 0x00, 0x00, 0x00, 0x00, 0x00, 0xf2, 0x0d, 0x96, 0xc3,
    0xa9, 0xb2, 0x96, 0x43, 0x77, 0xd0, 0x95, 0xc3, 0xd7, 0x03, 0xc3, 0x3b, 0xf5, 0x30, 0x89, 0x3d,
    0xa3, 0x6b, 0x7f, 0xbf, 0xff, 0xff, 0xff, 0xa8, 0xab, 0xaa, 0x2a, 0x3f, 0x19, 0x85, 0x6b, 0x3f,
    0xab, 0xaa, 0x2a, 0x3f, 0x19, 0x85, 0x6b, 0x3f, 0x00, 0x00, 0x00, 0x00, 0xda, 0xe2, 0xdd, 0x3f,
    0xfe, 0x24, 0x00, 0x3f, 0x00, 0x00, 0x00, 0x00, 0x00, 0x00, 0x00, 0x00, 0x00, 0x00, 0x00, 0x00,
    0x00, 0x00, 0x00, 0x00, 0x00, 0x00, 0x00, 0x00, 0xee, 0x20, 0x96, 0xc3, 0x3b, 0xa8, 0x96, 0x43,
    0x47, 0xd1, 0x95, 0xc3, 0xca, 0xf4, 0xc2, 0x3b, 0xfe, 0x32, 0x89, 0x3d, 0xa0, 0x6b, 0x7f, 0xbf,
    0xff, 0xff, 0xff, 0xa8, 0x00, 0x00, 0x80, 0x3f, 0xd1, 0xa3, 0x70, 0x3f, 0x00, 0x00, 0x80, 0x3f,
    0xd1, 0xa3, 0x70, 0x3f, 0x00, 0x00, 0x00, 0x00, 0xda, 0xe2, 0xdd, 0x3f, 0xfe, 0x24, 0x00, 0x3f,
    0x00, 0x00, 0x00, 0x00, 0x00, 0x00, 0x00, 0x00, 0x00, 0x00, 0x00, 0x00, 0x00, 0x00, 0x00, 0x00,
    0x00, 0x00, 0x00, 0x00, 0xf5, 0xfa, 0x95, 0xc3, 0x13, 0xbd, 0x96, 0x43, 0xa7, 0xcf, 0x95, 0xc3,
    0xd7, 0x03, 0xc3, 0x3b, 0xf5, 0x30, 0x89, 0x3d, 0xa3, 0x6b, 0x7f, 0xbf, 0xff, 0xff, 0xff, 0xa8,
    0xab, 0xaa, 0xaa, 0x3e, 0x19, 0x85, 0x6b, 0x3f, 0xab, 0xaa, 0xaa, 0x3e, 0x19, 0x85, 0x6b, 0x3f,
    0x00, 0x00, 0x00, 0x00, 0xda, 0xe2, 0xdd, 0x3f, 0xfe, 0x24, 0x00, 0x3f, 0x00, 0x00, 0x00, 0x00,
    0x00, 0x00, 0x00, 0x00, 0x00, 0x00, 0x00, 0x00, 0x00, 0x00, 0x00, 0x00, 0x00, 0x00, 0x00, 0x00,
    0xf9, 0xe7, 0x95, 0xc3, 0x7e, 0xc7, 0x96, 0x43, 0xd7, 0xce, 0x95, 0xc3, 0xd7, 0x03, 0xc3, 0x3b,
    0xf5, 0x30, 0x89, 0x3d, 0xa3, 0x6b, 0x7f, 0xbf, 0xff, 0xff, 0xff, 0xa8, 0x00, 0x00, 0x00, 0x00,
    0x19, 0x85, 0x6b, 0x3f, 0x00, 0x00, 0x00, 0x00, 0x19, 0x85, 0x6b, 0x3f, 0x00, 0x00, 0x00, 0x00,
    0xda, 0xe2, 0xdd, 0x3f, 0xfe, 0x24, 0x00, 0x3f, 0x00, 0x00, 0x00, 0x00, 0x00, 0x00, 0x00, 0x00,
    0x00, 0x00, 0x00, 0x00, 0x00, 0x00, 0x00, 0x00, 0x00, 0x00, 0x00, 0x00, 0xc8, 0x0c, 0x96, 0xc3,
    0x31, 0xb0, 0x96, 0x43, 0xa0, 0xd0, 0x95, 0xc3, 0xd7, 0x03, 0xc3, 0x3b, 0xf5, 0x30, 0x89, 0x3d,
    0xa3, 0x6b, 0x7f, 0xbf, 0xff, 0xff, 0xff, 0xa8, 0xab, 0xaa, 0x2a, 0x3f, 0xd1, 0xa3, 0x70, 0x3f,
    0xab, 0xaa, 0x2a, 0x3f, 0xd1, 0xa3, 0x70, 0x3f, 0x00, 0x00, 0x00, 0x00, 0xda, 0xe2, 0xdd, 0x3f,
    0xfe, 0x24, 0x00, 0x3f, 0x00, 0x00, 0x00, 0x00, 0x00, 0x00, 0x00, 0x00, 0x00, 0x00, 0x00, 0x00,
    0x00, 0x00, 0x00, 0x00, 0x00, 0x00, 0x00, 0x00, 0xed, 0x20, 0x96, 0xc3, 0x38, 0xa8, 0x96, 0x43,
    0x47, 0xd1, 0x95, 0xc3, 0xf0, 0xf8, 0xc2, 0x3b, 0x18, 0x33, 0x89, 0x3d, 0x9d, 0x6b, 0x7f, 0xbf,
    0xff, 0xff, 0xff, 0xa8, 0x00, 0x00, 0x80, 0x3f, 0x89, 0xc2, 0x75, 0x3f, 0x00, 0x00, 0x80, 0x3f,
    0x89, 0xc2, 0x75, 0x3f, 0x00, 0x00, 0x00, 0x00, 0xda, 0xe2, 0xdd, 0x3f, 0xfe, 0x24, 0x00, 0x3f,
    0x00, 0x00, 0x00, 0x00, 0x00, 0x00, 0x00, 0x00, 0x00, 0x00, 0x00, 0x00, 0x00, 0x00, 0x00, 0x00,
    0x00, 0x00, 0x00, 0x00, 0xa2, 0xf8, 0x95, 0xc3, 0x26, 0xb8, 0x96, 0x43, 0xf8, 0xcf, 0x95, 0xc3,
    0xd7, 0x03, 0xc3, 0x3b, 0xf5, 0x30, 0x89, 0x3d, 0xa3, 0x6b, 0x7f, 0xbf, 0xff, 0xff, 0xff, 0xa8,
    0xab, 0xaa, 0xaa, 0x3e, 0xd1, 0xa3, 0x70, 0x3f, 0xab, 0xaa, 0xaa, 0x3e, 0xd1, 0xa3, 0x70, 0x3f,
    0x00, 0x00, 0x00, 0x00, 0xda, 0xe2, 0xdd, 0x3f, 0xfe, 0x24, 0x00, 0x3f, 0x00, 0x00, 0x00, 0x00,
    0x00, 0x00, 0x00, 0x00, 0x00, 0x00, 0x00, 0x00, 0x00, 0x00, 0x00, 0x00, 0x00, 0x00, 0x00, 0x00,
    0x7c, 0xe4, 0x95, 0xc3, 0x1c, 0xc0, 0x96, 0x43, 0x50, 0xcf, 0x95, 0xc3, 0xd7, 0x03, 0xc3, 0x3b,
    0xf5, 0x30, 0x89, 0x3d, 0xa3, 0x6b, 0x7f, 0xbf, 0xff, 0xff, 0xff, 0xa8, 0x00, 0x00, 0x00, 0x00,
    0xd1, 0xa3, 0x70, 0x3f, 0x00, 0x00, 0x00, 0x00, 0xd1, 0xa3, 0x70, 0x3f, 0x00, 0x00, 0x00, 0x00,
    0xda, 0xe2, 0xdd, 0x3f, 0xfe, 0x24, 0x00, 0x3f, 0x00, 0x00, 0x00, 0x00, 0x00, 0x00, 0x00, 0x00,
    0x00, 0x00, 0x00, 0x00, 0x00, 0x00, 0x00, 0x00, 0x00, 0x00, 0x00, 0x00, 0xef, 0x0b, 0x96, 0xc3,
    0x98, 0xad, 0x96, 0x43, 0xcb, 0xd0, 0x95, 0xc3, 0xd7, 0x03, 0xc3, 0x3b, 0xf5, 0x30, 0x89, 0x3d,
    0xa3, 0x6b, 0x7f, 0xbf, 0xff, 0xff, 0xff, 0xa8, 0xab, 0xaa, 0x2a, 0x3f, 0x89, 0xc2, 0x75, 0x3f,
    0xab, 0xaa, 0x2a, 0x3f, 0x89, 0xc2, 0x75, 0x3f, 0x00, 0x00, 0x00, 0x00, 0xda, 0xe2, 0xdd, 0x3f,
    0xfe, 0x24, 0x00, 0x3f, 0x00, 0x00, 0x00, 0x00, 0x00, 0x00, 0x00, 0x00, 0x00, 0x00, 0x00, 0x00,
    0x00, 0x00, 0x00, 0x00, 0x00, 0x00, 0x00, 0x00, 0xec, 0x20, 0x96, 0xc3, 0x34, 0xa8, 0x96, 0x43,
    0x48, 0xd1, 0x95, 0xc3, 0x44, 0xfd, 0xc2, 0x3b, 0x28, 0x33, 0x89, 0x3d, 0x9d, 0x6b, 0x7f, 0xbf,
    0xff, 0xff, 0xff, 0xa8, 0x00, 0x00, 0x80, 0x3f, 0x41, 0xe1, 0x7a, 0x3f, 0x00, 0x00, 0x80, 0x3f,
    0x41, 0xe1, 0x7a, 0x3f, 0x00, 0x00, 0x00, 0x00, 0xda, 0xe2, 0xdd, 0x3f, 0xfe, 0x24, 0x00, 0x3f,
    0x00, 0x00, 0x00, 0x00, 0x00, 0x00, 0x00, 0x00, 0x00, 0x00, 0x00, 0x00, 0x00, 0x00, 0x00, 0x00,
    0x00, 0x00, 0x00, 0x00, 0xf2, 0xf6, 0x95, 0xc3, 0xf9, 0xb2, 0x96, 0x43, 0x4e, 0xd0, 0x95, 0xc3,
    0xd7, 0x03, 0xc3, 0x3b, 0xf5, 0x30, 0x89, 0x3d, 0xa3, 0x6b, 0x7f, 0xbf, 0xff, 0xff, 0xff, 0xa8,
    0xab, 0xaa, 0xaa, 0x3e, 0x89, 0xc2, 0x75, 0x3f, 0xab, 0xaa, 0xaa, 0x3e, 0x89, 0xc2, 0x75, 0x3f,
    0x00, 0x00, 0x00, 0x00, 0xda, 0xe2, 0xdd, 0x3f, 0xfe, 0x24, 0x00, 0x3f, 0x00, 0x00, 0x00, 0x00,
    0x00, 0x00, 0x00, 0x00, 0x00, 0x00, 0x00, 0x00, 0x00, 0x00, 0x00, 0x00, 0x00, 0x00, 0x00, 0x00,
    0xf5, 0xe1, 0x95, 0xc3, 0x5a, 0xb8, 0x96, 0x43, 0xd2, 0xcf, 0x95, 0xc3, 0xd7, 0x03, 0xc3, 0x3b,
    0xf5, 0x30, 0x89, 0x3d, 0xa3, 0x6b, 0x7f, 0xbf, 0xff, 0xff, 0xff, 0xa8, 0x00, 0x00, 0x00, 0x00,
    0x89, 0xc2, 0x75, 0x3f, 0x00, 0x00, 0x00, 0x00, 0x89, 0xc2, 0x75, 0x3f, 0x00, 0x00, 0x00, 0x00,
    0xda, 0xe2, 0xdd, 0x3f, 0xfe, 0x24, 0x00, 0x3f, 0x00, 0x00, 0x00, 0x00, 0x00, 0x00, 0x00, 0x00,
    0x00, 0x00, 0x00, 0x00, 0x00, 0x00, 0x00, 0x00, 0x00, 0x00, 0x00, 0x00, 0x6c, 0x0b, 0x96, 0xc3,
    0xea, 0xaa, 0x96, 0x43, 0xf8, 0xd0, 0x95, 0xc3, 0xd7, 0x03, 0xc3, 0x3b, 0xf5, 0x30, 0x89, 0x3d,
    0xa3, 0x6b, 0x7f, 0xbf, 0xff, 0xff, 0xff, 0xa8, 0xab, 0xaa, 0x2a, 0x3f, 0x41, 0xe1, 0x7a, 0x3f,
    0xab, 0xaa, 0x2a, 0x3f, 0x41, 0xe1, 0x7a, 0x3f, 0x00, 0x00, 0x00, 0x00, 0xda, 0xe2, 0xdd, 0x3f,
    0xfe, 0x24, 0x00, 0x3f, 0x00, 0x00, 0x00, 0x00, 0x00, 0x00, 0x00, 0x00, 0x00, 0x00, 0x00, 0x00,
    0x00, 0x00, 0x00, 0x00, 0x00, 0x00, 0x00, 0x00, 0xec, 0x20, 0x96, 0xc3, 0x31, 0xa8, 0x96, 0x43,
    0x48, 0xd1, 0x95, 0xc3, 0x8c, 0xff, 0xc2, 0x3b, 0x19, 0x33, 0x89, 0x3d, 0x9d, 0x6b, 0x7f, 0xbf,
    0xff, 0xff, 0xff, 0xa8, 0x00, 0x00, 0x80, 0x3f, 0xf9, 0xff, 0x7f, 0x3f, 0x00, 0x00, 0x80, 0x3f,
    0xf9, 0xff, 0x7f, 0x3f, 0x00, 0x00, 0x00, 0x00, 0xda, 0xe2, 0xdd, 0x3f, 0xfe, 0x24, 0x00, 0x3f,
    0x00, 0x00, 0x00, 0x00, 0x00, 0x00, 0x00, 0x00, 0x00, 0x00, 0x00, 0x00, 0x00, 0x00, 0x00, 0x00,
    0x00, 0x00, 0x00, 0x00, 0x40, 0x0b, 0x96, 0xc3, 0x31, 0xa8, 0x96, 0x43, 0x27, 0xd1, 0x95, 0xc3,
    0xd7, 0x03, 0xc3, 0x3b, 0xf5, 0x30, 0x89, 0x3d, 0xa3, 0x6b, 0x7f, 0xbf, 0xff, 0xff, 0xff, 0xa8,
    0xab, 0xaa, 0x2a, 0x3f, 0xf9, 0xff, 0x7f, 0x3f, 0xab, 0xaa, 0x2a, 0x3f, 0xf9, 0xff, 0x7f, 0x3f,
    0x00, 0x00, 0x00, 0x00, 0xda, 0xe2, 0xdd, 0x3f, 0xfe, 0x24, 0x00, 0x3f, 0x00, 0x00, 0x00, 0x00,
    0x00, 0x00, 0x00, 0x00, 0x00, 0x00, 0x00, 0x00, 0x00, 0x00, 0x00, 0x00, 0x00, 0x00, 0x00, 0x00,
    0xec, 0xf5, 0x95, 0xc3, 0xa0, 0xad, 0x96, 0x43, 0xa9, 0xd0, 0x95, 0xc3, 0xd7, 0x03, 0xc3, 0x3b,
    0xf5, 0x30, 0x89, 0x3d, 0xa3, 0x6b, 0x7f, 0xbf, 0xff, 0xff, 0xff, 0xa8, 0xab, 0xaa, 0xaa, 0x3e,
    0x41, 0xe1, 0x7a, 0x3f, 0xab, 0xaa, 0xaa, 0x3e, 0x41, 0xe1, 0x7a, 0x3f, 0x00, 0x00, 0x00, 0x00,
    0xda, 0xe2, 0xdd, 0x3f, 0xfe, 0x24, 0x00, 0x3f, 0x00, 0x00, 0x00, 0x00, 0x00, 0x00, 0x00, 0x00,
    0x00, 0x00, 0x00, 0x00, 0x00, 0x00, 0x00, 0x00, 0x00, 0x00, 0x00, 0x00, 0x6c, 0xe0, 0x95, 0xc3,
    0x56, 0xb0, 0x96, 0x43, 0x59, 0xd0, 0x95, 0xc3, 0xd7, 0x03, 0xc3, 0x3b, 0xf5, 0x30, 0x89, 0x3d,
    0xa3, 0x6b, 0x7f, 0xbf, 0xff, 0xff, 0xff, 0xa8, 0x00, 0x00, 0x00, 0x00, 0x41, 0xe1, 0x7a, 0x3f,
    0x00, 0x00, 0x00, 0x00, 0x41, 0xe1, 0x7a, 0x3f, 0x00, 0x00, 0x00, 0x00, 0xda, 0xe2, 0xdd, 0x3f,
    0xfe, 0x24, 0x00, 0x3f, 0x00, 0x00, 0x00, 0x00, 0x00, 0x00, 0x00, 0x00, 0x00, 0x00, 0x00, 0x00,
    0x00, 0x00, 0x00, 0x00, 0x00, 0x00, 0x00, 0x00, 0x93, 0xf5, 0x95, 0xc3, 0x31, 0xa8, 0x96, 0x43,
    0x06, 0xd1, 0x95, 0xc3, 0xd7, 0x03, 0xc3, 0x3b, 0xf5, 0x30, 0x89, 0x3d, 0xa3, 0x6b, 0x7f, 0xbf,
    0xff, 0xff, 0xff, 0xa8, 0xab, 0xaa, 0xaa, 0x3e, 0xf9, 0xff, 0x7f, 0x3f, 0xab, 0xaa, 0xaa, 0x3e,
    0xf9, 0xff, 0x7f, 0x3f, 0x00, 0x00, 0x00, 0x00, 0xda, 0xe2, 0xdd, 0x3f, 0xfe, 0x24, 0x00, 0x3f,
    0x00, 0x00, 0x00, 0x00, 0x00, 0x00, 0x00, 0x00, 0x00, 0x00, 0x00, 0x00, 0x00, 0x00, 0x00, 0x00,
    0x00, 0x00, 0x00, 0x00, 0xe7, 0xdf, 0x95, 0xc3, 0x31, 0xa8, 0x96, 0x43, 0xe5, 0xd0, 0x95, 0xc3,
    0xd7, 0x03, 0xc3, 0x3b, 0xf5, 0x30, 0x89, 0x3d, 0xa3, 0x6b, 0x7f, 0xbf, 0xff, 0xff, 0xff, 0xa8,
    0x00, 0x00, 0x00, 0x00, 0xf9, 0xff, 0x7f, 0x3f, 0x00, 0x00, 0x00, 0x00, 0xf9, 0xff, 0x7f, 0x3f,
    0x00, 0x00, 0x00, 0x00, 0xda, 0xe2, 0xdd, 0x3f, 0xfe, 0x24, 0x00, 0x3f, 0x00, 0x00, 0x00, 0x00,
    0x00, 0x00, 0x00, 0x00, 0x00, 0x00, 0x00, 0x00, 0x00, 0x00, 0x00, 0x00, 0x00, 0x00, 0x00, 0x00,
};
inline constexpr std::size_t g_EndfieldM18PeakVerticesSize = sizeof(g_EndfieldM18PeakVertices);

inline constexpr std::uint8_t g_EndfieldM18PeakIndices[] = {
    0x00, 0x00, 0x01, 0x00, 0x02, 0x00, 0x03, 0x00, 0x02, 0x00, 0x01, 0x00, 0x01, 0x00, 0x04, 0x00,
    0x03, 0x00, 0x02, 0x00, 0x03, 0x00, 0x05, 0x00, 0x06, 0x00, 0x03, 0x00, 0x04, 0x00, 0x04, 0x00,
    0x07, 0x00, 0x06, 0x00, 0x08, 0x00, 0x06, 0x00, 0x07, 0x00, 0x09, 0x00, 0x05, 0x00, 0x03, 0x00,
    0x03, 0x00, 0x06, 0x00, 0x09, 0x00, 0x05, 0x00, 0x09, 0x00, 0x0a, 0x00, 0x06, 0x00, 0x08, 0x00,
    0x0b, 0x00, 0x0b, 0x00, 0x09, 0x00, 0x06, 0x00, 0x0c, 0x00, 0x0b, 0x00, 0x08, 0x00, 0x0d, 0x00,
    0x0a, 0x00, 0x09, 0x00, 0x09, 0x00, 0x0b, 0x00, 0x0d, 0x00, 0x0a, 0x00, 0x0d, 0x00, 0x0e, 0x00,
    0x0b, 0x00, 0x0c, 0x00, 0x0f, 0x00, 0x0f, 0x00, 0x0d, 0x00, 0x0b, 0x00, 0x10, 0x00, 0x0f, 0x00,
    0x0c, 0x00, 0x11, 0x00, 0x0e, 0x00, 0x0d, 0x00, 0x0d, 0x00, 0x0f, 0x00, 0x11, 0x00, 0x0e, 0x00,
    0x11, 0x00, 0x12, 0x00, 0x0f, 0x00, 0x10, 0x00, 0x13, 0x00, 0x13, 0x00, 0x11, 0x00, 0x0f, 0x00,
    0x14, 0x00, 0x13, 0x00, 0x10, 0x00, 0x15, 0x00, 0x12, 0x00, 0x11, 0x00, 0x11, 0x00, 0x13, 0x00,
    0x15, 0x00, 0x12, 0x00, 0x15, 0x00, 0x16, 0x00, 0x13, 0x00, 0x14, 0x00, 0x17, 0x00, 0x17, 0x00,
    0x15, 0x00, 0x13, 0x00, 0x18, 0x00, 0x17, 0x00, 0x14, 0x00, 0x19, 0x00, 0x16, 0x00, 0x15, 0x00,
    0x15, 0x00, 0x17, 0x00, 0x19, 0x00, 0x16, 0x00, 0x19, 0x00, 0x1a, 0x00, 0x17, 0x00, 0x18, 0x00,
    0x1b, 0x00, 0x1b, 0x00, 0x19, 0x00, 0x17, 0x00, 0x1c, 0x00, 0x1b, 0x00, 0x18, 0x00, 0x1d, 0x00,
    0x1a, 0x00, 0x19, 0x00, 0x19, 0x00, 0x1b, 0x00, 0x1d, 0x00, 0x1a, 0x00, 0x1d, 0x00, 0x1e, 0x00,
    0x1b, 0x00, 0x1c, 0x00, 0x1f, 0x00, 0x1f, 0x00, 0x1d, 0x00, 0x1b, 0x00, 0x20, 0x00, 0x1f, 0x00,
    0x1c, 0x00, 0x21, 0x00, 0x1e, 0x00, 0x1d, 0x00, 0x1d, 0x00, 0x1f, 0x00, 0x21, 0x00, 0x1e, 0x00,
    0x21, 0x00, 0x22, 0x00, 0x1f, 0x00, 0x20, 0x00, 0x23, 0x00, 0x23, 0x00, 0x21, 0x00, 0x1f, 0x00,
    0x24, 0x00, 0x23, 0x00, 0x20, 0x00, 0x25, 0x00, 0x22, 0x00, 0x21, 0x00, 0x21, 0x00, 0x23, 0x00,
    0x25, 0x00, 0x22, 0x00, 0x25, 0x00, 0x26, 0x00, 0x23, 0x00, 0x24, 0x00, 0x27, 0x00, 0x27, 0x00,
    0x25, 0x00, 0x23, 0x00, 0x28, 0x00, 0x27, 0x00, 0x24, 0x00, 0x29, 0x00, 0x26, 0x00, 0x25, 0x00,
    0x25, 0x00, 0x27, 0x00, 0x29, 0x00, 0x26, 0x00, 0x29, 0x00, 0x2a, 0x00, 0x27, 0x00, 0x28, 0x00,
    0x2b, 0x00, 0x2b, 0x00, 0x29, 0x00, 0x27, 0x00, 0x2c, 0x00, 0x2b, 0x00, 0x28, 0x00, 0x2d, 0x00,
    0x2a, 0x00, 0x29, 0x00, 0x29, 0x00, 0x2b, 0x00, 0x2d, 0x00, 0x2a, 0x00, 0x2d, 0x00, 0x2e, 0x00,
    0x2b, 0x00, 0x2c, 0x00, 0x2f, 0x00, 0x2f, 0x00, 0x2d, 0x00, 0x2b, 0x00, 0x30, 0x00, 0x2f, 0x00,
    0x2c, 0x00, 0x31, 0x00, 0x2e, 0x00, 0x2d, 0x00, 0x2d, 0x00, 0x2f, 0x00, 0x31, 0x00, 0x2e, 0x00,
    0x31, 0x00, 0x32, 0x00, 0x2f, 0x00, 0x30, 0x00, 0x33, 0x00, 0x33, 0x00, 0x31, 0x00, 0x2f, 0x00,
    0x34, 0x00, 0x33, 0x00, 0x30, 0x00, 0x35, 0x00, 0x32, 0x00, 0x31, 0x00, 0x31, 0x00, 0x33, 0x00,
    0x35, 0x00, 0x32, 0x00, 0x35, 0x00, 0x36, 0x00, 0x33, 0x00, 0x34, 0x00, 0x37, 0x00, 0x37, 0x00,
    0x35, 0x00, 0x33, 0x00, 0x38, 0x00, 0x37, 0x00, 0x34, 0x00, 0x39, 0x00, 0x36, 0x00, 0x35, 0x00,
    0x35, 0x00, 0x37, 0x00, 0x39, 0x00, 0x36, 0x00, 0x39, 0x00, 0x3a, 0x00, 0x37, 0x00, 0x38, 0x00,
    0x3b, 0x00, 0x3b, 0x00, 0x39, 0x00, 0x37, 0x00, 0x3c, 0x00, 0x3b, 0x00, 0x38, 0x00, 0x3d, 0x00,
    0x3a, 0x00, 0x39, 0x00, 0x39, 0x00, 0x3b, 0x00, 0x3d, 0x00, 0x3a, 0x00, 0x3d, 0x00, 0x3e, 0x00,
    0x3b, 0x00, 0x3c, 0x00, 0x3f, 0x00, 0x3f, 0x00, 0x3d, 0x00, 0x3b, 0x00, 0x40, 0x00, 0x3f, 0x00,
    0x3c, 0x00, 0x41, 0x00, 0x3e, 0x00, 0x3d, 0x00, 0x3d, 0x00, 0x3f, 0x00, 0x41, 0x00, 0x3e, 0x00,
    0x41, 0x00, 0x42, 0x00, 0x3f, 0x00, 0x40, 0x00, 0x43, 0x00, 0x43, 0x00, 0x41, 0x00, 0x3f, 0x00,
    0x44, 0x00, 0x43, 0x00, 0x40, 0x00, 0x45, 0x00, 0x42, 0x00, 0x41, 0x00, 0x41, 0x00, 0x43, 0x00,
    0x45, 0x00, 0x42, 0x00, 0x45, 0x00, 0x46, 0x00, 0x43, 0x00, 0x44, 0x00, 0x47, 0x00, 0x47, 0x00,
    0x45, 0x00, 0x43, 0x00, 0x48, 0x00, 0x47, 0x00, 0x44, 0x00, 0x49, 0x00, 0x46, 0x00, 0x45, 0x00,
    0x45, 0x00, 0x47, 0x00, 0x49, 0x00, 0x46, 0x00, 0x49, 0x00, 0x4a, 0x00, 0x47, 0x00, 0x48, 0x00,
    0x4b, 0x00, 0x4b, 0x00, 0x49, 0x00, 0x47, 0x00, 0x4c, 0x00, 0x4b, 0x00, 0x48, 0x00, 0x4d, 0x00,
    0x4a, 0x00, 0x49, 0x00, 0x49, 0x00, 0x4b, 0x00, 0x4d, 0x00, 0x4a, 0x00, 0x4d, 0x00, 0x4e, 0x00,
    0x4b, 0x00, 0x4c, 0x00, 0x4f, 0x00, 0x4f, 0x00, 0x4d, 0x00, 0x4b, 0x00, 0x50, 0x00, 0x4f, 0x00,
    0x4c, 0x00, 0x51, 0x00, 0x4e, 0x00, 0x4d, 0x00, 0x4d, 0x00, 0x4f, 0x00, 0x51, 0x00, 0x4e, 0x00,
    0x51, 0x00, 0x52, 0x00, 0x4f, 0x00, 0x50, 0x00, 0x53, 0x00, 0x53, 0x00, 0x51, 0x00, 0x4f, 0x00,
    0x54, 0x00, 0x53, 0x00, 0x50, 0x00, 0x55, 0x00, 0x52, 0x00, 0x51, 0x00, 0x51, 0x00, 0x53, 0x00,
    0x55, 0x00, 0x52, 0x00, 0x55, 0x00, 0x56, 0x00, 0x53, 0x00, 0x54, 0x00, 0x57, 0x00, 0x57, 0x00,
    0x55, 0x00, 0x53, 0x00, 0x58, 0x00, 0x57, 0x00, 0x54, 0x00, 0x59, 0x00, 0x56, 0x00, 0x55, 0x00,
    0x55, 0x00, 0x57, 0x00, 0x59, 0x00, 0x56, 0x00, 0x59, 0x00, 0x5a, 0x00, 0x57, 0x00, 0x58, 0x00,
    0x5b, 0x00, 0x5b, 0x00, 0x59, 0x00, 0x57, 0x00, 0x5c, 0x00, 0x5b, 0x00, 0x58, 0x00, 0x5d, 0x00,
    0x5a, 0x00, 0x59, 0x00, 0x59, 0x00, 0x5b, 0x00, 0x5d, 0x00, 0x5a, 0x00, 0x5d, 0x00, 0x5e, 0x00,
    0x5b, 0x00, 0x5c, 0x00, 0x5f, 0x00, 0x5f, 0x00, 0x5d, 0x00, 0x5b, 0x00, 0x60, 0x00, 0x5f, 0x00,
    0x5c, 0x00, 0x61, 0x00, 0x5e, 0x00, 0x5d, 0x00, 0x5d, 0x00, 0x5f, 0x00, 0x61, 0x00, 0x5e, 0x00,
    0x61, 0x00, 0x62, 0x00, 0x5f, 0x00, 0x60, 0x00, 0x63, 0x00, 0x63, 0x00, 0x61, 0x00, 0x5f, 0x00,
    0x64, 0x00, 0x63, 0x00, 0x60, 0x00, 0x65, 0x00, 0x62, 0x00, 0x61, 0x00, 0x61, 0x00, 0x63, 0x00,
    0x65, 0x00, 0x62, 0x00, 0x65, 0x00, 0x66, 0x00, 0x63, 0x00, 0x64, 0x00, 0x67, 0x00, 0x67, 0x00,
    0x65, 0x00, 0x63, 0x00, 0x68, 0x00, 0x67, 0x00, 0x64, 0x00, 0x69, 0x00, 0x66, 0x00, 0x65, 0x00,
    0x65, 0x00, 0x67, 0x00, 0x69, 0x00, 0x66, 0x00, 0x69, 0x00, 0x6a, 0x00, 0x67, 0x00, 0x68, 0x00,
    0x6b, 0x00, 0x6b, 0x00, 0x69, 0x00, 0x67, 0x00, 0x6c, 0x00, 0x6b, 0x00, 0x68, 0x00, 0x6d, 0x00,
    0x6a, 0x00, 0x69, 0x00, 0x69, 0x00, 0x6b, 0x00, 0x6d, 0x00, 0x6a, 0x00, 0x6d, 0x00, 0x6e, 0x00,
    0x6b, 0x00, 0x6c, 0x00, 0x6f, 0x00, 0x6f, 0x00, 0x6d, 0x00, 0x6b, 0x00, 0x70, 0x00, 0x6f, 0x00,
    0x6c, 0x00, 0x71, 0x00, 0x6e, 0x00, 0x6d, 0x00, 0x6d, 0x00, 0x6f, 0x00, 0x71, 0x00, 0x6e, 0x00,
    0x71, 0x00, 0x72, 0x00, 0x6f, 0x00, 0x70, 0x00, 0x73, 0x00, 0x73, 0x00, 0x71, 0x00, 0x6f, 0x00,
    0x74, 0x00, 0x73, 0x00, 0x70, 0x00, 0x75, 0x00, 0x72, 0x00, 0x71, 0x00, 0x71, 0x00, 0x73, 0x00,
    0x75, 0x00, 0x72, 0x00, 0x75, 0x00, 0x76, 0x00, 0x73, 0x00, 0x74, 0x00, 0x77, 0x00, 0x77, 0x00,
    0x75, 0x00, 0x73, 0x00, 0x78, 0x00, 0x77, 0x00, 0x74, 0x00, 0x79, 0x00, 0x76, 0x00, 0x75, 0x00,
    0x75, 0x00, 0x77, 0x00, 0x79, 0x00, 0x76, 0x00, 0x79, 0x00, 0x7a, 0x00, 0x77, 0x00, 0x78, 0x00,
    0x7b, 0x00, 0x7b, 0x00, 0x79, 0x00, 0x77, 0x00, 0x7c, 0x00, 0x7b, 0x00, 0x78, 0x00, 0x7d, 0x00,
    0x7a, 0x00, 0x79, 0x00, 0x79, 0x00, 0x7b, 0x00, 0x7d, 0x00, 0x7a, 0x00, 0x7d, 0x00, 0x7e, 0x00,
    0x7b, 0x00, 0x7c, 0x00, 0x7f, 0x00, 0x7f, 0x00, 0x7d, 0x00, 0x7b, 0x00, 0x80, 0x00, 0x7f, 0x00,
    0x7c, 0x00, 0x81, 0x00, 0x7e, 0x00, 0x7d, 0x00, 0x7d, 0x00, 0x7f, 0x00, 0x81, 0x00, 0x7e, 0x00,
    0x81, 0x00, 0x82, 0x00, 0x7f, 0x00, 0x80, 0x00, 0x83, 0x00, 0x83, 0x00, 0x81, 0x00, 0x7f, 0x00,
    0x84, 0x00, 0x83, 0x00, 0x80, 0x00, 0x85, 0x00, 0x82, 0x00, 0x81, 0x00, 0x81, 0x00, 0x83, 0x00,
    0x85, 0x00, 0x82, 0x00, 0x85, 0x00, 0x86, 0x00, 0x83, 0x00, 0x84, 0x00, 0x87, 0x00, 0x87, 0x00,
    0x85, 0x00, 0x83, 0x00, 0x88, 0x00, 0x87, 0x00, 0x84, 0x00, 0x89, 0x00, 0x86, 0x00, 0x85, 0x00,
    0x85, 0x00, 0x87, 0x00, 0x89, 0x00, 0x86, 0x00, 0x89, 0x00, 0x8a, 0x00, 0x87, 0x00, 0x88, 0x00,
    0x8b, 0x00, 0x8b, 0x00, 0x89, 0x00, 0x87, 0x00, 0x8c, 0x00, 0x8b, 0x00, 0x88, 0x00, 0x8d, 0x00,
    0x8a, 0x00, 0x89, 0x00, 0x89, 0x00, 0x8b, 0x00, 0x8d, 0x00, 0x8a, 0x00, 0x8d, 0x00, 0x8e, 0x00,
    0x8b, 0x00, 0x8c, 0x00, 0x8f, 0x00, 0x8f, 0x00, 0x8d, 0x00, 0x8b, 0x00, 0x90, 0x00, 0x8f, 0x00,
    0x8c, 0x00, 0x91, 0x00, 0x8e, 0x00, 0x8d, 0x00, 0x8d, 0x00, 0x8f, 0x00, 0x91, 0x00, 0x8e, 0x00,
    0x91, 0x00, 0x92, 0x00, 0x8f, 0x00, 0x90, 0x00, 0x93, 0x00, 0x93, 0x00, 0x91, 0x00, 0x8f, 0x00,
    0x94, 0x00, 0x93, 0x00, 0x90, 0x00, 0x95, 0x00, 0x92, 0x00, 0x91, 0x00, 0x91, 0x00, 0x93, 0x00,
    0x95, 0x00, 0x92, 0x00, 0x95, 0x00, 0x96, 0x00, 0x93, 0x00, 0x94, 0x00, 0x97, 0x00, 0x97, 0x00,
    0x95, 0x00, 0x93, 0x00, 0x98, 0x00, 0x97, 0x00, 0x94, 0x00, 0x99, 0x00, 0x96, 0x00, 0x95, 0x00,
    0x95, 0x00, 0x97, 0x00, 0x99, 0x00, 0x96, 0x00, 0x99, 0x00, 0x9a, 0x00, 0x97, 0x00, 0x98, 0x00,
    0x9b, 0x00, 0x9b, 0x00, 0x99, 0x00, 0x97, 0x00, 0x9c, 0x00, 0x9b, 0x00, 0x98, 0x00, 0x9d, 0x00,
    0x9a, 0x00, 0x99, 0x00, 0x99, 0x00, 0x9b, 0x00, 0x9d, 0x00, 0x9a, 0x00, 0x9d, 0x00, 0x9e, 0x00,
    0x9b, 0x00, 0x9c, 0x00, 0x9f, 0x00, 0x9f, 0x00, 0x9d, 0x00, 0x9b, 0x00, 0xa0, 0x00, 0x9f, 0x00,
    0x9c, 0x00, 0xa1, 0x00, 0x9e, 0x00, 0x9d, 0x00, 0x9d, 0x00, 0x9f, 0x00, 0xa1, 0x00, 0x9e, 0x00,
    0xa1, 0x00, 0xa2, 0x00, 0x9f, 0x00, 0xa0, 0x00, 0xa3, 0x00, 0xa3, 0x00, 0xa1, 0x00, 0x9f, 0x00,
    0xa4, 0x00, 0xa3, 0x00, 0xa0, 0x00, 0xa5, 0x00, 0xa2, 0x00, 0xa1, 0x00, 0xa1, 0x00, 0xa3, 0x00,
    0xa5, 0x00, 0xa2, 0x00, 0xa5, 0x00, 0xa6, 0x00, 0xa3, 0x00, 0xa4, 0x00, 0xa7, 0x00, 0xa7, 0x00,
    0xa5, 0x00, 0xa3, 0x00, 0xa8, 0x00, 0xa7, 0x00, 0xa4, 0x00, 0xa9, 0x00, 0xa6, 0x00, 0xa5, 0x00,
    0xa5, 0x00, 0xa7, 0x00, 0xa9, 0x00, 0xa6, 0x00, 0xa9, 0x00, 0xaa, 0x00, 0xa7, 0x00, 0xa8, 0x00,
    0xab, 0x00, 0xab, 0x00, 0xa9, 0x00, 0xa7, 0x00, 0xac, 0x00, 0xab, 0x00, 0xa8, 0x00, 0xad, 0x00,
    0xaa, 0x00, 0xa9, 0x00, 0xa9, 0x00, 0xab, 0x00, 0xad, 0x00, 0xaa, 0x00, 0xad, 0x00, 0xae, 0x00,
    0xab, 0x00, 0xac, 0x00, 0xaf, 0x00, 0xaf, 0x00, 0xad, 0x00, 0xab, 0x00, 0xb0, 0x00, 0xaf, 0x00,
    0xac, 0x00, 0xb1, 0x00, 0xae, 0x00, 0xad, 0x00, 0xad, 0x00, 0xaf, 0x00, 0xb1, 0x00, 0xae, 0x00,
    0xb1, 0x00, 0xb2, 0x00, 0xaf, 0x00, 0xb0, 0x00, 0xb3, 0x00, 0xb3, 0x00, 0xb1, 0x00, 0xaf, 0x00,
    0xb4, 0x00, 0xb3, 0x00, 0xb0, 0x00, 0xb5, 0x00, 0xb2, 0x00, 0xb1, 0x00, 0xb1, 0x00, 0xb3, 0x00,
    0xb5, 0x00, 0xb2, 0x00, 0xb5, 0x00, 0xb6, 0x00, 0xb3, 0x00, 0xb4, 0x00, 0xb7, 0x00, 0xb7, 0x00,
    0xb5, 0x00, 0xb3, 0x00, 0xb8, 0x00, 0xb7, 0x00, 0xb4, 0x00, 0xb9, 0x00, 0xb6, 0x00, 0xb5, 0x00,
    0xb5, 0x00, 0xb7, 0x00, 0xb9, 0x00, 0xb6, 0x00, 0xb9, 0x00, 0xba, 0x00, 0xb7, 0x00, 0xb8, 0x00,
    0xbb, 0x00, 0xbb, 0x00, 0xb9, 0x00, 0xb7, 0x00, 0xbc, 0x00, 0xbb, 0x00, 0xb8, 0x00, 0xbd, 0x00,
    0xba, 0x00, 0xb9, 0x00, 0xb9, 0x00, 0xbb, 0x00, 0xbd, 0x00, 0xba, 0x00, 0xbd, 0x00, 0xbe, 0x00,
    0xbb, 0x00, 0xbc, 0x00, 0xbf, 0x00, 0xbf, 0x00, 0xbd, 0x00, 0xbb, 0x00, 0xc0, 0x00, 0xbf, 0x00,
    0xbc, 0x00, 0xc1, 0x00, 0xbe, 0x00, 0xbd, 0x00, 0xbd, 0x00, 0xbf, 0x00, 0xc1, 0x00, 0xbe, 0x00,
    0xc1, 0x00, 0xc2, 0x00, 0xbf, 0x00, 0xc0, 0x00, 0xc3, 0x00, 0xc3, 0x00, 0xc1, 0x00, 0xbf, 0x00,
    0xc4, 0x00, 0xc3, 0x00, 0xc0, 0x00, 0xc5, 0x00, 0xc2, 0x00, 0xc1, 0x00, 0xc1, 0x00, 0xc3, 0x00,
    0xc5, 0x00, 0xc2, 0x00, 0xc5, 0x00, 0xc6, 0x00, 0xc7, 0x00, 0xc6, 0x00, 0xc5, 0x00, 0xc3, 0x00,
    0xc4, 0x00, 0xc8, 0x00, 0xc8, 0x00, 0xc5, 0x00, 0xc3, 0x00, 0xc5, 0x00, 0xc8, 0x00, 0xc7, 0x00,
    0xc9, 0x00, 0xc8, 0x00, 0xc4, 0x00, 0xca, 0x00, 0xc7, 0x00, 0xc8, 0x00, 0xc8, 0x00, 0xc9, 0x00,
    0xca, 0x00, 0xcb, 0x00, 0xca, 0x00, 0xc9, 0x00,
};
inline constexpr std::size_t g_EndfieldM18PeakIndicesSize = sizeof(g_EndfieldM18PeakIndices);

inline constexpr std::uint8_t g_EndfieldM18PeakSecondary[] = {
    0x00, 0x00, 0x00, 0x00, 0xff, 0xff, 0xff, 0xff, 0x00, 0x00, 0xff, 0x00, 0xff, 0x00, 0x00, 0xff,
    0xff, 0x00, 0x00, 0x00,
};
inline constexpr std::size_t g_EndfieldM18PeakSecondarySize = sizeof(g_EndfieldM18PeakSecondary);

inline constexpr std::uint8_t g_EndfieldM18PeakVSCB0[] = {
    0x00, 0x00, 0x80, 0x3f, 0x00, 0x00, 0x00, 0x00, 0x00, 0x00, 0x00, 0x00, 0x00, 0x00, 0x00, 0x00,
    0x00, 0x00, 0x00, 0x00, 0x00, 0x00, 0x00, 0x00, 0x00, 0x00, 0x00, 0x00, 0x00, 0x00, 0x00, 0x00,
};
inline constexpr std::size_t g_EndfieldM18PeakVSCB0Size = sizeof(g_EndfieldM18PeakVSCB0);

inline constexpr std::uint8_t g_EndfieldM18PeakVSCB1[] = {
    0xd6, 0xfe, 0x7f, 0xbf, 0x28, 0x7d, 0xd1, 0xb9, 0xd9, 0x03, 0xc3, 0xbb, 0x00, 0x00, 0x00, 0x00,
    0x00, 0x00, 0x80, 0x2d, 0xcb, 0x6c, 0x7f, 0x3f, 0xf4, 0x30, 0x89, 0xbd, 0x00, 0x00, 0x00, 0x00,
    0x3d, 0x74, 0xc3, 0xbb, 0x54, 0x30, 0x89, 0x3d, 0xa2, 0x6b, 0x7f, 0x3f, 0x00, 0x00, 0x00, 0x00,
    0x8c, 0xe1, 0x96, 0xc3, 0x3f, 0x49, 0x8c, 0xc3, 0x71, 0x1a, 0x9d, 0x43, 0x00, 0x00, 0x80, 0x3f,
    0xd5, 0xfe, 0x7f, 0xbf, 0xc5, 0x49, 0x00, 0x2e, 0x3c, 0x74, 0xc3, 0xbb, 0x00, 0x00, 0x00, 0x00,
    0x28, 0x7d, 0xd1, 0xb9, 0xcb, 0x6c, 0x7f, 0x3f, 0x53, 0x30, 0x89, 0x3d, 0x00, 0x00, 0x00, 0x00,
    0xd8, 0x03, 0xc3, 0xbb, 0xf4, 0x30, 0x89, 0xbd, 0xa0, 0x6b, 0x7f, 0x3f, 0x00, 0x00, 0x00, 0x00,
    0xdb, 0xff, 0x95, 0xc3, 0xba, 0x7e, 0x96, 0x43, 0x11, 0x40, 0x94, 0xc3, 0x00, 0x00, 0x80, 0x3f,
    0x87, 0x2a, 0x4c, 0x40, 0x00, 0x00, 0x00, 0x00, 0x00, 0x00, 0x00, 0x00, 0x00, 0x00, 0x00, 0x00,
    0x00, 0x00, 0x00, 0x00, 0x23, 0x7b, 0xb5, 0xc0, 0x00, 0x00, 0x00, 0x00, 0x00, 0x00, 0x00, 0x00,
    0x72, 0x93, 0x08, 0x39, 0x7e, 0xcd, 0xbc, 0x39, 0x00, 0x54, 0x03, 0x3b, 0x00, 0x00, 0x80, 0xbf,
    0x00, 0x00, 0x00, 0x00, 0x00, 0x00, 0x00, 0x00, 0xde, 0x35, 0xcd, 0x3d, 0x00, 0x00, 0x00, 0x00,
    0x2b, 0x7f, 0xa0, 0x3e, 0x00, 0x00, 0x00, 0x00, 0x00, 0x00, 0x00, 0x00, 0x00, 0x00, 0x00, 0x00,
    0x00, 0x00, 0x00, 0x00, 0x10, 0x8f, 0x34, 0xbe, 0x00, 0x00, 0x00, 0x00, 0x00, 0x00, 0x00, 0x00,
    0x00, 0x00, 0x00, 0x00, 0x00, 0x00, 0x00, 0x00, 0x00, 0x00, 0x00, 0x00, 0x15, 0xae, 0x1f, 0x41,
    0xff, 0x3f, 0x2b, 0x38, 0xff, 0x29, 0x85, 0xb8, 0x00, 0x00, 0x80, 0xbf, 0xf3, 0xd4, 0xa3, 0x3c,
    0x9c, 0x29, 0x4c, 0xc0, 0x4c, 0x5e, 0x14, 0x3b, 0xeb, 0x15, 0x48, 0xb7, 0xd9, 0x03, 0xc3, 0x3b,
    0xd9, 0x61, 0x12, 0xb7, 0xfb, 0x12, 0xb5, 0xc0, 0x22, 0xc2, 0x0c, 0xb9, 0xf4, 0x30, 0x89, 0x3d,
    0x90, 0xd0, 0x9a, 0xbc, 0x39, 0x53, 0xc2, 0xbe, 0xe3, 0x07, 0x03, 0x3b, 0xa2, 0x6b, 0x7f, 0xbf,
    0xf9, 0xa6, 0x70, 0xc4, 0x27, 0xea, 0xc6, 0x44, 0xe5, 0xd6, 0x3a, 0x3f, 0x71, 0x1a, 0x9d, 0xc3,
    0x9c, 0x29, 0x4c, 0xc0, 0x4c, 0x5e, 0x14, 0x3b, 0xeb, 0x15, 0x48, 0xb7, 0xd9, 0x03, 0xc3, 0x3b,
    0xd9, 0x61, 0x12, 0xb7, 0xfb, 0x12, 0xb5, 0xc0, 0x22, 0xc2, 0x0c, 0xb9, 0xf4, 0x30, 0x89, 0x3d,
    0x90, 0xd0, 0x9a, 0xbc, 0x39, 0x53, 0xc2, 0xbe, 0xe3, 0x07, 0x03, 0x3b, 0xa2, 0x6b, 0x7f, 0xbf,
    0x00, 0x00, 0x00, 0x00, 0x00, 0x00, 0x00, 0x00, 0xde, 0x35, 0xcd, 0x3d, 0x00, 0x00, 0x00, 0x00,
    0x70, 0x7e, 0xa0, 0xbe, 0xab, 0xdb, 0x20, 0x2d, 0x7a, 0x13, 0xf5, 0xba, 0x00, 0x00, 0x00, 0x00,
    0x12, 0xc1, 0x93, 0x38, 0x3c, 0x27, 0x34, 0xbe, 0x4a, 0x85, 0x41, 0xbc, 0x00, 0x00, 0x00, 0x00,
    0xd2, 0x1f, 0x3b, 0xc5, 0x18, 0xbe, 0x3b, 0x45, 0x35, 0xf1, 0x38, 0xc5, 0x15, 0xae, 0x1f, 0x41,
    0xf2, 0xcc, 0xbf, 0xc0, 0xff, 0xc3, 0xc2, 0x40, 0xb6, 0xad, 0xdd, 0xc0, 0xf3, 0xd4, 0xa3, 0x3c,
    0x99, 0x29, 0x4c, 0xc0, 0x41, 0x82, 0x14, 0x3b, 0x71, 0x17, 0x48, 0xb7, 0xd9, 0x03, 0xc3, 0x3b,
    0x87, 0x2a, 0x4c, 0x2e, 0xc8, 0x12, 0xb5, 0xc0, 0x34, 0xc3, 0x0c, 0xb9, 0xf4, 0x30, 0x89, 0x3d,
    0x19, 0xe1, 0x9b, 0xbc, 0x51, 0x82, 0xc2, 0xbe, 0xe3, 0x08, 0x03, 0x3b, 0xa2, 0x6b, 0x7f, 0xbf,
    0x98, 0xa9, 0x70, 0xc4, 0x88, 0xe6, 0xc6, 0x44, 0x1f, 0xd8, 0x3a, 0x3f, 0x71, 0x1a, 0x9d, 0xc3,
    0x99, 0x29, 0x4c, 0xc0, 0x41, 0x82, 0x14, 0x3b, 0x71, 0x17, 0x48, 0xb7, 0xd9, 0x03, 0xc3, 0x3b,
    0x87, 0x2a, 0x4c, 0x2e, 0xc8, 0x12, 0xb5, 0xc0, 0x34, 0xc3, 0x0c, 0xb9, 0xf4, 0x30, 0x89, 0x3d,
    0x19, 0xe1, 0x9b, 0xbc, 0x51, 0x82, 0xc2, 0xbe, 0xe3, 0x08, 0x03, 0x3b, 0xa2, 0x6b, 0x7f, 0xbf,
    0x00, 0x00, 0x00, 0x00, 0x00, 0x00, 0x00, 0x00, 0xde, 0x35, 0xcd, 0x3d, 0x00, 0x00, 0x00, 0x00,
    0x70, 0x7e, 0xa0, 0xbe, 0x1f, 0xf7, 0x34, 0x2d, 0x7b, 0x13, 0xf5, 0xba, 0x00, 0x00, 0x00, 0x00,
    0x12, 0xc1, 0x93, 0x38, 0x3c, 0x27, 0x34, 0xbe, 0x4a, 0x85, 0x41, 0xbc, 0x00, 0x00, 0x00, 0x00,
    0xd0, 0x1f, 0x3b, 0xc5, 0x15, 0xbe, 0x3b, 0x45, 0x33, 0xf1, 0x38, 0xc5, 0x13, 0xae, 0x1f, 0x41,
    0x10, 0xce, 0xbf, 0xc0, 0xf8, 0xc5, 0xc2, 0x40, 0x1e, 0xaf, 0xdd, 0xc0, 0x31, 0xd6, 0xa3, 0x3c,
    0x00, 0x00, 0x80, 0x3f, 0x00, 0x00, 0x00, 0x00, 0x00, 0x00, 0x00, 0x00, 0x00, 0x00, 0x00, 0x00,
    0x00, 0x00, 0x00, 0x00, 0x00, 0x00, 0x80, 0x3f, 0x00, 0x00, 0x00, 0x00, 0x00, 0x00, 0x00, 0x00,
    0x00, 0x00, 0x00, 0x00, 0x00, 0x00, 0x00, 0x00, 0x00, 0x00, 0x80, 0x3f, 0x00, 0x00, 0x00, 0x00,
    0x00, 0x00, 0x00, 0x00, 0x00, 0x00, 0x00, 0x00, 0x00, 0x00, 0x00, 0x00, 0x00, 0x00, 0x80, 0x3f,
    0xdb, 0xff, 0x95, 0xc3, 0xba, 0x7e, 0x96, 0x43, 0x11, 0x40, 0x94, 0xc3, 0x00, 0x00, 0x00, 0x00,
    0x96, 0x29, 0x4c, 0xc0, 0xaa, 0x91, 0x14, 0x3b, 0xeb, 0x15, 0x48, 0xb7, 0xd9, 0x03, 0xc3, 0x3b,
    0x3f, 0x62, 0x12, 0x37, 0xb2, 0x12, 0xb5, 0xc0, 0x22, 0xc2, 0x0c, 0xb9, 0xf4, 0x30, 0x89, 0x3d,
    0xa2, 0xf1, 0x9c, 0xbc, 0x80, 0x96, 0xc2, 0xbe, 0xe3, 0x07, 0x03, 0x3b, 0xa2, 0x6b, 0x7f, 0xbf,
    0x37, 0xac, 0x70, 0xc4, 0xfb, 0xe4, 0xc6, 0x44, 0xe5, 0xd6, 0x3a, 0x3f, 0x71, 0x1a, 0x9d, 0xc3,
    0x96, 0x29, 0x4c, 0xc0, 0xaa, 0x91, 0x14, 0x3b, 0xeb, 0x15, 0x48, 0xb7, 0xd9, 0x03, 0xc3, 0x3b,
    0x3f, 0x62, 0x12, 0x37, 0xb2, 0x12, 0xb5, 0xc0, 0x22, 0xc2, 0x0c, 0xb9, 0xf4, 0x30, 0x89, 0x3d,
    0xa2, 0xf1, 0x9c, 0xbc, 0x80, 0x96, 0xc2, 0xbe, 0xe3, 0x07, 0x03, 0x3b, 0xa2, 0x6b, 0x7f, 0xbf,
    0x00, 0x00, 0x00, 0x00, 0x00, 0x00, 0x00, 0x00, 0xde, 0x35, 0xcd, 0x3d, 0x00, 0x00, 0x00, 0x00,
    0x99, 0x29, 0x4c, 0xc0, 0x41, 0x82, 0x14, 0x3b, 0x71, 0x17, 0x48, 0xb7, 0xd9, 0x03, 0xc3, 0x3b,
    0x87, 0x2a, 0x4c, 0x2e, 0xc8, 0x12, 0xb5, 0xc0, 0x34, 0xc3, 0x0c, 0xb9, 0xf4, 0x30, 0x89, 0x3d,
    0x19, 0xe1, 0x9b, 0xbc, 0x51, 0x82, 0xc2, 0xbe, 0xe3, 0x08, 0x03, 0x3b, 0xa2, 0x6b, 0x7f, 0xbf,
    0x98, 0xa9, 0x70, 0xc4, 0x88, 0xe6, 0xc6, 0x44, 0x1f, 0xd8, 0x3a, 0x3f, 0x71, 0x1a, 0x9d, 0xc3,
    0x99, 0x29, 0x4c, 0xc0, 0x41, 0x82, 0x14, 0x3b, 0x71, 0x17, 0x48, 0xb7, 0xd9, 0x03, 0xc3, 0x3b,
    0x87, 0x2a, 0x4c, 0x2e, 0xc8, 0x12, 0xb5, 0xc0, 0x34, 0xc3, 0x0c, 0xb9, 0xf4, 0x30, 0x89, 0x3d,
    0x19, 0xe1, 0x9b, 0xbc, 0x51, 0x82, 0xc2, 0xbe, 0xe3, 0x08, 0x03, 0x3b, 0xa2, 0x6b, 0x7f, 0xbf,
    0x00, 0x00, 0x00, 0x00, 0x00, 0x00, 0x00, 0x80, 0xde, 0x35, 0xcd, 0x3d, 0x00, 0x00, 0x00, 0x00,
    0x70, 0x7e, 0xa0, 0xbe, 0xab, 0xdb, 0x20, 0x2d, 0x7a, 0x13, 0xf5, 0xba, 0x00, 0x00, 0x00, 0x00,
    0x12, 0xc1, 0x93, 0x38, 0x3c, 0x27, 0x34, 0xbe, 0x4a, 0x85, 0x41, 0xbc, 0x00, 0x00, 0x00, 0x00,
    0xd2, 0x1f, 0x3b, 0xc5, 0x18, 0xbe, 0x3b, 0x45, 0x35, 0xf1, 0x38, 0xc5, 0x15, 0xae, 0x1f, 0x41,
    0x46, 0xcc, 0xbf, 0xc0, 0xbd, 0xc4, 0xc2, 0x40, 0xa9, 0xad, 0xdd, 0xc0, 0xf3, 0xd4, 0xa3, 0x3c,
    0x70, 0x7e, 0xa0, 0xbe, 0x1f, 0xf7, 0x34, 0x2d, 0x7b, 0x13, 0xf5, 0xba, 0x00, 0x00, 0x00, 0x00,
    0x12, 0xc1, 0x93, 0x38, 0x3c, 0x27, 0x34, 0xbe, 0x4a, 0x85, 0x41, 0xbc, 0x00, 0x00, 0x00, 0x00,
    0xd0, 0x1f, 0x3b, 0xc5, 0x15, 0xbe, 0x3b, 0x45, 0x33, 0xf1, 0x38, 0xc5, 0x13, 0xae, 0x1f, 0x41,
    0x10, 0xce, 0xbf, 0xc0, 0xf8, 0xc5, 0xc2, 0x40, 0x1e, 0xaf, 0xdd, 0xc0, 0x31, 0xd6, 0xa3, 0x3c,
    0x00, 0x00, 0x80, 0x3f, 0x00, 0x00, 0x80, 0x2e, 0x00, 0x00, 0x80, 0xaa, 0x00, 0x00, 0x00, 0x00,
    0x00, 0x00, 0x00, 0x00, 0x00, 0x00, 0x80, 0x3f, 0x00, 0x00, 0x00, 0x00, 0x00, 0x00, 0x00, 0x00,
    0x00, 0x00, 0x00, 0x00, 0x00, 0x00, 0x00, 0x00, 0x00, 0x00, 0x80, 0x3f, 0x00, 0x00, 0x00, 0x00,
    0x00, 0x00, 0x00, 0xb6, 0x00, 0x00, 0xc0, 0x36, 0x00, 0x00, 0x80, 0xb0, 0xf8, 0xff, 0x7f, 0x3f,
    0x06, 0x40, 0xcd, 0xbf, 0xc8, 0x4c, 0x95, 0x3a, 0x70, 0x17, 0x48, 0xb7, 0xd8, 0x03, 0xc3, 0x3b,
    0x00, 0x00, 0x00, 0x00, 0xb8, 0x09, 0x36, 0xc0, 0x33, 0xc3, 0x0c, 0xb9, 0xf3, 0x30, 0x89, 0x3d,
    0xae, 0xb5, 0x1c, 0xbc, 0x93, 0x8b, 0x43, 0xbe, 0xe2, 0x08, 0x03, 0x3b, 0xa0, 0x6b, 0x7f, 0xbf,
    0xcd, 0xf1, 0xf1, 0xc3, 0xc8, 0xf5, 0x47, 0x44, 0x1d, 0xd8, 0x3a, 0x3f, 0x6f, 0x1a, 0x9d, 0xc3,
    0xba, 0xa4, 0x1f, 0xbf, 0x00, 0x00, 0x00, 0x00, 0x07, 0xc7, 0x73, 0xbb, 0x00, 0x00, 0x00, 0x00,
    0xa5, 0xf8, 0x12, 0x39, 0xda, 0x32, 0xb3, 0xbe, 0xc7, 0x7e, 0xc0, 0xbc, 0x00, 0x00, 0x00, 0x00,
    0xd4, 0x1f, 0x3b, 0xc5, 0x18, 0xbe, 0x3b, 0x45, 0x35, 0xf1, 0x38, 0xc5, 0x15, 0xae, 0x1f, 0x41,
    0x15, 0xce, 0xbf, 0xc0, 0xfd, 0xc5, 0xc2, 0x40, 0x20, 0xaf, 0xdd, 0xc0, 0x33, 0xd6, 0xa3, 0x3c,
    0xdb, 0xff, 0x95, 0xc3, 0xba, 0x7e, 0x96, 0x43, 0x11, 0x40, 0x94, 0xc3, 0x00, 0x00, 0x00, 0x00,
};
inline constexpr std::size_t g_EndfieldM18PeakVSCB1Size = sizeof(g_EndfieldM18PeakVSCB1);

inline constexpr std::uint8_t g_EndfieldM18PeakVSCB2[] = {
    0x00, 0x00, 0x70, 0x45, 0x00, 0x00, 0x07, 0x45, 0x89, 0x88, 0x88, 0x39, 0xd6, 0xb9, 0xf2, 0x39,
    0x00, 0x00, 0x70, 0x45, 0x00, 0x00, 0x07, 0x45, 0x89, 0x88, 0x88, 0x39, 0xd6, 0xb9, 0xf2, 0x39,
    0x00, 0x80, 0xf9, 0x43, 0x00, 0x00, 0x80, 0x3f, 0x14, 0xae, 0x1f, 0x41, 0x0a, 0xd7, 0xa3, 0x3c,
    0x00, 0x00, 0x80, 0xbf, 0xcd, 0xcc, 0xcc, 0x3d, 0x00, 0x00, 0x48, 0x42, 0x0a, 0xd7, 0xa3, 0x3c,
    0x00, 0x00, 0x00, 0x00, 0x00, 0x00, 0x00, 0x00, 0x00, 0x00, 0x00, 0x00, 0x00, 0x00, 0x00, 0x00,
    0x00, 0x00, 0x70, 0x45, 0x00, 0x00, 0x07, 0x45, 0x89, 0x08, 0x80, 0x3f, 0x2c, 0x0f, 0x80, 0x3f,
    0x00, 0x00, 0x00, 0x00, 0x00, 0x00, 0x00, 0x00, 0x00, 0x00, 0x00, 0x00, 0x00, 0x00, 0x00, 0x00,
    0x00, 0x00, 0x00, 0x00, 0x00, 0x00, 0x00, 0x00, 0x00, 0x00, 0x00, 0x00, 0x00, 0x00, 0x00, 0x00,
    0x00, 0x00, 0x00, 0x00, 0x00, 0x00, 0x00, 0x00, 0x00, 0x00, 0x00, 0x00, 0x00, 0x00, 0x00, 0x00,
    0x00, 0x00, 0x00, 0x00, 0x00, 0x00, 0x00, 0x00, 0x00, 0x00, 0x00, 0x00, 0x00, 0x00, 0x00, 0x00,
    0x00, 0x00, 0x00, 0x00, 0x00, 0x00, 0x00, 0x00, 0x00, 0x00, 0x00, 0x00, 0x00, 0x00, 0x00, 0x00,
    0x00, 0x00, 0x00, 0x00, 0x00, 0x00, 0x00, 0x00, 0x00, 0x00, 0x00, 0x00, 0x00, 0x00, 0x00, 0x00,
    0x00, 0x00, 0x00, 0x00, 0x00, 0x00, 0x00, 0x00, 0x00, 0x00, 0x00, 0x00, 0x00, 0x00, 0x00, 0x00,
    0x00, 0x00, 0x00, 0x00, 0x00, 0x00, 0x00, 0x00, 0x00, 0x00, 0x00, 0x00, 0x00, 0x00, 0x00, 0x00,
    0x00, 0x00, 0x00, 0x00, 0x00, 0x00, 0x00, 0x00, 0x00, 0x00, 0x00, 0x00, 0x00, 0x00, 0x00, 0x00,
    0x00, 0x00, 0x00, 0x00, 0x00, 0x00, 0x00, 0x00, 0x00, 0x00, 0x00, 0x00, 0x00, 0x00, 0x00, 0x00,
    0x00, 0x00, 0x00, 0x00, 0x00, 0x00, 0x00, 0x00, 0x00, 0x00, 0x00, 0x00, 0x00, 0x00, 0x00, 0x00,
    0x00, 0x00, 0x00, 0x00, 0x00, 0x00, 0x00, 0x00, 0x00, 0x00, 0x00, 0x00, 0x00, 0x00, 0x00, 0x00,
    0x00, 0x00, 0x00, 0x00, 0x00, 0x00, 0x10, 0x3f, 0x00, 0x00, 0x00, 0x40, 0x00, 0x00, 0x00, 0x00,
    0x00, 0x00, 0x80, 0x3e, 0x72, 0x1c, 0xc7, 0xbe, 0x89, 0x88, 0x88, 0x38, 0x6e, 0xc9, 0x3c, 0xb9,
    0x9b, 0x90, 0x1f, 0x40, 0xc1, 0x74, 0x47, 0x42, 0xc1, 0x74, 0xc7, 0x42, 0x6f, 0xa8, 0x7a, 0x40,
    0xbc, 0x76, 0x4d, 0xbd, 0x84, 0x34, 0xcd, 0xbd, 0x26, 0x2c, 0x4c, 0xbe, 0xa5, 0x12, 0xc8, 0xbe,
    0x7f, 0xad, 0x7f, 0x3f, 0x31, 0xb6, 0x7e, 0x3f, 0x17, 0xdc, 0x7a, 0x3f, 0x33, 0xa5, 0x6b, 0x3f,
    0x48, 0x8a, 0x88, 0x3c, 0xed, 0xfc, 0x6f, 0x42, 0x8a, 0x60, 0x8f, 0x3c, 0x4e, 0x8b, 0x64, 0x42,
    0xc1, 0x74, 0x47, 0x42, 0xa5, 0x12, 0xc8, 0xbe, 0x33, 0xa5, 0x6b, 0x3f, 0x6f, 0xa8, 0x7a, 0x40,
    0xb0, 0x63, 0x47, 0x42, 0x40, 0xe6, 0xcf, 0xbe, 0x07, 0xf2, 0x69, 0x3f, 0xa7, 0x42, 0x79, 0x40,
    0x00, 0x00, 0x80, 0xbf, 0x00, 0x00, 0x00, 0x3f, 0x00, 0x00, 0x00, 0x00, 0x1a, 0x06, 0x00, 0x00,
    0x00, 0x00, 0x80, 0x3f, 0x00, 0x00, 0x80, 0x3f, 0x39, 0x8e, 0xe3, 0x3f, 0xdf, 0x35, 0xcd, 0x3d,
    0x00, 0x00, 0x00, 0x00, 0x00, 0xff, 0x00, 0x00, 0x00, 0x3f, 0x01, 0x00, 0xe0, 0x5e, 0x01, 0x00,
    0x5c, 0x50, 0x93, 0x3e, 0x5c, 0x50, 0x93, 0x3e, 0x00, 0x00, 0x80, 0x3f, 0x00, 0x00, 0x00, 0x00,
    0x00, 0x00, 0x00, 0x00, 0x00, 0x00, 0x00, 0x00, 0x00, 0x00, 0x80, 0x3f, 0x00, 0x00, 0x80, 0x3f,
    0x00, 0x00, 0xe0, 0x40, 0x00, 0x00, 0x00, 0x00, 0x00, 0x00, 0x00, 0x00, 0x00, 0x00, 0x00, 0x00,
    0x00, 0x00, 0x80, 0x3e, 0x96, 0xb1, 0x94, 0x3f, 0x00, 0x00, 0x80, 0x33, 0xff, 0xff, 0x7f, 0x3f,
    0xcf, 0xab, 0x8c, 0xb3, 0x96, 0xb1, 0x94, 0xbf, 0x7f, 0x9d, 0x8c, 0xb3, 0x46, 0xa3, 0x94, 0xbf,
    0xfe, 0x94, 0x86, 0xc2, 0xdc, 0xe2, 0xb1, 0x3f, 0x02, 0x2b, 0xc7, 0x3e, 0x33, 0x33, 0xb3, 0x3e,
    0x00, 0x00, 0x00, 0x00, 0x00, 0x00, 0x00, 0x00, 0x00, 0x00, 0x00, 0x00, 0x00, 0x00, 0x00, 0x00,
    0x00, 0x00, 0x00, 0x00, 0x00, 0x00, 0x00, 0x00, 0x00, 0x00, 0x00, 0x00, 0x00, 0x00, 0x00, 0x00,
    0x00, 0x00, 0x00, 0x00, 0x00, 0x00, 0x00, 0x00, 0x00, 0x00, 0x00, 0x00, 0x00, 0x00, 0x00, 0x00,
    0xe1, 0x7a, 0xd4, 0x3f, 0x00, 0x00, 0x00, 0x00, 0x00, 0x00, 0x00, 0x00, 0x00, 0x00, 0x00, 0x00,
    0x3d, 0x69, 0x87, 0xc2, 0x55, 0xdb, 0x74, 0x40, 0x9a, 0x99, 0xe7, 0xc1, 0xf4, 0xfd, 0x4a, 0x41,
    0x00, 0x00, 0x00, 0x00, 0x00, 0x00, 0x00, 0x00, 0x00, 0x00, 0x00, 0x00, 0x00, 0x00, 0x20, 0x42,
    0x00, 0x00, 0x00, 0x00, 0x00, 0x00, 0x00, 0x00, 0x00, 0x00, 0x00, 0x00, 0x00, 0x00, 0x00, 0x00,
    0x00, 0x00, 0x00, 0x00, 0x00, 0x00, 0x00, 0x00, 0x00, 0x00, 0x00, 0x00, 0x00, 0x00, 0x00, 0x00,
    0xec, 0x4c, 0x0b, 0x41, 0xf4, 0xfd, 0x4a, 0x41, 0x00, 0x00, 0x00, 0x40, 0x00, 0x00, 0x00, 0x00,
    0x00, 0x00, 0x00, 0x00, 0x00, 0x00, 0x00, 0x00, 0x00, 0x00, 0x80, 0x3e, 0x00, 0x00, 0x00, 0x00,
    0x00, 0x00, 0x00, 0x00, 0x00, 0x00, 0x00, 0x00, 0x00, 0x00, 0x00, 0x00, 0x00, 0x00, 0x00, 0x00,
    0x00, 0x00, 0x00, 0x00, 0x00, 0x00, 0x00, 0x00, 0x00, 0x00, 0x00, 0x00, 0x00, 0x00, 0x00, 0x00,
    0x00, 0x00, 0x00, 0x00, 0x00, 0x00, 0x80, 0x3f, 0x00, 0x00, 0x00, 0x00, 0x00, 0x00, 0x00, 0x00,
    0x00, 0x00, 0x00, 0x00, 0x00, 0x00, 0x80, 0x3f, 0x00, 0x00, 0x00, 0x00, 0x00, 0x00, 0x00, 0x00,
    0x00, 0x00, 0x00, 0x00, 0x00, 0x00, 0x00, 0x00, 0x00, 0x00, 0x00, 0x00, 0x00, 0x00, 0x00, 0x00,
    0x00, 0x00, 0x00, 0x00, 0x00, 0x00, 0x00, 0x00, 0x00, 0x00, 0x00, 0x00, 0x00, 0x00, 0x00, 0x00,
    0x00, 0x00, 0x80, 0x3f, 0x6a, 0x21, 0xbb, 0x40, 0x00, 0x00, 0x00, 0x00, 0x00, 0x00, 0x00, 0x00,
    0x00, 0x00, 0x80, 0x3f, 0xc1, 0x8b, 0x81, 0x40, 0x00, 0x00, 0x00, 0x00, 0x00, 0x00, 0x00, 0x00,
    0x00, 0x00, 0x00, 0x00, 0x00, 0x00, 0x00, 0x00, 0x00, 0x00, 0x00, 0x00, 0x00, 0x00, 0x00, 0x00,
    0x00, 0x00, 0x00, 0x00, 0x00, 0x00, 0x00, 0x00, 0x00, 0x00, 0x00, 0x00, 0x00, 0x00, 0x00, 0x00,
    0x00, 0x00, 0x00, 0x40, 0x00, 0x00, 0x00, 0x00, 0x00, 0x00, 0x00, 0x00, 0x00, 0x00, 0x00, 0x00,
    0x00, 0x00, 0x80, 0x3e, 0x46, 0xa3, 0x94, 0x3f, 0x00, 0x00, 0x80, 0x33, 0xff, 0xff, 0x7f, 0x3f,
    0x3d, 0x69, 0x87, 0xc2, 0x55, 0xdb, 0x74, 0x40, 0x9a, 0x99, 0xe7, 0xc1, 0xf4, 0xfd, 0x4a, 0x41,
    0x00, 0x00, 0x00, 0x00, 0x00, 0x00, 0x00, 0x00, 0x00, 0x00, 0x00, 0x00, 0x00, 0x00, 0x20, 0x42,
    0x00, 0x00, 0x00, 0x00, 0x00, 0x00, 0x00, 0x00, 0x00, 0x00, 0x00, 0x00, 0x00, 0x00, 0x00, 0x00,
    0x00, 0x00, 0x00, 0x00, 0x00, 0x00, 0x00, 0x00, 0x00, 0x00, 0x00, 0x00, 0x00, 0x00, 0x00, 0x00,
    0xec, 0x4c, 0x0b, 0x41, 0xf4, 0xfd, 0x4a, 0x41, 0x00, 0x00, 0x00, 0x40, 0x00, 0x00, 0x00, 0x00,
    0x00, 0x00, 0x00, 0x00, 0x00, 0x00, 0x00, 0x00, 0x00, 0x00, 0x80, 0x3e, 0x00, 0x00, 0x00, 0x00,
    0x00, 0x00, 0x00, 0x00, 0x00, 0x00, 0x00, 0x00, 0x00, 0x00, 0x00, 0x00, 0x00, 0x00, 0x00, 0x00,
    0x00, 0x00, 0x00, 0x00, 0x00, 0x00, 0x00, 0x00, 0x00, 0x00, 0x00, 0x00, 0x00, 0x00, 0x00, 0x00,
    0x00, 0x00, 0x80, 0x3f, 0xcb, 0x04, 0xbb, 0x40, 0x00, 0x00, 0x00, 0x00, 0x00, 0x00, 0x00, 0x00,
    0x00, 0x00, 0x80, 0x3f, 0x2d, 0x88, 0x81, 0x40, 0x00, 0x00, 0x00, 0x00, 0x00, 0x00, 0x00, 0x00,
    0x00, 0x00, 0x00, 0x00, 0x00, 0x00, 0x00, 0x00, 0x00, 0x00, 0x00, 0x00, 0x00, 0x00, 0x00, 0x00,
    0x00, 0x00, 0x00, 0x00, 0x00, 0x00, 0x00, 0x00, 0x00, 0x00, 0x00, 0x00, 0x00, 0x00, 0x00, 0x00,
    0x00, 0xc0, 0x86, 0xc2, 0x64, 0x10, 0xd8, 0x3e, 0x00, 0x00, 0xc0, 0x3e, 0x00, 0x00, 0x00, 0x00,
    0x00, 0xc0, 0x86, 0xc2, 0x64, 0x10, 0xd8, 0x3e, 0x00, 0x00, 0xc0, 0x3e, 0x00, 0x00, 0x00, 0x00,
    0x00, 0x00, 0x00, 0x00, 0x00, 0x00, 0x00, 0x00, 0x00, 0x00, 0x00, 0x00, 0x00, 0x00, 0x00, 0x00,
    0x00, 0x00, 0x00, 0x00, 0x00, 0x00, 0x00, 0x00, 0x00, 0x00, 0x80, 0x3f, 0x6f, 0x12, 0x83, 0x3a,
    0xac, 0xc5, 0x27, 0x37, 0xac, 0xc5, 0x27, 0x37, 0xac, 0xc5, 0x27, 0x37, 0x00, 0x00, 0x00, 0x00,
    0x00, 0x00, 0x00, 0x00, 0x00, 0x00, 0x00, 0x00, 0x00, 0x00, 0x00, 0x00, 0x00, 0x00, 0x80, 0xbf,
    0x00, 0x00, 0x00, 0x00, 0x00, 0x00, 0x00, 0x00, 0x00, 0x00, 0x00, 0x00, 0x00, 0x00, 0x00, 0x00,
    0x00, 0x00, 0x00, 0x00, 0x00, 0x00, 0x00, 0x00, 0x00, 0x00, 0x00, 0x00, 0x00, 0xff, 0x7f, 0xc7,
    0x00, 0x00, 0x00, 0x00, 0x00, 0x00, 0x00, 0x00, 0x00, 0x00, 0x00, 0x00, 0x00, 0x00, 0x00, 0x00,
    0x00, 0x00, 0x00, 0x00, 0x00, 0x00, 0x00, 0x00, 0x00, 0x00, 0x00, 0x00, 0x00, 0x00, 0x00, 0x00,
    0x00, 0x00, 0x00, 0x00, 0x00, 0x00, 0x00, 0x00, 0x00, 0x00, 0x00, 0x00, 0x00, 0x00, 0x80, 0x3f,
    0x00, 0x00, 0x00, 0x00, 0x00, 0x00, 0x00, 0x00, 0x00, 0x00, 0x00, 0x00, 0x00, 0x00, 0x00, 0x00,
    0x00, 0x00, 0x00, 0x00, 0x00, 0x00, 0x80, 0x3f, 0x00, 0x00, 0x00, 0x00, 0x00, 0x00, 0x00, 0x00,
    0x00, 0x00, 0x00, 0x00, 0x00, 0x00, 0x00, 0x00, 0x00, 0x00, 0x00, 0x00, 0x00, 0x00, 0x80, 0x3f,
    0x00, 0x00, 0x00, 0x00, 0x00, 0x00, 0x00, 0x00, 0x00, 0x00, 0x00, 0x00, 0x00, 0x00, 0x00, 0x00,
    0x00, 0x00, 0x00, 0x00, 0x00, 0x00, 0x00, 0x00, 0x00, 0x00, 0x00, 0x00, 0x00, 0x00, 0x00, 0x00,
    0x00, 0x00, 0x00, 0x00, 0x00, 0x00, 0x00, 0x00, 0x00, 0x00, 0x00, 0x00, 0x00, 0x00, 0x00, 0x00,
    0x00, 0x00, 0x00, 0x00, 0x00, 0x00, 0x00, 0x00, 0x00, 0x00, 0x00, 0x00, 0x00, 0x00, 0x00, 0x00,
    0x00, 0x00, 0x00, 0x00, 0x00, 0x00, 0x00, 0x00, 0x00, 0x00, 0x00, 0x00, 0x00, 0x00, 0x00, 0x00,
    0x00, 0x00, 0x00, 0x00, 0x00, 0x00, 0x00, 0x00, 0x00, 0x00, 0x00, 0x00, 0x00, 0x00, 0x00, 0x00,
    0x00, 0x00, 0x00, 0x00, 0x00, 0x00, 0x00, 0x00, 0x00, 0x00, 0x00, 0x00, 0x00, 0x00, 0x00, 0x00,
    0x00, 0x00, 0x00, 0x3f, 0x00, 0x00, 0xc0, 0x3e, 0x00, 0x00, 0x00, 0x40, 0x00, 0x00, 0x40, 0xbf,
    0xae, 0x47, 0x61, 0x3f, 0x00, 0x00, 0x4a, 0xc2, 0x21, 0x77, 0x7d, 0x3f, 0x00, 0x00, 0xc8, 0x42,
    0x00, 0x00, 0x00, 0x40, 0x00, 0x00, 0x80, 0xbf, 0x00, 0x00, 0x00, 0x3f, 0x00, 0x00, 0x00, 0x3f,
    0x00, 0x00, 0x80, 0x3f, 0x00, 0x00, 0x00, 0x00, 0x00, 0x00, 0x00, 0x00, 0x00, 0x00, 0x00, 0x00,
    0x00, 0x00, 0x00, 0x00, 0x00, 0x00, 0x00, 0x00, 0x00, 0x00, 0x00, 0x00, 0x00, 0x00, 0x00, 0x00,
    0x00, 0x00, 0x80, 0x3f, 0x00, 0x00, 0x80, 0x3f, 0x00, 0x00, 0x80, 0x3f, 0x00, 0x00, 0x80, 0x3f,
    0x00, 0x00, 0x00, 0x00, 0x00, 0x00, 0x00, 0x00, 0x00, 0x00, 0x00, 0x00, 0x00, 0x00, 0x00, 0x00,
    0x00, 0x00, 0x48, 0x43, 0x00, 0x00, 0x96, 0x43, 0x00, 0x00, 0x80, 0x3f, 0x00, 0x00, 0x00, 0x00,
    0x00, 0x00, 0x80, 0x3f, 0x00, 0x00, 0x80, 0x3f, 0x00, 0x00, 0x80, 0x3f, 0x00, 0x00, 0x00, 0x00,
    0x00, 0x00, 0x80, 0x3f, 0x14, 0x74, 0x64, 0x3f, 0x7b, 0x80, 0x63, 0x3f, 0x00, 0x00, 0x80, 0x3f,
    0x00, 0x00, 0x80, 0x3f, 0x00, 0x00, 0x80, 0x3f, 0x00, 0x00, 0x80, 0x3f, 0x00, 0x00, 0x00, 0x00,
    0x00, 0x00, 0x80, 0x3f, 0x00, 0x00, 0x80, 0x3f, 0x00, 0x00, 0x80, 0x3f, 0x00, 0x00, 0x00, 0x00,
    0x00, 0x00, 0x00, 0x00, 0x00, 0x00, 0x80, 0x3f, 0x00, 0x00, 0x00, 0x00, 0x00, 0x00, 0x00, 0x00,
    0xfe, 0x94, 0x86, 0xc2, 0xdc, 0xe2, 0xb1, 0x3f, 0x02, 0x2b, 0xc7, 0x3e, 0xc1, 0x74, 0x47, 0x42,
};
inline constexpr std::size_t g_EndfieldM18PeakVSCB2Size = sizeof(g_EndfieldM18PeakVSCB2);

inline constexpr std::uint8_t g_EndfieldM18PeakVSCB3[] = {
    0x00, 0x00, 0x80, 0x3f, 0x00, 0x00, 0x00, 0x00, 0x00, 0x00, 0x00, 0x00, 0x00, 0x00, 0x00, 0x00,
    0x00, 0x00, 0x00, 0x00, 0x00, 0x00, 0x80, 0x3f, 0x00, 0x00, 0x00, 0x00, 0x00, 0x00, 0x00, 0x00,
    0x00, 0x00, 0x00, 0x00, 0x00, 0x00, 0x00, 0x00, 0x00, 0x00, 0x80, 0x3f, 0x00, 0x00, 0x00, 0x00,
    0x00, 0x00, 0x00, 0x00, 0x00, 0x00, 0x00, 0x00, 0x00, 0x00, 0x00, 0x00, 0x00, 0x00, 0x80, 0x3f,
    0x00, 0x00, 0x7a, 0x44, 0x00, 0x00, 0x00, 0x00, 0x00, 0x00, 0x00, 0x00, 0x00, 0x00, 0x00, 0x00,
    0x00, 0x00, 0x00, 0x00, 0x00, 0x00, 0x00, 0x00, 0x01, 0x00, 0x00, 0x00, 0x00, 0x00, 0x80, 0x3f,
    0x00, 0x00, 0x80, 0x3f, 0x00, 0x00, 0x00, 0x00, 0x00, 0x00, 0x00, 0x00, 0x00, 0x00, 0x00, 0x00,
    0x00, 0x00, 0x00, 0x00, 0x00, 0x00, 0x80, 0x3f, 0x00, 0x00, 0x00, 0x00, 0x00, 0x00, 0x00, 0x00,
    0x00, 0x00, 0x00, 0x00, 0x00, 0x00, 0x00, 0x00, 0x00, 0x00, 0x80, 0x3f, 0x00, 0x00, 0x00, 0x00,
    0x00, 0x00, 0x00, 0x00, 0x00, 0x00, 0x00, 0x00, 0x00, 0x00, 0x00, 0x00, 0x00, 0x00, 0x80, 0x3f,
    0x00, 0x00, 0x00, 0x00, 0x00, 0x00, 0x80, 0x3f, 0x00, 0x00, 0x00, 0x00, 0x00, 0x00, 0x00, 0x00,
    0x24, 0x00, 0x00, 0x00, 0x00, 0x00, 0x00, 0x00, 0x00, 0x00, 0x00, 0x00, 0x00, 0x00, 0x00, 0x00,
    0x00, 0x00, 0x00, 0x00, 0x00, 0x00, 0x00, 0x00, 0x00, 0x00, 0x00, 0x00, 0x00, 0x00, 0x00, 0x00,
    0x00, 0x00, 0x00, 0x00, 0x00, 0x00, 0x00, 0x00, 0x00, 0x00, 0x00, 0x00, 0x00, 0x00, 0x00, 0x00,
    0x00, 0x00, 0x00, 0x00, 0x00, 0x00, 0x00, 0x00, 0x00, 0x00, 0x00, 0x00, 0x00, 0x00, 0x00, 0x00,
    0x00, 0x00, 0x00, 0x00, 0x00, 0x00, 0x00, 0x00, 0x00, 0x00, 0x00, 0x00, 0x00, 0x00, 0x00, 0x00,
};
inline constexpr std::size_t g_EndfieldM18PeakVSCB3Size = sizeof(g_EndfieldM18PeakVSCB3);

inline constexpr std::uint8_t g_EndfieldM18PeakVSCB4[] = {
    0x00, 0x00, 0x80, 0x3f, 0x00, 0x00, 0x00, 0x00, 0x00, 0x00, 0x00, 0x00, 0x00, 0x00, 0x00, 0x00,
    0x00, 0x00, 0x80, 0x3f, 0x00, 0x00, 0x00, 0x00, 0xcd, 0xcc, 0xcc, 0x40, 0x00, 0x00, 0x80, 0x3f,
    0x00, 0x00, 0x00, 0x00, 0x00, 0x00, 0x80, 0x3f, 0x00, 0x00, 0x00, 0x00, 0x00, 0x00, 0x00, 0x00,
    0x00, 0x00, 0x80, 0x3f, 0x00, 0x00, 0x00, 0x00, 0x00, 0x00, 0x00, 0x00, 0x00, 0x00, 0x00, 0x00,
    0xe7, 0x4a, 0xd8, 0x3d, 0x27, 0x26, 0x75, 0x3d, 0xa1, 0x30, 0x38, 0x3d, 0x00, 0x00, 0x80, 0x3f,
    0x00, 0x00, 0x80, 0x3f, 0x00, 0x00, 0x80, 0x3f, 0x00, 0x00, 0x00, 0x00, 0x00, 0x00, 0x00, 0x00,
    0x00, 0x00, 0xc0, 0x3f, 0x00, 0x00, 0x00, 0x00, 0x00, 0x00, 0x00, 0x00, 0x00, 0x00, 0x00, 0x00,
    0x2e, 0xbd, 0x3b, 0xb3, 0x00, 0x00, 0x80, 0xbf, 0x00, 0x00, 0x80, 0x3f, 0x2e, 0xbd, 0x3b, 0xb3,
    0x00, 0x00, 0x80, 0x3f, 0x00, 0x00, 0x00, 0x00, 0x00, 0x00, 0x00, 0x00, 0x00, 0x00, 0x00, 0x00,
    0x00, 0x00, 0x40, 0x40, 0x3d, 0x0a, 0x57, 0x3e, 0x00, 0x00, 0x00, 0x00, 0x00, 0x00, 0x00, 0x00,
};
inline constexpr std::size_t g_EndfieldM18PeakVSCB4Size = sizeof(g_EndfieldM18PeakVSCB4);

inline constexpr std::uint8_t g_EndfieldM18PeakPSCB0[] = {
    0xd6, 0xfe, 0x7f, 0xbf, 0x28, 0x7d, 0xd1, 0xb9, 0xd9, 0x03, 0xc3, 0xbb, 0x00, 0x00, 0x00, 0x00,
    0x00, 0x00, 0x80, 0x2d, 0xcb, 0x6c, 0x7f, 0x3f, 0xf4, 0x30, 0x89, 0xbd, 0x00, 0x00, 0x00, 0x00,
    0x3d, 0x74, 0xc3, 0xbb, 0x54, 0x30, 0x89, 0x3d, 0xa2, 0x6b, 0x7f, 0x3f, 0x00, 0x00, 0x00, 0x00,
    0x8c, 0xe1, 0x96, 0xc3, 0x3f, 0x49, 0x8c, 0xc3, 0x71, 0x1a, 0x9d, 0x43, 0x00, 0x00, 0x80, 0x3f,
    0xd5, 0xfe, 0x7f, 0xbf, 0xc5, 0x49, 0x00, 0x2e, 0x3c, 0x74, 0xc3, 0xbb, 0x00, 0x00, 0x00, 0x00,
    0x28, 0x7d, 0xd1, 0xb9, 0xcb, 0x6c, 0x7f, 0x3f, 0x53, 0x30, 0x89, 0x3d, 0x00, 0x00, 0x00, 0x00,
    0xd8, 0x03, 0xc3, 0xbb, 0xf4, 0x30, 0x89, 0xbd, 0xa0, 0x6b, 0x7f, 0x3f, 0x00, 0x00, 0x00, 0x00,
    0xdb, 0xff, 0x95, 0xc3, 0xba, 0x7e, 0x96, 0x43, 0x11, 0x40, 0x94, 0xc3, 0x00, 0x00, 0x80, 0x3f,
    0x87, 0x2a, 0x4c, 0x40, 0x00, 0x00, 0x00, 0x00, 0x00, 0x00, 0x00, 0x00, 0x00, 0x00, 0x00, 0x00,
    0x00, 0x00, 0x00, 0x00, 0x23, 0x7b, 0xb5, 0xc0, 0x00, 0x00, 0x00, 0x00, 0x00, 0x00, 0x00, 0x00,
    0x72, 0x93, 0x08, 0x39, 0x7e, 0xcd, 0xbc, 0x39, 0x00, 0x54, 0x03, 0x3b, 0x00, 0x00, 0x80, 0xbf,
    0x00, 0x00, 0x00, 0x00, 0x00, 0x00, 0x00, 0x00, 0xde, 0x35, 0xcd, 0x3d, 0x00, 0x00, 0x00, 0x00,
    0x2b, 0x7f, 0xa0, 0x3e, 0x00, 0x00, 0x00, 0x00, 0x00, 0x00, 0x00, 0x00, 0x00, 0x00, 0x00, 0x00,
    0x00, 0x00, 0x00, 0x00, 0x10, 0x8f, 0x34, 0xbe, 0x00, 0x00, 0x00, 0x00, 0x00, 0x00, 0x00, 0x00,
    0x00, 0x00, 0x00, 0x00, 0x00, 0x00, 0x00, 0x00, 0x00, 0x00, 0x00, 0x00, 0x15, 0xae, 0x1f, 0x41,
    0xff, 0x3f, 0x2b, 0x38, 0xff, 0x29, 0x85, 0xb8, 0x00, 0x00, 0x80, 0xbf, 0xf3, 0xd4, 0xa3, 0x3c,
    0x9c, 0x29, 0x4c, 0xc0, 0x4c, 0x5e, 0x14, 0x3b, 0xeb, 0x15, 0x48, 0xb7, 0xd9, 0x03, 0xc3, 0x3b,
    0xd9, 0x61, 0x12, 0xb7, 0xfb, 0x12, 0xb5, 0xc0, 0x22, 0xc2, 0x0c, 0xb9, 0xf4, 0x30, 0x89, 0x3d,
    0x90, 0xd0, 0x9a, 0xbc, 0x39, 0x53, 0xc2, 0xbe, 0xe3, 0x07, 0x03, 0x3b, 0xa2, 0x6b, 0x7f, 0xbf,
    0xf9, 0xa6, 0x70, 0xc4, 0x27, 0xea, 0xc6, 0x44, 0xe5, 0xd6, 0x3a, 0x3f, 0x71, 0x1a, 0x9d, 0xc3,
    0x9c, 0x29, 0x4c, 0xc0, 0x4c, 0x5e, 0x14, 0x3b, 0xeb, 0x15, 0x48, 0xb7, 0xd9, 0x03, 0xc3, 0x3b,
    0xd9, 0x61, 0x12, 0xb7, 0xfb, 0x12, 0xb5, 0xc0, 0x22, 0xc2, 0x0c, 0xb9, 0xf4, 0x30, 0x89, 0x3d,
    0x90, 0xd0, 0x9a, 0xbc, 0x39, 0x53, 0xc2, 0xbe, 0xe3, 0x07, 0x03, 0x3b, 0xa2, 0x6b, 0x7f, 0xbf,
    0x00, 0x00, 0x00, 0x00, 0x00, 0x00, 0x00, 0x00, 0xde, 0x35, 0xcd, 0x3d, 0x00, 0x00, 0x00, 0x00,
    0x70, 0x7e, 0xa0, 0xbe, 0xab, 0xdb, 0x20, 0x2d, 0x7a, 0x13, 0xf5, 0xba, 0x00, 0x00, 0x00, 0x00,
    0x12, 0xc1, 0x93, 0x38, 0x3c, 0x27, 0x34, 0xbe, 0x4a, 0x85, 0x41, 0xbc, 0x00, 0x00, 0x00, 0x00,
    0xd2, 0x1f, 0x3b, 0xc5, 0x18, 0xbe, 0x3b, 0x45, 0x35, 0xf1, 0x38, 0xc5, 0x15, 0xae, 0x1f, 0x41,
    0xf2, 0xcc, 0xbf, 0xc0, 0xff, 0xc3, 0xc2, 0x40, 0xb6, 0xad, 0xdd, 0xc0, 0xf3, 0xd4, 0xa3, 0x3c,
};
inline constexpr std::size_t g_EndfieldM18PeakPSCB0Size = sizeof(g_EndfieldM18PeakPSCB0);

inline constexpr std::uint8_t g_EndfieldM18PeakPSCB1[] = {
    0x00, 0x00, 0x70, 0x45, 0x00, 0x00, 0x07, 0x45, 0x89, 0x88, 0x88, 0x39, 0xd6, 0xb9, 0xf2, 0x39,
    0x00, 0x00, 0x70, 0x45, 0x00, 0x00, 0x07, 0x45, 0x89, 0x88, 0x88, 0x39, 0xd6, 0xb9, 0xf2, 0x39,
    0x00, 0x80, 0xf9, 0x43, 0x00, 0x00, 0x80, 0x3f, 0x14, 0xae, 0x1f, 0x41, 0x0a, 0xd7, 0xa3, 0x3c,
    0x00, 0x00, 0x80, 0xbf, 0xcd, 0xcc, 0xcc, 0x3d, 0x00, 0x00, 0x48, 0x42, 0x0a, 0xd7, 0xa3, 0x3c,
    0x00, 0x00, 0x00, 0x00, 0x00, 0x00, 0x00, 0x00, 0x00, 0x00, 0x00, 0x00, 0x00, 0x00, 0x00, 0x00,
    0x00, 0x00, 0x70, 0x45, 0x00, 0x00, 0x07, 0x45, 0x89, 0x08, 0x80, 0x3f, 0x2c, 0x0f, 0x80, 0x3f,
    0x00, 0x00, 0x00, 0x00, 0x00, 0x00, 0x00, 0x00, 0x00, 0x00, 0x00, 0x00, 0x00, 0x00, 0x00, 0x00,
    0x00, 0x00, 0x00, 0x00, 0x00, 0x00, 0x00, 0x00, 0x00, 0x00, 0x00, 0x00, 0x00, 0x00, 0x00, 0x00,
    0x00, 0x00, 0x00, 0x00, 0x00, 0x00, 0x00, 0x00, 0x00, 0x00, 0x00, 0x00, 0x00, 0x00, 0x00, 0x00,
    0x00, 0x00, 0x00, 0x00, 0x00, 0x00, 0x00, 0x00, 0x00, 0x00, 0x00, 0x00, 0x00, 0x00, 0x00, 0x00,
    0x00, 0x00, 0x00, 0x00, 0x00, 0x00, 0x00, 0x00, 0x00, 0x00, 0x00, 0x00, 0x00, 0x00, 0x00, 0x00,
    0x00, 0x00, 0x00, 0x00, 0x00, 0x00, 0x00, 0x00, 0x00, 0x00, 0x00, 0x00, 0x00, 0x00, 0x00, 0x00,
    0x00, 0x00, 0x00, 0x00, 0x00, 0x00, 0x00, 0x00, 0x00, 0x00, 0x00, 0x00, 0x00, 0x00, 0x00, 0x00,
    0x00, 0x00, 0x00, 0x00, 0x00, 0x00, 0x00, 0x00, 0x00, 0x00, 0x00, 0x00, 0x00, 0x00, 0x00, 0x00,
    0x00, 0x00, 0x00, 0x00, 0x00, 0x00, 0x00, 0x00, 0x00, 0x00, 0x00, 0x00, 0x00, 0x00, 0x00, 0x00,
    0x00, 0x00, 0x00, 0x00, 0x00, 0x00, 0x00, 0x00, 0x00, 0x00, 0x00, 0x00, 0x00, 0x00, 0x00, 0x00,
    0x00, 0x00, 0x00, 0x00, 0x00, 0x00, 0x00, 0x00, 0x00, 0x00, 0x00, 0x00, 0x00, 0x00, 0x00, 0x00,
    0x00, 0x00, 0x00, 0x00, 0x00, 0x00, 0x00, 0x00, 0x00, 0x00, 0x00, 0x00, 0x00, 0x00, 0x00, 0x00,
    0x00, 0x00, 0x00, 0x00, 0x00, 0x00, 0x10, 0x3f, 0x00, 0x00, 0x00, 0x40, 0x00, 0x00, 0x00, 0x00,
    0x00, 0x00, 0x80, 0x3e, 0x72, 0x1c, 0xc7, 0xbe, 0x89, 0x88, 0x88, 0x38, 0x6e, 0xc9, 0x3c, 0xb9,
    0x9b, 0x90, 0x1f, 0x40, 0xc1, 0x74, 0x47, 0x42, 0xc1, 0x74, 0xc7, 0x42, 0x6f, 0xa8, 0x7a, 0x40,
    0xbc, 0x76, 0x4d, 0xbd, 0x84, 0x34, 0xcd, 0xbd, 0x26, 0x2c, 0x4c, 0xbe, 0xa5, 0x12, 0xc8, 0xbe,
    0x7f, 0xad, 0x7f, 0x3f, 0x31, 0xb6, 0x7e, 0x3f, 0x17, 0xdc, 0x7a, 0x3f, 0x33, 0xa5, 0x6b, 0x3f,
    0x48, 0x8a, 0x88, 0x3c, 0xed, 0xfc, 0x6f, 0x42, 0x8a, 0x60, 0x8f, 0x3c, 0x4e, 0x8b, 0x64, 0x42,
    0xc1, 0x74, 0x47, 0x42, 0xa5, 0x12, 0xc8, 0xbe, 0x33, 0xa5, 0x6b, 0x3f, 0x6f, 0xa8, 0x7a, 0x40,
    0xb0, 0x63, 0x47, 0x42, 0x40, 0xe6, 0xcf, 0xbe, 0x07, 0xf2, 0x69, 0x3f, 0xa7, 0x42, 0x79, 0x40,
    0x00, 0x00, 0x80, 0xbf, 0x00, 0x00, 0x00, 0x3f, 0x00, 0x00, 0x00, 0x00, 0x1a, 0x06, 0x00, 0x00,
    0x00, 0x00, 0x80, 0x3f, 0x00, 0x00, 0x80, 0x3f, 0x39, 0x8e, 0xe3, 0x3f, 0xdf, 0x35, 0xcd, 0x3d,
    0x00, 0x00, 0x00, 0x00, 0x00, 0xff, 0x00, 0x00, 0x00, 0x3f, 0x01, 0x00, 0xe0, 0x5e, 0x01, 0x00,
    0x5c, 0x50, 0x93, 0x3e, 0x5c, 0x50, 0x93, 0x3e, 0x00, 0x00, 0x80, 0x3f, 0x00, 0x00, 0x00, 0x00,
    0x00, 0x00, 0x00, 0x00, 0x00, 0x00, 0x00, 0x00, 0x00, 0x00, 0x80, 0x3f, 0x00, 0x00, 0x80, 0x3f,
    0x00, 0x00, 0xe0, 0x40, 0x00, 0x00, 0x00, 0x00, 0x00, 0x00, 0x00, 0x00, 0x00, 0x00, 0x00, 0x00,
    0x00, 0x00, 0x80, 0x3e, 0x96, 0xb1, 0x94, 0x3f, 0x00, 0x00, 0x80, 0x33, 0xff, 0xff, 0x7f, 0x3f,
    0xcf, 0xab, 0x8c, 0xb3, 0x96, 0xb1, 0x94, 0xbf, 0x7f, 0x9d, 0x8c, 0xb3, 0x46, 0xa3, 0x94, 0xbf,
    0xfe, 0x94, 0x86, 0xc2, 0xdc, 0xe2, 0xb1, 0x3f, 0x02, 0x2b, 0xc7, 0x3e, 0x33, 0x33, 0xb3, 0x3e,
    0x00, 0x00, 0x00, 0x00, 0x00, 0x00, 0x00, 0x00, 0x00, 0x00, 0x00, 0x00, 0x00, 0x00, 0x00, 0x00,
    0x00, 0x00, 0x00, 0x00, 0x00, 0x00, 0x00, 0x00, 0x00, 0x00, 0x00, 0x00, 0x00, 0x00, 0x00, 0x00,
    0x00, 0x00, 0x00, 0x00, 0x00, 0x00, 0x00, 0x00, 0x00, 0x00, 0x00, 0x00, 0x00, 0x00, 0x00, 0x00,
    0xe1, 0x7a, 0xd4, 0x3f, 0x00, 0x00, 0x00, 0x00, 0x00, 0x00, 0x00, 0x00, 0x00, 0x00, 0x00, 0x00,
    0x3d, 0x69, 0x87, 0xc2, 0x55, 0xdb, 0x74, 0x40, 0x9a, 0x99, 0xe7, 0xc1, 0xf4, 0xfd, 0x4a, 0x41,
    0x00, 0x00, 0x00, 0x00, 0x00, 0x00, 0x00, 0x00, 0x00, 0x00, 0x00, 0x00, 0x00, 0x00, 0x20, 0x42,
    0x00, 0x00, 0x00, 0x00, 0x00, 0x00, 0x00, 0x00, 0x00, 0x00, 0x00, 0x00, 0x00, 0x00, 0x00, 0x00,
    0x00, 0x00, 0x00, 0x00, 0x00, 0x00, 0x00, 0x00, 0x00, 0x00, 0x00, 0x00, 0x00, 0x00, 0x00, 0x00,
    0xec, 0x4c, 0x0b, 0x41, 0xf4, 0xfd, 0x4a, 0x41, 0x00, 0x00, 0x00, 0x40, 0x00, 0x00, 0x00, 0x00,
    0x00, 0x00, 0x00, 0x00, 0x00, 0x00, 0x00, 0x00, 0x00, 0x00, 0x80, 0x3e, 0x00, 0x00, 0x00, 0x00,
    0x00, 0x00, 0x00, 0x00, 0x00, 0x00, 0x00, 0x00, 0x00, 0x00, 0x00, 0x00, 0x00, 0x00, 0x00, 0x00,
    0x00, 0x00, 0x00, 0x00, 0x00, 0x00, 0x00, 0x00, 0x00, 0x00, 0x00, 0x00, 0x00, 0x00, 0x00, 0x00,
    0x00, 0x00, 0x00, 0x00, 0x00, 0x00, 0x80, 0x3f, 0x00, 0x00, 0x00, 0x00, 0x00, 0x00, 0x00, 0x00,
    0x00, 0x00, 0x00, 0x00, 0x00, 0x00, 0x80, 0x3f, 0x00, 0x00, 0x00, 0x00, 0x00, 0x00, 0x00, 0x00,
    0x00, 0x00, 0x00, 0x00, 0x00, 0x00, 0x00, 0x00, 0x00, 0x00, 0x00, 0x00, 0x00, 0x00, 0x00, 0x00,
    0x00, 0x00, 0x00, 0x00, 0x00, 0x00, 0x00, 0x00, 0x00, 0x00, 0x00, 0x00, 0x00, 0x00, 0x00, 0x00,
    0x00, 0x00, 0x80, 0x3f, 0x6a, 0x21, 0xbb, 0x40, 0x00, 0x00, 0x00, 0x00, 0x00, 0x00, 0x00, 0x00,
    0x00, 0x00, 0x80, 0x3f, 0xc1, 0x8b, 0x81, 0x40, 0x00, 0x00, 0x00, 0x00, 0x00, 0x00, 0x00, 0x00,
    0x00, 0x00, 0x00, 0x00, 0x00, 0x00, 0x00, 0x00, 0x00, 0x00, 0x00, 0x00, 0x00, 0x00, 0x00, 0x00,
    0x00, 0x00, 0x00, 0x00, 0x00, 0x00, 0x00, 0x00, 0x00, 0x00, 0x00, 0x00, 0x00, 0x00, 0x00, 0x00,
    0x00, 0x00, 0x00, 0x40, 0x00, 0x00, 0x00, 0x00, 0x00, 0x00, 0x00, 0x00, 0x00, 0x00, 0x00, 0x00,
    0x00, 0x00, 0x80, 0x3e, 0x46, 0xa3, 0x94, 0x3f, 0x00, 0x00, 0x80, 0x33, 0xff, 0xff, 0x7f, 0x3f,
    0x3d, 0x69, 0x87, 0xc2, 0x55, 0xdb, 0x74, 0x40, 0x9a, 0x99, 0xe7, 0xc1, 0xf4, 0xfd, 0x4a, 0x41,
    0x00, 0x00, 0x00, 0x00, 0x00, 0x00, 0x00, 0x00, 0x00, 0x00, 0x00, 0x00, 0x00, 0x00, 0x20, 0x42,
    0x00, 0x00, 0x00, 0x00, 0x00, 0x00, 0x00, 0x00, 0x00, 0x00, 0x00, 0x00, 0x00, 0x00, 0x00, 0x00,
    0x00, 0x00, 0x00, 0x00, 0x00, 0x00, 0x00, 0x00, 0x00, 0x00, 0x00, 0x00, 0x00, 0x00, 0x00, 0x00,
    0xec, 0x4c, 0x0b, 0x41, 0xf4, 0xfd, 0x4a, 0x41, 0x00, 0x00, 0x00, 0x40, 0x00, 0x00, 0x00, 0x00,
    0x00, 0x00, 0x00, 0x00, 0x00, 0x00, 0x00, 0x00, 0x00, 0x00, 0x80, 0x3e, 0x00, 0x00, 0x00, 0x00,
    0x00, 0x00, 0x00, 0x00, 0x00, 0x00, 0x00, 0x00, 0x00, 0x00, 0x00, 0x00, 0x00, 0x00, 0x00, 0x00,
    0x00, 0x00, 0x00, 0x00, 0x00, 0x00, 0x00, 0x00, 0x00, 0x00, 0x00, 0x00, 0x00, 0x00, 0x00, 0x00,
    0x00, 0x00, 0x80, 0x3f, 0xcb, 0x04, 0xbb, 0x40, 0x00, 0x00, 0x00, 0x00, 0x00, 0x00, 0x00, 0x00,
    0x00, 0x00, 0x80, 0x3f, 0x2d, 0x88, 0x81, 0x40, 0x00, 0x00, 0x00, 0x00, 0x00, 0x00, 0x00, 0x00,
    0x00, 0x00, 0x00, 0x00, 0x00, 0x00, 0x00, 0x00, 0x00, 0x00, 0x00, 0x00, 0x00, 0x00, 0x00, 0x00,
    0x00, 0x00, 0x00, 0x00, 0x00, 0x00, 0x00, 0x00, 0x00, 0x00, 0x00, 0x00, 0x00, 0x00, 0x00, 0x00,
    0x00, 0xc0, 0x86, 0xc2, 0x64, 0x10, 0xd8, 0x3e, 0x00, 0x00, 0xc0, 0x3e, 0x00, 0x00, 0x00, 0x00,
    0x00, 0xc0, 0x86, 0xc2, 0x64, 0x10, 0xd8, 0x3e, 0x00, 0x00, 0xc0, 0x3e, 0x00, 0x00, 0x00, 0x00,
    0x00, 0x00, 0x00, 0x00, 0x00, 0x00, 0x00, 0x00, 0x00, 0x00, 0x00, 0x00, 0x00, 0x00, 0x00, 0x00,
    0x00, 0x00, 0x00, 0x00, 0x00, 0x00, 0x00, 0x00, 0x00, 0x00, 0x80, 0x3f, 0x6f, 0x12, 0x83, 0x3a,
    0xac, 0xc5, 0x27, 0x37, 0xac, 0xc5, 0x27, 0x37, 0xac, 0xc5, 0x27, 0x37, 0x00, 0x00, 0x00, 0x00,
    0x00, 0x00, 0x00, 0x00, 0x00, 0x00, 0x00, 0x00, 0x00, 0x00, 0x00, 0x00, 0x00, 0x00, 0x80, 0xbf,
    0x00, 0x00, 0x00, 0x00, 0x00, 0x00, 0x00, 0x00, 0x00, 0x00, 0x00, 0x00, 0x00, 0x00, 0x00, 0x00,
    0x00, 0x00, 0x00, 0x00, 0x00, 0x00, 0x00, 0x00, 0x00, 0x00, 0x00, 0x00, 0x00, 0xff, 0x7f, 0xc7,
    0x00, 0x00, 0x00, 0x00, 0x00, 0x00, 0x00, 0x00, 0x00, 0x00, 0x00, 0x00, 0x00, 0x00, 0x00, 0x00,
    0x00, 0x00, 0x00, 0x00, 0x00, 0x00, 0x00, 0x00, 0x00, 0x00, 0x00, 0x00, 0x00, 0x00, 0x00, 0x00,
    0x00, 0x00, 0x00, 0x00, 0x00, 0x00, 0x00, 0x00, 0x00, 0x00, 0x00, 0x00, 0x00, 0x00, 0x80, 0x3f,
    0x00, 0x00, 0x00, 0x00, 0x00, 0x00, 0x00, 0x00, 0x00, 0x00, 0x00, 0x00, 0x00, 0x00, 0x00, 0x00,
    0x00, 0x00, 0x00, 0x00, 0x00, 0x00, 0x80, 0x3f, 0x00, 0x00, 0x00, 0x00, 0x00, 0x00, 0x00, 0x00,
    0x00, 0x00, 0x00, 0x00, 0x00, 0x00, 0x00, 0x00, 0x00, 0x00, 0x00, 0x00, 0x00, 0x00, 0x80, 0x3f,
    0x00, 0x00, 0x00, 0x00, 0x00, 0x00, 0x00, 0x00, 0x00, 0x00, 0x00, 0x00, 0x00, 0x00, 0x00, 0x00,
    0x00, 0x00, 0x00, 0x00, 0x00, 0x00, 0x00, 0x00, 0x00, 0x00, 0x00, 0x00, 0x00, 0x00, 0x00, 0x00,
    0x00, 0x00, 0x00, 0x00, 0x00, 0x00, 0x00, 0x00, 0x00, 0x00, 0x00, 0x00, 0x00, 0x00, 0x00, 0x00,
    0x00, 0x00, 0x00, 0x00, 0x00, 0x00, 0x00, 0x00, 0x00, 0x00, 0x00, 0x00, 0x00, 0x00, 0x00, 0x00,
    0x00, 0x00, 0x00, 0x00, 0x00, 0x00, 0x00, 0x00, 0x00, 0x00, 0x00, 0x00, 0x00, 0x00, 0x00, 0x00,
    0x00, 0x00, 0x00, 0x00, 0x00, 0x00, 0x00, 0x00, 0x00, 0x00, 0x00, 0x00, 0x00, 0x00, 0x00, 0x00,
    0x00, 0x00, 0x00, 0x00, 0x00, 0x00, 0x00, 0x00, 0x00, 0x00, 0x00, 0x00, 0x00, 0x00, 0x00, 0x00,
    0x00, 0x00, 0x00, 0x3f, 0x00, 0x00, 0xc0, 0x3e, 0x00, 0x00, 0x00, 0x40, 0x00, 0x00, 0x40, 0xbf,
    0xae, 0x47, 0x61, 0x3f, 0x00, 0x00, 0x4a, 0xc2, 0x21, 0x77, 0x7d, 0x3f, 0x00, 0x00, 0xc8, 0x42,
    0x00, 0x00, 0x00, 0x40, 0x00, 0x00, 0x80, 0xbf, 0x00, 0x00, 0x00, 0x3f, 0x00, 0x00, 0x00, 0x3f,
    0x00, 0x00, 0x80, 0x3f, 0x00, 0x00, 0x00, 0x00, 0x00, 0x00, 0x00, 0x00, 0x00, 0x00, 0x00, 0x00,
    0x00, 0x00, 0x00, 0x00, 0x00, 0x00, 0x00, 0x00, 0x00, 0x00, 0x00, 0x00, 0x00, 0x00, 0x00, 0x00,
    0x00, 0x00, 0x80, 0x3f, 0x00, 0x00, 0x80, 0x3f, 0x00, 0x00, 0x80, 0x3f, 0x00, 0x00, 0x80, 0x3f,
    0x00, 0x00, 0x00, 0x00, 0x00, 0x00, 0x00, 0x00, 0x00, 0x00, 0x00, 0x00, 0x00, 0x00, 0x00, 0x00,
    0x00, 0x00, 0x48, 0x43, 0x00, 0x00, 0x96, 0x43, 0x00, 0x00, 0x80, 0x3f, 0x00, 0x00, 0x00, 0x00,
    0x00, 0x00, 0x80, 0x3f, 0x00, 0x00, 0x80, 0x3f, 0x00, 0x00, 0x80, 0x3f, 0x00, 0x00, 0x00, 0x00,
    0x00, 0x00, 0x80, 0x3f, 0x14, 0x74, 0x64, 0x3f, 0x7b, 0x80, 0x63, 0x3f, 0x00, 0x00, 0x80, 0x3f,
    0x00, 0x00, 0x80, 0x3f, 0x00, 0x00, 0x80, 0x3f, 0x00, 0x00, 0x80, 0x3f, 0x00, 0x00, 0x00, 0x00,
    0x00, 0x00, 0x80, 0x3f, 0x00, 0x00, 0x80, 0x3f, 0x00, 0x00, 0x80, 0x3f, 0x00, 0x00, 0x00, 0x00,
    0x00, 0x00, 0x00, 0x00, 0x00, 0x00, 0x80, 0x3f, 0x00, 0x00, 0x00, 0x00, 0x00, 0x00, 0x00, 0x00,
    0xfe, 0x94, 0x86, 0xc2, 0xdc, 0xe2, 0xb1, 0x3f, 0x02, 0x2b, 0xc7, 0x3e, 0xc1, 0x74, 0x47, 0x42,
    0x00, 0x00, 0x80, 0x3f, 0x00, 0x00, 0x80, 0x3f, 0x00, 0x00, 0x80, 0x3f, 0x00, 0x00, 0x80, 0x3f,
};
inline constexpr std::size_t g_EndfieldM18PeakPSCB1Size = sizeof(g_EndfieldM18PeakPSCB1);

inline constexpr std::uint8_t g_EndfieldM18PeakPSCB2[] = {
    0x00, 0x00, 0x80, 0x3f, 0x00, 0x00, 0x00, 0x00, 0x00, 0x00, 0x00, 0x00, 0x00, 0x00, 0x00, 0x00,
    0x00, 0x00, 0x00, 0x00, 0x00, 0x00, 0x80, 0x3f, 0x00, 0x00, 0x00, 0x00, 0x00, 0x00, 0x00, 0x00,
    0x00, 0x00, 0x00, 0x00, 0x00, 0x00, 0x00, 0x00, 0x00, 0x00, 0x80, 0x3f, 0x00, 0x00, 0x00, 0x00,
    0x00, 0x00, 0x00, 0x00, 0x00, 0x00, 0x00, 0x00, 0x00, 0x00, 0x00, 0x00, 0x00, 0x00, 0x80, 0x3f,
    0x00, 0x00, 0x7a, 0x44, 0x00, 0x00, 0x00, 0x00, 0x00, 0x00, 0x00, 0x00, 0x00, 0x00, 0x00, 0x00,
    0x00, 0x00, 0x00, 0x00, 0x00, 0x00, 0x00, 0x00, 0x01, 0x00, 0x00, 0x00, 0x00, 0x00, 0x80, 0x3f,
    0x00, 0x00, 0x80, 0x3f, 0x00, 0x00, 0x00, 0x00, 0x00, 0x00, 0x00, 0x00, 0x00, 0x00, 0x00, 0x00,
    0x00, 0x00, 0x00, 0x00, 0x00, 0x00, 0x80, 0x3f, 0x00, 0x00, 0x00, 0x00, 0x00, 0x00, 0x00, 0x00,
    0x00, 0x00, 0x00, 0x00, 0x00, 0x00, 0x00, 0x00, 0x00, 0x00, 0x80, 0x3f, 0x00, 0x00, 0x00, 0x00,
    0x00, 0x00, 0x00, 0x00, 0x00, 0x00, 0x00, 0x00, 0x00, 0x00, 0x00, 0x00, 0x00, 0x00, 0x80, 0x3f,
    0x00, 0x00, 0x00, 0x00, 0x00, 0x00, 0x80, 0x3f, 0x00, 0x00, 0x00, 0x00, 0x00, 0x00, 0x00, 0x00,
    0x24, 0x00, 0x00, 0x00, 0x00, 0x00, 0x00, 0x00, 0x00, 0x00, 0x00, 0x00, 0x00, 0x00, 0x00, 0x00,
    0x00, 0x00, 0x00, 0x00, 0x00, 0x00, 0x00, 0x00, 0x00, 0x00, 0x00, 0x00, 0x00, 0x00, 0x00, 0x00,
    0x00, 0x00, 0x00, 0x00, 0x00, 0x00, 0x00, 0x00, 0x00, 0x00, 0x00, 0x00, 0x00, 0x00, 0x00, 0x00,
    0x00, 0x00, 0x00, 0x00, 0x00, 0x00, 0x00, 0x00, 0x00, 0x00, 0x00, 0x00, 0x00, 0x00, 0x00, 0x00,
    0x00, 0x00, 0x00, 0x00, 0x00, 0x00, 0x00, 0x00, 0x00, 0x00, 0x00, 0x00, 0x00, 0x00, 0x00, 0x00,
};
inline constexpr std::size_t g_EndfieldM18PeakPSCB2Size = sizeof(g_EndfieldM18PeakPSCB2);

inline constexpr std::uint8_t g_EndfieldM18PeakPSCB3[] = {
    0x00, 0x00, 0x80, 0x3f, 0x00, 0x00, 0x00, 0x00, 0x00, 0x00, 0x00, 0x00, 0x00, 0x00, 0x00, 0x00,
    0x00, 0x00, 0x80, 0x3f, 0x00, 0x00, 0x00, 0x00, 0xcd, 0xcc, 0xcc, 0x40, 0x00, 0x00, 0x80, 0x3f,
    0x00, 0x00, 0x00, 0x00, 0x00, 0x00, 0x80, 0x3f, 0x00, 0x00, 0x00, 0x00, 0x00, 0x00, 0x00, 0x00,
    0x00, 0x00, 0x80, 0x3f, 0x00, 0x00, 0x00, 0x00, 0x00, 0x00, 0x00, 0x00, 0x00, 0x00, 0x00, 0x00,
    0xe7, 0x4a, 0xd8, 0x3d, 0x27, 0x26, 0x75, 0x3d, 0xa1, 0x30, 0x38, 0x3d, 0x00, 0x00, 0x80, 0x3f,
    0x00, 0x00, 0x80, 0x3f, 0x00, 0x00, 0x80, 0x3f, 0x00, 0x00, 0x00, 0x00, 0x00, 0x00, 0x00, 0x00,
    0x00, 0x00, 0xc0, 0x3f, 0x00, 0x00, 0x00, 0x00, 0x00, 0x00, 0x00, 0x00, 0x00, 0x00, 0x00, 0x00,
    0x2e, 0xbd, 0x3b, 0xb3, 0x00, 0x00, 0x80, 0xbf, 0x00, 0x00, 0x80, 0x3f, 0x2e, 0xbd, 0x3b, 0xb3,
    0x00, 0x00, 0x80, 0x3f, 0x00, 0x00, 0x00, 0x00, 0x00, 0x00, 0x00, 0x00, 0x00, 0x00, 0x00, 0x00,
    0x00, 0x00, 0x40, 0x40, 0x3d, 0x0a, 0x57, 0x3e, 0x00, 0x00, 0x00, 0x00, 0x00, 0x00, 0x00, 0x00,
    0x00, 0x00, 0x00, 0x00, 0x00, 0x00, 0x00, 0x00, 0x00, 0x00, 0x00, 0x00, 0x00, 0x00, 0x00, 0x00,
    0x00, 0x00, 0x00, 0x00, 0x00, 0x00, 0x00, 0x00, 0x00, 0x00, 0x00, 0x00, 0x00, 0x00, 0x00, 0x00,
    0x00, 0x00, 0x80, 0x3f, 0x00, 0x00, 0x00, 0x00, 0x00, 0x00, 0x00, 0x00, 0x00, 0x00, 0x00, 0x00,
    0x00, 0x00, 0x00, 0x00, 0x00, 0x00, 0x00, 0x00, 0x00, 0x00, 0x00, 0x00, 0x00, 0x00, 0x00, 0x00,
    0x00, 0x00, 0x00, 0x3f, 0x00, 0x00, 0x00, 0x00, 0x00, 0x00, 0x00, 0x00, 0x00, 0x00, 0x00, 0x00,
    0x00, 0x00, 0x80, 0x3f, 0x00, 0x00, 0x00, 0x00, 0x00, 0x00, 0x00, 0x00, 0x00, 0x00, 0x80, 0x3f,
    0x00, 0x00, 0x80, 0x3f, 0x00, 0x00, 0x00, 0x00, 0x00, 0x00, 0x00, 0x00, 0x00, 0x00, 0x00, 0x00,
    0x00, 0x00, 0x00, 0x00, 0x00, 0x00, 0x00, 0x00, 0x00, 0x00, 0x80, 0x3f, 0x00, 0x00, 0x00, 0x00,
    0x00, 0x00, 0x00, 0x00, 0x00, 0x00, 0x00, 0x00, 0x00, 0x00, 0x80, 0x3f, 0x00, 0x00, 0x00, 0x00,
    0x00, 0x00, 0x00, 0x00, 0x00, 0x00, 0x00, 0x00, 0x00, 0x00, 0x00, 0x00, 0x00, 0x00, 0x00, 0x00,
    0x00, 0x00, 0x00, 0x00, 0x00, 0x00, 0x00, 0x00, 0x00, 0x00, 0x00, 0x00, 0x00, 0x00, 0x00, 0x00,
    0x2e, 0xbd, 0x3b, 0xb3, 0x00, 0x00, 0x80, 0xbf, 0x00, 0x00, 0x80, 0x3f, 0x2e, 0xbd, 0x3b, 0xb3,
    0x00, 0x00, 0x80, 0x3f, 0x00, 0x00, 0x00, 0x00, 0x00, 0x00, 0x00, 0x00, 0x00, 0x00, 0x00, 0x00,
    0x00, 0x00, 0x00, 0x00, 0x00, 0x00, 0x00, 0x00, 0x00, 0x00, 0x00, 0x00, 0x00, 0x00, 0x00, 0x00,
    0x00, 0x00, 0x00, 0x00, 0x00, 0x00, 0x00, 0x00, 0x00, 0x00, 0x80, 0x3f, 0x00, 0x00, 0x00, 0x00,
    0x00, 0x00, 0x00, 0x00, 0x00, 0x00, 0x00, 0x00, 0x00, 0x00, 0x00, 0x00, 0x00, 0x00, 0x00, 0x00,
    0x00, 0x00, 0x80, 0x3f, 0x00, 0x00, 0x00, 0x80, 0x00, 0x00, 0x00, 0x00, 0x00, 0x00, 0x80, 0x3f,
    0x00, 0x00, 0x80, 0x3f, 0x00, 0x00, 0x00, 0x00, 0x00, 0x00, 0x00, 0x00, 0x00, 0x00, 0x00, 0x00,
    0x00, 0x00, 0x00, 0x00, 0x00, 0x00, 0x80, 0x3f, 0x00, 0x00, 0x00, 0x00, 0x00, 0x00, 0x00, 0x00,
    0x00, 0x00, 0x00, 0x00, 0x00, 0x00, 0x00, 0x00, 0x00, 0x00, 0x80, 0x3f, 0x00, 0x00, 0x00, 0x00,
    0x00, 0x00, 0x00, 0x00, 0x00, 0x00, 0x00, 0x00, 0x00, 0x00, 0x80, 0x3f, 0x00, 0x00, 0x00, 0x00,
    0x00, 0x00, 0x80, 0x3f, 0x00, 0x00, 0x00, 0x00, 0x00, 0x00, 0x00, 0x00, 0x00, 0x00, 0x80, 0x3f,
    0x00, 0x00, 0x80, 0x3f, 0x00, 0x00, 0x00, 0x00, 0x00, 0x00, 0x00, 0x00, 0x00, 0x00, 0x00, 0x00,
    0x00, 0x00, 0x00, 0x00, 0x6f, 0x12, 0x83, 0x3a, 0x00, 0x00, 0x20, 0x41, 0x00, 0x00, 0xf0, 0x42,
    0x00, 0x00, 0xc8, 0x42, 0x00, 0x00, 0x00, 0x00, 0x00, 0x00, 0x00, 0x00, 0x00, 0x00, 0x00, 0x00,
    0x00, 0x00, 0x80, 0x3f, 0x00, 0x00, 0x00, 0x00, 0x00, 0x00, 0x00, 0x00, 0x00, 0x00, 0x80, 0x3f,
    0x00, 0x00, 0x00, 0x00, 0x00, 0x00, 0x80, 0x3f, 0x00, 0x00, 0x00, 0x00, 0x00, 0x00, 0x00, 0x00,
    0xcd, 0xcc, 0x4c, 0x3d, 0x00, 0x00, 0x00, 0x00, 0x00, 0x00, 0x00, 0x00, 0x00, 0x00, 0x00, 0x00,
    0x00, 0x00, 0x80, 0x3f, 0x00, 0x00, 0x00, 0x00, 0x00, 0x00, 0x80, 0x3f, 0x00, 0x00, 0x80, 0x3f,
    0x00, 0x00, 0xc0, 0x3f, 0x00, 0x00, 0x00, 0x00, 0xfc, 0xa9, 0xf1, 0x3e, 0x00, 0x00, 0x00, 0x00,
    0x00, 0x00, 0x80, 0x3f, 0x00, 0x00, 0x00, 0x00, 0x00, 0x00, 0x00, 0x00, 0x00, 0x00, 0x00, 0x00,
    0x00, 0x00, 0x00, 0x00, 0x00, 0x00, 0x00, 0x00, 0x00, 0x00, 0x00, 0x00, 0x00, 0x00, 0x80, 0x3f,
    0x16, 0x65, 0xc6, 0x41, 0xfc, 0xa2, 0x64, 0x41, 0xff, 0x62, 0xf6, 0x40, 0x00, 0x00, 0x80, 0x3f,
};
inline constexpr std::size_t g_EndfieldM18PeakPSCB3Size = sizeof(g_EndfieldM18PeakPSCB3);
