// Generated by tools/build_endminf_m20_peak_exact_capture_data.py. Do not edit.
#pragma once
#include <cstddef>
#include <cstdint>

inline constexpr bool g_EndfieldM20PeakPayloadPrepared = true;
inline constexpr float g_EndfieldM20PeakPhaseSeconds = 4.433333f;
inline constexpr std::uint32_t g_EndfieldM20PeakVertexStride = 36u;
inline constexpr std::uint32_t g_EndfieldM20PeakVertexCount = 24u;
inline constexpr std::uint32_t g_EndfieldM20PeakIndexCount = 36u;
inline constexpr std::uint32_t g_EndfieldM20PeakAtlasWidth = 256u;
inline constexpr std::uint32_t g_EndfieldM20PeakAtlasHeight = 128u;
inline constexpr std::uint32_t g_EndfieldM20PeakVSDeclaredFloat4Counts[] = {2, 82, 104, 4096, 10};
inline constexpr std::uint32_t g_EndfieldM20PeakPSDeclaredFloat4Counts[] = {28, 105, 4096, 22};

inline constexpr std::uint8_t g_EndfieldM20PeakVertexDxbc[] = {
    0x44, 0x58, 0x42, 0x43, 0x9e, 0xa9, 0x9b, 0x0d, 0xbe, 0x5a, 0x9a, 0x78, 0xdf, 0xb8, 0x48, 0xa6,
    0x1a, 0x86, 0xa6, 0x7b, 0x01, 0x00, 0x00, 0x00, 0x04, 0x18, 0x00, 0x00, 0x03, 0x00, 0x00, 0x00,
    0x2c, 0x00, 0x00, 0x00, 0x3c, 0x01, 0x00, 0x00, 0x0c, 0x02, 0x00, 0x00, 0x49, 0x53, 0x47, 0x4e,
    0x08, 0x01, 0x00, 0x00, 0x08, 0x00, 0x00, 0x00, 0x08, 0x00, 0x00, 0x00, 0xc8, 0x00, 0x00, 0x00,
    0x00, 0x00, 0x00, 0x00, 0x00, 0x00, 0x00, 0x00, 0x03, 0x00, 0x00, 0x00, 0x00, 0x00, 0x00, 0x00,
    0x07, 0x07, 0x00, 0x00, 0xd1, 0x00, 0x00, 0x00, 0x00, 0x00, 0x00, 0x00, 0x00, 0x00, 0x00, 0x00,
    0x03, 0x00, 0x00, 0x00, 0x01, 0x00, 0x00, 0x00, 0x0f, 0x0f, 0x00, 0x00, 0xd7, 0x00, 0x00, 0x00,
    0x00, 0x00, 0x00, 0x00, 0x00, 0x00, 0x00, 0x00, 0x03, 0x00, 0x00, 0x00, 0x02, 0x00, 0x00, 0x00,
    0x0f, 0x0f, 0x00, 0x00, 0xd7, 0x00, 0x00, 0x00, 0x01, 0x00, 0x00, 0x00, 0x00, 0x00, 0x00, 0x00,
    0x03, 0x00, 0x00, 0x00, 0x03, 0x00, 0x00, 0x00, 0x0f, 0x0f, 0x00, 0x00, 0xd7, 0x00, 0x00, 0x00,
    0x04, 0x00, 0x00, 0x00, 0x00, 0x00, 0x00, 0x00, 0x03, 0x00, 0x00, 0x00, 0x04, 0x00, 0x00, 0x00,
    0x0f, 0x07, 0x00, 0x00, 0xe0, 0x00, 0x00, 0x00, 0x00, 0x00, 0x00, 0x00, 0x00, 0x00, 0x00, 0x00,
    0x03, 0x00, 0x00, 0x00, 0x05, 0x00, 0x00, 0x00, 0x0f, 0x0f, 0x00, 0x00, 0xed, 0x00, 0x00, 0x00,
    0x00, 0x00, 0x00, 0x00, 0x00, 0x00, 0x00, 0x00, 0x01, 0x00, 0x00, 0x00, 0x06, 0x00, 0x00, 0x00,
    0x0f, 0x0f, 0x00, 0x00, 0xfa, 0x00, 0x00, 0x00, 0x00, 0x00, 0x00, 0x00, 0x08, 0x00, 0x00, 0x00,
    0x01, 0x00, 0x00, 0x00, 0x07, 0x00, 0x00, 0x00, 0x01, 0x01, 0x00, 0x00, 0x50, 0x4f, 0x53, 0x49,
    0x54, 0x49, 0x4f, 0x4e, 0x00, 0x43, 0x4f, 0x4c, 0x4f, 0x52, 0x00, 0x54, 0x45, 0x58, 0x43, 0x4f,
    0x4f, 0x52, 0x44, 0x00, 0x42, 0x4c, 0x45, 0x4e, 0x44, 0x57, 0x45, 0x49, 0x47, 0x48, 0x54, 0x53,
    0x00, 0x42, 0x4c, 0x45, 0x4e, 0x44, 0x49, 0x4e, 0x44, 0x49, 0x43, 0x45, 0x53, 0x00, 0x53, 0x56,
    0x5f, 0x49, 0x6e, 0x73, 0x74, 0x61, 0x6e, 0x63, 0x65, 0x49, 0x44, 0x00, 0x4f, 0x53, 0x47, 0x4e,
    0xc8, 0x00, 0x00, 0x00, 0x07, 0x00, 0x00, 0x00, 0x08, 0x00, 0x00, 0x00, 0xb0, 0x00, 0x00, 0x00,
    0x00, 0x00, 0x00, 0x00, 0x01, 0x00, 0x00, 0x00, 0x03, 0x00, 0x00, 0x00, 0x00, 0x00, 0x00, 0x00,
    0x0f, 0x00, 0x00, 0x00, 0xbc, 0x00, 0x00, 0x00, 0x00, 0x00, 0x00, 0x00, 0x00, 0x00, 0x00, 0x00,
    0x03, 0x00, 0x00, 0x00, 0x01, 0x00, 0x00, 0x00, 0x0f, 0x00, 0x00, 0x00, 0xbc, 0x00, 0x00, 0x00,
    0x01, 0x00, 0x00, 0x00, 0x00, 0x00, 0x00, 0x00, 0x03, 0x00, 0x00, 0x00, 0x02, 0x00, 0x00, 0x00,
    0x0f, 0x00, 0x00, 0x00, 0xbc, 0x00, 0x00, 0x00, 0x02, 0x00, 0x00, 0x00, 0x00, 0x00, 0x00, 0x00,
    0x03, 0x00, 0x00, 0x00, 0x03, 0x00, 0x00, 0x00, 0x0f, 0x00, 0x00, 0x00, 0xbc, 0x00, 0x00, 0x00,
    0x03, 0x00, 0x00, 0x00, 0x00, 0x00, 0x00, 0x00, 0x03, 0x00, 0x00, 0x00, 0x04, 0x00, 0x00, 0x00,
    0x07, 0x08, 0x00, 0x00, 0xbc, 0x00, 0x00, 0x00, 0x04, 0x00, 0x00, 0x00, 0x00, 0x00, 0x00, 0x00,
    0x03, 0x00, 0x00, 0x00, 0x05, 0x00, 0x00, 0x00, 0x07, 0x08, 0x00, 0x00, 0xbc, 0x00, 0x00, 0x00,
    0x05, 0x00, 0x00, 0x00, 0x00, 0x00, 0x00, 0x00, 0x01, 0x00, 0x00, 0x00, 0x06, 0x00, 0x00, 0x00,
    0x01, 0x0e, 0x00, 0x00, 0x53, 0x56, 0x5f, 0x50, 0x6f, 0x73, 0x69, 0x74, 0x69, 0x6f, 0x6e, 0x00,
    0x54, 0x45, 0x58, 0x43, 0x4f, 0x4f, 0x52, 0x44, 0x00, 0xab, 0xab, 0xab, 0x53, 0x48, 0x45, 0x58,
    0xf0, 0x15, 0x00, 0x00, 0x50, 0x00, 0x01, 0x00, 0x7c, 0x05, 0x00, 0x00, 0x6a, 0x08, 0x00, 0x01,
    0x59, 0x00, 0x00, 0x04, 0x46, 0x8e, 0x20, 0x00, 0x00, 0x00, 0x00, 0x00, 0x02, 0x00, 0x00, 0x00,
    0x59, 0x00, 0x00, 0x04, 0x46, 0x8e, 0x20, 0x00, 0x01, 0x00, 0x00, 0x00, 0x52, 0x00, 0x00, 0x00,
    0x59, 0x00, 0x00, 0x04, 0x46, 0x8e, 0x20, 0x00, 0x02, 0x00, 0x00, 0x00, 0x68, 0x00, 0x00, 0x00,
    0x59, 0x08, 0x00, 0x04, 0x46, 0x8e, 0x20, 0x00, 0x03, 0x00, 0x00, 0x00, 0xfe, 0x0f, 0x00, 0x00,
    0x59, 0x00, 0x00, 0x04, 0x46, 0x8e, 0x20, 0x00, 0x04, 0x00, 0x00, 0x00, 0x0a, 0x00, 0x00, 0x00,
    0xa2, 0x00, 0x00, 0x04, 0x00, 0x70, 0x10, 0x00, 0x00, 0x00, 0x00, 0x00, 0x10, 0x00, 0x00, 0x00,
    0x5f, 0x00, 0x00, 0x03, 0x72, 0x10, 0x10, 0x00, 0x00, 0x00, 0x00, 0x00, 0x5f, 0x00, 0x00, 0x03,
    0xf2, 0x10, 0x10, 0x00, 0x01, 0x00, 0x00, 0x00, 0x5f, 0x00, 0x00, 0x03, 0xf2, 0x10, 0x10, 0x00,
    0x02, 0x00, 0x00, 0x00, 0x5f, 0x00, 0x00, 0x03, 0xf2, 0x10, 0x10, 0x00, 0x03, 0x00, 0x00, 0x00,
    0x5f, 0x00, 0x00, 0x03, 0x72, 0x10, 0x10, 0x00, 0x04, 0x00, 0x00, 0x00, 0x5f, 0x00, 0x00, 0x03,
    0xf2, 0x10, 0x10, 0x00, 0x05, 0x00, 0x00, 0x00, 0x5f, 0x00, 0x00, 0x03, 0xf2, 0x10, 0x10, 0x00,
    0x06, 0x00, 0x00, 0x00, 0x60, 0x00, 0x00, 0x04, 0x12, 0x10, 0x10, 0x00, 0x07, 0x00, 0x00, 0x00,
    0x08, 0x00, 0x00, 0x00, 0x67, 0x00, 0x00, 0x04, 0xf2, 0x20, 0x10, 0x00, 0x00, 0x00, 0x00, 0x00,
    0x01, 0x00, 0x00, 0x00, 0x65, 0x00, 0x00, 0x03, 0xf2, 0x20, 0x10, 0x00, 0x01, 0x00, 0x00, 0x00,
    0x65, 0x00, 0x00, 0x03, 0xf2, 0x20, 0x10, 0x00, 0x02, 0x00, 0x00, 0x00, 0x65, 0x00, 0x00, 0x03,
    0xf2, 0x20, 0x10, 0x00, 0x03, 0x00, 0x00, 0x00, 0x65, 0x00, 0x00, 0x03, 0x72, 0x20, 0x10, 0x00,
    0x04, 0x00, 0x00, 0x00, 0x65, 0x00, 0x00, 0x03, 0x72, 0x20, 0x10, 0x00, 0x05, 0x00, 0x00, 0x00,
    0x65, 0x00, 0x00, 0x03, 0x12, 0x20, 0x10, 0x00, 0x06, 0x00, 0x00, 0x00, 0x68, 0x00, 0x00, 0x02,
    0x0d, 0x00, 0x00, 0x00, 0x39, 0x00, 0x00, 0x08, 0x12, 0x00, 0x10, 0x00, 0x00, 0x00, 0x00, 0x00,
    0x01, 0x40, 0x00, 0x00, 0x00, 0x00, 0x00, 0x00, 0x2a, 0x80, 0x20, 0x00, 0x04, 0x00, 0x00, 0x00,
    0x03, 0x00, 0x00, 0x00, 0x29, 0x00, 0x00, 0x07, 0x22, 0x00, 0x10, 0x00, 0x00, 0x00, 0x00, 0x00,
    0x0a, 0x10, 0x10, 0x00, 0x07, 0x00, 0x00, 0x00, 0x01, 0x40, 0x00, 0x00, 0x04, 0x00, 0x00, 0x00,
    0x00, 0x00, 0x00, 0x0e, 0xf2, 0x00, 0x10, 0x00, 0x01, 0x00, 0x00, 0x00, 0x02, 0x40, 0x00, 0x00,
    0x00, 0x00, 0x80, 0x3f, 0x00, 0x00, 0x80, 0x3f, 0x00, 0x00, 0x80, 0x3f, 0x00, 0x00, 0x80, 0x3f,
    0x46, 0x8e, 0x20, 0x86, 0x41, 0x00, 0x00, 0x00, 0x03, 0x00, 0x00, 0x00, 0x0d, 0x00, 0x00, 0x00,
    0x1a, 0x00, 0x10, 0x00, 0x00, 0x00, 0x00, 0x00, 0x38, 0x00, 0x00, 0x07, 0xf2, 0x00, 0x10, 0x00,
    0x01, 0x00, 0x00, 0x00, 0x46, 0x0e, 0x10, 0x00, 0x01, 0x00, 0x00, 0x00, 0x46, 0x1e, 0x10, 0x00,
    0x01, 0x00, 0x00, 0x00, 0x01, 0x00, 0x00, 0x0d, 0xc2, 0x00, 0x10, 0x00, 0x00, 0x00, 0x00, 0x00,
    0x02, 0x40, 0x00, 0x00, 0x00, 0x00, 0x00, 0x00, 0x00, 0x00, 0x00, 0x00, 0x20, 0x00, 0x00, 0x00,
    0xcf, 0xff, 0xff, 0xff, 0xf6, 0x8f, 0x20, 0x06, 0x03, 0x00, 0x00, 0x00, 0x04, 0x00, 0x00, 0x00,
    0x1a, 0x00, 0x10, 0x00, 0x00, 0x00, 0x00, 0x00, 0x20, 0x00, 0x00, 0x0a, 0x32, 0x00, 0x10, 0x00,
    0x02, 0x00, 0x00, 0x00, 0xe6, 0x0a, 0x10, 0x00, 0x00, 0x00, 0x00, 0x00, 0x02, 0x40, 0x00, 0x00,
    0x00, 0x00, 0x00, 0x00, 0x00, 0x00, 0x00, 0x00, 0x00, 0x00, 0x00, 0x00, 0x00, 0x00, 0x00, 0x00,
    0x3c, 0x00, 0x00, 0x07, 0x42, 0x00, 0x10, 0x00, 0x00, 0x00, 0x00, 0x00, 0x1a, 0x00, 0x10, 0x00,
    0x02, 0x00, 0x00, 0x00, 0x0a, 0x00, 0x10, 0x00, 0x02, 0x00, 0x00, 0x00, 0x1f, 0x00, 0x00, 0x03,
    0x2a, 0x00, 0x10, 0x00, 0x00, 0x00, 0x00, 0x00, 0x1e, 0x00, 0x00, 0x0d, 0x32, 0x00, 0x10, 0x00,
    0x02, 0x00, 0x00, 0x00, 0x02, 0x40, 0x00, 0x00, 0x03, 0x00, 0x00, 0x00, 0x03, 0x00, 0x00, 0x00,
    0x00, 0x00, 0x00, 0x00, 0x00, 0x00, 0x00, 0x00, 0x46, 0x80, 0x20, 0x06, 0x03, 0x00, 0x00, 0x00,
    0x05, 0x00, 0x00, 0x00, 0x1a, 0x00, 0x10, 0x00, 0x00, 0x00, 0x00, 0x00, 0x23, 0x00, 0x00, 0x0c,
    0xf2, 0x00, 0x10, 0x00, 0x03, 0x00, 0x00, 0x00, 0x46, 0x1e, 0x10, 0x00, 0x06, 0x00, 0x00, 0x00,
    0x02, 0x40, 0x00, 0x00, 0x03, 0x00, 0x00, 0x00, 0x03, 0x00, 0x00, 0x00, 0x03, 0x00, 0x00, 0x00,
    0x03, 0x00, 0x00, 0x00, 0x06, 0x00, 0x10, 0x00, 0x02, 0x00, 0x00, 0x00, 0x23, 0x00, 0x00, 0x0c,
    0xf2, 0x00, 0x10, 0x00, 0x02, 0x00, 0x00, 0x00, 0x46, 0x1e, 0x10, 0x00, 0x06, 0x00, 0x00, 0x00,
    0x02, 0x40, 0x00, 0x00, 0x03, 0x00, 0x00, 0x00, 0x03, 0x00, 0x00, 0x00, 0x03, 0x00, 0x00, 0x00,
    0x03, 0x00, 0x00, 0x00, 0x56, 0x05, 0x10, 0x00, 0x02, 0x00, 0x00, 0x00, 0x1e, 0x00, 0x00, 0x0a,
    0x32, 0x00, 0x10, 0x00, 0x04, 0x00, 0x00, 0x00, 0x06, 0x00, 0x10, 0x00, 0x03, 0x00, 0x00, 0x00,
    0x02, 0x40, 0x00, 0x00, 0x01, 0x00, 0x00, 0x00, 0x02, 0x00, 0x00, 0x00, 0x00, 0x00, 0x00, 0x00,
    0x00, 0x00, 0x00, 0x00, 0x1e, 0x00, 0x00, 0x0a, 0xc2, 0x00, 0x10, 0x00, 0x04, 0x00, 0x00, 0x00,
    0x06, 0x00, 0x10, 0x00, 0x02, 0x00, 0x00, 0x00, 0x02, 0x40, 0x00, 0x00, 0x00, 0x00, 0x00, 0x00,
    0x00, 0x00, 0x00, 0x00, 0x01, 0x00, 0x00, 0x00, 0x02, 0x00, 0x00, 0x00, 0x50, 0x00, 0x00, 0x0a,
    0xc2, 0x00, 0x10, 0x00, 0x00, 0x00, 0x00, 0x00, 0xf6, 0x0f, 0x10, 0x00, 0x00, 0x00, 0x00, 0x00,
    0x02, 0x40, 0x00, 0x00, 0x00, 0x00, 0x00, 0x00, 0x00, 0x00, 0x00, 0x00, 0x02, 0x00, 0x00, 0x00,
    0x04, 0x00, 0x00, 0x00, 0x1f, 0x00, 0x04, 0x03, 0x2a, 0x00, 0x10, 0x00, 0x00, 0x00, 0x00, 0x00,
    0xa7, 0x00, 0x00, 0x8b, 0x02, 0x83, 0x00, 0x80, 0x83, 0x99, 0x19, 0x00, 0xf2, 0x00, 0x10, 0x00,
    0x05, 0x00, 0x00, 0x00, 0x3a, 0x00, 0x10, 0x00, 0x04, 0x00, 0x00, 0x00, 0x01, 0x40, 0x00, 0x00,
    0x00, 0x00, 0x00, 0x00, 0x46, 0x7e, 0x10, 0x00, 0x00, 0x00, 0x00, 0x00, 0x1e, 0x00, 0x00, 0x0a,
    0x32, 0x00, 0x10, 0x00, 0x06, 0x00, 0x00, 0x00, 0x56, 0x05, 0x10, 0x00, 0x02, 0x00, 0x00, 0x00,
    0x02, 0x40, 0x00, 0x00, 0x02, 0x00, 0x00, 0x00, 0x01, 0x00, 0x00, 0x00, 0x00, 0x00, 0x00, 0x00,
    0x00, 0x00, 0x00, 0x00, 0xa7, 0x00, 0x00, 0x8b, 0x02, 0x83, 0x00, 0x80, 0x83, 0x99, 0x19, 0x00,
    0xf2, 0x00, 0x10, 0x00, 0x07, 0x00, 0x00, 0x00, 0x0a, 0x00, 0x10, 0x00, 0x06, 0x00, 0x00, 0x00,
    0x01, 0x40, 0x00, 0x00, 0x00, 0x00, 0x00, 0x00, 0x46, 0x7e, 0x10, 0x00, 0x00, 0x00, 0x00, 0x00,
    0x38, 0x00, 0x00, 0x07, 0xf2, 0x00, 0x10, 0x00, 0x07, 0x00, 0x00, 0x00, 0x46, 0x0e, 0x10, 0x00,
    0x07, 0x00, 0x00, 0x00, 0x56, 0x15, 0x10, 0x00, 0x05, 0x00, 0x00, 0x00, 0x32, 0x00, 0x00, 0x09,
    0xf2, 0x00, 0x10, 0x00, 0x05, 0x00, 0x00, 0x00, 0x46, 0x0e, 0x10, 0x00, 0x05, 0x00, 0x00, 0x00,
    0x06, 0x10, 0x10, 0x00, 0x05, 0x00, 0x00, 0x00, 0x46, 0x0e, 0x10, 0x00, 0x07, 0x00, 0x00, 0x00,
    0xa7, 0x00, 0x00, 0x8b, 0x02, 0x83, 0x00, 0x80, 0x83, 0x99, 0x19, 0x00, 0xf2, 0x00, 0x10, 0x00,
    0x07, 0x00, 0x00, 0x00, 0x2a, 0x00, 0x10, 0x00, 0x04, 0x00, 0x00, 0x00, 0x01, 0x40, 0x00, 0x00,
    0x00, 0x00, 0x00, 0x00, 0x46, 0x7e, 0x10, 0x00, 0x00, 0x00, 0x00, 0x00, 0xa7, 0x00, 0x00, 0x8b,
    0x02, 0x83, 0x00, 0x80, 0x83, 0x99, 0x19, 0x00, 0xf2, 0x00, 0x10, 0x00, 0x06, 0x00, 0x00, 0x00,
    0x1a, 0x00, 0x10, 0x00, 0x06, 0x00, 0x00, 0x00, 0x01, 0x40, 0x00, 0x00, 0x00, 0x00, 0x00, 0x00,
    0x46, 0x7e, 0x10, 0x00, 0x00, 0x00, 0x00, 0x00, 0x38, 0x00, 0x00, 0x07, 0xf2, 0x00, 0x10, 0x00,
    0x06, 0x00, 0x00, 0x00, 0x46, 0x0e, 0x10, 0x00, 0x06, 0x00, 0x00, 0x00, 0x56, 0x15, 0x10, 0x00,
    0x05, 0x00, 0x00, 0x00, 0x32, 0x00, 0x00, 0x09, 0xf2, 0x00, 0x10, 0x00, 0x06, 0x00, 0x00, 0x00,
    0x46, 0x0e, 0x10, 0x00, 0x07, 0x00, 0x00, 0x00, 0x06, 0x10, 0x10, 0x00, 0x05, 0x00, 0x00, 0x00,
    0x46, 0x0e, 0x10, 0x00, 0x06, 0x00, 0x00, 0x00, 0xa7, 0x00, 0x00, 0x8b, 0x02, 0x83, 0x00, 0x80,
    0x83, 0x99, 0x19, 0x00, 0xf2, 0x00, 0x10, 0x00, 0x07, 0x00, 0x00, 0x00, 0x0a, 0x00, 0x10, 0x00,
    0x02, 0x00, 0x00, 0x00, 0x01, 0x40, 0x00, 0x00, 0x00, 0x00, 0x00, 0x00, 0x46, 0x7e, 0x10, 0x00,
    0x00, 0x00, 0x00, 0x00, 0xa7, 0x00, 0x00, 0x8b, 0x02, 0x83, 0x00, 0x80, 0x83, 0x99, 0x19, 0x00,
    0xf2, 0x00, 0x10, 0x00, 0x08, 0x00, 0x00, 0x00, 0x1a, 0x00, 0x10, 0x00, 0x02, 0x00, 0x00, 0x00,
    0x01, 0x40, 0x00, 0x00, 0x00, 0x00, 0x00, 0x00, 0x46, 0x7e, 0x10, 0x00, 0x00, 0x00, 0x00, 0x00,
    0x38, 0x00, 0x00, 0x07, 0xf2, 0x00, 0x10, 0x00, 0x08, 0x00, 0x00, 0x00, 0x46, 0x0e, 0x10, 0x00,
    0x08, 0x00, 0x00, 0x00, 0x56, 0x15, 0x10, 0x00, 0x05, 0x00, 0x00, 0x00, 0x32, 0x00, 0x00, 0x09,
    0xf2, 0x00, 0x10, 0x00, 0x07, 0x00, 0x00, 0x00, 0x46, 0x0e, 0x10, 0x00, 0x07, 0x00, 0x00, 0x00,
    0x06, 0x10, 0x10, 0x00, 0x05, 0x00, 0x00, 0x00, 0x46, 0x0e, 0x10, 0x00, 0x08, 0x00, 0x00, 0x00,
    0xa7, 0x00, 0x00, 0x8b, 0x02, 0x83, 0x00, 0x80, 0x83, 0x99, 0x19, 0x00, 0xf2, 0x00, 0x10, 0x00,
    0x08, 0x00, 0x00, 0x00, 0x1a, 0x00, 0x10, 0x00, 0x04, 0x00, 0x00, 0x00, 0x01, 0x40, 0x00, 0x00,
    0x00, 0x00, 0x00, 0x00, 0x46, 0x7e, 0x10, 0x00, 0x00, 0x00, 0x00, 0x00, 0x1e, 0x00, 0x00, 0x0a,
    0x32, 0x00, 0x10, 0x00, 0x09, 0x00, 0x00, 0x00, 0x56, 0x05, 0x10, 0x00, 0x03, 0x00, 0x00, 0x00,
    0x02, 0x40, 0x00, 0x00, 0x02, 0x00, 0x00, 0x00, 0x01, 0x00, 0x00, 0x00, 0x00, 0x00, 0x00, 0x00,
    0x00, 0x00, 0x00, 0x00, 0xa7, 0x00, 0x00, 0x8b, 0x02, 0x83, 0x00, 0x80, 0x83, 0x99, 0x19, 0x00,
    0xf2, 0x00, 0x10, 0x00, 0x0a, 0x00, 0x00, 0x00, 0x0a, 0x00, 0x10, 0x00, 0x09, 0x00, 0x00, 0x00,
    0x01, 0x40, 0x00, 0x00, 0x00, 0x00, 0x00, 0x00, 0x46, 0x7e, 0x10, 0x00, 0x00, 0x00, 0x00, 0x00,
    0x38, 0x00, 0x00, 0x07, 0xf2, 0x00, 0x10, 0x00, 0x0a, 0x00, 0x00, 0x00, 0x46, 0x0e, 0x10, 0x00,
    0x0a, 0x00, 0x00, 0x00, 0x56, 0x15, 0x10, 0x00, 0x05, 0x00, 0x00, 0x00, 0x32, 0x00, 0x00, 0x09,
    0xf2, 0x00, 0x10, 0x00, 0x08, 0x00, 0x00, 0x00, 0x46, 0x0e, 0x10, 0x00, 0x08, 0x00, 0x00, 0x00,
    0x06, 0x10, 0x10, 0x00, 0x05, 0x00, 0x00, 0x00, 0x46, 0x0e, 0x10, 0x00, 0x0a, 0x00, 0x00, 0x00,
    0xa7, 0x00, 0x00, 0x8b, 0x02, 0x83, 0x00, 0x80, 0x83, 0x99, 0x19, 0x00, 0xf2, 0x00, 0x10, 0x00,
    0x0a, 0x00, 0x00, 0x00, 0x0a, 0x00, 0x10, 0x00, 0x04, 0x00, 0x00, 0x00, 0x01, 0x40, 0x00, 0x00,
    0x00, 0x00, 0x00, 0x00, 0x46, 0x7e, 0x10, 0x00, 0x00, 0x00, 0x00, 0x00, 0xa7, 0x00, 0x00, 0x8b,
    0x02, 0x83, 0x00, 0x80, 0x83, 0x99, 0x19, 0x00, 0xf2, 0x00, 0x10, 0x00, 0x09, 0x00, 0x00, 0x00,
    0x1a, 0x00, 0x10, 0x00, 0x09, 0x00, 0x00, 0x00, 0x01, 0x40, 0x00, 0x00, 0x00, 0x00, 0x00, 0x00,
    0x46, 0x7e, 0x10, 0x00, 0x00, 0x00, 0x00, 0x00, 0x38, 0x00, 0x00, 0x07, 0xf2, 0x00, 0x10, 0x00,
    0x09, 0x00, 0x00, 0x00, 0x46, 0x0e, 0x10, 0x00, 0x09, 0x00, 0x00, 0x00, 0x56, 0x15, 0x10, 0x00,
    0x05, 0x00, 0x00, 0x00, 0x32, 0x00, 0x00, 0x09, 0xf2, 0x00, 0x10, 0x00, 0x09, 0x00, 0x00, 0x00,
    0x46, 0x0e, 0x10, 0x00, 0x0a, 0x00, 0x00, 0x00, 0x06, 0x10, 0x10, 0x00, 0x05, 0x00, 0x00, 0x00,
    0x46, 0x0e, 0x10, 0x00, 0x09, 0x00, 0x00, 0x00, 0xa7, 0x00, 0x00, 0x8b, 0x02, 0x83, 0x00, 0x80,
    0x83, 0x99, 0x19, 0x00, 0xf2, 0x00, 0x10, 0x00, 0x0a, 0x00, 0x00, 0x00, 0x0a, 0x00, 0x10, 0x00,
    0x03, 0x00, 0x00, 0x00, 0x01, 0x40, 0x00, 0x00, 0x00, 0x00, 0x00, 0x00, 0x46, 0x7e, 0x10, 0x00,
    0x00, 0x00, 0x00, 0x00, 0xa7, 0x00, 0x00, 0x8b, 0x02, 0x83, 0x00, 0x80, 0x83, 0x99, 0x19, 0x00,
    0xf2, 0x00, 0x10, 0x00, 0x0b, 0x00, 0x00, 0x00, 0x1a, 0x00, 0x10, 0x00, 0x03, 0x00, 0x00, 0x00,
    0x01, 0x40, 0x00, 0x00, 0x00, 0x00, 0x00, 0x00, 0x46, 0x7e, 0x10, 0x00, 0x00, 0x00, 0x00, 0x00,
    0x38, 0x00, 0x00, 0x07, 0xf2, 0x00, 0x10, 0x00, 0x0b, 0x00, 0x00, 0x00, 0x46, 0x0e, 0x10, 0x00,
    0x0b, 0x00, 0x00, 0x00, 0x56, 0x15, 0x10, 0x00, 0x05, 0x00, 0x00, 0x00, 0x32, 0x00, 0x00, 0x09,
    0xf2, 0x00, 0x10, 0x00, 0x0a, 0x00, 0x00, 0x00, 0x46, 0x0e, 0x10, 0x00, 0x0a, 0x00, 0x00, 0x00,
    0x06, 0x10, 0x10, 0x00, 0x05, 0x00, 0x00, 0x00, 0x46, 0x0e, 0x10, 0x00, 0x0b, 0x00, 0x00, 0x00,
    0x12, 0x00, 0x00, 0x01, 0xa7, 0x00, 0x00, 0x8b, 0x02, 0x83, 0x00, 0x80, 0x83, 0x99, 0x19, 0x00,
    0xf2, 0x00, 0x10, 0x00, 0x05, 0x00, 0x00, 0x00, 0x3a, 0x00, 0x10, 0x00, 0x04, 0x00, 0x00, 0x00,
    0x01, 0x40, 0x00, 0x00, 0x00, 0x00, 0x00, 0x00, 0x46, 0x7e, 0x10, 0x00, 0x00, 0x00, 0x00, 0x00,
    0xa7, 0x00, 0x00, 0x8b, 0x02, 0x83, 0x00, 0x80, 0x83, 0x99, 0x19, 0x00, 0xf2, 0x00, 0x10, 0x00,
    0x06, 0x00, 0x00, 0x00, 0x2a, 0x00, 0x10, 0x00, 0x04, 0x00, 0x00, 0x00, 0x01, 0x40, 0x00, 0x00,
    0x00, 0x00, 0x00, 0x00, 0x46, 0x7e, 0x10, 0x00, 0x00, 0x00, 0x00, 0x00, 0xa7, 0x00, 0x00, 0x8b,
    0x02, 0x83, 0x00, 0x80, 0x83, 0x99, 0x19, 0x00, 0xf2, 0x00, 0x10, 0x00, 0x07, 0x00, 0x00, 0x00,
    0x0a, 0x00, 0x10, 0x00, 0x02, 0x00, 0x00, 0x00, 0x01, 0x40, 0x00, 0x00, 0x00, 0x00, 0x00, 0x00,
    0x46, 0x7e, 0x10, 0x00, 0x00, 0x00, 0x00, 0x00, 0xa7, 0x00, 0x00, 0x8b, 0x02, 0x83, 0x00, 0x80,
    0x83, 0x99, 0x19, 0x00, 0xf2, 0x00, 0x10, 0x00, 0x08, 0x00, 0x00, 0x00, 0x1a, 0x00, 0x10, 0x00,
    0x04, 0x00, 0x00, 0x00, 0x01, 0x40, 0x00, 0x00, 0x00, 0x00, 0x00, 0x00, 0x46, 0x7e, 0x10, 0x00,
    0x00, 0x00, 0x00, 0x00, 0xa7, 0x00, 0x00, 0x8b, 0x02, 0x83, 0x00, 0x80, 0x83, 0x99, 0x19, 0x00,
    0xf2, 0x00, 0x10, 0x00, 0x09, 0x00, 0x00, 0x00, 0x0a, 0x00, 0x10, 0x00, 0x04, 0x00, 0x00, 0x00,
    0x01, 0x40, 0x00, 0x00, 0x00, 0x00, 0x00, 0x00, 0x46, 0x7e, 0x10, 0x00, 0x00, 0x00, 0x00, 0x00,
    0xa7, 0x00, 0x00, 0x8b, 0x02, 0x83, 0x00, 0x80, 0x83, 0x99, 0x19, 0x00, 0xf2, 0x00, 0x10, 0x00,
    0x0a, 0x00, 0x00, 0x00, 0x0a, 0x00, 0x10, 0x00, 0x03, 0x00, 0x00, 0x00, 0x01, 0x40, 0x00, 0x00,
    0x00, 0x00, 0x00, 0x00, 0x46, 0x7e, 0x10, 0x00, 0x00, 0x00, 0x00, 0x00, 0x15, 0x00, 0x00, 0x01,
    0x1f, 0x00, 0x04, 0x03, 0x3a, 0x00, 0x10, 0x00, 0x00, 0x00, 0x00, 0x00, 0x1e, 0x00, 0x00, 0x0a,
    0xf2, 0x00, 0x10, 0x00, 0x04, 0x00, 0x00, 0x00, 0xe6, 0x0e, 0x10, 0x00, 0x02, 0x00, 0x00, 0x00,
    0x02, 0x40, 0x00, 0x00, 0x02, 0x00, 0x00, 0x00, 0x02, 0x00, 0x00, 0x00, 0x01, 0x00, 0x00, 0x00,
    0x01, 0x00, 0x00, 0x00, 0xa7, 0x00, 0x00, 0x8b, 0x02, 0x83, 0x00, 0x80, 0x83, 0x99, 0x19, 0x00,
    0xf2, 0x00, 0x10, 0x00, 0x0b, 0x00, 0x00, 0x00, 0x0a, 0x00, 0x10, 0x00, 0x04, 0x00, 0x00, 0x00,
    0x01, 0x40, 0x00, 0x00, 0x00, 0x00, 0x00, 0x00, 0x46, 0x7e, 0x10, 0x00, 0x00, 0x00, 0x00, 0x00,
    0xa7, 0x00, 0x00, 0x8b, 0x02, 0x83, 0x00, 0x80, 0x83, 0x99, 0x19, 0x00, 0xf2, 0x00, 0x10, 0x00,
    0x0c, 0x00, 0x00, 0x00, 0x1a, 0x00, 0x10, 0x00, 0x04, 0x00, 0x00, 0x00, 0x01, 0x40, 0x00, 0x00,
    0x00, 0x00, 0x00, 0x00, 0x46, 0x7e, 0x10, 0x00, 0x00, 0x00, 0x00, 0x00, 0x38, 0x00, 0x00, 0x07,
    0xf2, 0x00, 0x10, 0x00, 0x0c, 0x00, 0x00, 0x00, 0x46, 0x0e, 0x10, 0x00, 0x0c, 0x00, 0x00, 0x00,
    0xf6, 0x1f, 0x10, 0x00, 0x05, 0x00, 0x00, 0x00, 0x32, 0x00, 0x00, 0x09, 0xf2, 0x00, 0x10, 0x00,
    0x0b, 0x00, 0x00, 0x00, 0x46, 0x0e, 0x10, 0x00, 0x0b, 0x00, 0x00, 0x00, 0xa6, 0x1a, 0x10, 0x00,
    0x05, 0x00, 0x00, 0x00, 0x46, 0x0e, 0x10, 0x00, 0x0c, 0x00, 0x00, 0x00, 0x00, 0x00, 0x00, 0x07,
    0xf2, 0x00, 0x10, 0x00, 0x05, 0x00, 0x00, 0x00, 0x46, 0x0e, 0x10, 0x00, 0x05, 0x00, 0x00, 0x00,
    0x46, 0x0e, 0x10, 0x00, 0x0b, 0x00, 0x00, 0x00, 0xa7, 0x00, 0x00, 0x8b, 0x02, 0x83, 0x00, 0x80,
    0x83, 0x99, 0x19, 0x00, 0xf2, 0x00, 0x10, 0x00, 0x0b, 0x00, 0x00, 0x00, 0x2a, 0x00, 0x10, 0x00,
    0x04, 0x00, 0x00, 0x00, 0x01, 0x40, 0x00, 0x00, 0x00, 0x00, 0x00, 0x00, 0x46, 0x7e, 0x10, 0x00,
    0x00, 0x00, 0x00, 0x00, 0xa7, 0x00, 0x00, 0x8b, 0x02, 0x83, 0x00, 0x80, 0x83, 0x99, 0x19, 0x00,
    0xf2, 0x00, 0x10, 0x00, 0x04, 0x00, 0x00, 0x00, 0x3a, 0x00, 0x10, 0x00, 0x04, 0x00, 0x00, 0x00,
    0x01, 0x40, 0x00, 0x00, 0x00, 0x00, 0x00, 0x00, 0x46, 0x7e, 0x10, 0x00, 0x00, 0x00, 0x00, 0x00,
    0x38, 0x00, 0x00, 0x07, 0xf2, 0x00, 0x10, 0x00, 0x04, 0x00, 0x00, 0x00, 0x46, 0x0e, 0x10, 0x00,
    0x04, 0x00, 0x00, 0x00, 0xf6, 0x1f, 0x10, 0x00, 0x05, 0x00, 0x00, 0x00, 0x32, 0x00, 0x00, 0x09,
    0xf2, 0x00, 0x10, 0x00, 0x04, 0x00, 0x00, 0x00, 0x46, 0x0e, 0x10, 0x00, 0x0b, 0x00, 0x00, 0x00,
    0xa6, 0x1a, 0x10, 0x00, 0x05, 0x00, 0x00, 0x00, 0x46, 0x0e, 0x10, 0x00, 0x04, 0x00, 0x00, 0x00,
    0x00, 0x00, 0x00, 0x07, 0xf2, 0x00, 0x10, 0x00, 0x06, 0x00, 0x00, 0x00, 0x46, 0x0e, 0x10, 0x00,
    0x04, 0x00, 0x00, 0x00, 0x46, 0x0e, 0x10, 0x00, 0x06, 0x00, 0x00, 0x00, 0xa7, 0x00, 0x00, 0x8b,
    0x02, 0x83, 0x00, 0x80, 0x83, 0x99, 0x19, 0x00, 0xf2, 0x00, 0x10, 0x00, 0x04, 0x00, 0x00, 0x00,
    0x2a, 0x00, 0x10, 0x00, 0x02, 0x00, 0x00, 0x00, 0x01, 0x40, 0x00, 0x00, 0x00, 0x00, 0x00, 0x00,
    0x46, 0x7e, 0x10, 0x00, 0x00, 0x00, 0x00, 0x00, 0xa7, 0x00, 0x00, 0x8b, 0x02, 0x83, 0x00, 0x80,
    0x83, 0x99, 0x19, 0x00, 0xf2, 0x00, 0x10, 0x00, 0x02, 0x00, 0x00, 0x00, 0x3a, 0x00, 0x10, 0x00,
    0x02, 0x00, 0x00, 0x00, 0x01, 0x40, 0x00, 0x00, 0x00, 0x00, 0x00, 0x00, 0x46, 0x7e, 0x10, 0x00,
    0x00, 0x00, 0x00, 0x00, 0x38, 0x00, 0x00, 0x07, 0xf2, 0x00, 0x10, 0x00, 0x02, 0x00, 0x00, 0x00,
    0x46, 0x0e, 0x10, 0x00, 0x02, 0x00, 0x00, 0x00, 0xf6, 0x1f, 0x10, 0x00, 0x05, 0x00, 0x00, 0x00,
    0x32, 0x00, 0x00, 0x09, 0xf2, 0x00, 0x10, 0x00, 0x02, 0x00, 0x00, 0x00, 0x46, 0x0e, 0x10, 0x00,
    0x04, 0x00, 0x00, 0x00, 0xa6, 0x1a, 0x10, 0x00, 0x05, 0x00, 0x00, 0x00, 0x46, 0x0e, 0x10, 0x00,
    0x02, 0x00, 0x00, 0x00, 0x00, 0x00, 0x00, 0x07, 0xf2, 0x00, 0x10, 0x00, 0x07, 0x00, 0x00, 0x00,
    0x46, 0x0e, 0x10, 0x00, 0x02, 0x00, 0x00, 0x00, 0x46, 0x0e, 0x10, 0x00, 0x07, 0x00, 0x00, 0x00,
    0x1e, 0x00, 0x00, 0x0a, 0xf2, 0x00, 0x10, 0x00, 0x02, 0x00, 0x00, 0x00, 0xe6, 0x0e, 0x10, 0x00,
    0x03, 0x00, 0x00, 0x00, 0x02, 0x40, 0x00, 0x00, 0x02, 0x00, 0x00, 0x00, 0x02, 0x00, 0x00, 0x00,
    0x01, 0x00, 0x00, 0x00, 0x01, 0x00, 0x00, 0x00, 0xa7, 0x00, 0x00, 0x8b, 0x02, 0x83, 0x00, 0x80,
    0x83, 0x99, 0x19, 0x00, 0xf2, 0x00, 0x10, 0x00, 0x04, 0x00, 0x00, 0x00, 0x0a, 0x00, 0x10, 0x00,
    0x02, 0x00, 0x00, 0x00, 0x01, 0x40, 0x00, 0x00, 0x00, 0x00, 0x00, 0x00, 0x46, 0x7e, 0x10, 0x00,
    0x00, 0x00, 0x00, 0x00, 0xa7, 0x00, 0x00, 0x8b, 0x02, 0x83, 0x00, 0x80, 0x83, 0x99, 0x19, 0x00,
    0xf2, 0x00, 0x10, 0x00, 0x0b, 0x00, 0x00, 0x00, 0x1a, 0x00, 0x10, 0x00, 0x02, 0x00, 0x00, 0x00,
    0x01, 0x40, 0x00, 0x00, 0x00, 0x00, 0x00, 0x00, 0x46, 0x7e, 0x10, 0x00, 0x00, 0x00, 0x00, 0x00,
    0x38, 0x00, 0x00, 0x07, 0xf2, 0x00, 0x10, 0x00, 0x0b, 0x00, 0x00, 0x00, 0x46, 0x0e, 0x10, 0x00,
    0x0b, 0x00, 0x00, 0x00, 0xf6, 0x1f, 0x10, 0x00, 0x05, 0x00, 0x00, 0x00, 0x32, 0x00, 0x00, 0x09,
    0xf2, 0x00, 0x10, 0x00, 0x04, 0x00, 0x00, 0x00, 0x46, 0x0e, 0x10, 0x00, 0x04, 0x00, 0x00, 0x00,
    0xa6, 0x1a, 0x10, 0x00, 0x05, 0x00, 0x00, 0x00, 0x46, 0x0e, 0x10, 0x00, 0x0b, 0x00, 0x00, 0x00,
    0x00, 0x00, 0x00, 0x07, 0xf2, 0x00, 0x10, 0x00, 0x08, 0x00, 0x00, 0x00, 0x46, 0x0e, 0x10, 0x00,
    0x04, 0x00, 0x00, 0x00, 0x46, 0x0e, 0x10, 0x00, 0x08, 0x00, 0x00, 0x00, 0xa7, 0x00, 0x00, 0x8b,
    0x02, 0x83, 0x00, 0x80, 0x83, 0x99, 0x19, 0x00, 0xf2, 0x00, 0x10, 0x00, 0x04, 0x00, 0x00, 0x00,
    0x2a, 0x00, 0x10, 0x00, 0x02, 0x00, 0x00, 0x00, 0x01, 0x40, 0x00, 0x00, 0x00, 0x00, 0x00, 0x00,
    0x46, 0x7e, 0x10, 0x00, 0x00, 0x00, 0x00, 0x00, 0xa7, 0x00, 0x00, 0x8b, 0x02, 0x83, 0x00, 0x80,
    0x83, 0x99, 0x19, 0x00, 0xf2, 0x00, 0x10, 0x00, 0x02, 0x00, 0x00, 0x00, 0x3a, 0x00, 0x10, 0x00,
    0x02, 0x00, 0x00, 0x00, 0x01, 0x40, 0x00, 0x00, 0x00, 0x00, 0x00, 0x00, 0x46, 0x7e, 0x10, 0x00,
    0x00, 0x00, 0x00, 0x00, 0x38, 0x00, 0x00, 0x07, 0xf2, 0x00, 0x10, 0x00, 0x02, 0x00, 0x00, 0x00,
    0x46, 0x0e, 0x10, 0x00, 0x02, 0x00, 0x00, 0x00, 0xf6, 0x1f, 0x10, 0x00, 0x05, 0x00, 0x00, 0x00,
    0x32, 0x00, 0x00, 0x09, 0xf2, 0x00, 0x10, 0x00, 0x02, 0x00, 0x00, 0x00, 0x46, 0x0e, 0x10, 0x00,
    0x04, 0x00, 0x00, 0x00, 0xa6, 0x1a, 0x10, 0x00, 0x05, 0x00, 0x00, 0x00, 0x46, 0x0e, 0x10, 0x00,
    0x02, 0x00, 0x00, 0x00, 0x00, 0x00, 0x00, 0x07, 0xf2, 0x00, 0x10, 0x00, 0x09, 0x00, 0x00, 0x00,
    0x46, 0x0e, 0x10, 0x00, 0x02, 0x00, 0x00, 0x00, 0x46, 0x0e, 0x10, 0x00, 0x09, 0x00, 0x00, 0x00,
    0xa7, 0x00, 0x00, 0x8b, 0x02, 0x83, 0x00, 0x80, 0x83, 0x99, 0x19, 0x00, 0xf2, 0x00, 0x10, 0x00,
    0x02, 0x00, 0x00, 0x00, 0x2a, 0x00, 0x10, 0x00, 0x03, 0x00, 0x00, 0x00, 0x01, 0x40, 0x00, 0x00,
    0x00, 0x00, 0x00, 0x00, 0x46, 0x7e, 0x10, 0x00, 0x00, 0x00, 0x00, 0x00, 0xa7, 0x00, 0x00, 0x8b,
    0x02, 0x83, 0x00, 0x80, 0x83, 0x99, 0x19, 0x00, 0xf2, 0x00, 0x10, 0x00, 0x03, 0x00, 0x00, 0x00,
    0x3a, 0x00, 0x10, 0x00, 0x03, 0x00, 0x00, 0x00, 0x01, 0x40, 0x00, 0x00, 0x00, 0x00, 0x00, 0x00,
    0x46, 0x7e, 0x10, 0x00, 0x00, 0x00, 0x00, 0x00, 0x38, 0x00, 0x00, 0x07, 0xf2, 0x00, 0x10, 0x00,
    0x03, 0x00, 0x00, 0x00, 0x46, 0x0e, 0x10, 0x00, 0x03, 0x00, 0x00, 0x00, 0xf6, 0x1f, 0x10, 0x00,
    0x05, 0x00, 0x00, 0x00, 0x32, 0x00, 0x00, 0x09, 0xf2, 0x00, 0x10, 0x00, 0x02, 0x00, 0x00, 0x00,
    0x46, 0x0e, 0x10, 0x00, 0x02, 0x00, 0x00, 0x00, 0xa6, 0x1a, 0x10, 0x00, 0x05, 0x00, 0x00, 0x00,
    0x46, 0x0e, 0x10, 0x00, 0x03, 0x00, 0x00, 0x00, 0x00, 0x00, 0x00, 0x07, 0xf2, 0x00, 0x10, 0x00,
    0x0a, 0x00, 0x00, 0x00, 0x46, 0x0e, 0x10, 0x00, 0x02, 0x00, 0x00, 0x00, 0x46, 0x0e, 0x10, 0x00,
    0x0a, 0x00, 0x00, 0x00, 0x15, 0x00, 0x00, 0x01, 0x36, 0x00, 0x00, 0x05, 0x72, 0x00, 0x10, 0x00,
    0x02, 0x00, 0x00, 0x00, 0x46, 0x12, 0x10, 0x00, 0x00, 0x00, 0x00, 0x00, 0x36, 0x00, 0x00, 0x05,
    0x82, 0x00, 0x10, 0x00, 0x02, 0x00, 0x00, 0x00, 0x01, 0x40, 0x00, 0x00, 0x00, 0x00, 0x80, 0x3f,
    0x11, 0x00, 0x00, 0x07, 0x42, 0x00, 0x10, 0x00, 0x00, 0x00, 0x00, 0x00, 0x46, 0x0e, 0x10, 0x00,
    0x0a, 0x00, 0x00, 0x00, 0x46, 0x0e, 0x10, 0x00, 0x02, 0x00, 0x00, 0x00, 0x11, 0x00, 0x00, 0x07,
    0x82, 0x00, 0x10, 0x00, 0x00, 0x00, 0x00, 0x00, 0x46, 0x0e, 0x10, 0x00, 0x09, 0x00, 0x00, 0x00,
    0x46, 0x0e, 0x10, 0x00, 0x02, 0x00, 0x00, 0x00, 0x11, 0x00, 0x00, 0x07, 0x12, 0x00, 0x10, 0x00,
    0x03, 0x00, 0x00, 0x00, 0x46, 0x0e, 0x10, 0x00, 0x08, 0x00, 0x00, 0x00, 0x46, 0x0e, 0x10, 0x00,
    0x02, 0x00, 0x00, 0x00, 0x11, 0x00, 0x00, 0x07, 0x12, 0x00, 0x10, 0x00, 0x04, 0x00, 0x00, 0x00,
    0x46, 0x0e, 0x10, 0x00, 0x07, 0x00, 0x00, 0x00, 0x46, 0x0e, 0x10, 0x00, 0x02, 0x00, 0x00, 0x00,
    0x11, 0x00, 0x00, 0x07, 0x22, 0x00, 0x10, 0x00, 0x04, 0x00, 0x00, 0x00, 0x46, 0x0e, 0x10, 0x00,
    0x06, 0x00, 0x00, 0x00, 0x46, 0x0e, 0x10, 0x00, 0x02, 0x00, 0x00, 0x00, 0x11, 0x00, 0x00, 0x07,
    0x42, 0x00, 0x10, 0x00, 0x04, 0x00, 0x00, 0x00, 0x46, 0x0e, 0x10, 0x00, 0x05, 0x00, 0x00, 0x00,
    0x46, 0x0e, 0x10, 0x00, 0x02, 0x00, 0x00, 0x00, 0x12, 0x00, 0x00, 0x01, 0x36, 0x00, 0x00, 0x05,
    0x72, 0x00, 0x10, 0x00, 0x04, 0x00, 0x00, 0x00, 0x46, 0x12, 0x10, 0x00, 0x04, 0x00, 0x00, 0x00,
    0x36, 0x00, 0x00, 0x05, 0xc2, 0x00, 0x10, 0x00, 0x00, 0x00, 0x00, 0x00, 0x06, 0x14, 0x10, 0x00,
    0x00, 0x00, 0x00, 0x00, 0x36, 0x00, 0x00, 0x05, 0x12, 0x00, 0x10, 0x00, 0x03, 0x00, 0x00, 0x00,
    0x2a, 0x10, 0x10, 0x00, 0x00, 0x00, 0x00, 0x00, 0x15, 0x00, 0x00, 0x01, 0x38, 0x00, 0x00, 0x0a,
    0x72, 0x00, 0x10, 0x00, 0x02, 0x00, 0x00, 0x00, 0xf6, 0x0f, 0x10, 0x00, 0x00, 0x00, 0x00, 0x00,
    0x46, 0x82, 0x20, 0x06, 0x03, 0x00, 0x00, 0x00, 0x01, 0x00, 0x00, 0x00, 0x1a, 0x00, 0x10, 0x00,
    0x00, 0x00, 0x00, 0x00, 0x32, 0x00, 0x00, 0x0b, 0x72, 0x00, 0x10, 0x00, 0x02, 0x00, 0x00, 0x00,
    0x46, 0x82, 0x20, 0x04, 0x03, 0x00, 0x00, 0x00, 0x1a, 0x00, 0x10, 0x00, 0x00, 0x00, 0x00, 0x00,
    0xa6, 0x0a, 0x10, 0x00, 0x00, 0x00, 0x00, 0x00, 0x46, 0x02, 0x10, 0x00, 0x02, 0x00, 0x00, 0x00,
    0x32, 0x00, 0x00, 0x0c, 0x72, 0x00, 0x10, 0x00, 0x02, 0x00, 0x00, 0x00, 0x46, 0x82, 0x20, 0x06,
    0x03, 0x00, 0x00, 0x00, 0x02, 0x00, 0x00, 0x00, 0x1a, 0x00, 0x10, 0x00, 0x00, 0x00, 0x00, 0x00,
    0x06, 0x00, 0x10, 0x00, 0x03, 0x00, 0x00, 0x00, 0x46, 0x02, 0x10, 0x00, 0x02, 0x00, 0x00, 0x00,
    0x00, 0x00, 0x00, 0x0a, 0xe2, 0x00, 0x10, 0x00, 0x03, 0x00, 0x00, 0x00, 0x06, 0x09, 0x10, 0x00,
    0x02, 0x00, 0x00, 0x00, 0x06, 0x89, 0x20, 0x06, 0x03, 0x00, 0x00, 0x00, 0x03, 0x00, 0x00, 0x00,
    0x1a, 0x00, 0x10, 0x00, 0x00, 0x00, 0x00, 0x00, 0x00, 0x00, 0x00, 0x09, 0xe2, 0x00, 0x10, 0x00,
    0x03, 0x00, 0x00, 0x00, 0x56, 0x0e, 0x10, 0x80, 0x41, 0x00, 0x00, 0x00, 0x03, 0x00, 0x00, 0x00,
    0x06, 0x89, 0x20, 0x00, 0x01, 0x00, 0x00, 0x00, 0x2c, 0x00, 0x00, 0x00, 0x10, 0x00, 0x00, 0x07,
    0x82, 0x00, 0x10, 0x00, 0x02, 0x00, 0x00, 0x00, 0x96, 0x07, 0x10, 0x00, 0x03, 0x00, 0x00, 0x00,
    0x96, 0x07, 0x10, 0x00, 0x03, 0x00, 0x00, 0x00, 0x4b, 0x00, 0x00, 0x05, 0x82, 0x00, 0x10, 0x00,
    0x02, 0x00, 0x00, 0x00, 0x3a, 0x00, 0x10, 0x00, 0x02, 0x00, 0x00, 0x00, 0x0e, 0x00, 0x00, 0x07,
    0xe2, 0x00, 0x10, 0x00, 0x03, 0x00, 0x00, 0x00, 0x56, 0x0e, 0x10, 0x00, 0x03, 0x00, 0x00, 0x00,
    0xf6, 0x0f, 0x10, 0x00, 0x02, 0x00, 0x00, 0x00, 0x00, 0x00, 0x00, 0x07, 0x82, 0x00, 0x10, 0x00,
    0x02, 0x00, 0x00, 0x00, 0x3a, 0x00, 0x10, 0x00, 0x02, 0x00, 0x00, 0x00, 0x01, 0x40, 0x00, 0x00,
    0x00, 0x00, 0x80, 0xbf, 0x34, 0x00, 0x00, 0x07, 0x82, 0x00, 0x10, 0x00, 0x02, 0x00, 0x00, 0x00,
    0x3a, 0x00, 0x10, 0x00, 0x02, 0x00, 0x00, 0x00, 0x01, 0x40, 0x00, 0x00, 0x00, 0x00, 0x00, 0x00,
    0x33, 0x00, 0x00, 0x08, 0x82, 0x00, 0x10, 0x00, 0x02, 0x00, 0x00, 0x00, 0x3a, 0x00, 0x10, 0x00,
    0x02, 0x00, 0x00, 0x00, 0x1a, 0x80, 0x20, 0x00, 0x04, 0x00, 0x00, 0x00, 0x03, 0x00, 0x00, 0x00,
    0x00, 0x00, 0x00, 0x07, 0x82, 0x00, 0x10, 0x00, 0x02, 0x00, 0x00, 0x00, 0x3a, 0x00, 0x10, 0x00,
    0x02, 0x00, 0x00, 0x00, 0x01, 0x40, 0x00, 0x00, 0x6f, 0x12, 0x83, 0x3a, 0x38, 0x00, 0x00, 0x07,
    0xe2, 0x00, 0x10, 0x00, 0x03, 0x00, 0x00, 0x00, 0xf6, 0x0f, 0x10, 0x00, 0x02, 0x00, 0x00, 0x00,
    0x56, 0x0e, 0x10, 0x00, 0x03, 0x00, 0x00, 0x00, 0x00, 0x00, 0x00, 0x09, 0x82, 0x00, 0x10, 0x00,
    0x02, 0x00, 0x00, 0x00, 0x01, 0x40, 0x00, 0x00, 0x00, 0x00, 0x80, 0x3f, 0x0a, 0x80, 0x20, 0x80,
    0x41, 0x00, 0x00, 0x00, 0x00, 0x00, 0x00, 0x00, 0x01, 0x00, 0x00, 0x00, 0x00, 0x00, 0x00, 0x0c,
    0x72, 0x00, 0x10, 0x00, 0x05, 0x00, 0x00, 0x00, 0x46, 0x82, 0x20, 0x80, 0x41, 0x00, 0x00, 0x00,
    0x01, 0x00, 0x00, 0x00, 0x2c, 0x00, 0x00, 0x00, 0x46, 0x82, 0x20, 0x06, 0x03, 0x00, 0x00, 0x00,
    0x03, 0x00, 0x00, 0x00, 0x1a, 0x00, 0x10, 0x00, 0x00, 0x00, 0x00, 0x00, 0x00, 0x00, 0x00, 0x07,
    0x72, 0x00, 0x10, 0x00, 0x02, 0x00, 0x00, 0x00, 0x46, 0x02, 0x10, 0x00, 0x02, 0x00, 0x00, 0x00,
    0x46, 0x02, 0x10, 0x00, 0x05, 0x00, 0x00, 0x00, 0x32, 0x00, 0x00, 0x09, 0x72, 0x00, 0x10, 0x00,
    0x02, 0x00, 0x00, 0x00, 0x96, 0x07, 0x10, 0x00, 0x03, 0x00, 0x00, 0x00, 0xf6, 0x0f, 0x10, 0x00,
    0x02, 0x00, 0x00, 0x00, 0x46, 0x02, 0x10, 0x00, 0x02, 0x00, 0x00, 0x00, 0x38, 0x00, 0x00, 0x08,
    0xf2, 0x00, 0x10, 0x00, 0x05, 0x00, 0x00, 0x00, 0x56, 0x05, 0x10, 0x00, 0x02, 0x00, 0x00, 0x00,
    0x46, 0x8e, 0x20, 0x00, 0x01, 0x00, 0x00, 0x00, 0x21, 0x00, 0x00, 0x00, 0x32, 0x00, 0x00, 0x0a,
    0xf2, 0x00, 0x10, 0x00, 0x05, 0x00, 0x00, 0x00, 0x46, 0x8e, 0x20, 0x00, 0x01, 0x00, 0x00, 0x00,
    0x20, 0x00, 0x00, 0x00, 0x06, 0x00, 0x10, 0x00, 0x02, 0x00, 0x00, 0x00, 0x46, 0x0e, 0x10, 0x00,
    0x05, 0x00, 0x00, 0x00, 0x32, 0x00, 0x00, 0x0a, 0xf2, 0x00, 0x10, 0x00, 0x05, 0x00, 0x00, 0x00,
    0x46, 0x8e, 0x20, 0x00, 0x01, 0x00, 0x00, 0x00, 0x22, 0x00, 0x00, 0x00, 0xa6, 0x0a, 0x10, 0x00,
    0x02, 0x00, 0x00, 0x00, 0x46, 0x0e, 0x10, 0x00, 0x05, 0x00, 0x00, 0x00, 0x00, 0x00, 0x00, 0x08,
    0xf2, 0x00, 0x10, 0x00, 0x05, 0x00, 0x00, 0x00, 0x46, 0x0e, 0x10, 0x00, 0x05, 0x00, 0x00, 0x00,
    0x46, 0x8e, 0x20, 0x00, 0x01, 0x00, 0x00, 0x00, 0x23, 0x00, 0x00, 0x00, 0x38, 0x00, 0x00, 0x08,
    0x32, 0x00, 0x10, 0x00, 0x06, 0x00, 0x00, 0x00, 0xf6, 0x0f, 0x10, 0x00, 0x05, 0x00, 0x00, 0x00,
    0xe6, 0x8a, 0x20, 0x00, 0x02, 0x00, 0x00, 0x00, 0x13, 0x00, 0x00, 0x00, 0x32, 0x00, 0x00, 0x0d,
    0x32, 0x20, 0x10, 0x00, 0x00, 0x00, 0x00, 0x00, 0x46, 0x00, 0x10, 0x80, 0x41, 0x00, 0x00, 0x00,
    0x06, 0x00, 0x00, 0x00, 0x02, 0x40, 0x00, 0x00, 0x00, 0x00, 0x00, 0x40, 0x00, 0x00, 0x00, 0xc0,
    0x00, 0x00, 0x00, 0x00, 0x00, 0x00, 0x00, 0x00, 0x46, 0x00, 0x10, 0x00, 0x05, 0x00, 0x00, 0x00,
    0x31, 0x00, 0x00, 0x0d, 0x32, 0x00, 0x10, 0x00, 0x06, 0x00, 0x00, 0x00, 0x46, 0x80, 0x20, 0x06,
    0x03, 0x00, 0x00, 0x00, 0x0a, 0x00, 0x00, 0x00, 0x1a, 0x00, 0x10, 0x00, 0x00, 0x00, 0x00, 0x00,
    0x02, 0x40, 0x00, 0x00, 0x00, 0x00, 0x80, 0x3f, 0x00, 0x00, 0x80, 0x3f, 0x00, 0x00, 0x00, 0x00,
    0x00, 0x00, 0x00, 0x00, 0x00, 0x00, 0x00, 0x0a, 0x72, 0x00, 0x10, 0x00, 0x07, 0x00, 0x00, 0x00,
    0x46, 0x82, 0x20, 0x00, 0x01, 0x00, 0x00, 0x00, 0x2c, 0x00, 0x00, 0x00, 0x46, 0x82, 0x20, 0x80,
    0x41, 0x00, 0x00, 0x00, 0x01, 0x00, 0x00, 0x00, 0x51, 0x00, 0x00, 0x00, 0x00, 0x00, 0x00, 0x07,
    0x72, 0x00, 0x10, 0x00, 0x02, 0x00, 0x00, 0x00, 0x46, 0x02, 0x10, 0x00, 0x02, 0x00, 0x00, 0x00,
    0x46, 0x02, 0x10, 0x00, 0x07, 0x00, 0x00, 0x00, 0x37, 0x00, 0x00, 0x09, 0xc2, 0x00, 0x10, 0x00,
    0x00, 0x00, 0x00, 0x00, 0x06, 0x00, 0x10, 0x00, 0x06, 0x00, 0x00, 0x00, 0xa6, 0x0e, 0x10, 0x00,
    0x00, 0x00, 0x00, 0x00, 0x06, 0x04, 0x10, 0x00, 0x04, 0x00, 0x00, 0x00, 0x37, 0x00, 0x00, 0x09,
    0x12, 0x00, 0x10, 0x00, 0x03, 0x00, 0x00, 0x00, 0x0a, 0x00, 0x10, 0x00, 0x06, 0x00, 0x00, 0x00,
    0x0a, 0x00, 0x10, 0x00, 0x03, 0x00, 0x00, 0x00, 0x2a, 0x00, 0x10, 0x00, 0x04, 0x00, 0x00, 0x00,
    0x38, 0x00, 0x00, 0x0a, 0x72, 0x00, 0x10, 0x00, 0x04, 0x00, 0x00, 0x00, 0xf6, 0x0f, 0x10, 0x00,
    0x00, 0x00, 0x00, 0x00, 0x46, 0x82, 0x20, 0x06, 0x03, 0x00, 0x00, 0x00, 0x07, 0x00, 0x00, 0x00,
    0x1a, 0x00, 0x10, 0x00, 0x00, 0x00, 0x00, 0x00, 0x32, 0x00, 0x00, 0x0c, 0x72, 0x00, 0x10, 0x00,
    0x04, 0x00, 0x00, 0x00, 0x46, 0x82, 0x20, 0x06, 0x03, 0x00, 0x00, 0x00, 0x06, 0x00, 0x00, 0x00,
    0x1a, 0x00, 0x10, 0x00, 0x00, 0x00, 0x00, 0x00, 0xa6, 0x0a, 0x10, 0x00, 0x00, 0x00, 0x00, 0x00,
    0x46, 0x02, 0x10, 0x00, 0x04, 0x00, 0x00, 0x00, 0x32, 0x00, 0x00, 0x0c, 0x72, 0x00, 0x10, 0x00,
    0x04, 0x00, 0x00, 0x00, 0x46, 0x82, 0x20, 0x06, 0x03, 0x00, 0x00, 0x00, 0x08, 0x00, 0x00, 0x00,
    0x1a, 0x00, 0x10, 0x00, 0x00, 0x00, 0x00, 0x00, 0x06, 0x00, 0x10, 0x00, 0x03, 0x00, 0x00, 0x00,
    0x46, 0x02, 0x10, 0x00, 0x04, 0x00, 0x00, 0x00, 0x00, 0x00, 0x00, 0x0c, 0xe2, 0x00, 0x10, 0x00,
    0x00, 0x00, 0x00, 0x00, 0x06, 0x89, 0x20, 0x80, 0x41, 0x00, 0x00, 0x00, 0x01, 0x00, 0x00, 0x00,
    0x51, 0x00, 0x00, 0x00, 0x06, 0x89, 0x20, 0x06, 0x03, 0x00, 0x00, 0x00, 0x09, 0x00, 0x00, 0x00,
    0x1a, 0x00, 0x10, 0x00, 0x00, 0x00, 0x00, 0x00, 0x00, 0x00, 0x00, 0x07, 0xe2, 0x00, 0x10, 0x00,
    0x00, 0x00, 0x00, 0x00, 0x56, 0x0e, 0x10, 0x00, 0x00, 0x00, 0x00, 0x00, 0x06, 0x09, 0x10, 0x00,
    0x04, 0x00, 0x00, 0x00, 0x32, 0x00, 0x00, 0x09, 0xe2, 0x00, 0x10, 0x00, 0x00, 0x00, 0x00, 0x00,
    0x56, 0x0e, 0x10, 0x00, 0x03, 0x00, 0x00, 0x00, 0xf6, 0x0f, 0x10, 0x00, 0x02, 0x00, 0x00, 0x00,
    0x56, 0x0e, 0x10, 0x00, 0x00, 0x00, 0x00, 0x00, 0x38, 0x00, 0x00, 0x08, 0x72, 0x00, 0x10, 0x00,
    0x03, 0x00, 0x00, 0x00, 0x86, 0x13, 0x10, 0x00, 0x03, 0x00, 0x00, 0x00, 0x06, 0x80, 0x20, 0x00,
    0x04, 0x00, 0x00, 0x00, 0x01, 0x00, 0x00, 0x00, 0x38, 0x00, 0x00, 0x08, 0xf2, 0x00, 0x10, 0x00,
    0x04, 0x00, 0x00, 0x00, 0x06, 0x15, 0x10, 0x00, 0x03, 0x00, 0x00, 0x00, 0x06, 0x80, 0x20, 0x00,
    0x04, 0x00, 0x00, 0x00, 0x01, 0x00, 0x00, 0x00, 0x32, 0x00, 0x00, 0x0b, 0xf2, 0x00, 0x10, 0x00,
    0x04, 0x00, 0x00, 0x00, 0xa6, 0x1f, 0x10, 0x00, 0x02, 0x00, 0x00, 0x00, 0x06, 0x80, 0x20, 0x00,
    0x04, 0x00, 0x00, 0x00, 0x01, 0x00, 0x00, 0x00, 0x46, 0x0e, 0x10, 0x80, 0x41, 0x00, 0x00, 0x00,
    0x04, 0x00, 0x00, 0x00, 0x00, 0x00, 0x00, 0x07, 0xf2, 0x00, 0x10, 0x00, 0x04, 0x00, 0x00, 0x00,
    0x46, 0x0e, 0x10, 0x00, 0x04, 0x00, 0x00, 0x00, 0x06, 0x15, 0x10, 0x00, 0x03, 0x00, 0x00, 0x00,
    0x38, 0x00, 0x00, 0x08, 0xf2, 0x00, 0x10, 0x00, 0x04, 0x00, 0x00, 0x00, 0x46, 0x0e, 0x10, 0x00,
    0x04, 0x00, 0x00, 0x00, 0x56, 0x85, 0x20, 0x00, 0x04, 0x00, 0x00, 0x00, 0x08, 0x00, 0x00, 0x00,
    0x32, 0x00, 0x00, 0x0a, 0xf2, 0x00, 0x10, 0x00, 0x04, 0x00, 0x00, 0x00, 0x06, 0x15, 0x10, 0x00,
    0x02, 0x00, 0x00, 0x00, 0x06, 0x80, 0x20, 0x00, 0x04, 0x00, 0x00, 0x00, 0x08, 0x00, 0x00, 0x00,
    0x46, 0x0e, 0x10, 0x00, 0x04, 0x00, 0x00, 0x00, 0x32, 0x00, 0x00, 0x0b, 0xf2, 0x00, 0x10, 0x00,
    0x04, 0x00, 0x00, 0x00, 0x06, 0x85, 0x20, 0x00, 0x04, 0x00, 0x00, 0x00, 0x06, 0x00, 0x00, 0x00,
    0xf6, 0x8f, 0x20, 0x00, 0x02, 0x00, 0x00, 0x00, 0x67, 0x00, 0x00, 0x00, 0x46, 0x0e, 0x10, 0x00,
    0x04, 0x00, 0x00, 0x00, 0x32, 0x00, 0x00, 0x0a, 0xf2, 0x00, 0x10, 0x00, 0x04, 0x00, 0x00, 0x00,
    0xa6, 0x8f, 0x20, 0x00, 0x04, 0x00, 0x00, 0x00, 0x06, 0x00, 0x00, 0x00, 0x06, 0x00, 0x10, 0x00,
    0x03, 0x00, 0x00, 0x00, 0x46, 0x0e, 0x10, 0x00, 0x04, 0x00, 0x00, 0x00, 0x00, 0x00, 0x00, 0x0a,
    0xf2, 0x00, 0x10, 0x00, 0x04, 0x00, 0x00, 0x00, 0x46, 0x0e, 0x10, 0x00, 0x04, 0x00, 0x00, 0x00,
    0x02, 0x40, 0x00, 0x00, 0x00, 0x00, 0x00, 0xbf, 0x00, 0x00, 0x00, 0xbf, 0x00, 0x00, 0x00, 0xbf,
    0x00, 0x00, 0x00, 0xbf, 0x38, 0x00, 0x00, 0x08, 0xf2, 0x00, 0x10, 0x00, 0x04, 0x00, 0x00, 0x00,
    0x46, 0x0e, 0x10, 0x00, 0x04, 0x00, 0x00, 0x00, 0x46, 0x8e, 0x20, 0x00, 0x04, 0x00, 0x00, 0x00,
    0x07, 0x00, 0x00, 0x00, 0x00, 0x00, 0x00, 0x07, 0x92, 0x00, 0x10, 0x00, 0x03, 0x00, 0x00, 0x00,
    0xa6, 0x0e, 0x10, 0x00, 0x04, 0x00, 0x00, 0x00, 0x06, 0x04, 0x10, 0x00, 0x04, 0x00, 0x00, 0x00,
    0x00, 0x00, 0x00, 0x0a, 0x92, 0x00, 0x10, 0x00, 0x03, 0x00, 0x00, 0x00, 0x06, 0x0c, 0x10, 0x00,
    0x03, 0x00, 0x00, 0x00, 0x02, 0x40, 0x00, 0x00, 0x00, 0x00, 0x00, 0x3f, 0x00, 0x00, 0x00, 0x00,
    0x00, 0x00, 0x00, 0x00, 0x00, 0x00, 0x00, 0x3f, 0x32, 0x00, 0x00, 0x0b, 0x32, 0x20, 0x10, 0x00,
    0x01, 0x00, 0x00, 0x00, 0xc6, 0x00, 0x10, 0x00, 0x03, 0x00, 0x00, 0x00, 0x46, 0x80, 0x20, 0x00,
    0x04, 0x00, 0x00, 0x00, 0x09, 0x00, 0x00, 0x00, 0xe6, 0x8a, 0x20, 0x00, 0x04, 0x00, 0x00, 0x00,
    0x09, 0x00, 0x00, 0x00, 0x37, 0x00, 0x00, 0x09, 0xf2, 0x20, 0x10, 0x00, 0x03, 0x00, 0x00, 0x00,
    0x06, 0x00, 0x10, 0x00, 0x00, 0x00, 0x00, 0x00, 0x46, 0x1e, 0x10, 0x00, 0x01, 0x00, 0x00, 0x00,
    0x46, 0x0e, 0x10, 0x00, 0x01, 0x00, 0x00, 0x00, 0x37, 0x00, 0x00, 0x09, 0x72, 0x00, 0x10, 0x00,
    0x00, 0x00, 0x00, 0x00, 0x56, 0x05, 0x10, 0x00, 0x06, 0x00, 0x00, 0x00, 0x46, 0x02, 0x10, 0x00,
    0x02, 0x00, 0x00, 0x00, 0x96, 0x07, 0x10, 0x00, 0x00, 0x00, 0x00, 0x00, 0x38, 0x00, 0x00, 0x08,
    0x72, 0x00, 0x10, 0x00, 0x01, 0x00, 0x00, 0x00, 0x56, 0x05, 0x10, 0x00, 0x00, 0x00, 0x00, 0x00,
    0x46, 0x83, 0x20, 0x00, 0x01, 0x00, 0x00, 0x00, 0x3a, 0x00, 0x00, 0x00, 0x32, 0x00, 0x00, 0x0a,
    0xb2, 0x00, 0x10, 0x00, 0x00, 0x00, 0x00, 0x00, 0x46, 0x8c, 0x20, 0x00, 0x01, 0x00, 0x00, 0x00,
    0x39, 0x00, 0x00, 0x00, 0x06, 0x00, 0x10, 0x00, 0x00, 0x00, 0x00, 0x00, 0x46, 0x08, 0x10, 0x00,
    0x01, 0x00, 0x00, 0x00, 0x32, 0x00, 0x00, 0x0a, 0x72, 0x00, 0x10, 0x00, 0x00, 0x00, 0x00, 0x00,
    0x46, 0x83, 0x20, 0x00, 0x01, 0x00, 0x00, 0x00, 0x3b, 0x00, 0x00, 0x00, 0xa6, 0x0a, 0x10, 0x00,
    0x00, 0x00, 0x00, 0x00, 0x46, 0x03, 0x10, 0x00, 0x00, 0x00, 0x00, 0x00, 0x00, 0x00, 0x00, 0x08,
    0x72, 0x20, 0x10, 0x00, 0x05, 0x00, 0x00, 0x00, 0x46, 0x02, 0x10, 0x00, 0x00, 0x00, 0x00, 0x00,
    0x46, 0x83, 0x20, 0x00, 0x01, 0x00, 0x00, 0x00, 0x3c, 0x00, 0x00, 0x00, 0x36, 0x00, 0x00, 0x05,
    0xc2, 0x20, 0x10, 0x00, 0x00, 0x00, 0x00, 0x00, 0xa6, 0x0e, 0x10, 0x00, 0x05, 0x00, 0x00, 0x00,
    0x36, 0x00, 0x00, 0x05, 0xc2, 0x20, 0x10, 0x00, 0x01, 0x00, 0x00, 0x00, 0x56, 0x09, 0x10, 0x00,
    0x03, 0x00, 0x00, 0x00, 0x36, 0x00, 0x00, 0x05, 0xf2, 0x20, 0x10, 0x00, 0x02, 0x00, 0x00, 0x00,
    0x46, 0x1e, 0x10, 0x00, 0x03, 0x00, 0x00, 0x00, 0x36, 0x00, 0x00, 0x05, 0x72, 0x20, 0x10, 0x00,
    0x04, 0x00, 0x00, 0x00, 0x46, 0x03, 0x10, 0x00, 0x05, 0x00, 0x00, 0x00, 0x36, 0x00, 0x00, 0x05,
    0x12, 0x20, 0x10, 0x00, 0x06, 0x00, 0x00, 0x00, 0x0a, 0x10, 0x10, 0x00, 0x07, 0x00, 0x00, 0x00,
    0x3e, 0x00, 0x00, 0x01,
};
inline constexpr std::size_t g_EndfieldM20PeakVertexDxbcSize = sizeof(g_EndfieldM20PeakVertexDxbc);

inline constexpr std::uint8_t g_EndfieldM20PeakPixelDxbc[] = {
    0x44, 0x58, 0x42, 0x43, 0x3e, 0x0b, 0x52, 0x41, 0x2b, 0x49, 0x7a, 0x85, 0xa5, 0x28, 0xc6, 0x16,
    0x87, 0x61, 0xee, 0x10, 0x01, 0x00, 0x00, 0x00, 0xd0, 0x13, 0x00, 0x00, 0x03, 0x00, 0x00, 0x00,
    0x2c, 0x00, 0x00, 0x00, 0xfc, 0x00, 0x00, 0x00, 0x48, 0x01, 0x00, 0x00, 0x49, 0x53, 0x47, 0x4e,
    0xc8, 0x00, 0x00, 0x00, 0x07, 0x00, 0x00, 0x00, 0x08, 0x00, 0x00, 0x00, 0xb0, 0x00, 0x00, 0x00,
    0x00, 0x00, 0x00, 0x00, 0x01, 0x00, 0x00, 0x00, 0x03, 0x00, 0x00, 0x00, 0x00, 0x00, 0x00, 0x00,
    0x0f, 0x07, 0x00, 0x00, 0xbc, 0x00, 0x00, 0x00, 0x00, 0x00, 0x00, 0x00, 0x00, 0x00, 0x00, 0x00,
    0x03, 0x00, 0x00, 0x00, 0x01, 0x00, 0x00, 0x00, 0x0f, 0x07, 0x00, 0x00, 0xbc, 0x00, 0x00, 0x00,
    0x01, 0x00, 0x00, 0x00, 0x00, 0x00, 0x00, 0x00, 0x03, 0x00, 0x00, 0x00, 0x02, 0x00, 0x00, 0x00,
    0x0f, 0x00, 0x00, 0x00, 0xbc, 0x00, 0x00, 0x00, 0x02, 0x00, 0x00, 0x00, 0x00, 0x00, 0x00, 0x00,
    0x03, 0x00, 0x00, 0x00, 0x03, 0x00, 0x00, 0x00, 0x0f, 0x0f, 0x00, 0x00, 0xbc, 0x00, 0x00, 0x00,
    0x03, 0x00, 0x00, 0x00, 0x00, 0x00, 0x00, 0x00, 0x03, 0x00, 0x00, 0x00, 0x04, 0x00, 0x00, 0x00,
    0x07, 0x07, 0x00, 0x00, 0xbc, 0x00, 0x00, 0x00, 0x04, 0x00, 0x00, 0x00, 0x00, 0x00, 0x00, 0x00,
    0x03, 0x00, 0x00, 0x00, 0x05, 0x00, 0x00, 0x00, 0x07, 0x07, 0x00, 0x00, 0xbc, 0x00, 0x00, 0x00,
    0x05, 0x00, 0x00, 0x00, 0x00, 0x00, 0x00, 0x00, 0x01, 0x00, 0x00, 0x00, 0x06, 0x00, 0x00, 0x00,
    0x01, 0x01, 0x00, 0x00, 0x53, 0x56, 0x5f, 0x50, 0x6f, 0x73, 0x69, 0x74, 0x69, 0x6f, 0x6e, 0x00,
    0x54, 0x45, 0x58, 0x43, 0x4f, 0x4f, 0x52, 0x44, 0x00, 0xab, 0xab, 0xab, 0x4f, 0x53, 0x47, 0x4e,
    0x44, 0x00, 0x00, 0x00, 0x02, 0x00, 0x00, 0x00, 0x08, 0x00, 0x00, 0x00, 0x38, 0x00, 0x00, 0x00,
    0x00, 0x00, 0x00, 0x00, 0x00, 0x00, 0x00, 0x00, 0x03, 0x00, 0x00, 0x00, 0x00, 0x00, 0x00, 0x00,
    0x0f, 0x00, 0x00, 0x00, 0x38, 0x00, 0x00, 0x00, 0x01, 0x00, 0x00, 0x00, 0x00, 0x00, 0x00, 0x00,
    0x03, 0x00, 0x00, 0x00, 0x01, 0x00, 0x00, 0x00, 0x0f, 0x00, 0x00, 0x00, 0x53, 0x56, 0x5f, 0x54,
    0x61, 0x72, 0x67, 0x65, 0x74, 0x00, 0xab, 0xab, 0x53, 0x48, 0x45, 0x58, 0x80, 0x12, 0x00, 0x00,
    0x50, 0x00, 0x00, 0x00, 0xa0, 0x04, 0x00, 0x00, 0x6a, 0x08, 0x00, 0x01, 0x59, 0x00, 0x00, 0x04,
    0x46, 0x8e, 0x20, 0x00, 0x00, 0x00, 0x00, 0x00, 0x1c, 0x00, 0x00, 0x00, 0x59, 0x00, 0x00, 0x04,
    0x46, 0x8e, 0x20, 0x00, 0x01, 0x00, 0x00, 0x00, 0x69, 0x00, 0x00, 0x00, 0x59, 0x08, 0x00, 0x04,
    0x46, 0x8e, 0x20, 0x00, 0x02, 0x00, 0x00, 0x00, 0xf5, 0x0f, 0x00, 0x00, 0x59, 0x00, 0x00, 0x04,
    0x46, 0x8e, 0x20, 0x00, 0x03, 0x00, 0x00, 0x00, 0x16, 0x00, 0x00, 0x00, 0x5a, 0x00, 0x00, 0x03,
    0x00, 0x60, 0x10, 0x00, 0x00, 0x00, 0x00, 0x00, 0x5a, 0x00, 0x00, 0x03, 0x00, 0x60, 0x10, 0x00,
    0x01, 0x00, 0x00, 0x00, 0x58, 0x18, 0x00, 0x04, 0x00, 0x70, 0x10, 0x00, 0x00, 0x00, 0x00, 0x00,
    0x55, 0x55, 0x00, 0x00, 0x58, 0x18, 0x00, 0x04, 0x00, 0x70, 0x10, 0x00, 0x01, 0x00, 0x00, 0x00,
    0x55, 0x55, 0x00, 0x00, 0x64, 0x20, 0x00, 0x04, 0x72, 0x10, 0x10, 0x00, 0x00, 0x00, 0x00, 0x00,
    0x01, 0x00, 0x00, 0x00, 0x62, 0x10, 0x00, 0x03, 0x72, 0x10, 0x10, 0x00, 0x01, 0x00, 0x00, 0x00,
    0x62, 0x10, 0x00, 0x03, 0xf2, 0x10, 0x10, 0x00, 0x03, 0x00, 0x00, 0x00, 0x62, 0x10, 0x00, 0x03,
    0x72, 0x10, 0x10, 0x00, 0x04, 0x00, 0x00, 0x00, 0x62, 0x10, 0x00, 0x03, 0x72, 0x10, 0x10, 0x00,
    0x05, 0x00, 0x00, 0x00, 0x62, 0x08, 0x00, 0x03, 0x12, 0x10, 0x10, 0x00, 0x06, 0x00, 0x00, 0x00,
    0x65, 0x00, 0x00, 0x03, 0xf2, 0x20, 0x10, 0x00, 0x00, 0x00, 0x00, 0x00, 0x65, 0x00, 0x00, 0x03,
    0xf2, 0x20, 0x10, 0x00, 0x01, 0x00, 0x00, 0x00, 0x68, 0x00, 0x00, 0x02, 0x04, 0x00, 0x00, 0x00,
    0x1c, 0x00, 0x00, 0x05, 0x32, 0x00, 0x10, 0x00, 0x00, 0x00, 0x00, 0x00, 0x46, 0x10, 0x10, 0x00,
    0x00, 0x00, 0x00, 0x00, 0x56, 0x00, 0x00, 0x05, 0x32, 0x00, 0x10, 0x00, 0x00, 0x00, 0x00, 0x00,
    0x46, 0x00, 0x10, 0x00, 0x00, 0x00, 0x00, 0x00, 0x38, 0x00, 0x00, 0x08, 0x32, 0x00, 0x10, 0x00,
    0x00, 0x00, 0x00, 0x00, 0x46, 0x00, 0x10, 0x00, 0x00, 0x00, 0x00, 0x00, 0xe6, 0x8a, 0x20, 0x00,
    0x01, 0x00, 0x00, 0x00, 0x00, 0x00, 0x00, 0x00, 0x32, 0x00, 0x00, 0x0f, 0x32, 0x00, 0x10, 0x00,
    0x00, 0x00, 0x00, 0x00, 0x46, 0x00, 0x10, 0x00, 0x00, 0x00, 0x00, 0x00, 0x02, 0x40, 0x00, 0x00,
    0x00, 0x00, 0x00, 0x40, 0x00, 0x00, 0x00, 0x40, 0x00, 0x00, 0x00, 0x00, 0x00, 0x00, 0x00, 0x00,
    0x02, 0x40, 0x00, 0x00, 0x00, 0x00, 0x80, 0xbf, 0x00, 0x00, 0x80, 0xbf, 0x00, 0x00, 0x00, 0x00,
    0x00, 0x00, 0x00, 0x00, 0x38, 0x00, 0x00, 0x09, 0xf2, 0x00, 0x10, 0x00, 0x01, 0x00, 0x00, 0x00,
    0x56, 0x05, 0x10, 0x80, 0x41, 0x00, 0x00, 0x00, 0x00, 0x00, 0x00, 0x00, 0x46, 0x8e, 0x20, 0x00,
    0x00, 0x00, 0x00, 0x00, 0x19, 0x00, 0x00, 0x00, 0x32, 0x00, 0x00, 0x0a, 0xf2, 0x00, 0x10, 0x00,
    0x00, 0x00, 0x00, 0x00, 0x46, 0x8e, 0x20, 0x00, 0x00, 0x00, 0x00, 0x00, 0x18, 0x00, 0x00, 0x00,
    0x06, 0x00, 0x10, 0x00, 0x00, 0x00, 0x00, 0x00, 0x46, 0x0e, 0x10, 0x00, 0x01, 0x00, 0x00, 0x00,
    0x38, 0x00, 0x00, 0x08, 0x32, 0x00, 0x10, 0x00, 0x01, 0x00, 0x00, 0x00, 0x46, 0x10, 0x10, 0x00,
    0x00, 0x00, 0x00, 0x00, 0xe6, 0x8a, 0x20, 0x00, 0x01, 0x00, 0x00, 0x00, 0x00, 0x00, 0x00, 0x00,
    0x48, 0x00, 0x00, 0x8d, 0xc2, 0x00, 0x00, 0x80, 0x43, 0x55, 0x15, 0x00, 0x42, 0x00, 0x10, 0x00,
    0x01, 0x00, 0x00, 0x00, 0x46, 0x00, 0x10, 0x00, 0x01, 0x00, 0x00, 0x00, 0x96, 0x7c, 0x10, 0x00,
    0x00, 0x00, 0x00, 0x00, 0x00, 0x60, 0x10, 0x00, 0x00, 0x00, 0x00, 0x00, 0x01, 0x40, 0x00, 0x00,
    0x00, 0x00, 0x00, 0x00, 0x32, 0x00, 0x00, 0x0f, 0x32, 0x00, 0x10, 0x00, 0x01, 0x00, 0x00, 0x00,
    0x46, 0x00, 0x10, 0x00, 0x01, 0x00, 0x00, 0x00, 0x02, 0x40, 0x00, 0x00, 0x00, 0x00, 0x00, 0x40,
    0x00, 0x00, 0x00, 0x40, 0x00, 0x00, 0x00, 0x00, 0x00, 0x00, 0x00, 0x00, 0x02, 0x40, 0x00, 0x00,
    0x00, 0x00, 0x80, 0xbf, 0x00, 0x00, 0x80, 0xbf, 0x00, 0x00, 0x00, 0x00, 0x00, 0x00, 0x00, 0x00,
    0x32, 0x00, 0x00, 0x0a, 0xf2, 0x00, 0x10, 0x00, 0x00, 0x00, 0x00, 0x00, 0x46, 0x8e, 0x20, 0x00,
    0x00, 0x00, 0x00, 0x00, 0x1a, 0x00, 0x00, 0x00, 0xa6, 0x0a, 0x10, 0x00, 0x01, 0x00, 0x00, 0x00,
    0x46, 0x0e, 0x10, 0x00, 0x00, 0x00, 0x00, 0x00, 0x00, 0x00, 0x00, 0x08, 0xf2, 0x00, 0x10, 0x00,
    0x00, 0x00, 0x00, 0x00, 0x46, 0x0e, 0x10, 0x00, 0x00, 0x00, 0x00, 0x00, 0x46, 0x8e, 0x20, 0x00,
    0x00, 0x00, 0x00, 0x00, 0x1b, 0x00, 0x00, 0x00, 0x0e, 0x00, 0x00, 0x07, 0x72, 0x00, 0x10, 0x00,
    0x00, 0x00, 0x00, 0x00, 0x46, 0x02, 0x10, 0x00, 0x00, 0x00, 0x00, 0x00, 0xf6, 0x0f, 0x10, 0x00,
    0x00, 0x00, 0x00, 0x00, 0x38, 0x00, 0x00, 0x08, 0x22, 0x00, 0x10, 0x00, 0x00, 0x00, 0x00, 0x00,
    0x1a, 0x00, 0x10, 0x00, 0x00, 0x00, 0x00, 0x00, 0x2a, 0x80, 0x20, 0x00, 0x00, 0x00, 0x00, 0x00,
    0x01, 0x00, 0x00, 0x00, 0x32, 0x00, 0x00, 0x0a, 0x12, 0x00, 0x10, 0x00, 0x00, 0x00, 0x00, 0x00,
    0x2a, 0x80, 0x20, 0x00, 0x00, 0x00, 0x00, 0x00, 0x00, 0x00, 0x00, 0x00, 0x0a, 0x00, 0x10, 0x00,
    0x00, 0x00, 0x00, 0x00, 0x1a, 0x00, 0x10, 0x00, 0x00, 0x00, 0x00, 0x00, 0x32, 0x00, 0x00, 0x0a,
    0x12, 0x00, 0x10, 0x00, 0x00, 0x00, 0x00, 0x00, 0x2a, 0x80, 0x20, 0x00, 0x00, 0x00, 0x00, 0x00,
    0x02, 0x00, 0x00, 0x00, 0x2a, 0x00, 0x10, 0x00, 0x00, 0x00, 0x00, 0x00, 0x0a, 0x00, 0x10, 0x00,
    0x00, 0x00, 0x00, 0x00, 0x38, 0x00, 0x00, 0x09, 0xf2, 0x00, 0x10, 0x00, 0x02, 0x00, 0x00, 0x00,
    0x56, 0x05, 0x10, 0x80, 0x41, 0x00, 0x00, 0x00, 0x01, 0x00, 0x00, 0x00, 0x46, 0x8e, 0x20, 0x00,
    0x00, 0x00, 0x00, 0x00, 0x19, 0x00, 0x00, 0x00, 0x32, 0x00, 0x00, 0x0a, 0xf2, 0x00, 0x10, 0x00,
    0x01, 0x00, 0x00, 0x00, 0x46, 0x8e, 0x20, 0x00, 0x00, 0x00, 0x00, 0x00, 0x18, 0x00, 0x00, 0x00,
    0x06, 0x00, 0x10, 0x00, 0x01, 0x00, 0x00, 0x00, 0x46, 0x0e, 0x10, 0x00, 0x02, 0x00, 0x00, 0x00,
    0x32, 0x00, 0x00, 0x0a, 0xf2, 0x00, 0x10, 0x00, 0x01, 0x00, 0x00, 0x00, 0x46, 0x8e, 0x20, 0x00,
    0x00, 0x00, 0x00, 0x00, 0x1a, 0x00, 0x00, 0x00, 0xa6, 0x1a, 0x10, 0x00, 0x00, 0x00, 0x00, 0x00,
    0x46, 0x0e, 0x10, 0x00, 0x01, 0x00, 0x00, 0x00, 0x00, 0x00, 0x00, 0x08, 0xf2, 0x00, 0x10, 0x00,
    0x01, 0x00, 0x00, 0x00, 0x46, 0x0e, 0x10, 0x00, 0x01, 0x00, 0x00, 0x00, 0x46, 0x8e, 0x20, 0x00,
    0x00, 0x00, 0x00, 0x00, 0x1b, 0x00, 0x00, 0x00, 0x0e, 0x00, 0x00, 0x07, 0xe2, 0x00, 0x10, 0x00,
    0x00, 0x00, 0x00, 0x00, 0x06, 0x09, 0x10, 0x00, 0x01, 0x00, 0x00, 0x00, 0xf6, 0x0f, 0x10, 0x00,
    0x01, 0x00, 0x00, 0x00, 0x38, 0x00, 0x00, 0x08, 0x42, 0x00, 0x10, 0x00, 0x00, 0x00, 0x00, 0x00,
    0x2a, 0x00, 0x10, 0x00, 0x00, 0x00, 0x00, 0x00, 0x2a, 0x80, 0x20, 0x00, 0x00, 0x00, 0x00, 0x00,
    0x01, 0x00, 0x00, 0x00, 0x32, 0x00, 0x00, 0x0a, 0x22, 0x00, 0x10, 0x00, 0x00, 0x00, 0x00, 0x00,
    0x2a, 0x80, 0x20, 0x00, 0x00, 0x00, 0x00, 0x00, 0x00, 0x00, 0x00, 0x00, 0x1a, 0x00, 0x10, 0x00,
    0x00, 0x00, 0x00, 0x00, 0x2a, 0x00, 0x10, 0x00, 0x00, 0x00, 0x00, 0x00, 0x32, 0x00, 0x00, 0x0a,
    0x22, 0x00, 0x10, 0x00, 0x00, 0x00, 0x00, 0x00, 0x2a, 0x80, 0x20, 0x00, 0x00, 0x00, 0x00, 0x00,
    0x02, 0x00, 0x00, 0x00, 0x3a, 0x00, 0x10, 0x00, 0x00, 0x00, 0x00, 0x00, 0x1a, 0x00, 0x10, 0x00,
    0x00, 0x00, 0x00, 0x00, 0x00, 0x00, 0x00, 0x08, 0x32, 0x00, 0x10, 0x00, 0x00, 0x00, 0x00, 0x00,
    0x46, 0x00, 0x10, 0x00, 0x00, 0x00, 0x00, 0x00, 0xa6, 0x8a, 0x20, 0x00, 0x00, 0x00, 0x00, 0x00,
    0x03, 0x00, 0x00, 0x00, 0x00, 0x00, 0x00, 0x09, 0x12, 0x00, 0x10, 0x00, 0x00, 0x00, 0x00, 0x00,
    0x1a, 0x00, 0x10, 0x80, 0xc1, 0x00, 0x00, 0x00, 0x00, 0x00, 0x00, 0x00, 0x0a, 0x00, 0x10, 0x80,
    0x81, 0x00, 0x00, 0x00, 0x00, 0x00, 0x00, 0x00, 0x00, 0x00, 0x00, 0x0a, 0x62, 0x00, 0x10, 0x00,
    0x00, 0x00, 0x00, 0x00, 0x56, 0x05, 0x10, 0x80, 0x81, 0x00, 0x00, 0x00, 0x00, 0x00, 0x00, 0x00,
    0x56, 0x87, 0x20, 0x80, 0x41, 0x00, 0x00, 0x00, 0x03, 0x00, 0x00, 0x00, 0x0c, 0x00, 0x00, 0x00,
    0x00, 0x00, 0x00, 0x08, 0x12, 0x00, 0x10, 0x00, 0x00, 0x00, 0x00, 0x00, 0x0a, 0x00, 0x10, 0x00,
    0x00, 0x00, 0x00, 0x00, 0x1a, 0x80, 0x20, 0x00, 0x03, 0x00, 0x00, 0x00, 0x0b, 0x00, 0x00, 0x00,
    0x0e, 0x20, 0x00, 0x08, 0x12, 0x00, 0x10, 0x00, 0x00, 0x00, 0x00, 0x00, 0x0a, 0x00, 0x10, 0x00,
    0x00, 0x00, 0x00, 0x00, 0x0a, 0x80, 0x20, 0x00, 0x03, 0x00, 0x00, 0x00, 0x0b, 0x00, 0x00, 0x00,
    0x00, 0x00, 0x00, 0x08, 0x82, 0x00, 0x10, 0x00, 0x00, 0x00, 0x00, 0x00, 0x2a, 0x10, 0x10, 0x00,
    0x01, 0x00, 0x00, 0x00, 0x1a, 0x80, 0x20, 0x00, 0x03, 0x00, 0x00, 0x00, 0x12, 0x00, 0x00, 0x00,
    0x32, 0x00, 0x00, 0x09, 0x82, 0x00, 0x10, 0x00, 0x00, 0x00, 0x00, 0x00, 0x3a, 0x00, 0x10, 0x00,
    0x00, 0x00, 0x00, 0x00, 0x01, 0x40, 0x00, 0x00, 0xae, 0x47, 0x01, 0x40, 0x01, 0x40, 0x00, 0x00,
    0x00, 0xd7, 0x23, 0xbc, 0x38, 0x00, 0x00, 0x09, 0x12, 0x00, 0x10, 0x00, 0x01, 0x00, 0x00, 0x00,
    0x3a, 0x80, 0x20, 0x00, 0x03, 0x00, 0x00, 0x00, 0x11, 0x00, 0x00, 0x00, 0x3a, 0x80, 0x20, 0x00,
    0x03, 0x00, 0x00, 0x00, 0x12, 0x00, 0x00, 0x00, 0x32, 0x00, 0x00, 0x0c, 0x22, 0x00, 0x10, 0x00,
    0x01, 0x00, 0x00, 0x00, 0x3a, 0x80, 0x20, 0x80, 0x41, 0x00, 0x00, 0x00, 0x03, 0x00, 0x00, 0x00,
    0x11, 0x00, 0x00, 0x00, 0x3a, 0x80, 0x20, 0x00, 0x03, 0x00, 0x00, 0x00, 0x12, 0x00, 0x00, 0x00,
    0x01, 0x40, 0x00, 0x00, 0x00, 0x00, 0x80, 0x3f, 0x00, 0x00, 0x00, 0x0c, 0xc2, 0x00, 0x10, 0x00,
    0x01, 0x00, 0x00, 0x00, 0x02, 0x40, 0x00, 0x00, 0x00, 0x00, 0x00, 0x00, 0x00, 0x00, 0x00, 0x00,
    0x00, 0x00, 0x80, 0x3f, 0x00, 0x00, 0x80, 0x3f, 0xf6, 0x8b, 0x20, 0x80, 0x41, 0x00, 0x00, 0x00,
    0x03, 0x00, 0x00, 0x00, 0x0e, 0x00, 0x00, 0x00, 0x32, 0x00, 0x00, 0x09, 0x12, 0x00, 0x10, 0x00,
    0x01, 0x00, 0x00, 0x00, 0x3a, 0x00, 0x10, 0x00, 0x01, 0x00, 0x00, 0x00, 0x0a, 0x00, 0x10, 0x00,
    0x01, 0x00, 0x00, 0x00, 0x1a, 0x00, 0x10, 0x00, 0x01, 0x00, 0x00, 0x00, 0x32, 0x00, 0x00, 0x09,
    0x82, 0x00, 0x10, 0x00, 0x00, 0x00, 0x00, 0x00, 0x0a, 0x00, 0x10, 0x00, 0x01, 0x00, 0x00, 0x00,
    0x3a, 0x00, 0x10, 0x00, 0x00, 0x00, 0x00, 0x00, 0x01, 0x40, 0x00, 0x00, 0x00, 0x00, 0x80, 0xbf,
    0x38, 0x20, 0x00, 0x09, 0x12, 0x00, 0x10, 0x00, 0x01, 0x00, 0x00, 0x00, 0x3a, 0x00, 0x10, 0x80,
    0x41, 0x00, 0x00, 0x00, 0x00, 0x00, 0x00, 0x00, 0x0a, 0x80, 0x20, 0x00, 0x03, 0x00, 0x00, 0x00,
    0x12, 0x00, 0x00, 0x00, 0x00, 0x00, 0x00, 0x08, 0x82, 0x00, 0x10, 0x00, 0x00, 0x00, 0x00, 0x00,
    0x3a, 0x00, 0x10, 0x00, 0x00, 0x00, 0x00, 0x00, 0x2a, 0x80, 0x20, 0x00, 0x03, 0x00, 0x00, 0x00,
    0x12, 0x00, 0x00, 0x00, 0x38, 0x20, 0x00, 0x08, 0x82, 0x00, 0x10, 0x00, 0x00, 0x00, 0x00, 0x00,
    0x3a, 0x00, 0x10, 0x00, 0x00, 0x00, 0x00, 0x00, 0x0a, 0x80, 0x20, 0x00, 0x03, 0x00, 0x00, 0x00,
    0x12, 0x00, 0x00, 0x00, 0x36, 0x00, 0x00, 0x05, 0x12, 0x00, 0x10, 0x00, 0x02, 0x00, 0x00, 0x00,
    0x01, 0x40, 0x00, 0x00, 0x00, 0x00, 0x80, 0x3f, 0x43, 0x00, 0x00, 0x06, 0x22, 0x00, 0x10, 0x00,
    0x01, 0x00, 0x00, 0x00, 0x2a, 0x80, 0x20, 0x00, 0x03, 0x00, 0x00, 0x00, 0x05, 0x00, 0x00, 0x00,
    0x00, 0x00, 0x00, 0x08, 0x22, 0x00, 0x10, 0x00, 0x01, 0x00, 0x00, 0x00, 0x1a, 0x00, 0x10, 0x00,
    0x01, 0x00, 0x00, 0x00, 0x0a, 0x80, 0x20, 0x00, 0x01, 0x00, 0x00, 0x00, 0x1a, 0x00, 0x00, 0x00,
    0x4a, 0x00, 0x00, 0x8d, 0xc2, 0x00, 0x00, 0x80, 0x43, 0x55, 0x15, 0x00, 0xf2, 0x00, 0x10, 0x00,
    0x03, 0x00, 0x00, 0x00, 0x46, 0x10, 0x10, 0x00, 0x01, 0x00, 0x00, 0x00, 0x46, 0x7e, 0x10, 0x00,
    0x01, 0x00, 0x00, 0x00, 0x00, 0x60, 0x10, 0x00, 0x01, 0x00, 0x00, 0x00, 0x1a, 0x00, 0x10, 0x00,
    0x01, 0x00, 0x00, 0x00, 0x36, 0x00, 0x00, 0x05, 0x82, 0x00, 0x10, 0x00, 0x02, 0x00, 0x00, 0x00,
    0x0a, 0x00, 0x10, 0x00, 0x03, 0x00, 0x00, 0x00, 0x00, 0x00, 0x00, 0x08, 0xf2, 0x00, 0x10, 0x00,
    0x02, 0x00, 0x00, 0x00, 0x06, 0x0c, 0x10, 0x00, 0x02, 0x00, 0x00, 0x00, 0x46, 0x0e, 0x10, 0x80,
    0x41, 0x00, 0x00, 0x00, 0x03, 0x00, 0x00, 0x00, 0x32, 0x00, 0x00, 0x0a, 0xf2, 0x00, 0x10, 0x00,
    0x02, 0x00, 0x00, 0x00, 0x56, 0x85, 0x20, 0x00, 0x03, 0x00, 0x00, 0x00, 0x05, 0x00, 0x00, 0x00,
    0x46, 0x0e, 0x10, 0x00, 0x02, 0x00, 0x00, 0x00, 0x46, 0x0e, 0x10, 0x00, 0x03, 0x00, 0x00, 0x00,
    0x39, 0x00, 0x00, 0x08, 0x22, 0x00, 0x10, 0x00, 0x01, 0x00, 0x00, 0x00, 0x01, 0x40, 0x00, 0x00,
    0x00, 0x00, 0x00, 0x00, 0x1a, 0x80, 0x20, 0x00, 0x03, 0x00, 0x00, 0x00, 0x01, 0x00, 0x00, 0x00,
    0x37, 0x00, 0x00, 0x0c, 0xf2, 0x00, 0x10, 0x00, 0x03, 0x00, 0x00, 0x00, 0x56, 0x05, 0x10, 0x00,
    0x01, 0x00, 0x00, 0x00, 0x02, 0x40, 0x00, 0x00, 0x00, 0x00, 0x80, 0x3f, 0x00, 0x00, 0x80, 0x3f,
    0x00, 0x00, 0x80, 0x3f, 0x00, 0x00, 0x80, 0x3f, 0x46, 0x1e, 0x10, 0x00, 0x03, 0x00, 0x00, 0x00,
    0x38, 0x00, 0x00, 0x08, 0xf2, 0x00, 0x10, 0x00, 0x03, 0x00, 0x00, 0x00, 0x46, 0x0e, 0x10, 0x00,
    0x03, 0x00, 0x00, 0x00, 0x46, 0x8e, 0x20, 0x00, 0x03, 0x00, 0x00, 0x00, 0x04, 0x00, 0x00, 0x00,
    0x38, 0x00, 0x00, 0x08, 0xf2, 0x00, 0x10, 0x00, 0x03, 0x00, 0x00, 0x00, 0x46, 0x0e, 0x10, 0x00,
    0x03, 0x00, 0x00, 0x00, 0xa6, 0x8e, 0x20, 0x00, 0x03, 0x00, 0x00, 0x00, 0x01, 0x00, 0x00, 0x00,
    0x38, 0x00, 0x00, 0x07, 0xf2, 0x00, 0x10, 0x00, 0x02, 0x00, 0x00, 0x00, 0x46, 0x0e, 0x10, 0x00,
    0x02, 0x00, 0x00, 0x00, 0x46, 0x0e, 0x10, 0x00, 0x03, 0x00, 0x00, 0x00, 0x38, 0x00, 0x00, 0x07,
    0xf2, 0x00, 0x10, 0x00, 0x02, 0x00, 0x00, 0x00, 0xa6, 0x0a, 0x10, 0x00, 0x01, 0x00, 0x00, 0x00,
    0x46, 0x0e, 0x10, 0x00, 0x02, 0x00, 0x00, 0x00, 0x38, 0x00, 0x00, 0x07, 0x12, 0x00, 0x10, 0x00,
    0x01, 0x00, 0x00, 0x00, 0x0a, 0x00, 0x10, 0x00, 0x01, 0x00, 0x00, 0x00, 0x3a, 0x00, 0x10, 0x00,
    0x02, 0x00, 0x00, 0x00, 0x39, 0x00, 0x00, 0x08, 0x22, 0x00, 0x10, 0x00, 0x01, 0x00, 0x00, 0x00,
    0x01, 0x40, 0x00, 0x00, 0x00, 0x00, 0x00, 0x00, 0x1a, 0x80, 0x20, 0x00, 0x03, 0x00, 0x00, 0x00,
    0x0f, 0x00, 0x00, 0x00, 0x37, 0x00, 0x00, 0x09, 0x12, 0x00, 0x10, 0x00, 0x01, 0x00, 0x00, 0x00,
    0x1a, 0x00, 0x10, 0x00, 0x01, 0x00, 0x00, 0x00, 0x0a, 0x00, 0x10, 0x00, 0x01, 0x00, 0x00, 0x00,
    0x3a, 0x00, 0x10, 0x00, 0x02, 0x00, 0x00, 0x00, 0x38, 0x00, 0x00, 0x07, 0x12, 0x00, 0x10, 0x00,
    0x00, 0x00, 0x00, 0x00, 0x0a, 0x00, 0x10, 0x00, 0x00, 0x00, 0x00, 0x00, 0x0a, 0x00, 0x10, 0x00,
    0x01, 0x00, 0x00, 0x00, 0x00, 0x00, 0x00, 0x0a, 0x12, 0x00, 0x10, 0x00, 0x01, 0x00, 0x00, 0x00,
    0x1a, 0x80, 0x20, 0x80, 0x41, 0x00, 0x00, 0x00, 0x03, 0x00, 0x00, 0x00, 0x0c, 0x00, 0x00, 0x00,
    0x2a, 0x80, 0x20, 0x00, 0x03, 0x00, 0x00, 0x00, 0x0c, 0x00, 0x00, 0x00, 0x0e, 0x20, 0x00, 0x07,
    0x22, 0x00, 0x10, 0x00, 0x00, 0x00, 0x00, 0x00, 0x1a, 0x00, 0x10, 0x00, 0x00, 0x00, 0x00, 0x00,
    0x0a, 0x00, 0x10, 0x00, 0x01, 0x00, 0x00, 0x00, 0x00, 0x00, 0x00, 0x0a, 0x12, 0x00, 0x10, 0x00,
    0x01, 0x00, 0x00, 0x00, 0x3a, 0x80, 0x20, 0x80, 0x41, 0x00, 0x00, 0x00, 0x03, 0x00, 0x00, 0x00,
    0x0c, 0x00, 0x00, 0x00, 0x0a, 0x80, 0x20, 0x00, 0x03, 0x00, 0x00, 0x00, 0x0d, 0x00, 0x00, 0x00,
    0x0e, 0x20, 0x00, 0x07, 0x42, 0x00, 0x10, 0x00, 0x00, 0x00, 0x00, 0x00, 0x2a, 0x00, 0x10, 0x00,
    0x00, 0x00, 0x00, 0x00, 0x0a, 0x00, 0x10, 0x00, 0x01, 0x00, 0x00, 0x00, 0x38, 0x00, 0x00, 0x07,
    0x22, 0x00, 0x10, 0x00, 0x00, 0x00, 0x00, 0x00, 0x2a, 0x00, 0x10, 0x00, 0x00, 0x00, 0x00, 0x00,
    0x1a, 0x00, 0x10, 0x00, 0x00, 0x00, 0x00, 0x00, 0x39, 0x00, 0x00, 0x08, 0x42, 0x00, 0x10, 0x00,
    0x00, 0x00, 0x00, 0x00, 0x01, 0x40, 0x00, 0x00, 0x00, 0x00, 0x00, 0x00, 0x0a, 0x80, 0x20, 0x00,
    0x03, 0x00, 0x00, 0x00, 0x0c, 0x00, 0x00, 0x00, 0x37, 0x00, 0x00, 0x09, 0x22, 0x00, 0x10, 0x00,
    0x00, 0x00, 0x00, 0x00, 0x2a, 0x00, 0x10, 0x00, 0x00, 0x00, 0x00, 0x00, 0x1a, 0x00, 0x10, 0x00,
    0x00, 0x00, 0x00, 0x00, 0x01, 0x40, 0x00, 0x00, 0x00, 0x00, 0x80, 0x3f, 0x38, 0x20, 0x00, 0x07,
    0x12, 0x00, 0x10, 0x00, 0x00, 0x00, 0x00, 0x00, 0x1a, 0x00, 0x10, 0x00, 0x00, 0x00, 0x00, 0x00,
    0x0a, 0x00, 0x10, 0x00, 0x00, 0x00, 0x00, 0x00, 0x29, 0x00, 0x00, 0x07, 0x22, 0x00, 0x10, 0x00,
    0x00, 0x00, 0x00, 0x00, 0x0a, 0x10, 0x10, 0x00, 0x06, 0x00, 0x00, 0x00, 0x01, 0x40, 0x00, 0x00,
    0x04, 0x00, 0x00, 0x00, 0x00, 0x00, 0x00, 0x0b, 0x42, 0x00, 0x10, 0x00, 0x00, 0x00, 0x00, 0x00,
    0x01, 0x40, 0x00, 0x00, 0x00, 0x00, 0x80, 0x3f, 0x1a, 0x80, 0x20, 0x86, 0x41, 0x00, 0x00, 0x00,
    0x02, 0x00, 0x00, 0x00, 0x04, 0x00, 0x00, 0x00, 0x1a, 0x00, 0x10, 0x00, 0x00, 0x00, 0x00, 0x00,
    0x38, 0x00, 0x00, 0x07, 0x12, 0x00, 0x10, 0x00, 0x00, 0x00, 0x00, 0x00, 0x2a, 0x00, 0x10, 0x00,
    0x00, 0x00, 0x00, 0x00, 0x0a, 0x00, 0x10, 0x00, 0x00, 0x00, 0x00, 0x00, 0x0f, 0x00, 0x00, 0x0a,
    0x42, 0x00, 0x10, 0x00, 0x00, 0x00, 0x00, 0x00, 0x46, 0x10, 0x10, 0x00, 0x00, 0x00, 0x00, 0x00,
    0x02, 0x40, 0x00, 0x00, 0x43, 0x71, 0x89, 0x3d, 0x90, 0x45, 0xbf, 0x3b, 0x00, 0x00, 0x00, 0x00,
    0x00, 0x00, 0x00, 0x00, 0x1a, 0x00, 0x00, 0x05, 0x42, 0x00, 0x10, 0x00, 0x00, 0x00, 0x00, 0x00,
    0x2a, 0x00, 0x10, 0x00, 0x00, 0x00, 0x00, 0x00, 0x38, 0x00, 0x00, 0x07, 0x42, 0x00, 0x10, 0x00,
    0x00, 0x00, 0x00, 0x00, 0x2a, 0x00, 0x10, 0x00, 0x00, 0x00, 0x00, 0x00, 0x01, 0x40, 0x00, 0x00,
    0x82, 0xee, 0x53, 0x42, 0x1a, 0x00, 0x00, 0x05, 0x42, 0x00, 0x10, 0x00, 0x00, 0x00, 0x00, 0x00,
    0x2a, 0x00, 0x10, 0x00, 0x00, 0x00, 0x00, 0x00, 0x1d, 0x00, 0x00, 0x0a, 0x12, 0x00, 0x10, 0x00,
    0x01, 0x00, 0x00, 0x00, 0x0a, 0x80, 0x20, 0x06, 0x02, 0x00, 0x00, 0x00, 0x04, 0x00, 0x00, 0x00,
    0x1a, 0x00, 0x10, 0x00, 0x00, 0x00, 0x00, 0x00, 0x01, 0x40, 0x00, 0x00, 0x00, 0x00, 0x00, 0x00,
    0x37, 0x00, 0x00, 0x0a, 0x42, 0x00, 0x10, 0x00, 0x00, 0x00, 0x00, 0x00, 0x0a, 0x00, 0x10, 0x00,
    0x01, 0x00, 0x00, 0x00, 0x2a, 0x00, 0x10, 0x00, 0x00, 0x00, 0x00, 0x00, 0x2a, 0x00, 0x10, 0x80,
    0x41, 0x00, 0x00, 0x00, 0x00, 0x00, 0x00, 0x00, 0x00, 0x00, 0x00, 0x0b, 0x22, 0x00, 0x10, 0x00,
    0x00, 0x00, 0x00, 0x00, 0x2a, 0x00, 0x10, 0x80, 0x41, 0x00, 0x00, 0x00, 0x00, 0x00, 0x00, 0x00,
    0x0a, 0x80, 0x20, 0x06, 0x02, 0x00, 0x00, 0x00, 0x04, 0x00, 0x00, 0x00, 0x1a, 0x00, 0x10, 0x00,
    0x00, 0x00, 0x00, 0x00, 0x31, 0x00, 0x00, 0x07, 0x22, 0x00, 0x10, 0x00, 0x00, 0x00, 0x00, 0x00,
    0x01, 0x40, 0x00, 0x00, 0x00, 0x00, 0x00, 0x00, 0x1a, 0x00, 0x10, 0x00, 0x00, 0x00, 0x00, 0x00,
    0x00, 0x00, 0x00, 0x0c, 0x52, 0x00, 0x10, 0x00, 0x01, 0x00, 0x00, 0x00, 0x02, 0x40, 0x00, 0x00,
    0x00, 0x00, 0x80, 0x3f, 0x00, 0x00, 0x00, 0x00, 0x00, 0x00, 0x80, 0x3f, 0x00, 0x00, 0x00, 0x00,
    0x06, 0x81, 0x20, 0x80, 0x41, 0x00, 0x00, 0x00, 0x03, 0x00, 0x00, 0x00, 0x00, 0x00, 0x00, 0x00,
    0x37, 0x00, 0x00, 0x09, 0x22, 0x00, 0x10, 0x00, 0x00, 0x00, 0x00, 0x00, 0x1a, 0x00, 0x10, 0x00,
    0x00, 0x00, 0x00, 0x00, 0x01, 0x40, 0x00, 0x00, 0x00, 0x00, 0x80, 0x3f, 0x0a, 0x00, 0x10, 0x00,
    0x01, 0x00, 0x00, 0x00, 0x32, 0x00, 0x00, 0x0a, 0x42, 0x00, 0x10, 0x00, 0x00, 0x00, 0x00, 0x00,
    0x0a, 0x00, 0x10, 0x80, 0x41, 0x00, 0x00, 0x00, 0x00, 0x00, 0x00, 0x00, 0x1a, 0x00, 0x10, 0x00,
    0x00, 0x00, 0x00, 0x00, 0x01, 0x40, 0x00, 0x00, 0x00, 0x00, 0x80, 0x3f, 0x38, 0x00, 0x00, 0x07,
    0x12, 0x00, 0x10, 0x00, 0x00, 0x00, 0x00, 0x00, 0x1a, 0x00, 0x10, 0x00, 0x00, 0x00, 0x00, 0x00,
    0x0a, 0x00, 0x10, 0x00, 0x00, 0x00, 0x00, 0x00, 0x38, 0x00, 0x00, 0x08, 0x72, 0x00, 0x10, 0x00,
    0x03, 0x00, 0x00, 0x00, 0xf6, 0x0f, 0x10, 0x00, 0x00, 0x00, 0x00, 0x00, 0x46, 0x82, 0x20, 0x00,
    0x03, 0x00, 0x00, 0x00, 0x15, 0x00, 0x00, 0x00, 0x32, 0x00, 0x00, 0x0b, 0x72, 0x00, 0x10, 0x00,
    0x03, 0x00, 0x00, 0x00, 0x46, 0x02, 0x10, 0x00, 0x03, 0x00, 0x00, 0x00, 0xa6, 0x8a, 0x20, 0x00,
    0x03, 0x00, 0x00, 0x00, 0x01, 0x00, 0x00, 0x00, 0x46, 0x02, 0x10, 0x80, 0x41, 0x00, 0x00, 0x00,
    0x02, 0x00, 0x00, 0x00, 0x32, 0x00, 0x00, 0x09, 0x72, 0x00, 0x10, 0x00, 0x03, 0x00, 0x00, 0x00,
    0xf6, 0x0f, 0x10, 0x00, 0x00, 0x00, 0x00, 0x00, 0x46, 0x02, 0x10, 0x00, 0x03, 0x00, 0x00, 0x00,
    0x46, 0x02, 0x10, 0x00, 0x02, 0x00, 0x00, 0x00, 0x37, 0x00, 0x00, 0x09, 0xb2, 0x00, 0x10, 0x00,
    0x01, 0x00, 0x00, 0x00, 0x56, 0x05, 0x10, 0x00, 0x01, 0x00, 0x00, 0x00, 0x46, 0x08, 0x10, 0x00,
    0x03, 0x00, 0x00, 0x00, 0x46, 0x08, 0x10, 0x00, 0x02, 0x00, 0x00, 0x00, 0x00, 0x00, 0x00, 0x09,
    0x72, 0x00, 0x10, 0x00, 0x02, 0x00, 0x00, 0x00, 0x46, 0x03, 0x10, 0x00, 0x01, 0x00, 0x00, 0x00,
    0x56, 0x85, 0x20, 0x80, 0x41, 0x00, 0x00, 0x00, 0x03, 0x00, 0x00, 0x00, 0x02, 0x00, 0x00, 0x00,
    0x34, 0x00, 0x00, 0x0a, 0x72, 0x00, 0x10, 0x00, 0x02, 0x00, 0x00, 0x00, 0x46, 0x02, 0x10, 0x00,
    0x02, 0x00, 0x00, 0x00, 0x02, 0x40, 0x00, 0x00, 0x00, 0x00, 0x00, 0x00, 0x00, 0x00, 0x00, 0x00,
    0x00, 0x00, 0x00, 0x00, 0x00, 0x00, 0x00, 0x00, 0x32, 0x00, 0x00, 0x0a, 0xb2, 0x00, 0x10, 0x00,
    0x01, 0x00, 0x00, 0x00, 0x46, 0x08, 0x10, 0x00, 0x02, 0x00, 0x00, 0x00, 0xa6, 0x8a, 0x20, 0x00,
    0x03, 0x00, 0x00, 0x00, 0x02, 0x00, 0x00, 0x00, 0x46, 0x0c, 0x10, 0x00, 0x01, 0x00, 0x00, 0x00,
    0x00, 0x00, 0x00, 0x09, 0x22, 0x00, 0x10, 0x00, 0x00, 0x00, 0x00, 0x00, 0x01, 0x40, 0x00, 0x00,
    0x00, 0x00, 0x80, 0x3f, 0x0a, 0x80, 0x20, 0x80, 0x41, 0x00, 0x00, 0x00, 0x03, 0x00, 0x00, 0x00,
    0x03, 0x00, 0x00, 0x00, 0x32, 0x00, 0x00, 0x0b, 0x22, 0x00, 0x10, 0x00, 0x00, 0x00, 0x00, 0x00,
    0x1a, 0x80, 0x20, 0x00, 0x01, 0x00, 0x00, 0x00, 0x1b, 0x00, 0x00, 0x00, 0x0a, 0x80, 0x20, 0x00,
    0x03, 0x00, 0x00, 0x00, 0x03, 0x00, 0x00, 0x00, 0x1a, 0x00, 0x10, 0x00, 0x00, 0x00, 0x00, 0x00,
    0x38, 0x00, 0x00, 0x07, 0xb2, 0x00, 0x10, 0x00, 0x01, 0x00, 0x00, 0x00, 0x56, 0x05, 0x10, 0x00,
    0x00, 0x00, 0x00, 0x00, 0x46, 0x0c, 0x10, 0x00, 0x01, 0x00, 0x00, 0x00, 0x34, 0x00, 0x00, 0x0a,
    0xb2, 0x00, 0x10, 0x00, 0x01, 0x00, 0x00, 0x00, 0x46, 0x0c, 0x10, 0x00, 0x01, 0x00, 0x00, 0x00,
    0x02, 0x40, 0x00, 0x00, 0x00, 0x00, 0x00, 0x00, 0x00, 0x00, 0x00, 0x00, 0x00, 0x00, 0x00, 0x00,
    0x00, 0x00, 0x00, 0x00, 0x33, 0x00, 0x00, 0x0a, 0xb2, 0x00, 0x10, 0x00, 0x01, 0x00, 0x00, 0x00,
    0x46, 0x0c, 0x10, 0x00, 0x01, 0x00, 0x00, 0x00, 0x02, 0x40, 0x00, 0x00, 0x00, 0x00, 0x7a, 0x44,
    0x00, 0x00, 0x7a, 0x44, 0x00, 0x00, 0x00, 0x00, 0x00, 0x00, 0x7a, 0x44, 0x32, 0x00, 0x00, 0x09,
    0xe2, 0x00, 0x10, 0x00, 0x00, 0x00, 0x00, 0x00, 0x06, 0x0d, 0x10, 0x00, 0x01, 0x00, 0x00, 0x00,
    0x06, 0x00, 0x10, 0x00, 0x00, 0x00, 0x00, 0x00, 0xa6, 0x0a, 0x10, 0x00, 0x00, 0x00, 0x00, 0x00,
    0x38, 0x00, 0x00, 0x07, 0x72, 0x00, 0x10, 0x00, 0x02, 0x00, 0x00, 0x00, 0x06, 0x00, 0x10, 0x00,
    0x00, 0x00, 0x00, 0x00, 0x46, 0x03, 0x10, 0x00, 0x01, 0x00, 0x00, 0x00, 0x10, 0x00, 0x00, 0x0a,
    0x12, 0x00, 0x10, 0x00, 0x01, 0x00, 0x00, 0x00, 0x46, 0x03, 0x10, 0x00, 0x01, 0x00, 0x00, 0x00,
    0x02, 0x40, 0x00, 0x00, 0xed, 0xc6, 0x59, 0x3e, 0x37, 0x14, 0x37, 0x3f, 0x7d, 0xd0, 0x93, 0x3d,
    0x00, 0x00, 0x00, 0x00, 0x38, 0x00, 0x00, 0x07, 0x12, 0x00, 0x10, 0x00, 0x01, 0x00, 0x00, 0x00,
    0x0a, 0x00, 0x10, 0x00, 0x00, 0x00, 0x00, 0x00, 0x0a, 0x00, 0x10, 0x00, 0x01, 0x00, 0x00, 0x00,
    0x38, 0x00, 0x00, 0x07, 0x12, 0x00, 0x10, 0x00, 0x00, 0x00, 0x00, 0x00, 0x2a, 0x00, 0x10, 0x00,
    0x01, 0x00, 0x00, 0x00, 0x0a, 0x00, 0x10, 0x00, 0x00, 0x00, 0x00, 0x00, 0x34, 0x00, 0x00, 0x07,
    0x12, 0x00, 0x10, 0x00, 0x01, 0x00, 0x00, 0x00, 0x0a, 0x00, 0x10, 0x00, 0x00, 0x00, 0x00, 0x00,
    0x0a, 0x00, 0x10, 0x00, 0x01, 0x00, 0x00, 0x00, 0x36, 0x00, 0x00, 0x05, 0x82, 0x20, 0x10, 0x00,
    0x00, 0x00, 0x00, 0x00, 0x0a, 0x00, 0x10, 0x00, 0x00, 0x00, 0x00, 0x00, 0x38, 0x20, 0x00, 0x07,
    0x12, 0x00, 0x10, 0x00, 0x00, 0x00, 0x00, 0x00, 0x0a, 0x00, 0x10, 0x00, 0x01, 0x00, 0x00, 0x00,
    0x01, 0x40, 0x00, 0x00, 0x00, 0x00, 0x20, 0x41, 0x31, 0x00, 0x00, 0x07, 0x12, 0x00, 0x10, 0x00,
    0x00, 0x00, 0x00, 0x00, 0x01, 0x40, 0x00, 0x00, 0x00, 0x00, 0x00, 0x3f, 0x0a, 0x00, 0x10, 0x00,
    0x00, 0x00, 0x00, 0x00, 0x01, 0x00, 0x00, 0x07, 0x12, 0x00, 0x10, 0x00, 0x00, 0x00, 0x00, 0x00,
    0x0a, 0x00, 0x10, 0x00, 0x00, 0x00, 0x00, 0x00, 0x01, 0x40, 0x00, 0x00, 0x00, 0x00, 0x80, 0x3f,
    0x18, 0x00, 0x00, 0x08, 0x12, 0x00, 0x10, 0x00, 0x01, 0x00, 0x00, 0x00, 0x01, 0x40, 0x00, 0x00,
    0x00, 0x00, 0x00, 0x40, 0x1a, 0x80, 0x20, 0x00, 0x03, 0x00, 0x00, 0x00, 0x00, 0x00, 0x00, 0x00,
    0x37, 0x00, 0x00, 0x09, 0xe2, 0x00, 0x10, 0x00, 0x00, 0x00, 0x00, 0x00, 0x06, 0x00, 0x10, 0x00,
    0x01, 0x00, 0x00, 0x00, 0x56, 0x0e, 0x10, 0x00, 0x00, 0x00, 0x00, 0x00, 0x06, 0x09, 0x10, 0x00,
    0x02, 0x00, 0x00, 0x00, 0x10, 0x00, 0x00, 0x0a, 0x12, 0x00, 0x10, 0x00, 0x01, 0x00, 0x00, 0x00,
    0x96, 0x07, 0x10, 0x00, 0x00, 0x00, 0x00, 0x00, 0x02, 0x40, 0x00, 0x00, 0xed, 0xc6, 0x59, 0x3e,
    0x37, 0x14, 0x37, 0x3f, 0x7d, 0xd0, 0x93, 0x3d, 0x00, 0x00, 0x00, 0x00, 0x00, 0x00, 0x00, 0x08,
    0xe2, 0x00, 0x10, 0x00, 0x01, 0x00, 0x00, 0x00, 0x56, 0x0e, 0x10, 0x00, 0x00, 0x00, 0x00, 0x00,
    0x06, 0x00, 0x10, 0x80, 0x41, 0x00, 0x00, 0x00, 0x01, 0x00, 0x00, 0x00, 0x32, 0x00, 0x00, 0x0a,
    0x72, 0x00, 0x10, 0x00, 0x01, 0x00, 0x00, 0x00, 0xf6, 0x8f, 0x20, 0x00, 0x01, 0x00, 0x00, 0x00,
    0x68, 0x00, 0x00, 0x00, 0x96, 0x07, 0x10, 0x00, 0x01, 0x00, 0x00, 0x00, 0x06, 0x00, 0x10, 0x00,
    0x01, 0x00, 0x00, 0x00, 0x38, 0x00, 0x00, 0x08, 0x72, 0x00, 0x10, 0x00, 0x01, 0x00, 0x00, 0x00,
    0x46, 0x02, 0x10, 0x00, 0x01, 0x00, 0x00, 0x00, 0x46, 0x82, 0x20, 0x00, 0x01, 0x00, 0x00, 0x00,
    0x68, 0x00, 0x00, 0x00, 0x00, 0x00, 0x00, 0x09, 0x82, 0x00, 0x10, 0x00, 0x01, 0x00, 0x00, 0x00,
    0x01, 0x40, 0x00, 0x00, 0x00, 0x00, 0x80, 0x3f, 0x3a, 0x80, 0x20, 0x80, 0x41, 0x00, 0x00, 0x00,
    0x03, 0x00, 0x00, 0x00, 0x02, 0x00, 0x00, 0x00, 0x38, 0x00, 0x00, 0x07, 0xe2, 0x00, 0x10, 0x00,
    0x00, 0x00, 0x00, 0x00, 0x56, 0x0e, 0x10, 0x00, 0x00, 0x00, 0x00, 0x00, 0xf6, 0x0f, 0x10, 0x00,
    0x01, 0x00, 0x00, 0x00, 0x32, 0x00, 0x00, 0x0a, 0x72, 0x20, 0x10, 0x00, 0x00, 0x00, 0x00, 0x00,
    0x46, 0x02, 0x10, 0x00, 0x01, 0x00, 0x00, 0x00, 0xf6, 0x8f, 0x20, 0x00, 0x03, 0x00, 0x00, 0x00,
    0x02, 0x00, 0x00, 0x00, 0x96, 0x07, 0x10, 0x00, 0x00, 0x00, 0x00, 0x00, 0x38, 0x00, 0x00, 0x09,
    0x22, 0x00, 0x10, 0x00, 0x00, 0x00, 0x00, 0x00, 0x0a, 0x80, 0x20, 0x00, 0x03, 0x00, 0x00, 0x00,
    0x00, 0x00, 0x00, 0x00, 0x2a, 0x80, 0x20, 0x00, 0x03, 0x00, 0x00, 0x00, 0x00, 0x00, 0x00, 0x00,
    0x38, 0x00, 0x00, 0x07, 0x82, 0x20, 0x10, 0x00, 0x01, 0x00, 0x00, 0x00, 0x0a, 0x00, 0x10, 0x00,
    0x00, 0x00, 0x00, 0x00, 0x1a, 0x00, 0x10, 0x00, 0x00, 0x00, 0x00, 0x00, 0x34, 0x00, 0x00, 0x07,
    0x12, 0x00, 0x10, 0x00, 0x00, 0x00, 0x00, 0x00, 0x2a, 0x10, 0x10, 0x00, 0x04, 0x00, 0x00, 0x00,
    0x01, 0x40, 0x00, 0x00, 0x77, 0xcc, 0x2b, 0x32, 0x0e, 0x00, 0x00, 0x07, 0x32, 0x00, 0x10, 0x00,
    0x00, 0x00, 0x00, 0x00, 0x46, 0x10, 0x10, 0x00, 0x04, 0x00, 0x00, 0x00, 0x06, 0x00, 0x10, 0x00,
    0x00, 0x00, 0x00, 0x00, 0x34, 0x00, 0x00, 0x07, 0x42, 0x00, 0x10, 0x00, 0x00, 0x00, 0x00, 0x00,
    0x2a, 0x10, 0x10, 0x00, 0x05, 0x00, 0x00, 0x00, 0x01, 0x40, 0x00, 0x00, 0x77, 0xcc, 0x2b, 0x32,
    0x0e, 0x00, 0x00, 0x07, 0xc2, 0x00, 0x10, 0x00, 0x00, 0x00, 0x00, 0x00, 0x06, 0x14, 0x10, 0x00,
    0x05, 0x00, 0x00, 0x00, 0xa6, 0x0a, 0x10, 0x00, 0x00, 0x00, 0x00, 0x00, 0x00, 0x00, 0x00, 0x08,
    0x32, 0x00, 0x10, 0x00, 0x00, 0x00, 0x00, 0x00, 0xe6, 0x0a, 0x10, 0x80, 0x41, 0x00, 0x00, 0x00,
    0x00, 0x00, 0x00, 0x00, 0x46, 0x00, 0x10, 0x00, 0x00, 0x00, 0x00, 0x00, 0x36, 0x00, 0x00, 0x06,
    0x42, 0x00, 0x10, 0x00, 0x00, 0x00, 0x00, 0x00, 0x1a, 0x00, 0x10, 0x80, 0x41, 0x00, 0x00, 0x00,
    0x00, 0x00, 0x00, 0x00, 0x31, 0x00, 0x00, 0x0a, 0x32, 0x00, 0x10, 0x00, 0x01, 0x00, 0x00, 0x00,
    0x02, 0x40, 0x00, 0x00, 0x00, 0x00, 0x00, 0x00, 0x00, 0x00, 0x00, 0x00, 0x00, 0x00, 0x00, 0x00,
    0x00, 0x00, 0x00, 0x00, 0x86, 0x00, 0x10, 0x00, 0x00, 0x00, 0x00, 0x00, 0x31, 0x00, 0x00, 0x0a,
    0xc2, 0x00, 0x10, 0x00, 0x00, 0x00, 0x00, 0x00, 0x06, 0x08, 0x10, 0x00, 0x00, 0x00, 0x00, 0x00,
    0x02, 0x40, 0x00, 0x00, 0x00, 0x00, 0x00, 0x00, 0x00, 0x00, 0x00, 0x00, 0x00, 0x00, 0x00, 0x00,
    0x00, 0x00, 0x00, 0x00, 0x38, 0x00, 0x00, 0x0a, 0x32, 0x00, 0x10, 0x00, 0x00, 0x00, 0x00, 0x00,
    0x46, 0x00, 0x10, 0x00, 0x00, 0x00, 0x00, 0x00, 0x02, 0x40, 0x00, 0x00, 0x00, 0x00, 0x00, 0x3f,
    0x00, 0x00, 0x00, 0xbf, 0x00, 0x00, 0x00, 0x00, 0x00, 0x00, 0x00, 0x00, 0x4b, 0x00, 0x00, 0x06,
    0x32, 0x00, 0x10, 0x00, 0x00, 0x00, 0x00, 0x00, 0x46, 0x00, 0x10, 0x80, 0x81, 0x00, 0x00, 0x00,
    0x00, 0x00, 0x00, 0x00, 0x4b, 0x00, 0x00, 0x05, 0x32, 0x00, 0x10, 0x00, 0x00, 0x00, 0x00, 0x00,
    0x46, 0x00, 0x10, 0x00, 0x00, 0x00, 0x00, 0x00, 0x1e, 0x00, 0x00, 0x08, 0xc2, 0x00, 0x10, 0x00,
    0x00, 0x00, 0x00, 0x00, 0x06, 0x04, 0x10, 0x80, 0x41, 0x00, 0x00, 0x00, 0x01, 0x00, 0x00, 0x00,
    0xa6, 0x0e, 0x10, 0x00, 0x00, 0x00, 0x00, 0x00, 0x2b, 0x00, 0x00, 0x05, 0xc2, 0x00, 0x10, 0x00,
    0x00, 0x00, 0x00, 0x00, 0xa6, 0x0e, 0x10, 0x00, 0x00, 0x00, 0x00, 0x00, 0x38, 0x00, 0x00, 0x07,
    0x32, 0x00, 0x10, 0x00, 0x00, 0x00, 0x00, 0x00, 0xe6, 0x0a, 0x10, 0x00, 0x00, 0x00, 0x00, 0x00,
    0x46, 0x00, 0x10, 0x00, 0x00, 0x00, 0x00, 0x00, 0x32, 0x00, 0x00, 0x0f, 0x32, 0x00, 0x10, 0x00,
    0x00, 0x00, 0x00, 0x00, 0x46, 0x00, 0x10, 0x00, 0x00, 0x00, 0x00, 0x00, 0x02, 0x40, 0x00, 0x00,
    0x00, 0x00, 0x00, 0x3f, 0x00, 0x00, 0x00, 0x3f, 0x00, 0x00, 0x00, 0x00, 0x00, 0x00, 0x00, 0x00,
    0x02, 0x40, 0x00, 0x00, 0x00, 0x00, 0x00, 0x3f, 0x00, 0x00, 0x00, 0x3f, 0x00, 0x00, 0x00, 0x00,
    0x00, 0x00, 0x00, 0x00, 0x00, 0x00, 0x00, 0x0a, 0x42, 0x00, 0x10, 0x00, 0x00, 0x00, 0x00, 0x00,
    0x0a, 0x80, 0x20, 0x80, 0x41, 0x00, 0x00, 0x00, 0x03, 0x00, 0x00, 0x00, 0x00, 0x00, 0x00, 0x00,
    0x3a, 0x80, 0x20, 0x00, 0x03, 0x00, 0x00, 0x00, 0x00, 0x00, 0x00, 0x00, 0x00, 0x20, 0x00, 0x07,
    0x42, 0x00, 0x10, 0x00, 0x00, 0x00, 0x00, 0x00, 0x2a, 0x00, 0x10, 0x00, 0x00, 0x00, 0x00, 0x00,
    0x01, 0x40, 0x00, 0x00, 0x00, 0x00, 0x80, 0x3f, 0x31, 0x00, 0x00, 0x07, 0x42, 0x00, 0x10, 0x00,
    0x00, 0x00, 0x00, 0x00, 0x01, 0x40, 0x00, 0x00, 0x00, 0x00, 0x00, 0x3f, 0x2a, 0x00, 0x10, 0x00,
    0x00, 0x00, 0x00, 0x00, 0x01, 0x00, 0x00, 0x07, 0x32, 0x00, 0x10, 0x00, 0x00, 0x00, 0x00, 0x00,
    0x46, 0x00, 0x10, 0x00, 0x00, 0x00, 0x00, 0x00, 0xa6, 0x0a, 0x10, 0x00, 0x00, 0x00, 0x00, 0x00,
    0x33, 0x00, 0x00, 0x0a, 0x32, 0x20, 0x10, 0x00, 0x01, 0x00, 0x00, 0x00, 0x46, 0x00, 0x10, 0x00,
    0x00, 0x00, 0x00, 0x00, 0x02, 0x40, 0x00, 0x00, 0x00, 0x00, 0x80, 0x3f, 0x00, 0x00, 0x80, 0x3f,
    0x00, 0x00, 0x00, 0x00, 0x00, 0x00, 0x00, 0x00, 0x36, 0x00, 0x00, 0x05, 0x42, 0x20, 0x10, 0x00,
    0x01, 0x00, 0x00, 0x00, 0x01, 0x40, 0x00, 0x00, 0x00, 0x00, 0x80, 0x3f, 0x3e, 0x00, 0x00, 0x01,
};
inline constexpr std::size_t g_EndfieldM20PeakPixelDxbcSize = sizeof(g_EndfieldM20PeakPixelDxbc);

inline constexpr std::uint8_t g_EndfieldM20PeakVertices[] = {
    0xa0, 0x3f, 0x96, 0xc3, 0xfb, 0xc9, 0x96, 0x43, 0x89, 0xda, 0x95, 0xc3, 0xc2, 0x9f, 0xf3, 0xbe,
    0xd4, 0xb2, 0x3d, 0xbf, 0x1e, 0x69, 0xe0, 0x3e, 0x01, 0x01, 0x01, 0xff, 0x00, 0x00, 0x00, 0x00,
    0x00, 0x00, 0x80, 0x3f, 0x96, 0x3f, 0x96, 0xc3, 0x01, 0xca, 0x96, 0x43, 0x74, 0xda, 0x95, 0xc3,
    0xc2, 0x9f, 0xf3, 0xbe, 0xd4, 0xb2, 0x3d, 0xbf, 0x1d, 0x69, 0xe0, 0x3e, 0x01, 0x01, 0x01, 0xff,
    0x00, 0x00, 0x80, 0x3f, 0x00, 0x00, 0x80, 0x3f, 0xa0, 0x3f, 0x96, 0xc3, 0x07, 0xca, 0x96, 0x43,
    0x74, 0xda, 0x95, 0xc3, 0xc0, 0x9f, 0xf3, 0xbe, 0xd4, 0xb2, 0x3d, 0xbf, 0x1e, 0x69, 0xe0, 0x3e,
    0x01, 0x01, 0x01, 0xff, 0x00, 0x00, 0x80, 0x3f, 0x00, 0x00, 0x00, 0x00, 0xaa, 0x3f, 0x96, 0xc3,
    0x01, 0xca, 0x96, 0x43, 0x89, 0xda, 0x95, 0xc3, 0xc0, 0x9f, 0xf3, 0xbe, 0xd4, 0xb2, 0x3d, 0xbf,
    0x1f, 0x69, 0xe0, 0x3e, 0x01, 0x01, 0x01, 0xff, 0x00, 0x00, 0x00, 0x00, 0x00, 0x00, 0x00, 0x00,
    0x20, 0x2b, 0x96, 0xc3, 0x2d, 0xb8, 0x96, 0x43, 0xa5, 0xde, 0x95, 0xc3, 0xb7, 0x89, 0xb6, 0xbe,
    0x77, 0x5c, 0xa0, 0xbe, 0x48, 0xfe, 0x5f, 0x3f, 0x03, 0x02, 0x01, 0xff, 0x00, 0x00, 0x00, 0x00,
    0x00, 0x00, 0x80, 0x3f, 0x19, 0x2b, 0x96, 0xc3, 0x33, 0xb8, 0x96, 0x43, 0xa0, 0xde, 0x95, 0xc3,
    0xb7, 0x89, 0xb6, 0xbe, 0x79, 0x5c, 0xa0, 0xbe, 0x48, 0xfe, 0x5f, 0x3f, 0x03, 0x02, 0x01, 0xff,
    0x00, 0x00, 0x80, 0x3f, 0x00, 0x00, 0x80, 0x3f, 0x1b, 0x2b, 0x96, 0xc3, 0x37, 0xb8, 0x96, 0x43,
    0xa0, 0xde, 0x95, 0xc3, 0xb5, 0x89, 0xb6, 0xbe, 0x79, 0x5c, 0xa0, 0xbe, 0x48, 0xfe, 0x5f, 0x3f,
    0x03, 0x02, 0x01, 0xff, 0x00, 0x00, 0x80, 0x3f, 0x00, 0x00, 0x00, 0x00, 0x22, 0x2b, 0x96, 0xc3,
    0x31, 0xb8, 0x96, 0x43, 0xa5, 0xde, 0x95, 0xc3, 0xb5, 0x89, 0xb6, 0xbe, 0x77, 0x5c, 0xa0, 0xbe,
    0x48, 0xfe, 0x5f, 0x3f, 0x03, 0x02, 0x01, 0xff, 0x00, 0x00, 0x00, 0x00, 0x00, 0x00, 0x00, 0x00,
    0x19, 0x42, 0x96, 0xc3, 0x36, 0xae, 0x96, 0x43, 0xc2, 0xd0, 0x95, 0xc3, 0xbc, 0xe4, 0xca, 0xbd,
    0xce, 0xcc, 0x00, 0x3d, 0xd8, 0x9c, 0x7e, 0x3f, 0x08, 0x06, 0x04, 0xff, 0x00, 0x00, 0x00, 0x00,
    0x00, 0x00, 0x80, 0x3f, 0x37, 0x42, 0x96, 0xc3, 0x56, 0xae, 0x96, 0x43, 0xc6, 0xd0, 0x95, 0xc3,
    0xb4, 0xe4, 0xca, 0xbd, 0xcd, 0xcc, 0x00, 0x3d, 0xd8, 0x9c, 0x7e, 0x3f, 0x08, 0x06, 0x04, 0xff,
    0x00, 0x00, 0x80, 0x3f, 0x00, 0x00, 0x80, 0x3f, 0x47, 0x42, 0x96, 0xc3, 0x46, 0xae, 0x96, 0x43,
    0xc8, 0xd0, 0x95, 0xc3, 0xb4, 0xe4, 0xca, 0xbd, 0xde, 0xcc, 0x00, 0x3d, 0xd8, 0x9c, 0x7e, 0x3f,
    0x08, 0x06, 0x04, 0xff, 0x00, 0x00, 0x80, 0x3f, 0x00, 0x00, 0x00, 0x00, 0x29, 0x42, 0x96, 0xc3,
    0x26, 0xae, 0x96, 0x43, 0xc4, 0xd0, 0x95, 0xc3, 0xbc, 0xe4, 0xca, 0xbd, 0xdf, 0xcc, 0x00, 0x3d,
    0xd8, 0x9c, 0x7e, 0x3f, 0x08, 0x06, 0x04, 0xff, 0x00, 0x00, 0x00, 0x00, 0x00, 0x00, 0x00, 0x00,
    0x66, 0x3b, 0x96, 0xc3, 0x17, 0xb0, 0x96, 0x43, 0xd1, 0xc2, 0x95, 0xc3, 0x04, 0x74, 0x18, 0xbf,
    0x98, 0x26, 0x35, 0xbe, 0xbe, 0x54, 0xd6, 0x3e, 0x02, 0x01, 0x01, 0xff, 0x00, 0x00, 0x00, 0x00,
    0x00, 0x00, 0x80, 0x3f, 0x67, 0x3b, 0x96, 0xc3, 0x18, 0xb0, 0x96, 0x43, 0xd2, 0xc2, 0x95, 0xc3,
    0x04, 0x74, 0x18, 0xbf, 0x97, 0x26, 0x35, 0xbe, 0xbf, 0x54, 0xd6, 0x3e, 0x02, 0x01, 0x01, 0xff,
    0x00, 0x00, 0x80, 0x3f, 0x00, 0x00, 0x80, 0x3f, 0x67, 0x3b, 0x96, 0xc3, 0x16, 0xb0, 0x96, 0x43,
    0xd2, 0xc2, 0x95, 0xc3, 0x04, 0x74, 0x18, 0xbf, 0x92, 0x26, 0x35, 0xbe, 0xbe, 0x54, 0xd6, 0x3e,
    0x02, 0x01, 0x01, 0xff, 0x00, 0x00, 0x80, 0x3f, 0x00, 0x00, 0x00, 0x00, 0x66, 0x3b, 0x96, 0xc3,
    0x15, 0xb0, 0x96, 0x43, 0xd1, 0xc2, 0x95, 0xc3, 0x04, 0x74, 0x18, 0xbf, 0x93, 0x26, 0x35, 0xbe,
    0xbd, 0x54, 0xd6, 0x3e, 0x02, 0x01, 0x01, 0xff, 0x00, 0x00, 0x00, 0x00, 0x00, 0x00, 0x00, 0x00,
    0x32, 0x40, 0x96, 0xc3, 0xae, 0xe0, 0x96, 0x43, 0x95, 0xc9, 0x95, 0xc3, 0x08, 0x1d, 0x31, 0x3f,
    0xb2, 0xee, 0xac, 0xbe, 0x6b, 0x01, 0x22, 0x3f, 0x02, 0x02, 0x01, 0xff, 0x00, 0x00, 0x00, 0x00,
    0x00, 0x00, 0x80, 0x3f, 0x3c, 0x40, 0x96, 0xc3, 0xb0, 0xe0, 0x96, 0x43, 0x89, 0xc9, 0x95, 0xc3,
    0x08, 0x1d, 0x31, 0x3f, 0xb1, 0xee, 0xac, 0xbe, 0x6a, 0x01, 0x22, 0x3f, 0x02, 0x02, 0x01, 0xff,
    0x00, 0x00, 0x80, 0x3f, 0x00, 0x00, 0x80, 0x3f, 0x40, 0x40, 0x96, 0xc3, 0xa8, 0xe0, 0x96, 0x43,
    0x89, 0xc9, 0x95, 0xc3, 0x08, 0x1d, 0x31, 0x3f, 0xb0, 0xee, 0xac, 0xbe, 0x6b, 0x01, 0x22, 0x3f,
    0x02, 0x02, 0x01, 0xff, 0x00, 0x00, 0x80, 0x3f, 0x00, 0x00, 0x00, 0x00, 0x36, 0x40, 0x96, 0xc3,
    0xa6, 0xe0, 0x96, 0x43, 0x95, 0xc9, 0x95, 0xc3, 0x08, 0x1d, 0x31, 0x3f, 0xb1, 0xee, 0xac, 0xbe,
    0x6c, 0x01, 0x22, 0x3f, 0x02, 0x02, 0x01, 0xff, 0x00, 0x00, 0x00, 0x00, 0x00, 0x00, 0x00, 0x00,
    0x3a, 0x2d, 0x96, 0xc3, 0x39, 0xc6, 0x96, 0x43, 0x7e, 0xc1, 0x95, 0xc3, 0xe5, 0xd1, 0x3b, 0xbe,
    0x84, 0x70, 0x03, 0xbf, 0x28, 0x9a, 0x56, 0x3f, 0x02, 0x01, 0x01, 0xff, 0x00, 0x00, 0x00, 0x00,
    0x00, 0x00, 0x80, 0x3f, 0x3e, 0x2d, 0x96, 0xc3, 0x2f, 0xc6, 0x96, 0x43, 0x85, 0xc1, 0x95, 0xc3,
    0xe7, 0xd1, 0x3b, 0xbe, 0x83, 0x70, 0x03, 0xbf, 0x28, 0x9a, 0x56, 0x3f, 0x02, 0x01, 0x01, 0xff,
    0x00, 0x00, 0x80, 0x3f, 0x00, 0x00, 0x80, 0x3f, 0x38, 0x2d, 0x96, 0xc3, 0x2d, 0xc6, 0x96, 0x43,
    0x85, 0xc1, 0x95, 0xc3, 0xeb, 0xd1, 0x3b, 0xbe, 0x84, 0x70, 0x03, 0xbf, 0x28, 0x9a, 0x56, 0x3f,
    0x02, 0x01, 0x01, 0xff, 0x00, 0x00, 0x80, 0x3f, 0x00, 0x00, 0x00, 0x00, 0x34, 0x2d, 0x96, 0xc3,
    0x37, 0xc6, 0x96, 0x43, 0x7e, 0xc1, 0x95, 0xc3, 0xe9, 0xd1, 0x3b, 0xbe, 0x85, 0x70, 0x03, 0xbf,
    0x28, 0x9a, 0x56, 0x3f, 0x02, 0x01, 0x01, 0xff, 0x00, 0x00, 0x00, 0x00, 0x00, 0x00, 0x00, 0x00,
};
inline constexpr std::size_t g_EndfieldM20PeakVerticesSize = sizeof(g_EndfieldM20PeakVertices);

inline constexpr std::uint8_t g_EndfieldM20PeakIndices[] = {
    0x00, 0x00, 0x01, 0x00, 0x02, 0x00, 0x00, 0x00, 0x02, 0x00, 0x03, 0x00, 0x04, 0x00, 0x05, 0x00,
    0x06, 0x00, 0x04, 0x00, 0x06, 0x00, 0x07, 0x00, 0x08, 0x00, 0x09, 0x00, 0x0a, 0x00, 0x08, 0x00,
    0x0a, 0x00, 0x0b, 0x00, 0x0c, 0x00, 0x0d, 0x00, 0x0e, 0x00, 0x0c, 0x00, 0x0e, 0x00, 0x0f, 0x00,
    0x10, 0x00, 0x11, 0x00, 0x12, 0x00, 0x10, 0x00, 0x12, 0x00, 0x13, 0x00, 0x14, 0x00, 0x15, 0x00,
    0x16, 0x00, 0x14, 0x00, 0x16, 0x00, 0x17, 0x00,
};
inline constexpr std::size_t g_EndfieldM20PeakIndicesSize = sizeof(g_EndfieldM20PeakIndices);

inline constexpr std::uint8_t g_EndfieldM20PeakSecondary[] = {
    0x00, 0x00, 0x00, 0x00, 0xff, 0xff, 0xff, 0xff, 0x00, 0x00, 0xff, 0x00, 0xff, 0x00, 0x00, 0xff,
    0xff, 0x00, 0x00, 0x00,
};
inline constexpr std::size_t g_EndfieldM20PeakSecondarySize = sizeof(g_EndfieldM20PeakSecondary);

inline constexpr std::uint8_t g_EndfieldM20PeakAtlasBc7[] = {
    0x20, 0x00, 0x00, 0x00, 0x00, 0x00, 0x00, 0x00, 0xac, 0xaa, 0xaa, 0xaa, 0x00, 0x00, 0x00, 0x00,
    0x20, 0x00, 0x00, 0x00, 0x00, 0x00, 0x00, 0x00, 0xac, 0xaa, 0xaa, 0xaa, 0x00, 0x00, 0x00, 0x00,
    0x20, 0x00, 0x00, 0x00, 0x00, 0x00, 0x00, 0x00, 0xac, 0xaa, 0xaa, 0xaa, 0x00, 0x00, 0x00, 0x00,
    0x20, 0x00, 0x00, 0x00, 0x00, 0x00, 0x00, 0x00, 0xac, 0xaa, 0xaa, 0xaa, 0x00, 0x00, 0x00, 0x00,
    0x40, 0x00, 0x00, 0x00, 0x00, 0x00, 0x00, 0x00, 0x01, 0x00, 0x00, 0x00, 0x00, 0x00, 0x00, 0x80,
    0x40, 0x00, 0x00, 0x00, 0x00, 0x00, 0x00, 0x00, 0x01, 0x00, 0x00, 0x88, 0x80, 0x88, 0x88, 0x88,
    0x20, 0x80, 0x00, 0x20, 0x00, 0x08, 0x04, 0x04, 0xac, 0xaa, 0xaa, 0xaa, 0x00, 0x00, 0x00, 0x00,
    0x20, 0x80, 0x00, 0x20, 0x00, 0x08, 0x04, 0x04, 0xac, 0xaa, 0xaa, 0xaa, 0x00, 0x00, 0x00, 0x00,
    0x40, 0x40, 0x00, 0x10, 0x00, 0x04, 0x00, 0x81, 0x00, 0x00, 0x00, 0x00, 0x00, 0x00, 0x00, 0x88,
    0x40, 0x40, 0x00, 0x10, 0x00, 0x04, 0x00, 0x81, 0x00, 0x00, 0x00, 0x80, 0x80, 0x88, 0x88, 0x88,
    0x40, 0x40, 0x00, 0x10, 0x00, 0x04, 0x00, 0x81, 0x80, 0x88, 0x88, 0x88, 0x88, 0x88, 0x88, 0x88,
    0xc0, 0x80, 0x20, 0x20, 0x08, 0x08, 0x02, 0x02, 0x00, 0x00, 0x00, 0x00, 0x40, 0x44, 0x40, 0xcc,
    0xc0, 0x80, 0x20, 0x20, 0x08, 0x08, 0x02, 0x02, 0x00, 0x00, 0x00, 0x40, 0xc4, 0xcc, 0xcc, 0xcc,
    0xc0, 0x80, 0x20, 0x20, 0x08, 0x08, 0x02, 0x02, 0x00, 0x00, 0xc4, 0xcc, 0xcc, 0xcc, 0xcc, 0xcc,
    0xc0, 0x80, 0x20, 0x20, 0x08, 0x08, 0x02, 0x02, 0x31, 0x33, 0x88, 0x88, 0x88, 0x88, 0x88, 0xd8,
    0xc0, 0x80, 0x20, 0x20, 0x08, 0x08, 0x02, 0x82, 0x01, 0x40, 0x44, 0x44, 0x44, 0x44, 0xcc, 0xcc,
    0x40, 0x81, 0x40, 0x20, 0x10, 0x08, 0x04, 0x02, 0x01, 0x00, 0x00, 0x00, 0x88, 0x88, 0x88, 0x88,
    0x40, 0x81, 0x40, 0x20, 0x10, 0x08, 0x04, 0x02, 0x01, 0x00, 0x00, 0x80, 0x88, 0x88, 0x88, 0x88,
    0x40, 0x81, 0x40, 0x20, 0x10, 0x08, 0x04, 0x02, 0x01, 0x00, 0x88, 0x88, 0x88, 0x88, 0x88, 0x88,
    0x40, 0x81, 0x40, 0x20, 0x10, 0x08, 0x04, 0x02, 0x01, 0x00, 0x88, 0x88, 0x88, 0x88, 0x88, 0x88,
    0x40, 0xc1, 0x40, 0x30, 0x10, 0x0c, 0x04, 0x03, 0x40, 0x44, 0x44, 0x44, 0x44, 0x44, 0xc4, 0xcc,
    0x40, 0xc1, 0x40, 0x30, 0x10, 0x0c, 0x04, 0x83, 0x00, 0x00, 0x00, 0x00, 0x00, 0x00, 0x88, 0x88,
    0x40, 0xc1, 0x40, 0x30, 0x10, 0x0c, 0x04, 0x83, 0x00, 0x00, 0x00, 0x00, 0x00, 0x00, 0x88, 0x88,
    0x40, 0xc1, 0x40, 0x30, 0x10, 0x0c, 0x04, 0x83, 0x00, 0x00, 0x00, 0x00, 0x00, 0x00, 0x88, 0x88,
    0x40, 0xc1, 0x40, 0x30, 0x10, 0x0c, 0x04, 0x83, 0x00, 0x00, 0x00, 0x00, 0x00, 0x00, 0x88, 0x88,
    0x40, 0xc1, 0x40, 0x30, 0x10, 0x0c, 0x04, 0x83, 0x00, 0x00, 0x00, 0x00, 0x00, 0x00, 0x88, 0x88,
    0x40, 0xc1, 0x40, 0x30, 0x10, 0x0c, 0x04, 0x83, 0x00, 0x00, 0x00, 0x00, 0x00, 0x00, 0x88, 0x88,
    0x40, 0xc1, 0x40, 0x30, 0x10, 0x0c, 0x04, 0x83, 0x00, 0x00, 0x00, 0x00, 0x00, 0x00, 0x88, 0x88,
    0x40, 0xc1, 0x40, 0x30, 0x10, 0x0c, 0x04, 0x83, 0x00, 0x00, 0x00, 0x00, 0x00, 0x00, 0x88, 0x88,
    0x40, 0xc1, 0x40, 0x30, 0x10, 0x0c, 0x04, 0x83, 0x00, 0x00, 0x00, 0x00, 0x00, 0x00, 0x88, 0x88,
    0x40, 0xc1, 0x40, 0x30, 0x10, 0x0c, 0x04, 0x83, 0x00, 0x00, 0x00, 0x00, 0x00, 0x00, 0x88, 0x88,
    0x40, 0xc1, 0x40, 0x30, 0x10, 0x0c, 0x04, 0x83, 0x00, 0x00, 0x00, 0x00, 0x00, 0x00, 0x88, 0x88,
    0x40, 0xc1, 0x40, 0x30, 0x10, 0x0c, 0x04, 0x83, 0x00, 0x00, 0x00, 0x00, 0x00, 0x00, 0x88, 0x88,
    0x40, 0xc1, 0x40, 0x30, 0x10, 0x0c, 0x04, 0x83, 0x00, 0x00, 0x00, 0x00, 0x00, 0x00, 0x88, 0x88,
    0x40, 0xc1, 0x40, 0x30, 0x10, 0x0c, 0x04, 0x83, 0x00, 0x00, 0x00, 0x00, 0x00, 0x00, 0x88, 0x88,
    0x40, 0xc1, 0x40, 0x30, 0x10, 0x0c, 0x04, 0x83, 0x00, 0x00, 0x00, 0x00, 0x00, 0x00, 0x88, 0x88,
    0x40, 0xc1, 0x40, 0x30, 0x10, 0x0c, 0x04, 0x83, 0x00, 0x00, 0x00, 0x00, 0x00, 0x00, 0x88, 0x88,
    0x40, 0xc1, 0x40, 0x30, 0x10, 0x0c, 0x04, 0x83, 0x00, 0x00, 0x00, 0x00, 0x00, 0x00, 0x88, 0x88,
    0x40, 0xc1, 0x40, 0x30, 0x10, 0x0c, 0x04, 0x83, 0x00, 0x00, 0x00, 0x00, 0x00, 0x00, 0x88, 0x88,
    0x40, 0xc1, 0x40, 0x30, 0x10, 0x0c, 0x04, 0x83, 0x00, 0x00, 0x00, 0x00, 0x00, 0x00, 0x88, 0x88,
    0x40, 0xc1, 0x40, 0x30, 0x10, 0x0c, 0x04, 0x83, 0x00, 0x00, 0x00, 0x00, 0x00, 0x00, 0x88, 0x88,
    0x40, 0xc1, 0x40, 0x30, 0x10, 0x0c, 0x04, 0x83, 0x00, 0x00, 0x00, 0x00, 0x00, 0x00, 0x88, 0x88,
    0x40, 0xc1, 0x40, 0x30, 0x10, 0x0c, 0x04, 0x83, 0x00, 0x00, 0x00, 0x00, 0x00, 0x00, 0x88, 0x88,
    0x40, 0xc1, 0x40, 0x30, 0x10, 0x0c, 0x04, 0x03, 0x48, 0x00, 0x44, 0x44, 0x44, 0x44, 0xcc, 0x44,
    0x40, 0x81, 0x40, 0x20, 0x10, 0x08, 0x04, 0x02, 0x01, 0x00, 0x88, 0x88, 0x88, 0x88, 0x88, 0x88,
    0x40, 0x81, 0x40, 0x20, 0x10, 0x08, 0x04, 0x02, 0x01, 0x00, 0x88, 0x88, 0x88, 0x88, 0x88, 0x88,
    0x40, 0x81, 0x40, 0x20, 0x10, 0x08, 0x04, 0x02, 0x01, 0x00, 0x00, 0x00, 0x88, 0x88, 0x88, 0x88,
    0x40, 0x81, 0x40, 0x20, 0x10, 0x08, 0x04, 0x02, 0x01, 0x00, 0x00, 0x00, 0x88, 0x08, 0x88, 0x88,
    0xc0, 0x80, 0x20, 0x20, 0x08, 0x08, 0x02, 0x82, 0x01, 0x00, 0x44, 0x44, 0x44, 0x44, 0xcc, 0xcc,
    0xc0, 0x80, 0x20, 0x20, 0x08, 0x08, 0x02, 0x02, 0x48, 0x00, 0xcc, 0xcc, 0xcc, 0xcc, 0xcc, 0xcc,
    0xc0, 0x80, 0x20, 0x20, 0x08, 0x08, 0x02, 0x02, 0x00, 0x00, 0xcc, 0x44, 0xcc, 0xcc, 0xcc, 0xcc,
    0xc0, 0x80, 0x20, 0x20, 0x08, 0x08, 0x02, 0x02, 0x00, 0x00, 0x00, 0x00, 0xcc, 0x44, 0xcc, 0xcc,
    0xc0, 0x80, 0x20, 0x20, 0x08, 0x08, 0x02, 0x02, 0x00, 0x00, 0x00, 0x00, 0x44, 0x00, 0x4c, 0x00,
    0xc0, 0x00, 0x20, 0x00, 0x08, 0x00, 0x02, 0x00, 0x7f, 0xff, 0x77, 0x77, 0x77, 0x77, 0x77, 0x77,
    0x40, 0x40, 0x00, 0x10, 0x00, 0x04, 0x00, 0x81, 0x00, 0x00, 0x00, 0x00, 0x88, 0x00, 0x88, 0x88,
    0x40, 0x40, 0x00, 0x10, 0x00, 0x04, 0x00, 0x81, 0x00, 0x00, 0x00, 0x00, 0x00, 0x00, 0x08, 0x00,
    0x20, 0x80, 0x00, 0x20, 0x00, 0x08, 0x04, 0x04, 0xac, 0xaa, 0xaa, 0xaa, 0x00, 0x00, 0x00, 0x00,
    0x40, 0x00, 0x00, 0x00, 0x00, 0x00, 0x00, 0x80, 0x7e, 0xf7, 0x77, 0x77, 0x77, 0x77, 0x77, 0x77,
    0x40, 0x00, 0x00, 0x00, 0x00, 0x00, 0x00, 0x00, 0x01, 0x00, 0x08, 0x00, 0x88, 0x00, 0x88, 0x88,
    0x20, 0x00, 0x00, 0x00, 0x00, 0x00, 0x00, 0x00, 0xac, 0xaa, 0xaa, 0xaa, 0x00, 0x00, 0x00, 0x00,
    0x20, 0x00, 0x00, 0x00, 0x00, 0x00, 0x00, 0x00, 0xac, 0xaa, 0xaa, 0xaa, 0x00, 0x00, 0x00, 0x00,
    0x20, 0x00, 0x00, 0x00, 0x00, 0x00, 0x00, 0x00, 0xac, 0xaa, 0xaa, 0xaa, 0x00, 0x00, 0x00, 0x00,
    0x20, 0x00, 0x00, 0x00, 0x00, 0x00, 0x00, 0x00, 0xac, 0xaa, 0xaa, 0xaa, 0x00, 0x00, 0x00, 0x00,
    0x20, 0x00, 0x00, 0x00, 0x00, 0x00, 0x00, 0x00, 0xac, 0xaa, 0xaa, 0xaa, 0x00, 0x00, 0x00, 0x00,
    0x20, 0x00, 0x00, 0x00, 0x00, 0x00, 0x00, 0x00, 0xac, 0xaa, 0xaa, 0xaa, 0x00, 0x00, 0x00, 0x00,
    0x20, 0x00, 0x00, 0x00, 0x00, 0x00, 0x00, 0x00, 0xac, 0xaa, 0xaa, 0xaa, 0x00, 0x00, 0x00, 0x00,
    0x20, 0x00, 0x00, 0x00, 0x00, 0x00, 0x00, 0x00, 0xac, 0xaa, 0xaa, 0xaa, 0x00, 0x00, 0x00, 0x00,
    0x40, 0x00, 0x00, 0x00, 0x00, 0x00, 0x00, 0x00, 0x01, 0x00, 0x00, 0x00, 0x00, 0x80, 0x00, 0x88,
    0x40, 0x00, 0x00, 0x00, 0x00, 0x00, 0x00, 0x00, 0x01, 0x88, 0x80, 0x88, 0x88, 0x88, 0x88, 0x88,
    0x20, 0x80, 0x00, 0x20, 0x00, 0x08, 0x04, 0x04, 0xac, 0xaa, 0xaa, 0xaa, 0x00, 0x00, 0x00, 0x00,
    0x40, 0x40, 0x00, 0x10, 0x00, 0x04, 0x00, 0x81, 0x00, 0x00, 0x00, 0x00, 0x00, 0x00, 0x00, 0x80,
    0x40, 0x40, 0x00, 0x10, 0x00, 0x04, 0x00, 0x81, 0x00, 0x00, 0x00, 0x88, 0x80, 0x88, 0x88, 0x88,
    0xc0, 0x40, 0x20, 0x10, 0x08, 0x04, 0x02, 0x01, 0x01, 0x00, 0x00, 0x00, 0x00, 0x00, 0x88, 0x88,
    0xc0, 0x80, 0x20, 0x20, 0x08, 0x08, 0x02, 0x02, 0x00, 0x00, 0x00, 0x40, 0x44, 0xc4, 0xc4, 0xcc,
    0xc0, 0x80, 0x20, 0x20, 0x08, 0x08, 0x02, 0x02, 0x00, 0x00, 0xc4, 0xcc, 0xcc, 0xcc, 0xcc, 0xcc,
    0xc0, 0x80, 0x20, 0x20, 0x08, 0x08, 0x02, 0x82, 0x41, 0x44, 0x44, 0x44, 0x44, 0x44, 0x44, 0xcc,
    0x40, 0x81, 0x40, 0x20, 0x10, 0x08, 0x04, 0x02, 0x01, 0x00, 0x00, 0x00, 0x80, 0x88, 0x88, 0x88,
    0x40, 0xc1, 0x40, 0x30, 0x10, 0x0c, 0x04, 0x03, 0x00, 0x40, 0x44, 0x44, 0x44, 0x44, 0x44, 0xc4,
    0x40, 0xc1, 0x40, 0x30, 0x10, 0x0c, 0x04, 0x83, 0x01, 0x00, 0x00, 0x00, 0x00, 0x40, 0xcc, 0xcc,
    0x40, 0xc1, 0x40, 0x30, 0x10, 0x0c, 0x04, 0x83, 0x01, 0x00, 0x00, 0x00, 0x44, 0x44, 0xcc, 0xcc,
    0x40, 0xc1, 0x40, 0x30, 0x10, 0x0c, 0x04, 0x83, 0x01, 0x00, 0x44, 0x44, 0x44, 0x44, 0xcc, 0xcc,
    0x40, 0x01, 0x41, 0x40, 0x10, 0x10, 0x04, 0x84, 0x00, 0x30, 0x33, 0x33, 0x33, 0x33, 0xdd, 0xdd,
    0xc0, 0x01, 0x61, 0x40, 0x18, 0x10, 0x06, 0x04, 0x00, 0x00, 0x00, 0x00, 0x00, 0x00, 0xcc, 0xcc,
    0xc0, 0x01, 0x61, 0x40, 0x18, 0x10, 0x06, 0x04, 0x00, 0x00, 0x00, 0x00, 0xc4, 0xcc, 0xcc, 0xcc,
    0xc0, 0x01, 0x61, 0x40, 0x18, 0x10, 0x06, 0x04, 0x00, 0x00, 0x00, 0x00, 0xcc, 0xcc, 0xcc, 0xcc,
    0xc0, 0x01, 0x61, 0x40, 0x18, 0x10, 0x06, 0x04, 0x00, 0x00, 0x00, 0x00, 0xcc, 0xcc, 0xcc, 0xcc,
    0xc0, 0x01, 0x61, 0x40, 0x18, 0x10, 0x06, 0x04, 0x00, 0x00, 0x00, 0x00, 0xcc, 0xcc, 0xcc, 0xcc,
    0xc0, 0x01, 0x61, 0x40, 0x18, 0x10, 0x06, 0x04, 0x00, 0x00, 0x00, 0x00, 0xcc, 0xcc, 0xcc, 0xcc,
    0xc0, 0x01, 0x61, 0x40, 0x18, 0x10, 0x06, 0x04, 0x00, 0x00, 0x00, 0x00, 0xcc, 0xcc, 0xcc, 0xcc,
    0xc0, 0x01, 0x61, 0x40, 0x18, 0x10, 0x06, 0x04, 0x00, 0x00, 0x00, 0x00, 0xcc, 0xcc, 0xcc, 0xcc,
    0xc0, 0x01, 0x61, 0x40, 0x18, 0x10, 0x06, 0x04, 0x00, 0x00, 0x00, 0x00, 0xcc, 0xcc, 0xcc, 0xcc,
    0xc0, 0x01, 0x61, 0x40, 0x18, 0x10, 0x06, 0x04, 0x00, 0x00, 0x00, 0x00, 0xcc, 0xcc, 0xcc, 0xcc,
    0xc0, 0x01, 0x61, 0x40, 0x18, 0x10, 0x06, 0x04, 0x00, 0x00, 0x00, 0x00, 0xcc, 0xcc, 0xcc, 0xcc,
    0xc0, 0x01, 0x61, 0x40, 0x18, 0x10, 0x06, 0x04, 0x00, 0x00, 0x00, 0x00, 0xcc, 0xcc, 0xcc, 0xcc,
    0xc0, 0x01, 0x61, 0x40, 0x18, 0x10, 0x06, 0x04, 0x00, 0x00, 0x00, 0x00, 0xcc, 0xcc, 0xcc, 0xcc,
    0xc0, 0x01, 0x61, 0x40, 0x18, 0x10, 0x06, 0x04, 0x00, 0x00, 0x00, 0x00, 0xcc, 0xcc, 0xcc, 0xcc,
    0xc0, 0x01, 0x61, 0x40, 0x18, 0x10, 0x06, 0x04, 0x00, 0x00, 0x00, 0x00, 0xcc, 0xcc, 0xcc, 0xcc,
    0xc0, 0x01, 0x61, 0x40, 0x18, 0x10, 0x06, 0x04, 0x00, 0x00, 0x00, 0x00, 0xcc, 0xcc, 0xcc, 0xcc,
    0xc0, 0x01, 0x61, 0x40, 0x18, 0x10, 0x06, 0x04, 0x00, 0x00, 0x00, 0x00, 0xcc, 0xcc, 0xcc, 0xcc,
    0xc0, 0x01, 0x61, 0x40, 0x18, 0x10, 0x06, 0x04, 0x00, 0x00, 0x00, 0x00, 0xcc, 0xcc, 0xcc, 0xcc,
    0xc0, 0x01, 0x61, 0x40, 0x18, 0x10, 0x06, 0x04, 0x00, 0x00, 0x00, 0x00, 0xcc, 0xcc, 0xcc, 0xcc,
    0xc0, 0x01, 0x61, 0x40, 0x18, 0x10, 0x06, 0x04, 0x00, 0x00, 0x00, 0x00, 0xcc, 0xcc, 0xcc, 0xcc,
    0xc0, 0x01, 0x61, 0x40, 0x18, 0x10, 0x06, 0x04, 0x00, 0x00, 0x00, 0x00, 0xcc, 0xcc, 0xcc, 0xcc,
    0xc0, 0x01, 0x61, 0x40, 0x18, 0x10, 0x06, 0x04, 0x00, 0x00, 0x00, 0x00, 0xcc, 0xcc, 0xcc, 0xcc,
    0xc0, 0x01, 0x61, 0x40, 0x18, 0x10, 0x06, 0x04, 0x00, 0x00, 0x00, 0x00, 0xcc, 0xcc, 0xcc, 0xcc,
    0xc0, 0x01, 0x61, 0x40, 0x18, 0x10, 0x06, 0x04, 0x00, 0x00, 0x00, 0x00, 0xcc, 0xcc, 0xcc, 0xcc,
    0xc0, 0x01, 0x61, 0x40, 0x18, 0x10, 0x06, 0x04, 0x00, 0x00, 0x00, 0x00, 0xcc, 0xcc, 0xcc, 0xcc,
    0xc0, 0x01, 0x61, 0x40, 0x18, 0x10, 0x06, 0x04, 0x00, 0x00, 0x00, 0x00, 0xcc, 0xcc, 0xcc, 0xcc,
    0xc0, 0x01, 0x61, 0x40, 0x18, 0x10, 0x06, 0x04, 0x00, 0x00, 0x00, 0x00, 0xcc, 0x04, 0xcc, 0xcc,
    0xc0, 0x01, 0x61, 0x40, 0x18, 0x10, 0x06, 0x04, 0x00, 0x00, 0x00, 0x00, 0x00, 0x00, 0xcc, 0xcc,
    0x40, 0x01, 0x41, 0x40, 0x10, 0x10, 0x04, 0x84, 0x00, 0x00, 0x33, 0x33, 0x33, 0x33, 0xdd, 0x8d,
    0x40, 0xc1, 0x40, 0x30, 0x10, 0x0c, 0x04, 0x83, 0x01, 0x00, 0x44, 0x04, 0x44, 0x44, 0xcc, 0xcc,
    0x40, 0xc1, 0x40, 0x30, 0x10, 0x0c, 0x04, 0x83, 0x01, 0x00, 0x00, 0x00, 0x44, 0x44, 0xcc, 0xcc,
    0x40, 0xc1, 0x40, 0x30, 0x10, 0x0c, 0x04, 0x83, 0x01, 0x00, 0x00, 0x00, 0x00, 0x00, 0xcc, 0x4c,
    0x40, 0x81, 0x40, 0x20, 0x10, 0x08, 0x04, 0x02, 0x01, 0x00, 0x88, 0x08, 0x88, 0x88, 0x88, 0x88,
    0x40, 0x81, 0x40, 0x20, 0x10, 0x08, 0x04, 0x02, 0x01, 0x00, 0x00, 0x00, 0x88, 0x00, 0x88, 0x88,
    0x40, 0x41, 0x40, 0x10, 0x10, 0x04, 0x04, 0x81, 0x7e, 0xfc, 0x77, 0x77, 0x77, 0x77, 0x72, 0x77,
    0xc0, 0x80, 0x20, 0x20, 0x08, 0x08, 0x02, 0x02, 0x00, 0x00, 0xcc, 0x44, 0xcc, 0xcc, 0xcc, 0xcc,
    0xc0, 0x80, 0x20, 0x20, 0x08, 0x08, 0x02, 0x02, 0x00, 0x00, 0x00, 0x00, 0x44, 0x04, 0xcc, 0x44,
    0x40, 0x40, 0x00, 0x10, 0x00, 0x04, 0x00, 0x81, 0x49, 0x04, 0x44, 0x44, 0x44, 0x44, 0xcc, 0x4c,
    0x40, 0x40, 0x00, 0x10, 0x00, 0x04, 0x00, 0x81, 0x00, 0x00, 0x08, 0x00, 0x88, 0x00, 0x88, 0x88,
    0x20, 0x80, 0x00, 0x20, 0x00, 0x08, 0x04, 0x04, 0xac, 0xaa, 0xaa, 0xaa, 0x00, 0x00, 0x00, 0x00,
    0x20, 0x80, 0x00, 0x20, 0x00, 0x08, 0x04, 0x04, 0xac, 0xaa, 0xaa, 0xaa, 0x00, 0x00, 0x00, 0x00,
    0x40, 0x00, 0x00, 0x00, 0x00, 0x00, 0x00, 0x80, 0xfe, 0xff, 0x77, 0xff, 0x77, 0x77, 0x77, 0x77,
    0x40, 0x00, 0x00, 0x00, 0x00, 0x00, 0x00, 0x00, 0x01, 0x00, 0x00, 0x00, 0x00, 0x00, 0x08, 0x00,
    0x20, 0x00, 0x00, 0x00, 0x00, 0x00, 0x00, 0x00, 0xac, 0xaa, 0xaa, 0xaa, 0x00, 0x00, 0x00, 0x00,
    0x20, 0x00, 0x00, 0x00, 0x00, 0x00, 0x00, 0x00, 0xac, 0xaa, 0xaa, 0xaa, 0x00, 0x00, 0x00, 0x00,
    0x20, 0x00, 0x00, 0x00, 0x00, 0x00, 0x00, 0x00, 0xac, 0xaa, 0xaa, 0xaa, 0x00, 0x00, 0x00, 0x00,
    0x20, 0x00, 0x00, 0x00, 0x00, 0x00, 0x00, 0x00, 0xac, 0xaa, 0xaa, 0xaa, 0x00, 0x00, 0x00, 0x00,
    0x20, 0x00, 0x00, 0x00, 0x00, 0x00, 0x00, 0x00, 0xac, 0xaa, 0xaa, 0xaa, 0x00, 0x00, 0x00, 0x00,
    0x40, 0x00, 0x00, 0x00, 0x00, 0x00, 0x00, 0x00, 0x01, 0x00, 0x00, 0x00, 0x00, 0x80, 0x00, 0x88,
    0x40, 0x00, 0x00, 0x00, 0x00, 0x00, 0x00, 0x00, 0x81, 0x88, 0x88, 0x88, 0x88, 0x88, 0x88, 0x88,
    0x20, 0x80, 0x00, 0x20, 0x00, 0x08, 0x04, 0x04, 0xac, 0xaa, 0xaa, 0xaa, 0x00, 0x00, 0x00, 0x00,
    0x40, 0x40, 0x00, 0x10, 0x00, 0x04, 0x00, 0x81, 0x00, 0x00, 0x00, 0x00, 0x00, 0x80, 0x80, 0x88,
    0x40, 0x40, 0x00, 0x10, 0x00, 0x04, 0x00, 0x81, 0x41, 0x44, 0x44, 0xc4, 0x44, 0xc4, 0xc4, 0xcc,
    0xc0, 0x80, 0x20, 0x20, 0x08, 0x08, 0x02, 0x02, 0x00, 0x44, 0x44, 0x44, 0x44, 0xc4, 0xc4, 0xcc,
    0xc0, 0x80, 0x20, 0x20, 0x08, 0x08, 0x02, 0x82, 0x00, 0x80, 0x80, 0x88, 0x88, 0x88, 0x88, 0x88,
    0x40, 0xc1, 0x40, 0x30, 0x10, 0x0c, 0x04, 0x03, 0x00, 0x00, 0x00, 0x00, 0x00, 0x44, 0x44, 0xc4,
    0x40, 0xc1, 0x40, 0x30, 0x10, 0x0c, 0x04, 0x03, 0x01, 0x30, 0x33, 0x83, 0x33, 0x83, 0x88, 0xd8,
    0x40, 0xc1, 0x40, 0x30, 0x10, 0x0c, 0x04, 0x83, 0x01, 0x00, 0x44, 0x44, 0x44, 0xcc, 0xcc, 0xcc,
    0x40, 0x01, 0x41, 0x40, 0x10, 0x10, 0x04, 0x84, 0x30, 0x33, 0x83, 0x88, 0x88, 0x88, 0x88, 0xdd,
    0xc0, 0x01, 0x61, 0x40, 0x18, 0x10, 0x06, 0x84, 0x01, 0x00, 0x00, 0x00, 0x40, 0x44, 0xcc, 0xcc,
    0xc0, 0x41, 0x61, 0x50, 0x18, 0x14, 0x06, 0x85, 0x00, 0x00, 0x30, 0x33, 0x33, 0x33, 0x88, 0x8d,
    0xc0, 0x41, 0x61, 0x50, 0x18, 0x14, 0x06, 0x85, 0x00, 0x33, 0x33, 0x88, 0x33, 0xd8, 0x88, 0xdd,
    0x40, 0x42, 0x81, 0x50, 0x20, 0x14, 0x08, 0x05, 0x00, 0x00, 0x44, 0x44, 0xcc, 0xcc, 0xcc, 0xcc,
    0x40, 0x42, 0x81, 0x50, 0x20, 0x14, 0x08, 0x05, 0x01, 0x00, 0x83, 0x88, 0x88, 0x88, 0xdd, 0xdd,
    0x40, 0x42, 0x81, 0x50, 0x20, 0x14, 0x08, 0x05, 0x01, 0x00, 0x88, 0x88, 0x88, 0x88, 0xdd, 0xdd,
    0x40, 0x42, 0x81, 0x50, 0x20, 0x14, 0x08, 0x05, 0x01, 0x33, 0x88, 0x88, 0x88, 0xdd, 0xdd, 0xdd,
    0x40, 0x42, 0x81, 0x50, 0x20, 0x14, 0x08, 0x85, 0x01, 0x00, 0x44, 0x44, 0xcc, 0xcc, 0xcc, 0xcc,
    0x40, 0x42, 0x81, 0x50, 0x20, 0x14, 0x08, 0x85, 0x01, 0x00, 0x44, 0x44, 0xcc, 0xcc, 0xcc, 0xcc,
    0x40, 0x82, 0x81, 0x60, 0x20, 0x18, 0x08, 0x86, 0x00, 0x00, 0x33, 0x33, 0x88, 0x88, 0xd8, 0xdd,
    0x40, 0x82, 0x81, 0x60, 0x20, 0x18, 0x08, 0x86, 0x00, 0x00, 0x33, 0x33, 0x88, 0x88, 0xdd, 0xdd,
    0x40, 0x82, 0x81, 0x60, 0x20, 0x18, 0x08, 0x86, 0x00, 0x00, 0x33, 0x33, 0x88, 0x88, 0xdd, 0xdd,
    0x40, 0x82, 0x81, 0x60, 0x20, 0x18, 0x08, 0x86, 0x00, 0x00, 0x33, 0x33, 0x88, 0x88, 0xdd, 0xdd,
    0x40, 0x82, 0x81, 0x60, 0x20, 0x18, 0x08, 0x86, 0x00, 0x00, 0x33, 0x33, 0x88, 0x88, 0xdd, 0xdd,
    0x40, 0x82, 0x81, 0x60, 0x20, 0x18, 0x08, 0x86, 0x00, 0x00, 0x33, 0x33, 0x88, 0x88, 0xdd, 0xdd,
    0x40, 0x82, 0x81, 0x60, 0x20, 0x18, 0x08, 0x86, 0x00, 0x00, 0x33, 0x33, 0x88, 0x88, 0xdd, 0xdd,
    0x40, 0x82, 0x81, 0x60, 0x20, 0x18, 0x08, 0x86, 0x00, 0x00, 0x33, 0x33, 0x88, 0x88, 0xdd, 0xdd,
    0x40, 0x82, 0x81, 0x60, 0x20, 0x18, 0x08, 0x86, 0x00, 0x00, 0x33, 0x33, 0x88, 0x88, 0xdd, 0xdd,
    0x40, 0x82, 0x81, 0x60, 0x20, 0x18, 0x08, 0x86, 0x00, 0x00, 0x33, 0x33, 0x88, 0x88, 0xdd, 0xdd,
    0x40, 0x82, 0x81, 0x60, 0x20, 0x18, 0x08, 0x86, 0x00, 0x00, 0x33, 0x33, 0x88, 0x88, 0xdd, 0xdd,
    0x40, 0x82, 0x81, 0x60, 0x20, 0x18, 0x08, 0x86, 0x00, 0x00, 0x33, 0x33, 0x88, 0x88, 0xdd, 0xdd,
    0x40, 0x82, 0x81, 0x60, 0x20, 0x18, 0x08, 0x86, 0x00, 0x00, 0x33, 0x33, 0x88, 0x88, 0xdd, 0xdd,
    0x40, 0x82, 0x81, 0x60, 0x20, 0x18, 0x08, 0x86, 0x00, 0x00, 0x33, 0x33, 0x88, 0x88, 0xdd, 0xdd,
    0x40, 0x82, 0x81, 0x60, 0x20, 0x18, 0x08, 0x86, 0x00, 0x00, 0x33, 0x33, 0x88, 0x88, 0xdd, 0xdd,
    0x40, 0x82, 0x81, 0x60, 0x20, 0x18, 0x08, 0x86, 0x00, 0x00, 0x33, 0x33, 0x88, 0x88, 0xdd, 0xdd,
    0x40, 0x82, 0x81, 0x60, 0x20, 0x18, 0x08, 0x86, 0x00, 0x00, 0x33, 0x33, 0x88, 0x88, 0xdd, 0xdd,
    0x40, 0x82, 0x81, 0x60, 0x20, 0x18, 0x08, 0x86, 0x00, 0x00, 0x33, 0x33, 0x88, 0x88, 0xdd, 0xdd,
    0x40, 0x82, 0x81, 0x60, 0x20, 0x18, 0x08, 0x86, 0x00, 0x00, 0x33, 0x33, 0x88, 0x88, 0xdd, 0xdd,
    0x40, 0x82, 0x81, 0x60, 0x20, 0x18, 0x08, 0x86, 0x00, 0x00, 0x33, 0x33, 0x88, 0x88, 0xdd, 0x88,
    0x40, 0x42, 0x81, 0x50, 0x20, 0x14, 0x08, 0x85, 0x01, 0x00, 0x44, 0x44, 0xcc, 0xcc, 0xcc, 0xcc,
    0x40, 0x42, 0x81, 0x50, 0x20, 0x14, 0x08, 0x85, 0x01, 0x00, 0x44, 0x44, 0xcc, 0xcc, 0xcc, 0xcc,
    0x40, 0x42, 0x81, 0x50, 0x20, 0x14, 0x08, 0x05, 0x07, 0x00, 0x88, 0x88, 0x8d, 0x88, 0xdd, 0xdd,
    0x40, 0x42, 0x81, 0x50, 0x20, 0x14, 0x08, 0x05, 0x01, 0x00, 0x88, 0x88, 0x88, 0x88, 0xdd, 0xdd,
    0x40, 0x42, 0x81, 0x50, 0x20, 0x14, 0x08, 0x05, 0x01, 0x00, 0x88, 0x33, 0x88, 0x88, 0xdd, 0x8d,
    0x40, 0x42, 0x81, 0x50, 0x20, 0x14, 0x08, 0x05, 0x00, 0x00, 0x44, 0x44, 0xcc, 0xcc, 0xcc, 0xcc,
    0xc0, 0x41, 0x61, 0x50, 0x18, 0x14, 0x06, 0x85, 0x06, 0x00, 0x38, 0x33, 0x38, 0x33, 0x8d, 0x88,
    0xc0, 0x41, 0x61, 0x50, 0x18, 0x14, 0x06, 0x85, 0x00, 0x00, 0x33, 0x00, 0x33, 0x33, 0x8d, 0x88,
    0xc0, 0x01, 0x61, 0x40, 0x18, 0x10, 0x06, 0x04, 0x37, 0x03, 0x33, 0x33, 0x88, 0x33, 0xdd, 0x8d,
    0x40, 0x01, 0x41, 0x40, 0x10, 0x10, 0x04, 0x84, 0x36, 0x00, 0x88, 0x33, 0x88, 0x88, 0x8d, 0x88,
    0x40, 0xc1, 0x40, 0x30, 0x10, 0x0c, 0x04, 0x83, 0x01, 0x00, 0x44, 0x44, 0x4c, 0x44, 0xcc, 0xcc,
    0x40, 0xc1, 0x40, 0x30, 0x10, 0x0c, 0x04, 0x03, 0x00, 0x00, 0x44, 0x04, 0x44, 0x44, 0xcc, 0xcc,
    0x40, 0x81, 0x40, 0x20, 0x10, 0x08, 0x04, 0x02, 0x01, 0x00, 0x00, 0x00, 0x08, 0x00, 0x88, 0x08,
    0xc0, 0x80, 0x20, 0x20, 0x08, 0x08, 0x02, 0x82, 0x00, 0x00, 0x88, 0x00, 0x88, 0x88, 0x88, 0x88,
    0xc0, 0x80, 0x20, 0x20, 0x08, 0x08, 0x02, 0x02, 0x08, 0x00, 0x44, 0x44, 0x44, 0x44, 0xcc, 0x44,
    0x40, 0x40, 0x00, 0x10, 0x00, 0x04, 0x00, 0x81, 0x49, 0x00, 0x44, 0x04, 0x44, 0x44, 0xcc, 0x44,
    0x40, 0x40, 0x00, 0x10, 0x00, 0x04, 0x00, 0x81, 0x00, 0x00, 0x00, 0x00, 0x00, 0x00, 0x88, 0x00,
    0x20, 0x80, 0x00, 0x20, 0x00, 0x08, 0x04, 0x04, 0xac, 0xaa, 0xaa, 0xaa, 0x00, 0x00, 0x00, 0x00,
    0x40, 0x00, 0x00, 0x00, 0x00, 0x00, 0x00, 0x80, 0x7e, 0xff, 0x77, 0xf7, 0x77, 0x77, 0x77, 0x77,
    0x40, 0x00, 0x00, 0x00, 0x00, 0x00, 0x00, 0x00, 0x01, 0x00, 0x00, 0x00, 0x00, 0x00, 0x08, 0x00,
    0x20, 0x00, 0x00, 0x00, 0x00, 0x00, 0x00, 0x00, 0xac, 0xaa, 0xaa, 0xaa, 0x00, 0x00, 0x00, 0x00,
    0x20, 0x00, 0x00, 0x00, 0x00, 0x00, 0x00, 0x00, 0xac, 0xaa, 0xaa, 0xaa, 0x00, 0x00, 0x00, 0x00,
    0x20, 0x00, 0x00, 0x00, 0x00, 0x00, 0x00, 0x00, 0xac, 0xaa, 0xaa, 0xaa, 0x00, 0x00, 0x00, 0x00,
    0x40, 0x00, 0x00, 0x00, 0x00, 0x00, 0x00, 0x00, 0x01, 0x00, 0x00, 0x00, 0x00, 0x80, 0x00, 0x88,
    0x40, 0x00, 0x00, 0x00, 0x00, 0x00, 0x00, 0x00, 0x81, 0x88, 0x88, 0x88, 0x88, 0x88, 0x88, 0x88,
    0x20, 0x80, 0x00, 0x20, 0x00, 0x08, 0x04, 0x04, 0xac, 0xaa, 0xaa, 0xaa, 0x00, 0x00, 0x00, 0x00,
    0x40, 0x40, 0x00, 0x10, 0x00, 0x04, 0x00, 0x81, 0x00, 0x00, 0x00, 0x80, 0x00, 0x88, 0x80, 0x88,
    0xc0, 0x40, 0x20, 0x10, 0x08, 0x04, 0x02, 0x01, 0x01, 0x00, 0x00, 0x00, 0x80, 0x88, 0x88, 0x88,
    0xc0, 0x80, 0x20, 0x20, 0x08, 0x08, 0x02, 0x02, 0x40, 0x44, 0x44, 0xcc, 0xc4, 0xcc, 0xcc, 0xcc,
    0x40, 0xc1, 0x40, 0x30, 0x10, 0x0c, 0x04, 0x03, 0x00, 0x00, 0x00, 0x00, 0x00, 0x40, 0x00, 0xc4,
    0x40, 0xc1, 0x40, 0x30, 0x10, 0x0c, 0x04, 0x03, 0x01, 0x33, 0x30, 0x33, 0x83, 0x88, 0x88, 0xd8,
    0x40, 0x01, 0x41, 0x40, 0x10, 0x10, 0x04, 0x84, 0x00, 0x30, 0x33, 0x83, 0x83, 0x88, 0x88, 0xdd,
    0xc0, 0x01, 0x61, 0x40, 0x18, 0x10, 0x06, 0x04, 0x31, 0x33, 0x33, 0x33, 0x33, 0xdd, 0xdd, 0xdd,
    0xc0, 0x41, 0x61, 0x50, 0x18, 0x14, 0x06, 0x85, 0x01, 0x20, 0x20, 0x66, 0x66, 0x66, 0xa6, 0xee,
    0x40, 0x82, 0x81, 0x60, 0x20, 0x18, 0x08, 0x06, 0x00, 0x00, 0x22, 0x62, 0x66, 0xa6, 0x6a, 0xe6,
    0x40, 0x82, 0x81, 0x60, 0x20, 0x18, 0x08, 0x86, 0x01, 0x22, 0x22, 0x22, 0x66, 0xaa, 0xaa, 0xea,
    0xc0, 0xc2, 0xa1, 0x70, 0x28, 0x1c, 0x0a, 0x07, 0x00, 0x00, 0x00, 0x62, 0x66, 0x66, 0xea, 0xae,
    0xc0, 0x82, 0xa1, 0x60, 0x28, 0x18, 0x0a, 0x06, 0x01, 0x33, 0x88, 0x88, 0xd8, 0xdd, 0xdd, 0xdd,
    0xc0, 0xc2, 0xa1, 0x70, 0x28, 0x1c, 0x0a, 0x87, 0x01, 0x00, 0x22, 0x66, 0xa6, 0xaa, 0xea, 0xee,
    0xc0, 0x02, 0xa2, 0x80, 0x28, 0x20, 0x0a, 0x88, 0x00, 0x00, 0x55, 0x55, 0x88, 0xbb, 0xbb, 0xee,
    0xc0, 0x02, 0xa2, 0x80, 0x28, 0x20, 0x0a, 0x88, 0x01, 0x22, 0x44, 0x44, 0x99, 0x99, 0xcc, 0xee,
    0x40, 0x03, 0xc2, 0x80, 0x30, 0x20, 0x0c, 0x08, 0x01, 0x00, 0x22, 0x52, 0x88, 0x88, 0xee, 0xee,
    0x40, 0x03, 0xc2, 0x80, 0x30, 0x20, 0x0c, 0x08, 0x01, 0x00, 0x55, 0x55, 0x88, 0x88, 0xee, 0xee,
    0x40, 0x03, 0xc2, 0x80, 0x30, 0x20, 0x0c, 0x08, 0x01, 0x00, 0x55, 0x55, 0x88, 0x88, 0xee, 0xee,
    0x40, 0x03, 0xc2, 0x80, 0x30, 0x20, 0x0c, 0x08, 0x01, 0x00, 0x55, 0x55, 0xb8, 0xbb, 0xee, 0xee,
    0x40, 0x03, 0xc2, 0x80, 0x30, 0x20, 0x0c, 0x08, 0x01, 0x00, 0x55, 0x55, 0xbb, 0xbb, 0xee, 0xee,
    0x40, 0x03, 0xc2, 0x80, 0x30, 0x20, 0x0c, 0x08, 0x01, 0x00, 0x55, 0x55, 0xbb, 0xbb, 0xee, 0xee,
    0x40, 0x03, 0xc2, 0x80, 0x30, 0x20, 0x0c, 0x08, 0x01, 0x00, 0x55, 0x55, 0xbb, 0xbb, 0xee, 0xee,
    0x40, 0x03, 0xc2, 0x80, 0x30, 0x20, 0x0c, 0x08, 0x01, 0x00, 0x55, 0x55, 0xbb, 0xbb, 0xee, 0xee,
    0x40, 0x03, 0xc2, 0x80, 0x30, 0x20, 0x0c, 0x08, 0x01, 0x00, 0x55, 0x55, 0xbb, 0xbb, 0xee, 0xee,
    0x40, 0x03, 0xc2, 0x80, 0x30, 0x20, 0x0c, 0x08, 0x01, 0x00, 0x55, 0x55, 0xbb, 0xbb, 0xee, 0xee,
    0x40, 0x03, 0xc2, 0x80, 0x30, 0x20, 0x0c, 0x08, 0x01, 0x00, 0x55, 0x55, 0xbb, 0xbb, 0xee, 0xee,
    0x40, 0x03, 0xc2, 0x80, 0x30, 0x20, 0x0c, 0x08, 0x01, 0x00, 0x55, 0x55, 0xbb, 0xbb, 0xee, 0xee,
    0x40, 0x03, 0xc2, 0x80, 0x30, 0x20, 0x0c, 0x08, 0x01, 0x00, 0x55, 0x55, 0xbb, 0xbb, 0xee, 0xee,
    0x40, 0x03, 0xc2, 0x80, 0x30, 0x20, 0x0c, 0x08, 0x01, 0x00, 0x55, 0x55, 0xbb, 0xbb, 0xee, 0xee,
    0x40, 0x03, 0xc2, 0x80, 0x30, 0x20, 0x0c, 0x08, 0x01, 0x00, 0x55, 0x55, 0xbb, 0xbb, 0xee, 0xee,
    0x40, 0x03, 0xc2, 0x80, 0x30, 0x20, 0x0c, 0x08, 0x01, 0x00, 0x55, 0x55, 0xbb, 0xbb, 0xee, 0xee,
    0x40, 0x03, 0xc2, 0x80, 0x30, 0x20, 0x0c, 0x08, 0x01, 0x00, 0x55, 0x55, 0xbb, 0xbb, 0xee, 0xee,
    0x40, 0x03, 0xc2, 0x80, 0x30, 0x20, 0x0c, 0x08, 0x01, 0x00, 0x55, 0x55, 0xbb, 0xbb, 0xee, 0xee,
    0x40, 0x03, 0xc2, 0x80, 0x30, 0x20, 0x0c, 0x08, 0x01, 0x00, 0x55, 0x55, 0xbb, 0xbb, 0xee, 0xee,
    0x40, 0x03, 0xc2, 0x80, 0x30, 0x20, 0x0c, 0x08, 0x01, 0x00, 0x55, 0x55, 0xbb, 0xbb, 0xee, 0xee,
    0x40, 0x03, 0xc2, 0x80, 0x30, 0x20, 0x0c, 0x08, 0x01, 0x00, 0x55, 0x55, 0xbb, 0xbb, 0xee, 0xee,
    0x40, 0x03, 0xc2, 0x80, 0x30, 0x20, 0x0c, 0x08, 0x01, 0x00, 0x55, 0x55, 0xbb, 0xbb, 0xee, 0xee,
    0x40, 0x03, 0xc2, 0x80, 0x30, 0x20, 0x0c, 0x08, 0x01, 0x00, 0x55, 0x55, 0xbb, 0x88, 0xee, 0xee,
    0x40, 0x03, 0xc2, 0x80, 0x30, 0x20, 0x0c, 0x08, 0x01, 0x00, 0x55, 0x55, 0x88, 0x88, 0xee, 0xee,
    0x40, 0x03, 0xc2, 0x80, 0x30, 0x20, 0x0c, 0x08, 0x01, 0x00, 0x55, 0x55, 0x88, 0x88, 0xee, 0xee,
    0x40, 0x03, 0xc2, 0x80, 0x30, 0x20, 0x0c, 0x08, 0x01, 0x00, 0x22, 0x22, 0x88, 0x88, 0xee, 0xee,
    0xc0, 0x02, 0xa2, 0x80, 0x28, 0x20, 0x0a, 0x88, 0x05, 0x00, 0x44, 0x44, 0x99, 0x99, 0xce, 0xcc,
    0xc0, 0x02, 0xa2, 0x80, 0x28, 0x20, 0x0a, 0x88, 0x00, 0x00, 0x55, 0x55, 0x8b, 0x88, 0xbe, 0xbb,
    0xc0, 0xc2, 0xa1, 0x70, 0x28, 0x1c, 0x0a, 0x87, 0x01, 0x00, 0x26, 0x22, 0xaa, 0x66, 0xee, 0x6a,
    0xc0, 0x82, 0xa1, 0x60, 0x28, 0x18, 0x0a, 0x06, 0x07, 0x00, 0x88, 0x88, 0xdd, 0x88, 0xdd, 0xdd,
    0xc0, 0xc2, 0xa1, 0x70, 0x28, 0x1c, 0x0a, 0x07, 0x00, 0x00, 0x02, 0x00, 0x66, 0x66, 0xee, 0xaa,
    0x40, 0x82, 0x81, 0x60, 0x20, 0x18, 0x08, 0x06, 0x2c, 0x02, 0x66, 0x66, 0xae, 0xaa, 0xee, 0xee,
    0x40, 0x42, 0x81, 0x50, 0x20, 0x14, 0x08, 0x05, 0x01, 0x00, 0x33, 0x33, 0x88, 0x38, 0x88, 0xdd,
    0xc0, 0x41, 0x61, 0x50, 0x18, 0x14, 0x06, 0x85, 0x01, 0x00, 0x26, 0x00, 0x66, 0x66, 0xae, 0x66,
    0xc0, 0x01, 0x61, 0x40, 0x18, 0x10, 0x06, 0x04, 0x37, 0x00, 0x33, 0x33, 0x3d, 0x33, 0xdd, 0x8d,
    0x40, 0x01, 0x41, 0x40, 0x10, 0x10, 0x04, 0x84, 0x00, 0x00, 0x33, 0x03, 0x88, 0x33, 0x8d, 0x88,
    0x40, 0xc1, 0x40, 0x30, 0x10, 0x0c, 0x04, 0x03, 0x08, 0x00, 0x44, 0x00, 0xcc, 0x44, 0xcc, 0xcc,
    0xc0, 0x80, 0x20, 0x20, 0x08, 0x08, 0x02, 0x82, 0x49, 0x04, 0x44, 0x44, 0x44, 0x44, 0x4c, 0x44,
    0xc0, 0x80, 0x20, 0x20, 0x08, 0x08, 0x02, 0x02, 0x48, 0x00, 0x4c, 0x04, 0xcc, 0x44, 0xcc, 0x4c,
    0x40, 0x40, 0x00, 0x10, 0x00, 0x04, 0x00, 0x81, 0x49, 0x04, 0x44, 0x44, 0xcc, 0x44, 0xcc, 0x4c,
    0x40, 0x40, 0x00, 0x10, 0x00, 0x04, 0x00, 0x81, 0x00, 0x00, 0x00, 0x00, 0x08, 0x00, 0x88, 0x00,
    0x20, 0x80, 0x00, 0x20, 0x00, 0x08, 0x04, 0x04, 0xac, 0xaa, 0xaa, 0xaa, 0x00, 0x00, 0x00, 0x00,
    0x40, 0x00, 0x00, 0x00, 0x00, 0x00, 0x00, 0x80, 0x7e, 0xff, 0x77, 0xf7, 0x77, 0x77, 0x77, 0x77,
    0x40, 0x00, 0x00, 0x00, 0x00, 0x00, 0x00, 0x00, 0x01, 0x00, 0x00, 0x00, 0x00, 0x00, 0x08, 0x00,
    0x20, 0x00, 0x00, 0x00, 0x00, 0x00, 0x00, 0x00, 0xac, 0xaa, 0xaa, 0xaa, 0x00, 0x00, 0x00, 0x00,
    0x40, 0x00, 0x00, 0x00, 0x00, 0x00, 0x00, 0x00, 0x01, 0x00, 0x00, 0x00, 0x00, 0x00, 0x00, 0x80,
    0x40, 0x00, 0x00, 0x00, 0x00, 0x00, 0x00, 0x00, 0x81, 0x88, 0x88, 0x88, 0x88, 0x88, 0x88, 0x88,
    0x20, 0x80, 0x00, 0x20, 0x00, 0x08, 0x04, 0x04, 0xac, 0xaa, 0xaa, 0xaa, 0x00, 0x00, 0x00, 0x00,
    0x40, 0x40, 0x00, 0x10, 0x00, 0x04, 0x00, 0x81, 0x00, 0x00, 0x00, 0x80, 0x00, 0x88, 0x80, 0x88,
    0xc0, 0x80, 0x20, 0x20, 0x08, 0x08, 0x02, 0x02, 0x00, 0x00, 0x00, 0x44, 0x40, 0x44, 0x40, 0xc4,
    0xc0, 0x80, 0x20, 0x20, 0x08, 0x08, 0x02, 0x82, 0x00, 0x88, 0x80, 0x88, 0x88, 0x88, 0x88, 0x88,
    0x40, 0xc1, 0x40, 0x30, 0x10, 0x0c, 0x04, 0x03, 0x00, 0x00, 0x00, 0x40, 0x00, 0xcc, 0x44, 0xcc,
    0x40, 0xc1, 0x40, 0x30, 0x10, 0x0c, 0x04, 0x83, 0x01, 0x40, 0x44, 0x44, 0x44, 0xcc, 0xc4, 0xcc,
    0xc0, 0x01, 0x61, 0x40, 0x18, 0x10, 0x06, 0x04, 0x31, 0x33, 0x33, 0x33, 0x83, 0xd8, 0xd3, 0xdd,
    0xc0, 0x41, 0x61, 0x50, 0x18, 0x14, 0x06, 0x85, 0x01, 0x66, 0x66, 0x66, 0x66, 0xe6, 0xa6, 0xea,
    0x40, 0x82, 0x81, 0x60, 0x20, 0x18, 0x08, 0x86, 0x01, 0x20, 0x20, 0x66, 0x22, 0xa6, 0xea, 0xaa,
    0xc0, 0xc2, 0xa1, 0x70, 0x28, 0x1c, 0x0a, 0x07, 0x00, 0x22, 0x62, 0x66, 0xaa, 0x66, 0xea, 0xee,
    0x40, 0x03, 0xc2, 0x80, 0x30, 0x20, 0x0c, 0x08, 0x20, 0x00, 0x20, 0x66, 0x62, 0xaa, 0x66, 0xee,
    0x40, 0x03, 0xc2, 0x80, 0x30, 0x20, 0x0c, 0x08, 0x21, 0x52, 0x55, 0x55, 0xbb, 0x8b, 0xbb, 0xee,
    0xc0, 0x43, 0xe2, 0x90, 0x38, 0x24, 0x0e, 0x09, 0x21, 0x20, 0x52, 0x55, 0x52, 0xbb, 0x88, 0xeb,
    0xc0, 0x43, 0xe2, 0x90, 0x38, 0x24, 0x0e, 0x89, 0x01, 0x00, 0x62, 0x66, 0xaa, 0xea, 0xee, 0xee,
    0xc0, 0x83, 0xe2, 0xa0, 0x38, 0x28, 0x0e, 0x8a, 0x00, 0x20, 0x55, 0x55, 0xbb, 0xbb, 0xeb, 0xee,
    0x40, 0x84, 0x02, 0xa1, 0x40, 0x28, 0x10, 0x0a, 0x01, 0x22, 0x52, 0x55, 0x55, 0x85, 0xee, 0xee,
    0x40, 0xc4, 0x02, 0xb1, 0x40, 0x2c, 0x10, 0x8b, 0x01, 0x00, 0x22, 0x44, 0x77, 0x99, 0xec, 0xcc,
    0x40, 0xc4, 0x02, 0xb1, 0x40, 0x2c, 0x10, 0x8b, 0x00, 0x22, 0x55, 0x55, 0xbb, 0xbb, 0xee, 0xee,
    0xc0, 0xc4, 0x22, 0xb1, 0x48, 0x2c, 0x12, 0x0b, 0x00, 0x00, 0x22, 0x66, 0xaa, 0xaa, 0xee, 0xee,
    0xc0, 0xc4, 0x22, 0xb1, 0x48, 0x2c, 0x12, 0x0b, 0x00, 0x00, 0x66, 0x66, 0xea, 0xee, 0xee, 0xee,
    0xc0, 0xc4, 0x22, 0xb1, 0x48, 0x2c, 0x12, 0x0b, 0x01, 0x00, 0x55, 0x55, 0xbb, 0xbb, 0xee, 0xee,
    0xc0, 0xc4, 0x22, 0xb1, 0x48, 0x2c, 0x12, 0x0b, 0x01, 0x00, 0x55, 0x55, 0xbb, 0xbb, 0xee, 0xee,
    0xc0, 0xc4, 0x22, 0xb1, 0x48, 0x2c, 0x12, 0x0b, 0x01, 0x00, 0x55, 0x55, 0xbb, 0xbb, 0xee, 0xee,
    0xc0, 0xc4, 0x22, 0xb1, 0x48, 0x2c, 0x12, 0x0b, 0x01, 0x00, 0x55, 0x55, 0xbb, 0xbb, 0xee, 0xee,
    0xc0, 0xc4, 0x22, 0xb1, 0x48, 0x2c, 0x12, 0x0b, 0x01, 0x00, 0x55, 0x55, 0xbb, 0xbb, 0xee, 0xee,
    0xc0, 0xc4, 0x22, 0xb1, 0x48, 0x2c, 0x12, 0x0b, 0x01, 0x00, 0x55, 0x55, 0xbb, 0xbb, 0xee, 0xee,
    0xc0, 0xc4, 0x22, 0xb1, 0x48, 0x2c, 0x12, 0x0b, 0x01, 0x00, 0x55, 0x55, 0xbb, 0xbb, 0xee, 0xee,
    0xc0, 0xc4, 0x22, 0xb1, 0x48, 0x2c, 0x12, 0x0b, 0x01, 0x00, 0x55, 0x55, 0xbb, 0xbb, 0xee, 0xee,
    0xc0, 0xc4, 0x22, 0xb1, 0x48, 0x2c, 0x12, 0x0b, 0x01, 0x00, 0x55, 0x55, 0xbb, 0xbb, 0xee, 0xee,
    0xc0, 0xc4, 0x22, 0xb1, 0x48, 0x2c, 0x12, 0x0b, 0x01, 0x00, 0x55, 0x55, 0xbb, 0xbb, 0xee, 0xee,
    0xc0, 0xc4, 0x22, 0xb1, 0x48, 0x2c, 0x12, 0x0b, 0x01, 0x00, 0x55, 0x55, 0xbb, 0xbb, 0xee, 0xee,
    0xc0, 0xc4, 0x22, 0xb1, 0x48, 0x2c, 0x12, 0x0b, 0x01, 0x00, 0x55, 0x55, 0xbb, 0xbb, 0xee, 0xee,
    0xc0, 0xc4, 0x22, 0xb1, 0x48, 0x2c, 0x12, 0x0b, 0x01, 0x00, 0x55, 0x55, 0xbb, 0xbb, 0xee, 0xee,
    0xc0, 0xc4, 0x22, 0xb1, 0x48, 0x2c, 0x12, 0x0b, 0x01, 0x00, 0x55, 0x55, 0xbb, 0xbb, 0xee, 0xee,
    0xc0, 0xc4, 0x22, 0xb1, 0x48, 0x2c, 0x12, 0x0b, 0x01, 0x00, 0x55, 0x55, 0xbb, 0xbb, 0xee, 0xee,
    0xc0, 0xc4, 0x22, 0xb1, 0x48, 0x2c, 0x12, 0x0b, 0x01, 0x00, 0x55, 0x55, 0xbb, 0xbb, 0xee, 0xee,
    0xc0, 0xc4, 0x22, 0xb1, 0x48, 0x2c, 0x12, 0x0b, 0x01, 0x00, 0x55, 0x55, 0xbb, 0xbb, 0xee, 0xee,
    0xc0, 0xc4, 0x22, 0xb1, 0x48, 0x2c, 0x12, 0x0b, 0x01, 0x00, 0x55, 0x55, 0xbb, 0xbb, 0xee, 0xee,
    0xc0, 0xc4, 0x22, 0xb1, 0x48, 0x2c, 0x12, 0x0b, 0x01, 0x00, 0x55, 0x55, 0xbb, 0xbb, 0xee, 0xee,
    0xc0, 0xc4, 0x22, 0xb1, 0x48, 0x2c, 0x12, 0x0b, 0x01, 0x00, 0x55, 0x55, 0xbb, 0xbb, 0xee, 0xbe,
    0xc0, 0xc4, 0x22, 0xb1, 0x48, 0x2c, 0x12, 0x0b, 0x00, 0x00, 0x66, 0x66, 0xee, 0xaa, 0xee, 0xee,
    0xc0, 0xc4, 0x22, 0xb1, 0x48, 0x2c, 0x12, 0x0b, 0x00, 0x00, 0x26, 0x22, 0xaa, 0xaa, 0xee, 0xee,
    0x40, 0xc4, 0x02, 0xb1, 0x40, 0x2c, 0x10, 0x8b, 0x04, 0x00, 0x55, 0x55, 0xbb, 0xbb, 0xee, 0xee,
    0x40, 0xc4, 0x02, 0xb1, 0x40, 0x2c, 0x10, 0x8b, 0x01, 0x00, 0x24, 0x22, 0x79, 0x47, 0xec, 0x9c,
    0x40, 0x84, 0x02, 0xa1, 0x40, 0x28, 0x10, 0x0a, 0x05, 0x00, 0x55, 0x22, 0x55, 0x85, 0xee, 0xbe,
    0xc0, 0x83, 0xe2, 0xa0, 0x38, 0x28, 0x0e, 0x8a, 0x00, 0x00, 0x55, 0x55, 0xbb, 0xbb, 0xee, 0xbb,
    0xc0, 0x43, 0xe2, 0x90, 0x38, 0x24, 0x0e, 0x89, 0x01, 0x00, 0x66, 0x22, 0xaa, 0xaa, 0xee, 0xee,
    0xc0, 0x43, 0xe2, 0x90, 0x38, 0x24, 0x0e, 0x09, 0x20, 0x00, 0x66, 0x02, 0x6e, 0x22, 0xae, 0xaa,
    0x40, 0x03, 0xc2, 0x80, 0x30, 0x20, 0x0c, 0x08, 0x25, 0x00, 0x55, 0x55, 0xbb, 0x8b, 0xbe, 0xbb,
    0xc0, 0x02, 0xa2, 0x80, 0x28, 0x20, 0x0a, 0x88, 0x54, 0x02, 0x58, 0x22, 0x8b, 0x25, 0x8e, 0x88,
    0xc0, 0xc2, 0xa1, 0x70, 0x28, 0x1c, 0x0a, 0x07, 0x04, 0x00, 0x66, 0x22, 0xa6, 0x6a, 0xee, 0x6a,
    0x40, 0x82, 0x81, 0x60, 0x20, 0x18, 0x08, 0x86, 0x01, 0x00, 0x26, 0x00, 0x26, 0x62, 0xea, 0x6a,
    0xc0, 0xc2, 0xa0, 0x30, 0x28, 0x0c, 0x0a, 0x03, 0xff, 0xff, 0x77, 0xf7, 0x77, 0x77, 0x22, 0x77,
    0xc0, 0x01, 0x61, 0x40, 0x18, 0x10, 0x06, 0x04, 0x37, 0x00, 0x33, 0x03, 0x88, 0x33, 0xdd, 0x33,
    0x40, 0xc1, 0x40, 0x30, 0x10, 0x0c, 0x04, 0x03, 0x37, 0x03, 0x88, 0x38, 0x8d, 0x88, 0xdd, 0x88,
    0x40, 0xc1, 0x40, 0x30, 0x10, 0x0c, 0x04, 0x03, 0x00, 0x00, 0x00, 0x00, 0x0c, 0x00, 0x4c, 0x04,
    0x40, 0x41, 0x40, 0x10, 0x10, 0x04, 0x04, 0x01, 0xb6, 0xfb, 0x33, 0xbb, 0x33, 0xb3, 0x33, 0x33,
    0x40, 0x40, 0x00, 0x10, 0x00, 0x04, 0x00, 0x81, 0x49, 0x04, 0x4c, 0x44, 0xcc, 0x44, 0xcc, 0x44,
    0x40, 0x40, 0x00, 0x10, 0x00, 0x04, 0x00, 0x81, 0x00, 0x00, 0x00, 0x00, 0x08, 0x00, 0x88, 0x00,
    0x20, 0x80, 0x00, 0x20, 0x00, 0x08, 0x04, 0x04, 0xac, 0xaa, 0xaa, 0xaa, 0x00, 0x00, 0x00, 0x00,
    0x40, 0x00, 0x00, 0x00, 0x00, 0x00, 0x00, 0x80, 0x7e, 0xff, 0x77, 0xf7, 0x77, 0xf7, 0x77, 0x77,
    0x20, 0x00, 0x00, 0x00, 0x00, 0x00, 0x00, 0x00, 0xac, 0xaa, 0xaa, 0xaa, 0x00, 0x00, 0x00, 0x00,
    0x40, 0x00, 0x00, 0x00, 0x00, 0x00, 0x00, 0x00, 0x01, 0x88, 0x80, 0x88, 0x80, 0x88, 0x88, 0x88,
    0x20, 0x80, 0x00, 0x20, 0x00, 0x08, 0x04, 0x04, 0xac, 0xaa, 0xaa, 0xaa, 0x00, 0x00, 0x00, 0x00,
    0x40, 0x40, 0x00, 0x10, 0x00, 0x04, 0x00, 0x81, 0x00, 0x00, 0x00, 0x80, 0x00, 0x88, 0x80, 0x88,
    0xc0, 0x80, 0x20, 0x20, 0x08, 0x08, 0x02, 0x02, 0x00, 0x40, 0x00, 0x44, 0x00, 0x44, 0x40, 0xc4,
    0xc0, 0x80, 0x20, 0x20, 0x08, 0x08, 0x02, 0x82, 0x00, 0x88, 0x80, 0x88, 0x88, 0x88, 0x88, 0x88,
    0x40, 0xc1, 0x40, 0x30, 0x10, 0x0c, 0x04, 0x03, 0x00, 0x40, 0x00, 0xc4, 0x40, 0xc4, 0xc4, 0xcc,
    0x40, 0x01, 0x41, 0x40, 0x10, 0x10, 0x04, 0x84, 0x30, 0x33, 0x33, 0x88, 0x83, 0x88, 0x88, 0xd8,
    0xc0, 0x41, 0x61, 0x50, 0x18, 0x14, 0x06, 0x85, 0x01, 0x20, 0x22, 0x66, 0x62, 0x66, 0x66, 0xe6,
    0x40, 0x82, 0x81, 0x60, 0x20, 0x18, 0x08, 0x86, 0x00, 0x00, 0x30, 0x88, 0x80, 0x88, 0x88, 0xd8,
    0xc0, 0xc2, 0xa1, 0x70, 0x28, 0x1c, 0x0a, 0x87, 0x01, 0x20, 0x00, 0x66, 0x22, 0xe6, 0x66, 0xea,
    0x40, 0x03, 0xc2, 0x80, 0x30, 0x20, 0x0c, 0x88, 0x01, 0x20, 0x20, 0x66, 0x22, 0xa6, 0xa6, 0xea,
    0xc0, 0x83, 0xe2, 0xa0, 0x38, 0x28, 0x0e, 0x0a, 0x00, 0x42, 0x42, 0x77, 0x44, 0x99, 0x99, 0xec,
    0x40, 0xc4, 0x02, 0xb1, 0x40, 0x2c, 0x10, 0x0b, 0x00, 0x40, 0x42, 0x74, 0x44, 0x97, 0x99, 0xec,
    0xc0, 0xc4, 0x22, 0xb1, 0x48, 0x2c, 0x12, 0x0b, 0x01, 0x00, 0x52, 0x55, 0x55, 0x88, 0xbb, 0xeb,
    0xc0, 0x04, 0x23, 0xc1, 0x48, 0x30, 0x12, 0x8c, 0x21, 0x22, 0x70, 0x77, 0x77, 0x99, 0x9c, 0xe9,
    0x40, 0x45, 0x43, 0xd1, 0x50, 0x34, 0x14, 0x8d, 0x00, 0x00, 0x52, 0x22, 0x55, 0x88, 0xbb, 0xeb,
    0xc0, 0x45, 0x63, 0xd1, 0x58, 0x34, 0x16, 0x0d, 0x01, 0x22, 0x22, 0x52, 0x55, 0x55, 0xbb, 0xee,
    0xc0, 0x85, 0x63, 0xe1, 0x58, 0x38, 0x16, 0x8e, 0x00, 0x00, 0x22, 0x22, 0x55, 0x55, 0xbe, 0xbb,
    0xc0, 0x85, 0x63, 0xe1, 0x58, 0x38, 0x16, 0x8e, 0x01, 0x00, 0x22, 0x20, 0x44, 0x97, 0x99, 0xec,
    0xc0, 0x85, 0x63, 0xe1, 0x58, 0x38, 0x16, 0x8e, 0x01, 0x00, 0x22, 0x22, 0x99, 0x99, 0xee, 0xee,
    0xc0, 0x85, 0x63, 0xe1, 0x58, 0x38, 0x16, 0x8e, 0x01, 0x00, 0x22, 0x22, 0x99, 0x99, 0xee, 0xee,
    0xc0, 0x85, 0x63, 0xe1, 0x58, 0x38, 0x16, 0x8e, 0x01, 0x00, 0x22, 0x22, 0x99, 0x99, 0xee, 0xee,
    0xc0, 0xc5, 0x63, 0xf1, 0x58, 0x3c, 0x16, 0x8f, 0x20, 0x22, 0x42, 0x44, 0xa8, 0xaa, 0xec, 0xee,
    0x40, 0xc6, 0x83, 0xf1, 0x60, 0x3c, 0x18, 0x0f, 0x00, 0x00, 0x22, 0x22, 0x99, 0x99, 0xee, 0xee,
    0x40, 0xc6, 0x83, 0xf1, 0x60, 0x3c, 0x18, 0x0f, 0x00, 0x00, 0x22, 0x22, 0x99, 0x99, 0xee, 0xee,
    0x40, 0xc6, 0x83, 0xf1, 0x60, 0x3c, 0x18, 0x0f, 0x00, 0x00, 0x22, 0x22, 0x99, 0x99, 0xee, 0xee,
    0x40, 0xc6, 0x83, 0xf1, 0x60, 0x3c, 0x18, 0x0f, 0x00, 0x00, 0x22, 0x22, 0x99, 0x99, 0xee, 0xee,
    0x40, 0xc6, 0x83, 0xf1, 0x60, 0x3c, 0x18, 0x0f, 0x00, 0x00, 0x22, 0x22, 0x99, 0x99, 0xee, 0xee,
    0x40, 0xc6, 0x83, 0xf1, 0x60, 0x3c, 0x18, 0x0f, 0x00, 0x00, 0x22, 0x22, 0x99, 0x99, 0xee, 0xee,
    0x40, 0xc6, 0x83, 0xf1, 0x60, 0x3c, 0x18, 0x0f, 0x00, 0x00, 0x22, 0x22, 0x99, 0x99, 0xee, 0xee,
    0x40, 0xc6, 0x83, 0xf1, 0x60, 0x3c, 0x18, 0x0f, 0x00, 0x00, 0x22, 0x22, 0x99, 0x99, 0xee, 0xee,
    0x40, 0xc6, 0x83, 0xf1, 0x60, 0x3c, 0x18, 0x0f, 0x00, 0x00, 0x22, 0x22, 0x99, 0x99, 0xee, 0xee,
    0x40, 0xc6, 0x83, 0xf1, 0x60, 0x3c, 0x18, 0x0f, 0x00, 0x00, 0x22, 0x22, 0x99, 0x99, 0xee, 0xee,
    0x40, 0xc6, 0x83, 0xf1, 0x60, 0x3c, 0x18, 0x0f, 0x00, 0x00, 0x22, 0x22, 0x99, 0x99, 0xee, 0xee,
    0x40, 0xc6, 0x83, 0xf1, 0x60, 0x3c, 0x18, 0x0f, 0x00, 0x00, 0x22, 0x22, 0x99, 0x99, 0xee, 0xee,
    0x40, 0xc6, 0x83, 0xf1, 0x60, 0x3c, 0x18, 0x0f, 0x00, 0x00, 0x22, 0x22, 0x99, 0x99, 0xee, 0xee,
    0x40, 0xc6, 0x83, 0xf1, 0x60, 0x3c, 0x18, 0x0f, 0x00, 0x00, 0x22, 0x22, 0x99, 0x99, 0xee, 0xee,
    0x40, 0xc6, 0x83, 0xf1, 0x60, 0x3c, 0x18, 0x0f, 0x00, 0x00, 0x22, 0x22, 0x99, 0x99, 0xee, 0xee,
    0x40, 0xc6, 0x83, 0xf1, 0x60, 0x3c, 0x18, 0x0f, 0x00, 0x00, 0x22, 0x22, 0x99, 0x99, 0xee, 0xee,
    0x40, 0xc6, 0x83, 0xf1, 0x60, 0x3c, 0x18, 0x0f, 0x00, 0x00, 0x22, 0x22, 0x99, 0x99, 0xee, 0xee,
    0x40, 0xc6, 0x83, 0xf1, 0x60, 0x3c, 0x18, 0x0f, 0x00, 0x00, 0x22, 0x22, 0x99, 0x99, 0xee, 0xee,
    0xc0, 0xc5, 0x63, 0xf1, 0x58, 0x3c, 0x16, 0x8f, 0x24, 0x00, 0x44, 0x22, 0xaa, 0x88, 0xee, 0xcc,
    0xc0, 0x85, 0x63, 0xe1, 0x58, 0x38, 0x16, 0x8e, 0x01, 0x00, 0x22, 0x22, 0x99, 0x99, 0xee, 0xee,
    0xc0, 0x85, 0x63, 0xe1, 0x58, 0x38, 0x16, 0x8e, 0x01, 0x00, 0x22, 0x22, 0x99, 0x99, 0xee, 0xee,
    0xc0, 0x85, 0x63, 0xe1, 0x58, 0x38, 0x16, 0x8e, 0x01, 0x00, 0x22, 0x22, 0x99, 0x99, 0xee, 0xee,
    0xc0, 0x85, 0x63, 0xe1, 0x58, 0x38, 0x16, 0x8e, 0x00, 0x00, 0x20, 0x22, 0x58, 0x55, 0xbe, 0xbb,
    0xc0, 0x85, 0x63, 0xe1, 0x58, 0x38, 0x16, 0x8e, 0x00, 0x00, 0x22, 0x22, 0x55, 0x25, 0xbb, 0xbe,
    0x40, 0x45, 0x43, 0xd1, 0x50, 0x34, 0x14, 0x8d, 0x29, 0x02, 0x44, 0x24, 0x77, 0x77, 0xce, 0xcc,
    0x40, 0x05, 0x43, 0xc1, 0x50, 0x30, 0x14, 0x0c, 0x25, 0x02, 0x85, 0x55, 0x8b, 0x88, 0xee, 0xee,
    0xc0, 0x04, 0x23, 0xc1, 0x48, 0x30, 0x12, 0x0c, 0x48, 0x02, 0x99, 0x42, 0x9c, 0x79, 0xcc, 0xce,
    0xc0, 0xc4, 0x22, 0xb1, 0x48, 0x2c, 0x12, 0x0b, 0x00, 0x00, 0x66, 0x22, 0x6a, 0x66, 0xee, 0xee,
    0x40, 0x84, 0x02, 0xa1, 0x40, 0x28, 0x10, 0x0a, 0x01, 0x00, 0x55, 0x22, 0x58, 0x55, 0xbe, 0xbb,
    0xc0, 0x43, 0xe2, 0x90, 0x38, 0x24, 0x0e, 0x09, 0x05, 0x00, 0x58, 0x22, 0x5b, 0x55, 0xbe, 0x8b,
    0x40, 0x03, 0xc2, 0x80, 0x30, 0x20, 0x0c, 0x08, 0x24, 0x02, 0x6a, 0x22, 0x6a, 0xa6, 0xee, 0xaa,
    0x40, 0xc2, 0x81, 0x70, 0x20, 0x1c, 0x08, 0x87, 0x5a, 0x05, 0x5b, 0x55, 0x8b, 0x58, 0xbe, 0x8b,
    0x40, 0x42, 0x81, 0x50, 0x20, 0x14, 0x08, 0x05, 0x37, 0x03, 0x8d, 0x33, 0xdd, 0x33, 0xdd, 0xdd,
    0xc0, 0x01, 0x61, 0x40, 0x18, 0x10, 0x06, 0x04, 0x37, 0x03, 0x8d, 0x38, 0xdd, 0x38, 0xdd, 0x8d,
    0x40, 0xc1, 0x40, 0x30, 0x10, 0x0c, 0x04, 0x83, 0x49, 0x00, 0x4c, 0x44, 0xcc, 0x44, 0xcc, 0x4c,
    0x40, 0xc1, 0x40, 0x30, 0x10, 0x0c, 0x04, 0x03, 0x00, 0x00, 0x04, 0x00, 0x44, 0x00, 0xcc, 0x04,
    0x40, 0x41, 0x40, 0x10, 0x10, 0x04, 0x04, 0x01, 0xff, 0xff, 0x77, 0xff, 0x77, 0xf7, 0x77, 0x77,
    0x40, 0x40, 0x00, 0x10, 0x00, 0x04, 0x00, 0x81, 0x49, 0x04, 0x4c, 0x44, 0x4c, 0x44, 0xcc, 0x44,
    0x40, 0x40, 0x00, 0x10, 0x00, 0x04, 0x00, 0x81, 0x00, 0x00, 0x00, 0x00, 0x08, 0x00, 0x88, 0x00,
    0x20, 0x80, 0x00, 0x20, 0x00, 0x08, 0x04, 0x04, 0xac, 0xaa, 0xaa, 0xaa, 0x00, 0x00, 0x00, 0x00,
    0x40, 0x00, 0x00, 0x00, 0x00, 0x00, 0x00, 0x80, 0xfe, 0xff, 0x77, 0xff, 0x77, 0xff, 0x77, 0xf7,
    0x20, 0x80, 0x00, 0x20, 0x00, 0x08, 0x04, 0x04, 0xac, 0xaa, 0xaa, 0xaa, 0x00, 0x00, 0x00, 0x00,
    0x40, 0x40, 0x00, 0x10, 0x00, 0x04, 0x00, 0x81, 0x00, 0x00, 0x00, 0x00, 0x00, 0x80, 0x00, 0x88,
    0x40, 0x40, 0x00, 0x10, 0x00, 0x04, 0x00, 0x81, 0x41, 0x44, 0x44, 0xc4, 0x44, 0xc4, 0x44, 0xc4,
    0xc0, 0x80, 0x20, 0x20, 0x08, 0x08, 0x02, 0x82, 0x00, 0x88, 0x00, 0x88, 0x80, 0x88, 0x88, 0x88,
    0x40, 0xc1, 0x40, 0x30, 0x10, 0x0c, 0x04, 0x03, 0x00, 0x40, 0x00, 0xc4, 0x40, 0xc4, 0x40, 0xcc,
    0xc0, 0x01, 0x61, 0x40, 0x18, 0x10, 0x06, 0x04, 0x00, 0x40, 0x00, 0x44, 0x40, 0x44, 0x44, 0xc4,
    0xc0, 0x41, 0x61, 0x50, 0x18, 0x14, 0x06, 0x85, 0x21, 0x62, 0x22, 0xa6, 0x62, 0xa6, 0x66, 0xea,
    0x40, 0x82, 0x81, 0x60, 0x20, 0x18, 0x08, 0x86, 0x01, 0x66, 0x62, 0xa6, 0x66, 0xe6, 0x66, 0xee,
    0xc0, 0x02, 0xa2, 0x80, 0x28, 0x20, 0x0a, 0x88, 0x50, 0x55, 0x55, 0xb8, 0x58, 0xbb, 0xbb, 0xeb,
    0xc0, 0x83, 0xe2, 0xa0, 0x38, 0x28, 0x0e, 0x0a, 0x20, 0x42, 0x42, 0x77, 0x74, 0x97, 0x77, 0xee,
    0x40, 0xc4, 0x02, 0xb1, 0x40, 0x2c, 0x10, 0x8b, 0x01, 0x42, 0x42, 0x94, 0x44, 0x97, 0xcc, 0xec,
    0xc0, 0x04, 0x23, 0xc1, 0x48, 0x30, 0x12, 0x8c, 0x21, 0x44, 0x47, 0x99, 0x99, 0xc9, 0xe9, 0xee,
    0xc0, 0x85, 0x63, 0xe1, 0x58, 0x38, 0x16, 0x0e, 0x01, 0x00, 0x42, 0x46, 0x64, 0xa8, 0xa8, 0xea,
    0xc0, 0x05, 0x64, 0x01, 0x59, 0x40, 0x16, 0x90, 0x10, 0x51, 0x53, 0x65, 0x86, 0xa8, 0xba, 0xfd,
    0xc0, 0x46, 0xa4, 0x11, 0x69, 0x44, 0x1a, 0x11, 0x00, 0x30, 0x31, 0x53, 0x77, 0x99, 0xdb, 0xee,
    0x40, 0x87, 0xc4, 0x21, 0x71, 0x48, 0x1c, 0x12, 0x00, 0x10, 0x33, 0x33, 0x77, 0x97, 0xdd, 0xed,
    0x40, 0x87, 0xc4, 0x21, 0x71, 0x48, 0x1c, 0x92, 0x01, 0x11, 0x33, 0x55, 0x99, 0x99, 0xee, 0xee,
    0xc0, 0xc7, 0xe4, 0x31, 0x79, 0x4c, 0x1e, 0x13, 0x03, 0x00, 0x53, 0x55, 0x86, 0xa8, 0xdd, 0xfd,
    0xc0, 0x07, 0xe5, 0x41, 0x79, 0x50, 0x1e, 0x14, 0x00, 0x31, 0x44, 0x64, 0x99, 0xa9, 0xdd, 0xff,
    0x40, 0x08, 0x05, 0x42, 0x81, 0x50, 0x20, 0x14, 0x00, 0x00, 0x33, 0x33, 0x99, 0x99, 0xee, 0xee,
    0x40, 0x08, 0x05, 0x42, 0x81, 0x50, 0x20, 0x14, 0x00, 0x00, 0x33, 0x33, 0x99, 0x99, 0xee, 0xee,
    0x40, 0x08, 0x05, 0x42, 0x81, 0x50, 0x20, 0x14, 0x00, 0x00, 0x33, 0x53, 0xb9, 0xbb, 0xee, 0xee,
    0x40, 0x08, 0x05, 0x42, 0x81, 0x50, 0x20, 0x94, 0x00, 0x00, 0x44, 0x44, 0xaa, 0xaa, 0xee, 0xee,
    0x40, 0x08, 0x05, 0x42, 0x81, 0x50, 0x20, 0x94, 0x00, 0x00, 0x44, 0x44, 0xaa, 0xaa, 0xee, 0xee,
    0x40, 0x08, 0x05, 0x42, 0x81, 0x50, 0x20, 0x94, 0x00, 0x00, 0x44, 0x44, 0xaa, 0xaa, 0xee, 0xee,
    0x40, 0x08, 0x05, 0x42, 0x81, 0x50, 0x20, 0x94, 0x00, 0x00, 0x44, 0x44, 0xaa, 0xaa, 0xee, 0xee,
    0x40, 0x08, 0x05, 0x42, 0x81, 0x50, 0x20, 0x94, 0x00, 0x00, 0x44, 0x44, 0xaa, 0xaa, 0xee, 0xee,
    0x40, 0x08, 0x05, 0x42, 0x81, 0x50, 0x20, 0x94, 0x00, 0x00, 0x44, 0x44, 0xaa, 0xaa, 0xee, 0xee,
    0x40, 0x08, 0x05, 0x42, 0x81, 0x50, 0x20, 0x94, 0x00, 0x00, 0x44, 0x44, 0xaa, 0xaa, 0xee, 0xee,
    0x40, 0x08, 0x05, 0x42, 0x81, 0x50, 0x20, 0x94, 0x00, 0x00, 0x44, 0x44, 0xaa, 0xaa, 0xee, 0xee,
    0x40, 0x08, 0x05, 0x42, 0x81, 0x50, 0x20, 0x94, 0x00, 0x00, 0x44, 0x44, 0xaa, 0xaa, 0xee, 0xee,
    0x40, 0x08, 0x05, 0x42, 0x81, 0x50, 0x20, 0x94, 0x00, 0x00, 0x44, 0x44, 0xaa, 0xaa, 0xee, 0xee,
    0x40, 0x08, 0x05, 0x42, 0x81, 0x50, 0x20, 0x94, 0x00, 0x00, 0x44, 0x44, 0xaa, 0xaa, 0xee, 0xee,
    0x40, 0x08, 0x05, 0x42, 0x81, 0x50, 0x20, 0x94, 0x00, 0x00, 0x44, 0x44, 0xaa, 0xaa, 0xee, 0xee,
    0x40, 0x08, 0x05, 0x42, 0x81, 0x50, 0x20, 0x94, 0x00, 0x00, 0x44, 0x44, 0xaa, 0xaa, 0xee, 0xee,
    0x40, 0x08, 0x05, 0x42, 0x81, 0x50, 0x20, 0x94, 0x00, 0x00, 0x44, 0x44, 0xaa, 0xaa, 0xee, 0xee,
    0x40, 0x08, 0x05, 0x42, 0x81, 0x50, 0x20, 0x94, 0x00, 0x00, 0x44, 0x44, 0xaa, 0xaa, 0xee, 0xee,
    0x40, 0x08, 0x05, 0x42, 0x81, 0x50, 0x20, 0x94, 0x00, 0x00, 0x44, 0x44, 0xaa, 0xaa, 0xee, 0xee,
    0x40, 0x08, 0x05, 0x42, 0x81, 0x50, 0x20, 0x94, 0x00, 0x00, 0x44, 0x44, 0xaa, 0xaa, 0xee, 0xee,
    0x40, 0x08, 0x05, 0x42, 0x81, 0x50, 0x20, 0x94, 0x00, 0x00, 0x44, 0x44, 0xaa, 0xaa, 0xee, 0xee,
    0x40, 0x08, 0x05, 0x42, 0x81, 0x50, 0x20, 0x94, 0x00, 0x00, 0x44, 0x44, 0xaa, 0xaa, 0xee, 0xee,
    0x40, 0x08, 0x05, 0x42, 0x81, 0x50, 0x20, 0x14, 0x12, 0x01, 0x55, 0x55, 0xbb, 0xbb, 0xee, 0xee,
    0x40, 0x08, 0x05, 0x42, 0x81, 0x50, 0x20, 0x14, 0x00, 0x00, 0x33, 0x33, 0xbb, 0x99, 0xee, 0xee,
    0x40, 0x08, 0x05, 0x42, 0x81, 0x50, 0x20, 0x14, 0x00, 0x00, 0x33, 0x33, 0x99, 0x99, 0xee, 0xee,
    0x40, 0x08, 0x05, 0x42, 0x81, 0x50, 0x20, 0x14, 0x00, 0x00, 0x33, 0x33, 0x99, 0x99, 0xee, 0xee,
    0xc0, 0x07, 0xe5, 0x41, 0x79, 0x50, 0x1e, 0x14, 0x02, 0x00, 0x44, 0x44, 0x99, 0x99, 0xdf, 0xdd,
    0xc0, 0xc7, 0xe4, 0x31, 0x79, 0x4c, 0x1e, 0x13, 0x00, 0x01, 0x55, 0x33, 0x99, 0x77, 0xee, 0xde,
    0x40, 0x87, 0xc4, 0x21, 0x71, 0x48, 0x1c, 0x92, 0x03, 0x00, 0x35, 0x13, 0x99, 0x79, 0xee, 0xde,
    0x40, 0x47, 0xc4, 0x11, 0x71, 0x44, 0x1c, 0x11, 0x01, 0x00, 0x44, 0x24, 0x88, 0x68, 0xee, 0xce,
    0xc0, 0x46, 0xa4, 0x11, 0x69, 0x44, 0x1a, 0x11, 0x00, 0x00, 0x33, 0x11, 0x79, 0x57, 0xde, 0xbb,
    0xc0, 0xc5, 0x63, 0xf1, 0x58, 0x3c, 0x16, 0x0f, 0x37, 0x01, 0x66, 0x35, 0xaa, 0x88, 0xdf, 0xbb,
    0x40, 0x45, 0x43, 0xd1, 0x50, 0x34, 0x14, 0x8d, 0x25, 0x02, 0x79, 0x44, 0x9c, 0x77, 0xee, 0x9c,
    0xc0, 0x04, 0x23, 0xc1, 0x48, 0x30, 0x12, 0x8c, 0x29, 0x00, 0x49, 0x47, 0x99, 0x49, 0xee, 0x99,
    0x40, 0xc4, 0x02, 0xb1, 0x40, 0x2c, 0x10, 0x0b, 0x28, 0x02, 0x77, 0x24, 0x79, 0x47, 0xee, 0x9e,
    0x40, 0x83, 0xc2, 0xa0, 0x30, 0x28, 0x0c, 0x8a, 0x48, 0x02, 0x68, 0x44, 0x88, 0x46, 0x8e, 0x68,
    0xc0, 0xc2, 0xa1, 0x70, 0x28, 0x1c, 0x0a, 0x87, 0x6d, 0x00, 0x6a, 0x26, 0x6e, 0x6a, 0xee, 0x6e,
    0x40, 0x82, 0x81, 0x60, 0x20, 0x18, 0x08, 0x86, 0x0d, 0x00, 0x66, 0x22, 0x66, 0x26, 0x6e, 0x66,
    0xc0, 0x41, 0x61, 0x50, 0x18, 0x14, 0x06, 0x85, 0x36, 0x00, 0x38, 0x03, 0x88, 0x03, 0x8d, 0x38,
    0x40, 0xc1, 0x40, 0x30, 0x10, 0x0c, 0x04, 0x83, 0x49, 0x04, 0x4c, 0x44, 0xcc, 0x44, 0xcc, 0x4c,
    0x40, 0xc1, 0x40, 0x30, 0x10, 0x0c, 0x04, 0x03, 0x00, 0x00, 0x04, 0x00, 0x44, 0x00, 0x4c, 0x00,
    0x40, 0x41, 0x40, 0x10, 0x10, 0x04, 0x04, 0x01, 0xb6, 0xfb, 0xb3, 0xbb, 0x33, 0xbb, 0x33, 0xb3,
    0xc0, 0x00, 0x20, 0x00, 0x08, 0x00, 0x02, 0x00, 0x7f, 0xff, 0x77, 0xf7, 0x77, 0x77, 0x77, 0x77,
    0x20, 0x80, 0x00, 0x20, 0x00, 0x08, 0x04, 0x04, 0xac, 0xaa, 0xaa, 0xaa, 0x00, 0x00, 0x00, 0x00,
    0x20, 0x80, 0x00, 0x20, 0x00, 0x08, 0x04, 0x04, 0xac, 0xaa, 0xaa, 0xaa, 0x00, 0x00, 0x00, 0x00,
    0x20, 0x80, 0x00, 0x20, 0x00, 0x08, 0x04, 0x04, 0xac, 0xaa, 0xaa, 0xaa, 0x00, 0x00, 0x00, 0x00,
    0x40, 0x40, 0x00, 0x10, 0x00, 0x04, 0x00, 0x81, 0x01, 0x44, 0x40, 0x44, 0x40, 0x44, 0x44, 0xc4,
    0xc0, 0x80, 0x20, 0x20, 0x08, 0x08, 0x02, 0x02, 0x40, 0xc4, 0x40, 0xc4, 0x44, 0xcc, 0xc4, 0xcc,
    0x40, 0xc1, 0x40, 0x30, 0x10, 0x0c, 0x04, 0x03, 0x00, 0x00, 0x00, 0x40, 0x00, 0xc4, 0x00, 0xcc,
    0x40, 0x01, 0x41, 0x40, 0x10, 0x10, 0x04, 0x84, 0x30, 0x83, 0x30, 0x83, 0x33, 0x88, 0x83, 0xd8,
    0xc0, 0x41, 0x61, 0x50, 0x18, 0x14, 0x06, 0x85, 0x21, 0x62, 0x20, 0x66, 0x62, 0x66, 0x66, 0xe6,
    0x40, 0xc2, 0x81, 0x70, 0x20, 0x1c, 0x08, 0x87, 0x20, 0x55, 0x50, 0x55, 0x55, 0xb8, 0x85, 0xeb,
    0x40, 0x43, 0xc2, 0x90, 0x30, 0x24, 0x0c, 0x09, 0x20, 0x72, 0x22, 0x74, 0x42, 0x77, 0x77, 0xec,
    0xc0, 0xc3, 0xe2, 0xb0, 0x38, 0x2c, 0x0e, 0x8b, 0x11, 0x35, 0x30, 0x95, 0x55, 0xb7, 0x97, 0xe9,
    0xc0, 0x44, 0x23, 0xd1, 0x48, 0x34, 0x12, 0x8d, 0x04, 0x64, 0x42, 0x66, 0x66, 0xa8, 0xa8, 0xec,
    0xc0, 0xc5, 0x63, 0xf1, 0x58, 0x3c, 0x16, 0x8f, 0x00, 0x20, 0x00, 0x42, 0x84, 0xa6, 0xc8, 0xee,
    0x40, 0x46, 0x84, 0x11, 0x61, 0x44, 0x18, 0x91, 0x31, 0x43, 0x44, 0x76, 0x76, 0xc9, 0xca, 0xfd,
    0x40, 0xc7, 0xc4, 0x31, 0x71, 0x4c, 0x1c, 0x13, 0x00, 0x33, 0x63, 0x76, 0x97, 0xca, 0xcc, 0xff,
    0x40, 0x08, 0x05, 0x42, 0x81, 0x50, 0x20, 0x14, 0x11, 0x13, 0x53, 0x66, 0xa8, 0xda, 0xdd, 0xfd,
    0xc0, 0x88, 0x25, 0x62, 0x89, 0x58, 0x22, 0x96, 0x11, 0x30, 0x41, 0x64, 0x96, 0xa9, 0xd9, 0xfd,
    0x40, 0xc9, 0x45, 0x72, 0x91, 0x5c, 0x24, 0x97, 0x12, 0x01, 0x55, 0x55, 0xaa, 0xaa, 0xff, 0xff,
    0x40, 0x0a, 0x86, 0x82, 0xa1, 0x60, 0x28, 0x18, 0x01, 0x00, 0x11, 0x11, 0x88, 0xa8, 0xdd, 0xfd,
    0x40, 0x4a, 0x86, 0x92, 0xa1, 0x64, 0x28, 0x19, 0x01, 0x10, 0x22, 0x42, 0x87, 0x99, 0xcb, 0xfe,
    0x40, 0x4a, 0x86, 0x92, 0xa1, 0x64, 0x28, 0x99, 0x01, 0x11, 0x43, 0x44, 0xaa, 0x9a, 0xff, 0xdf,
    0xc0, 0x4a, 0xa6, 0x92, 0xa9, 0x64, 0x2a, 0x19, 0x01, 0x00, 0x33, 0x33, 0x88, 0xaa, 0xfd, 0xff,
    0xc0, 0x8a, 0xa6, 0xa2, 0xa9, 0x68, 0x2a, 0x1a, 0x00, 0x11, 0x44, 0x44, 0xa9, 0xaa, 0xfd, 0xff,
    0xc0, 0x8a, 0xa6, 0xa2, 0xa9, 0x68, 0x2a, 0x9a, 0x00, 0x00, 0x33, 0x33, 0xaa, 0xaa, 0xff, 0xff,
    0xc0, 0x8a, 0xa6, 0xa2, 0xa9, 0x68, 0x2a, 0x9a, 0x00, 0x00, 0x33, 0x33, 0xba, 0xbb, 0xff, 0xff,
    0xc0, 0x8a, 0xa6, 0xa2, 0xa9, 0x68, 0x2a, 0x9a, 0x00, 0x00, 0x33, 0x55, 0xbb, 0xbb, 0xff, 0xff,
    0xc0, 0x8a, 0xa6, 0xa2, 0xa9, 0x68, 0x2a, 0x9a, 0x00, 0x00, 0x55, 0x55, 0xbb, 0xbb, 0xff, 0xff,
    0xc0, 0x8a, 0xa6, 0xa2, 0xa9, 0x68, 0x2a, 0x9a, 0x00, 0x10, 0x55, 0x55, 0xbb, 0xbb, 0xff, 0xff,
    0x40, 0x8b, 0xc6, 0xa2, 0xb1, 0x68, 0x2c, 0x1a, 0x00, 0x00, 0x33, 0x33, 0xbb, 0xbb, 0xee, 0xee,
    0x40, 0x8b, 0xc6, 0xa2, 0xb1, 0x68, 0x2c, 0x1a, 0x00, 0x00, 0x33, 0x33, 0xbb, 0xbb, 0xee, 0xee,
    0x40, 0x8b, 0xc6, 0xa2, 0xb1, 0x68, 0x2c, 0x1a, 0x00, 0x00, 0x33, 0x33, 0xbb, 0xbb, 0xee, 0xee,
    0x40, 0x8b, 0xc6, 0xa2, 0xb1, 0x68, 0x2c, 0x1a, 0x00, 0x00, 0x33, 0x33, 0xbb, 0xbb, 0xee, 0xee,
    0x40, 0x8b, 0xc6, 0xa2, 0xb1, 0x68, 0x2c, 0x1a, 0x00, 0x00, 0x33, 0x33, 0xbb, 0xbb, 0xee, 0xee,
    0x40, 0x8b, 0xc6, 0xa2, 0xb1, 0x68, 0x2c, 0x1a, 0x00, 0x00, 0x33, 0x33, 0xbb, 0xbb, 0xee, 0xee,
    0x40, 0x8b, 0xc6, 0xa2, 0xb1, 0x68, 0x2c, 0x1a, 0x00, 0x00, 0x33, 0x33, 0xbb, 0xbb, 0xee, 0xee,
    0x40, 0x8b, 0xc6, 0xa2, 0xb1, 0x68, 0x2c, 0x1a, 0x00, 0x00, 0x33, 0x33, 0xbb, 0xbb, 0xee, 0xee,
    0x40, 0x8b, 0xc6, 0xa2, 0xb1, 0x68, 0x2c, 0x1a, 0x00, 0x00, 0x33, 0x33, 0xbb, 0xbb, 0xee, 0xee,
    0x40, 0x8b, 0xc6, 0xa2, 0xb1, 0x68, 0x2c, 0x1a, 0x00, 0x00, 0x33, 0x33, 0xbb, 0xbb, 0xee, 0xee,
    0x40, 0x8b, 0xc6, 0xa2, 0xb1, 0x68, 0x2c, 0x1a, 0x00, 0x00, 0x33, 0x33, 0xbb, 0xbb, 0xee, 0xee,
    0x40, 0x8b, 0xc6, 0xa2, 0xb1, 0x68, 0x2c, 0x1a, 0x00, 0x00, 0x33, 0x33, 0xbb, 0xbb, 0xee, 0xee,
    0xc0, 0x8a, 0xa6, 0xa2, 0xa9, 0x68, 0x2a, 0x9a, 0x00, 0x00, 0x55, 0x55, 0xbb, 0xbb, 0xff, 0xff,
    0xc0, 0x8a, 0xa6, 0xa2, 0xa9, 0x68, 0x2a, 0x9a, 0x00, 0x00, 0x55, 0x55, 0xbb, 0xbb, 0xff, 0xff,
    0xc0, 0x8a, 0xa6, 0xa2, 0xa9, 0x68, 0x2a, 0x9a, 0x00, 0x00, 0x35, 0x33, 0xbb, 0xbb, 0xff, 0xff,
    0xc0, 0x8a, 0xa6, 0xa2, 0xa9, 0x68, 0x2a, 0x9a, 0x00, 0x00, 0x33, 0x33, 0xbb, 0xaa, 0xff, 0xff,
    0xc0, 0x8a, 0xa6, 0xa2, 0xa9, 0x68, 0x2a, 0x9a, 0x00, 0x00, 0x33, 0x33, 0xaa, 0xaa, 0xff, 0xff,
    0xc0, 0x8a, 0xa6, 0xa2, 0xa9, 0x68, 0x2a, 0x1a, 0x02, 0x00, 0x44, 0x34, 0xaa, 0x99, 0xff, 0xdd,
    0xc0, 0x4a, 0xa6, 0x92, 0xa9, 0x64, 0x2a, 0x19, 0x01, 0x00, 0x33, 0x33, 0x8a, 0x88, 0xff, 0xdd,
    0x40, 0x4a, 0x86, 0x92, 0xa1, 0x64, 0x28, 0x99, 0x03, 0x00, 0x44, 0x33, 0xaa, 0x9a, 0xff, 0xff,
    0x40, 0x4a, 0x86, 0x92, 0xa1, 0x64, 0x28, 0x19, 0x00, 0x00, 0x33, 0x13, 0x9a, 0x97, 0xdf, 0xdc,
    0x40, 0x09, 0x46, 0x82, 0x91, 0x60, 0x24, 0x98, 0x48, 0x04, 0x55, 0x45, 0xbb, 0x8b, 0xff, 0xcf,
    0x40, 0xc9, 0x45, 0x72, 0x91, 0x5c, 0x24, 0x97, 0x12, 0x01, 0x55, 0x35, 0xaa, 0x8a, 0xff, 0xdf,
    0x40, 0x88, 0x05, 0x62, 0x81, 0x58, 0x20, 0x96, 0x44, 0x02, 0x77, 0x44, 0xbb, 0x98, 0xff, 0xbb,
    0xc0, 0x07, 0xe5, 0x41, 0x79, 0x50, 0x1e, 0x14, 0x4c, 0x03, 0x79, 0x46, 0xcc, 0x9a, 0xff, 0xcf,
    0x40, 0xc7, 0xc4, 0x31, 0x71, 0x4c, 0x1c, 0x13, 0x06, 0x00, 0x66, 0x33, 0x9a, 0x77, 0xcf, 0xac,
    0x40, 0x46, 0x84, 0x11, 0x61, 0x44, 0x18, 0x11, 0x48, 0x01, 0x67, 0x16, 0x9a, 0x67, 0xdf, 0x9c,
    0xc0, 0xc5, 0x63, 0xf1, 0x58, 0x3c, 0x16, 0x0f, 0x12, 0x01, 0x13, 0x01, 0x97, 0x35, 0xde, 0x79,
    0x40, 0x04, 0x03, 0xc1, 0x40, 0x30, 0x10, 0x8c, 0x3f, 0x05, 0x79, 0x55, 0x9b, 0x79, 0xde, 0xbb,
    0x40, 0xc5, 0x41, 0x71, 0x50, 0x1c, 0x14, 0x07, 0xdf, 0xff, 0xa7, 0xff, 0x74, 0xf7, 0x11, 0x74,
    0xc0, 0x02, 0xa2, 0x80, 0x28, 0x20, 0x0a, 0x88, 0x49, 0x02, 0x47, 0x04, 0x79, 0x44, 0x9e, 0x79,
    0x40, 0x82, 0x81, 0x60, 0x20, 0x18, 0x08, 0x86, 0x2d, 0x00, 0x66, 0x00, 0x6a, 0x06, 0xae, 0x66,
    0xc0, 0x01, 0x61, 0x40, 0x18, 0x10, 0x06, 0x84, 0x49, 0x00, 0x4c, 0x00, 0xcc, 0x04, 0xcc, 0x4c,
    0xc0, 0x81, 0x60, 0x20, 0x18, 0x08, 0x06, 0x82, 0x7e, 0xfc, 0x77, 0xcc, 0x72, 0x77, 0x22, 0x77,
    0x40, 0xc1, 0x40, 0x30, 0x10, 0x0c, 0x04, 0x03, 0x00, 0x00, 0x00, 0x00, 0x04, 0x00, 0x0c, 0x00,
    0xc0, 0x80, 0x20, 0x20, 0x08, 0x08, 0x02, 0x02, 0x48, 0x00, 0x44, 0x00, 0x4c, 0x04, 0xcc, 0x44,
    0xc0, 0x00, 0x20, 0x00, 0x08, 0x00, 0x02, 0x00, 0xff, 0xff, 0x77, 0xff, 0x77, 0xff, 0x77, 0xf7,
    0x20, 0x80, 0x00, 0x20, 0x00, 0x08, 0x04, 0x04, 0xac, 0xaa, 0xaa, 0xaa, 0x00, 0x00, 0x00, 0x00,
    0x40, 0x40, 0x00, 0x10, 0x00, 0x04, 0x00, 0x81, 0x00, 0x80, 0x00, 0x80, 0x00, 0x88, 0x00, 0x88,
    0xc0, 0x80, 0x20, 0x20, 0x08, 0x08, 0x02, 0x02, 0x00, 0x40, 0x00, 0x44, 0x00, 0x44, 0x00, 0xc4,
    0xc0, 0x80, 0x20, 0x20, 0x08, 0x08, 0x02, 0x82, 0x41, 0x44, 0x44, 0x44, 0x44, 0x44, 0x44, 0xc4,
    0x40, 0xc1, 0x40, 0x30, 0x10, 0x0c, 0x04, 0x03, 0x31, 0x88, 0x83, 0x88, 0x83, 0xd8, 0x83, 0xd8,
    0xc0, 0x01, 0x61, 0x40, 0x18, 0x10, 0x06, 0x04, 0x31, 0x88, 0x83, 0xd8, 0x83, 0xdd, 0x83, 0xdd,
    0x40, 0x82, 0x81, 0x60, 0x20, 0x18, 0x08, 0x86, 0x21, 0x66, 0x22, 0xa6, 0x62, 0xe6, 0x66, 0xe6,
    0x40, 0x43, 0xc2, 0x90, 0x30, 0x24, 0x0c, 0x09, 0x20, 0x74, 0x42, 0xc9, 0x42, 0xc9, 0x72, 0xe9,
    0x40, 0xc4, 0x02, 0xb1, 0x40, 0x2c, 0x10, 0x8b, 0x01, 0x42, 0x20, 0xc2, 0x22, 0xc7, 0x42, 0xe7,
    0x40, 0x45, 0x43, 0xd1, 0x50, 0x34, 0x14, 0x8d, 0x21, 0x74, 0x72, 0xc7, 0x74, 0xc9, 0x74, 0xec,
    0x40, 0x06, 0x84, 0x01, 0x61, 0x40, 0x18, 0x90, 0x01, 0x55, 0x33, 0xd9, 0x55, 0xeb, 0x75, 0xed,
    0xc0, 0xc7, 0xe4, 0x31, 0x79, 0x4c, 0x1e, 0x13, 0x01, 0x55, 0x31, 0x85, 0x86, 0xd8, 0xbb, 0xfd,
    0xc0, 0xc8, 0x25, 0x72, 0x89, 0x5c, 0x22, 0x97, 0x00, 0x41, 0x40, 0x57, 0x84, 0x9b, 0x97, 0xfc,
    0xc0, 0x49, 0x66, 0x92, 0x99, 0x64, 0x26, 0x99, 0x00, 0x22, 0x41, 0x55, 0x85, 0xb9, 0xe9, 0xfe,
    0xc0, 0xca, 0xa6, 0xb2, 0xa9, 0x6c, 0x2a, 0x1b, 0x01, 0x20, 0x32, 0x63, 0x98, 0xb9, 0xeb, 0xfe,
    0x40, 0x4b, 0xc7, 0xd2, 0xb1, 0x74, 0x2c, 0x1d, 0x30, 0x43, 0x63, 0x76, 0xb9, 0xbb, 0xdd, 0xfe,
    0x40, 0xcc, 0x07, 0xf3, 0xc1, 0x7c, 0x30, 0x9f, 0x00, 0x10, 0x33, 0x55, 0x66, 0x97, 0xbb, 0xfb,
    0xc0, 0x0c, 0x28, 0x03, 0xca, 0x80, 0x32, 0x20, 0x00, 0x11, 0x33, 0x44, 0x97, 0xaa, 0xfd, 0xff,
    0x40, 0x0d, 0x48, 0x03, 0xd2, 0x80, 0x34, 0x20, 0x01, 0x00, 0x22, 0x55, 0x98, 0xaa, 0xff, 0xff,
    0x40, 0x4d, 0x48, 0x13, 0xd2, 0x84, 0x34, 0x21, 0x00, 0x20, 0x44, 0x54, 0xba, 0xbb, 0xff, 0xff,
    0xc0, 0x4d, 0x68, 0x13, 0xda, 0x84, 0x36, 0x21, 0x00, 0x00, 0x44, 0x44, 0xaa, 0xba, 0xff, 0xff,
    0xc0, 0x4d, 0x68, 0x13, 0xda, 0x84, 0x36, 0x21, 0x01, 0x10, 0x53, 0x66, 0xaa, 0xaa, 0xee, 0xff,
    0xc0, 0x8d, 0x68, 0x23, 0xda, 0x88, 0x36, 0xa2, 0x00, 0x00, 0x55, 0x55, 0x99, 0xa9, 0xff, 0xff,
    0xc0, 0x8d, 0x68, 0x23, 0xda, 0x88, 0x36, 0xa2, 0x00, 0x00, 0x55, 0x55, 0xaa, 0xaa, 0xff, 0xff,
    0xc0, 0x8d, 0x68, 0x23, 0xda, 0x88, 0x36, 0xa2, 0x00, 0x00, 0x66, 0x66, 0xaa, 0xaa, 0xff, 0xff,
    0xc0, 0x8d, 0x68, 0x23, 0xda, 0x88, 0x36, 0xa2, 0x00, 0x00, 0x66, 0x66, 0xaa, 0xaa, 0xff, 0xff,
    0x40, 0x8e, 0x88, 0x23, 0xe2, 0x88, 0x38, 0x22, 0x01, 0x00, 0x55, 0x55, 0x99, 0x99, 0xee, 0xff,
    0x40, 0x8e, 0x88, 0x23, 0xe2, 0x88, 0x38, 0x22, 0x01, 0x00, 0x55, 0x55, 0x99, 0x99, 0xff, 0xff,
    0x40, 0x8e, 0x88, 0x23, 0xe2, 0x88, 0x38, 0x22, 0x01, 0x00, 0x55, 0x55, 0x99, 0x99, 0xff, 0xff,
    0x40, 0x8e, 0x88, 0x23, 0xe2, 0x88, 0x38, 0x22, 0x01, 0x00, 0x55, 0x55, 0x99, 0x99, 0xff, 0xff,
    0x40, 0x8e, 0x88, 0x23, 0xe2, 0x88, 0x38, 0x22, 0x01, 0x00, 0x55, 0x55, 0x99, 0x99, 0xff, 0xff,
    0x40, 0x8e, 0x88, 0x23, 0xe2, 0x88, 0x38, 0x22, 0x01, 0x00, 0x55, 0x55, 0x99, 0x99, 0xff, 0xff,
    0x40, 0x8e, 0x88, 0x23, 0xe2, 0x88, 0x38, 0x22, 0x01, 0x00, 0x55, 0x55, 0x99, 0x99, 0xff, 0xff,
    0x40, 0x8e, 0x88, 0x23, 0xe2, 0x88, 0x38, 0x22, 0x01, 0x00, 0x55, 0x55, 0x99, 0x99, 0xff, 0xff,
    0x40, 0x8e, 0x88, 0x23, 0xe2, 0x88, 0x38, 0x22, 0x01, 0x00, 0x55, 0x55, 0x99, 0x99, 0xff, 0xff,
    0x40, 0x8e, 0x88, 0x23, 0xe2, 0x88, 0x38, 0x22, 0x01, 0x00, 0x55, 0x55, 0x99, 0x99, 0xff, 0xff,
    0x40, 0x8e, 0x88, 0x23, 0xe2, 0x88, 0x38, 0x22, 0x01, 0x00, 0x55, 0x55, 0x99, 0x99, 0xff, 0xff,
    0x40, 0x8e, 0x88, 0x23, 0xe2, 0x88, 0x38, 0x22, 0x01, 0x00, 0x55, 0x55, 0x99, 0x99, 0xff, 0xff,
    0x40, 0x8e, 0x88, 0x23, 0xe2, 0x88, 0x38, 0x22, 0x01, 0x00, 0x55, 0x55, 0x99, 0x99, 0xff, 0xff,
    0xc0, 0x8d, 0x68, 0x23, 0xda, 0x88, 0x36, 0xa2, 0x13, 0x01, 0x55, 0x55, 0xaa, 0xaa, 0xef, 0xee,
    0xc0, 0x8d, 0x68, 0x23, 0xda, 0x88, 0x36, 0xa2, 0x00, 0x00, 0x66, 0x66, 0xaa, 0xaa, 0xff, 0xff,
    0xc0, 0x8d, 0x68, 0x23, 0xda, 0x88, 0x36, 0xa2, 0x00, 0x00, 0x66, 0x56, 0xaa, 0xaa, 0xff, 0xff,
    0xc0, 0x8d, 0x68, 0x23, 0xda, 0x88, 0x36, 0xa2, 0x00, 0x00, 0x55, 0x55, 0xaa, 0xaa, 0xff, 0xff,
    0xc0, 0x8d, 0x68, 0x23, 0xda, 0x88, 0x36, 0xa2, 0x00, 0x00, 0x55, 0x55, 0x99, 0x99, 0xff, 0xef,
    0xc0, 0x4d, 0x68, 0x13, 0xda, 0x84, 0x36, 0x21, 0x01, 0x00, 0x56, 0x33, 0xaa, 0xaa, 0xef, 0xee,
    0xc0, 0x4d, 0x68, 0x13, 0xda, 0x84, 0x36, 0x21, 0x00, 0x00, 0x44, 0x44, 0xaa, 0xaa, 0xff, 0xff,
    0x40, 0x4d, 0x48, 0x13, 0xd2, 0x84, 0x34, 0x21, 0x00, 0x00, 0x44, 0x44, 0xbb, 0xaa, 0xff, 0xef,
    0xc0, 0x0c, 0x28, 0x03, 0xca, 0x80, 0x32, 0xa0, 0x13, 0x01, 0x35, 0x33, 0xab, 0x99, 0xff, 0xef,
    0xc0, 0x0c, 0x28, 0x03, 0xca, 0x80, 0x32, 0x20, 0x02, 0x00, 0x34, 0x33, 0x9a, 0x77, 0xff, 0xdd,
    0x40, 0x4c, 0x07, 0xd3, 0xc1, 0x74, 0x30, 0x1d, 0x13, 0x01, 0x57, 0x45, 0x89, 0x88, 0xff, 0xef,
    0x40, 0x0b, 0xc7, 0xc2, 0xb1, 0x70, 0x2c, 0x1c, 0x37, 0x00, 0x77, 0x33, 0xbb, 0x99, 0xef, 0xde,
    0x40, 0xca, 0x86, 0xb2, 0xa1, 0x6c, 0x28, 0x9b, 0x12, 0x01, 0x55, 0x23, 0xaa, 0x79, 0xff, 0xad,
    0xc0, 0x09, 0x66, 0x82, 0x99, 0x60, 0x26, 0x18, 0x19, 0x01, 0x57, 0x12, 0x9b, 0x57, 0xff, 0xbb,
    0x40, 0x88, 0x05, 0x62, 0x81, 0x58, 0x20, 0x96, 0x28, 0x02, 0x79, 0x22, 0xbe, 0x77, 0xcf, 0x89,
    0x40, 0xc7, 0xc4, 0x31, 0x71, 0x4c, 0x1c, 0x13, 0x3e, 0x03, 0x67, 0x64, 0xaa, 0x79, 0xdf, 0x7d,
    0x40, 0x06, 0x84, 0x01, 0x61, 0x40, 0x18, 0x10, 0x1e, 0x01, 0x5b, 0x35, 0x7d, 0x37, 0x9e, 0x57,
    0xc0, 0x46, 0xa2, 0x91, 0x68, 0x24, 0x1a, 0x09, 0x9f, 0xfb, 0x55, 0x99, 0x53, 0x97, 0x51, 0x77,
    0x40, 0xc5, 0x41, 0x71, 0x50, 0x1c, 0x14, 0x07, 0xaf, 0xfa, 0x77, 0xaa, 0x71, 0xa7, 0x41, 0x77,
    0x40, 0x44, 0x01, 0x51, 0x40, 0x14, 0x10, 0x05, 0xaf, 0xfd, 0x71, 0xda, 0x71, 0xaa, 0x41, 0xaa,
    0xc0, 0x02, 0xa1, 0x40, 0x28, 0x10, 0x0a, 0x84, 0x74, 0xfc, 0x72, 0xc7, 0x22, 0xc7, 0x22, 0xc2,
    0x40, 0xc2, 0x80, 0x30, 0x20, 0x0c, 0x08, 0x83, 0xce, 0xff, 0x77, 0xfc, 0x72, 0xcc, 0x72, 0xcc,
    0xc0, 0x81, 0x60, 0x20, 0x18, 0x08, 0x06, 0x02, 0xb6, 0xff, 0x33, 0xfb, 0x33, 0xfb, 0x33, 0xbb,
    0x40, 0x41, 0x40, 0x10, 0x10, 0x04, 0x04, 0x01, 0x7f, 0xff, 0x77, 0xf7, 0x77, 0xf7, 0x77, 0x77,
    0x40, 0x40, 0x00, 0x10, 0x00, 0x04, 0x00, 0x81, 0x49, 0x04, 0x4c, 0x44, 0x4c, 0x44, 0x4c, 0x44,
    0x40, 0x40, 0x00, 0x10, 0x00, 0x04, 0x00, 0x81, 0x00, 0x00, 0x00, 0x00, 0x00, 0x00, 0x08, 0x00,
    0x40, 0x40, 0x00, 0x10, 0x00, 0x04, 0x00, 0x81, 0x80, 0x88, 0x88, 0x88, 0x88, 0x88, 0x88, 0x88,
    0xc0, 0x80, 0x20, 0x20, 0x08, 0x08, 0x02, 0x02, 0x00, 0xcc, 0x40, 0xcc, 0xc0, 0xcc, 0xc4, 0xcc,
    0x40, 0xc1, 0x40, 0x30, 0x10, 0x0c, 0x04, 0x03, 0x00, 0x40, 0x00, 0x44, 0x40, 0xc4, 0x40, 0xc4,
    0xc0, 0x01, 0x61, 0x40, 0x18, 0x10, 0x06, 0x04, 0x01, 0x33, 0x30, 0x83, 0x30, 0x88, 0x33, 0xd8,
    0xc0, 0x81, 0x61, 0x60, 0x18, 0x18, 0x06, 0x86, 0x50, 0x85, 0x55, 0xb5, 0x55, 0xbb, 0x85, 0xeb,
    0xc0, 0x02, 0xa2, 0x80, 0x28, 0x20, 0x0a, 0x88, 0x00, 0x52, 0x50, 0x85, 0x52, 0xe5, 0xb5, 0xee,
    0xc0, 0xc3, 0xe2, 0xb0, 0x38, 0x2c, 0x0e, 0x8b, 0x20, 0x66, 0x62, 0xa6, 0x64, 0xe8, 0x86, 0xee,
    0x40, 0x85, 0x43, 0xe1, 0x50, 0x38, 0x14, 0x0e, 0x01, 0x65, 0x53, 0x86, 0x66, 0xa8, 0x86, 0xfa,
    0x40, 0x86, 0x84, 0x21, 0x61, 0x48, 0x18, 0x12, 0x20, 0x65, 0x62, 0x97, 0x76, 0xba, 0xb7, 0xfe,
    0xc0, 0x87, 0xe5, 0x61, 0x79, 0x58, 0x1e, 0x96, 0x21, 0x53, 0x32, 0x76, 0x74, 0xca, 0xa7, 0xfd,
    0x40, 0x49, 0x46, 0x92, 0x91, 0x64, 0x24, 0x99, 0x11, 0x64, 0x43, 0xa6, 0x99, 0xdb, 0xbb, 0xfd,
    0x40, 0x8b, 0xc7, 0xe2, 0xb1, 0x78, 0x2c, 0x9e, 0x10, 0x53, 0x31, 0x75, 0x86, 0xca, 0xb9, 0xfc,
    0xc0, 0x0c, 0x28, 0x03, 0xca, 0x80, 0x32, 0x20, 0x11, 0x53, 0x43, 0x76, 0x88, 0xa9, 0xba, 0xfe,
    0x40, 0xce, 0x88, 0x33, 0xe2, 0x8c, 0x38, 0xa3, 0x11, 0x21, 0x32, 0x43, 0x96, 0xb9, 0xcb, 0xfe,
    0x40, 0x4f, 0xc9, 0x53, 0xf2, 0x94, 0x3c, 0xa5, 0x01, 0x22, 0x31, 0x54, 0x77, 0xa7, 0xdb, 0xfe,
    0x40, 0xd0, 0x09, 0x74, 0x02, 0x9d, 0x40, 0xa7, 0x00, 0x10, 0x22, 0x32, 0x77, 0x99, 0xbb, 0xef,
    0xc0, 0x10, 0x2a, 0x84, 0x0a, 0xa1, 0x42, 0x28, 0x10, 0x11, 0x42, 0x54, 0xaa, 0xbb, 0xdd, 0xfe,
    0x40, 0x51, 0x4a, 0x94, 0x12, 0xa5, 0x44, 0x29, 0x00, 0x11, 0x33, 0x54, 0x99, 0xba, 0xee, 0xfe,
    0xc0, 0x91, 0x6a, 0xa4, 0x1a, 0xa9, 0x46, 0x2a, 0x00, 0x00, 0x33, 0x43, 0x99, 0xaa, 0xfe, 0xee,
    0x40, 0x92, 0x8a, 0xa4, 0x22, 0xa9, 0x48, 0x2a, 0x00, 0x00, 0x22, 0x22, 0x99, 0xa9, 0xfe, 0xff,
    0x40, 0x92, 0x8a, 0xa4, 0x22, 0xa9, 0x48, 0x2a, 0x01, 0x11, 0x22, 0x22, 0x99, 0x99, 0xee, 0xff,
    0x40, 0x92, 0x8a, 0xa4, 0x22, 0xa9, 0x48, 0xaa, 0x01, 0x00, 0x11, 0x11, 0x99, 0xaa, 0xff, 0xff,
    0x40, 0x92, 0x8a, 0xa4, 0x22, 0xa9, 0x48, 0xaa, 0x01, 0x00, 0x21, 0x22, 0xaa, 0xaa, 0xff, 0xff,
    0x40, 0x92, 0x8a, 0xa4, 0x22, 0xa9, 0x48, 0xaa, 0x01, 0x00, 0x22, 0x22, 0xaa, 0xaa, 0xff, 0xff,
    0x40, 0x92, 0x8a, 0xa4, 0x22, 0xa9, 0x48, 0xaa, 0x01, 0x00, 0x22, 0x22, 0xaa, 0xaa, 0xff, 0xff,
    0x40, 0x92, 0x8a, 0xa4, 0x22, 0xa9, 0x48, 0xaa, 0x01, 0x00, 0x22, 0x22, 0xaa, 0xaa, 0xff, 0xff,
    0x40, 0x92, 0x8a, 0xa4, 0x22, 0xa9, 0x48, 0xaa, 0x01, 0x00, 0x22, 0x22, 0xaa, 0xaa, 0xff, 0xff,
    0x40, 0x92, 0x8a, 0xa4, 0x22, 0xa9, 0x48, 0xaa, 0x01, 0x00, 0x22, 0x22, 0xaa, 0xaa, 0xff, 0xff,
    0x40, 0x92, 0x8a, 0xa4, 0x22, 0xa9, 0x48, 0xaa, 0x01, 0x00, 0x22, 0x22, 0xaa, 0xaa, 0xff, 0xff,
    0x40, 0x92, 0x8a, 0xa4, 0x22, 0xa9, 0x48, 0xaa, 0x01, 0x00, 0x22, 0x22, 0xaa, 0xaa, 0xff, 0xff,
    0x40, 0x92, 0x8a, 0xa4, 0x22, 0xa9, 0x48, 0xaa, 0x01, 0x00, 0x22, 0x22, 0xaa, 0xaa, 0xff, 0xff,
    0x40, 0x92, 0x8a, 0xa4, 0x22, 0xa9, 0x48, 0xaa, 0x01, 0x00, 0x22, 0x22, 0xaa, 0xaa, 0xff, 0xff,
    0x40, 0x92, 0x8a, 0xa4, 0x22, 0xa9, 0x48, 0xaa, 0x01, 0x00, 0x22, 0x22, 0xaa, 0xaa, 0xff, 0xff,
    0x40, 0x92, 0x8a, 0xa4, 0x22, 0xa9, 0x48, 0xaa, 0x01, 0x00, 0x22, 0x22, 0xaa, 0xaa, 0xff, 0xff,
    0x40, 0x92, 0x8a, 0xa4, 0x22, 0xa9, 0x48, 0xaa, 0x01, 0x00, 0x22, 0x22, 0xaa, 0xaa, 0xff, 0xff,
    0x40, 0x92, 0x8a, 0xa4, 0x22, 0xa9, 0x48, 0xaa, 0x01, 0x00, 0x22, 0x22, 0xaa, 0xaa, 0xff, 0xff,
    0x40, 0x92, 0x8a, 0xa4, 0x22, 0xa9, 0x48, 0xaa, 0x01, 0x00, 0x22, 0x22, 0xaa, 0xaa, 0xff, 0xff,
    0x40, 0x92, 0x8a, 0xa4, 0x22, 0xa9, 0x48, 0xaa, 0x01, 0x00, 0x22, 0x22, 0xaa, 0xaa, 0xff, 0xff,
    0x40, 0x92, 0x8a, 0xa4, 0x22, 0xa9, 0x48, 0xaa, 0x01, 0x00, 0x22, 0x22, 0xaa, 0xaa, 0xff, 0xff,
    0x40, 0x92, 0x8a, 0xa4, 0x22, 0xa9, 0x48, 0xaa, 0x01, 0x00, 0x22, 0x22, 0xaa, 0xaa, 0xff, 0xff,
    0x40, 0x92, 0x8a, 0xa4, 0x22, 0xa9, 0x48, 0xaa, 0x01, 0x00, 0x22, 0x22, 0xaa, 0xaa, 0xff, 0xff,
    0x40, 0x92, 0x8a, 0xa4, 0x22, 0xa9, 0x48, 0xaa, 0x01, 0x00, 0x22, 0x11, 0xaa, 0xaa, 0xff, 0xff,
    0x40, 0x92, 0x8a, 0xa4, 0x22, 0xa9, 0x48, 0xaa, 0x01, 0x00, 0x11, 0x11, 0x9a, 0x99, 0xff, 0xff,
    0x40, 0x92, 0x8a, 0xa4, 0x22, 0xa9, 0x48, 0x2a, 0x03, 0x00, 0x22, 0x22, 0x99, 0x99, 0xef, 0xee,
    0xc0, 0x91, 0x6a, 0xa4, 0x1a, 0xa9, 0x46, 0x2a, 0x24, 0x02, 0x44, 0x44, 0xaa, 0xaa, 0xff, 0xee,
    0x40, 0x91, 0x4a, 0xa4, 0x12, 0xa9, 0x44, 0xaa, 0x12, 0x01, 0x44, 0x44, 0x9a, 0x99, 0xfe, 0xde,
    0xc0, 0x10, 0x2a, 0x84, 0x0a, 0xa1, 0x42, 0xa8, 0x15, 0x01, 0x45, 0x44, 0xab, 0xaa, 0xff, 0xef,
    0xc0, 0xd0, 0x29, 0x74, 0x0a, 0x9d, 0x42, 0x27, 0x13, 0x00, 0x55, 0x22, 0xab, 0x8a, 0xef, 0xde,
    0xc0, 0xcf, 0xe9, 0x73, 0xfa, 0x9c, 0x3e, 0xa7, 0x24, 0x02, 0x44, 0x34, 0x8a, 0x78, 0xcf, 0xcc,
    0xc0, 0x4e, 0xa9, 0x53, 0xea, 0x94, 0x3a, 0xa5, 0x28, 0x02, 0x56, 0x23, 0x99, 0x89, 0xef, 0xcc,
    0xc0, 0xcd, 0x68, 0x33, 0xda, 0x8c, 0x36, 0xa3, 0x36, 0x02, 0x55, 0x24, 0xaa, 0x58, 0xdf, 0xac,
    0xc0, 0x0c, 0x28, 0x03, 0xca, 0x80, 0x32, 0x20, 0x16, 0x00, 0x46, 0x23, 0x9a, 0x79, 0xcf, 0xbb,
    0xc0, 0x0a, 0xa7, 0xc2, 0xa9, 0x70, 0x2a, 0x9c, 0x3b, 0x02, 0x57, 0x33, 0xbd, 0x69, 0xef, 0x9c,
    0x40, 0x09, 0x46, 0x82, 0x91, 0x60, 0x24, 0x18, 0x2d, 0x01, 0x68, 0x25, 0xad, 0x7a, 0xdf, 0xad,
    0x40, 0x47, 0xc5, 0x51, 0x71, 0x54, 0x1c, 0x95, 0x4b, 0x02, 0x59, 0x24, 0xac, 0x46, 0xcf, 0x7a,
    0x40, 0x46, 0x84, 0x11, 0x61, 0x44, 0x18, 0x11, 0x2b, 0x00, 0x78, 0x12, 0x8b, 0x27, 0xcf, 0x78,
    0xc0, 0x46, 0xa2, 0x91, 0x68, 0x24, 0x1a, 0x09, 0xcc, 0xfc, 0x64, 0xc8, 0x42, 0x84, 0x21, 0x84,
    0xc0, 0x85, 0x61, 0x61, 0x58, 0x18, 0x16, 0x06, 0xaf, 0xfc, 0x77, 0xea, 0x75, 0xa9, 0x50, 0xa7,
    0xc0, 0x02, 0xa2, 0x80, 0x28, 0x20, 0x0a, 0x08, 0x28, 0x02, 0x77, 0x22, 0x77, 0x24, 0xce, 0x47,
    0xc0, 0x41, 0x61, 0x50, 0x18, 0x14, 0x06, 0x85, 0x6d, 0x00, 0x66, 0x26, 0x6e, 0x26, 0xae, 0x66,
    0x40, 0x82, 0x80, 0x20, 0x20, 0x08, 0x08, 0x02, 0xcf, 0xfc, 0xc7, 0xfc, 0x72, 0xcc, 0x72, 0xcc,
    0x40, 0x81, 0x40, 0x20, 0x10, 0x08, 0x04, 0x02, 0x01, 0x00, 0x08, 0x00, 0x08, 0x00, 0x88, 0x00,
    0xc0, 0x80, 0x20, 0x20, 0x08, 0x08, 0x02, 0x02, 0x08, 0x00, 0x4c, 0x00, 0x4c, 0x00, 0xcc, 0x04,
    0xc0, 0x00, 0x20, 0x00, 0x08, 0x00, 0x02, 0x00, 0xff, 0xff, 0x77, 0xff, 0x77, 0xff, 0x77, 0xff,
    0xc0, 0x80, 0x20, 0x20, 0x08, 0x08, 0x02, 0x02, 0x00, 0x00, 0x00, 0x00, 0x00, 0x00, 0x00, 0xc4,
    0xc0, 0x80, 0x20, 0x20, 0x08, 0x08, 0x02, 0x82, 0x41, 0x44, 0x44, 0x44, 0x44, 0x44, 0x44, 0xc4,
    0x40, 0xc1, 0x40, 0x30, 0x10, 0x0c, 0x04, 0x03, 0x81, 0x88, 0x83, 0xd8, 0x83, 0xd8, 0x83, 0xd8,
    0xc0, 0x41, 0x61, 0x50, 0x18, 0x14, 0x06, 0x85, 0x30, 0x83, 0x30, 0x88, 0x30, 0x88, 0x80, 0xd8,
    0x40, 0x82, 0x81, 0x60, 0x20, 0x18, 0x08, 0x86, 0x61, 0xe6, 0x60, 0xe6, 0x62, 0xea, 0x66, 0xee,
    0xc0, 0x43, 0xe2, 0x90, 0x38, 0x24, 0x0e, 0x09, 0x20, 0xe6, 0x60, 0xe6, 0x62, 0xea, 0xa6, 0xee,
    0xc0, 0x44, 0x23, 0xd1, 0x48, 0x34, 0x12, 0x8d, 0x40, 0xa6, 0x40, 0xa6, 0x42, 0xc8, 0x84, 0xec,
    0x40, 0x46, 0x84, 0x11, 0x61, 0x44, 0x18, 0x11, 0x10, 0x96, 0x13, 0xa6, 0x44, 0xa7, 0x76, 0xfa,
    0x40, 0x88, 0x05, 0x62, 0x81, 0x58, 0x20, 0x96, 0x20, 0x85, 0x40, 0x8b, 0x52, 0xeb, 0x95, 0xfe,
    0xc0, 0x09, 0x67, 0xc2, 0x99, 0x70, 0x26, 0x9c, 0x30, 0x76, 0x53, 0xa8, 0x85, 0xdb, 0xa8, 0xfb,
    0x40, 0x4c, 0x08, 0x13, 0xc2, 0x84, 0x30, 0x21, 0x12, 0x63, 0x44, 0x97, 0x86, 0xcb, 0xc9, 0xfd,
    0x40, 0x8e, 0x89, 0x63, 0xe2, 0x98, 0x38, 0xa6, 0x10, 0x54, 0x53, 0x87, 0x95, 0xca, 0xc9, 0xfd,
    0x40, 0xd0, 0x0a, 0xb4, 0x02, 0xad, 0x40, 0x2b, 0x10, 0x43, 0x43, 0x76, 0x86, 0xa9, 0xa9, 0xec,
    0xc0, 0x51, 0x6b, 0xd4, 0x1a, 0xb5, 0x46, 0xad, 0x10, 0x32, 0x54, 0x66, 0x98, 0xba, 0xdc, 0xfd,
    0x40, 0xd3, 0xcb, 0xf4, 0x32, 0xbd, 0x4c, 0xaf, 0x11, 0x21, 0x54, 0x75, 0x97, 0xca, 0xdd, 0xff,
    0x40, 0x94, 0x0c, 0x25, 0x43, 0xc9, 0x50, 0xb2, 0x10, 0x11, 0x54, 0x65, 0x98, 0xa9, 0xdb, 0xfd,
    0xc0, 0x94, 0x2c, 0x25, 0x4b, 0xc9, 0x52, 0xb2, 0x10, 0x22, 0x65, 0x66, 0xba, 0xbb, 0xff, 0xff,
    0x40, 0x15, 0x4d, 0x45, 0x53, 0xd1, 0x54, 0xb4, 0x10, 0x11, 0x54, 0x55, 0xa9, 0xaa, 0xde, 0xfe,
    0xc0, 0x15, 0x6d, 0x45, 0x5b, 0xd1, 0x56, 0xb4, 0x01, 0x11, 0x44, 0x65, 0x99, 0xa9, 0xee, 0xfe,
    0x40, 0x56, 0x8d, 0x55, 0x63, 0xd5, 0x58, 0xb5, 0x00, 0x00, 0x44, 0x44, 0x99, 0xa9, 0xee, 0xff,
    0x40, 0x56, 0x8d, 0x55, 0x63, 0xd5, 0x58, 0xb5, 0x00, 0x10, 0x44, 0x54, 0xaa, 0xba, 0xff, 0xef,
    0xc0, 0x56, 0xad, 0x55, 0x6b, 0xd5, 0x5a, 0x35, 0x00, 0x00, 0x55, 0x55, 0xba, 0xbb, 0xff, 0xff,
    0xc0, 0x56, 0xad, 0x55, 0x6b, 0xd5, 0x5a, 0x35, 0x01, 0x10, 0x55, 0x55, 0xbb, 0xbb, 0xee, 0xee,
    0xc0, 0x56, 0xad, 0x55, 0x6b, 0xd5, 0x5a, 0xb5, 0x01, 0x00, 0x55, 0x55, 0xaa, 0xaa, 0xfe, 0xff,
    0xc0, 0x96, 0xad, 0x65, 0x6b, 0xd9, 0x5a, 0xb6, 0x00, 0x00, 0x44, 0x44, 0xaa, 0xaa, 0xff, 0xff,
    0xc0, 0x96, 0xad, 0x65, 0x6b, 0xd9, 0x5a, 0xb6, 0x00, 0x00, 0x44, 0x44, 0xaa, 0xaa, 0xff, 0xff,
    0xc0, 0x96, 0xad, 0x65, 0x6b, 0xd9, 0x5a, 0xb6, 0x00, 0x00, 0x44, 0x44, 0xaa, 0xaa, 0xff, 0xff,
    0xc0, 0x96, 0xad, 0x65, 0x6b, 0xd9, 0x5a, 0xb6, 0x00, 0x00, 0x55, 0x55, 0xaa, 0xaa, 0xff, 0xff,
    0xc0, 0x96, 0xad, 0x65, 0x6b, 0xd9, 0x5a, 0xb6, 0x00, 0x00, 0x55, 0x55, 0xaa, 0xaa, 0xff, 0xff,
    0xc0, 0x96, 0xad, 0x65, 0x6b, 0xd9, 0x5a, 0xb6, 0x00, 0x00, 0x55, 0x55, 0xaa, 0xaa, 0xff, 0xff,
    0xc0, 0x96, 0xad, 0x65, 0x6b, 0xd9, 0x5a, 0xb6, 0x00, 0x00, 0x55, 0x55, 0xaa, 0xaa, 0xff, 0xff,
    0xc0, 0x96, 0xad, 0x65, 0x6b, 0xd9, 0x5a, 0xb6, 0x00, 0x00, 0x55, 0x55, 0xaa, 0xaa, 0xff, 0xff,
    0xc0, 0x96, 0xad, 0x65, 0x6b, 0xd9, 0x5a, 0xb6, 0x00, 0x00, 0x55, 0x55, 0xaa, 0xaa, 0xff, 0xff,
    0xc0, 0x96, 0xad, 0x65, 0x6b, 0xd9, 0x5a, 0xb6, 0x00, 0x00, 0x55, 0x55, 0xaa, 0xaa, 0xff, 0xff,
    0xc0, 0x96, 0xad, 0x65, 0x6b, 0xd9, 0x5a, 0xb6, 0x00, 0x00, 0x55, 0x55, 0xaa, 0xaa, 0xff, 0xff,
    0xc0, 0x96, 0xad, 0x65, 0x6b, 0xd9, 0x5a, 0xb6, 0x00, 0x00, 0x55, 0x55, 0xaa, 0xaa, 0xff, 0xff,
    0xc0, 0x96, 0xad, 0x65, 0x6b, 0xd9, 0x5a, 0xb6, 0x00, 0x00, 0x55, 0x45, 0xaa, 0xaa, 0xff, 0xff,
    0xc0, 0x96, 0xad, 0x65, 0x6b, 0xd9, 0x5a, 0xb6, 0x00, 0x00, 0x44, 0x44, 0xaa, 0xaa, 0xff, 0xff,
    0xc0, 0x96, 0xad, 0x65, 0x6b, 0xd9, 0x5a, 0xb6, 0x00, 0x00, 0x44, 0x44, 0xaa, 0xaa, 0xff, 0xff,
    0xc0, 0x96, 0xad, 0x65, 0x6b, 0xd9, 0x5a, 0xb6, 0x00, 0x00, 0x44, 0x44, 0xaa, 0xaa, 0xff, 0xef,
    0xc0, 0x56, 0xad, 0x55, 0x6b, 0xd5, 0x5a, 0xb5, 0x01, 0x00, 0x55, 0x55, 0xaa, 0xaa, 0xff, 0xee,
    0xc0, 0x56, 0xad, 0x55, 0x6b, 0xd5, 0x5a, 0x35, 0x01, 0x00, 0x55, 0x45, 0xbb, 0xbb, 0xee, 0xee,
    0xc0, 0x56, 0xad, 0x55, 0x6b, 0xd5, 0x5a, 0x35, 0x00, 0x00, 0x55, 0x55, 0xbb, 0xaa, 0xff, 0xef,
    0x40, 0x56, 0x8d, 0x55, 0x63, 0xd5, 0x58, 0xb5, 0x00, 0x00, 0x44, 0x44, 0xaa, 0xaa, 0xff, 0xff,
    0x40, 0x56, 0x8d, 0x55, 0x63, 0xd5, 0x58, 0x35, 0x12, 0x01, 0x55, 0x55, 0x99, 0x99, 0xef, 0xee,
    0xc0, 0x15, 0x6d, 0x45, 0x5b, 0xd1, 0x56, 0x34, 0x12, 0x01, 0x56, 0x45, 0xaa, 0xaa, 0xff, 0xff,
    0x40, 0xd5, 0x4c, 0x35, 0x53, 0xcd, 0x54, 0xb3, 0x13, 0x00, 0x55, 0x44, 0xbb, 0x9a, 0xde, 0xde,
    0xc0, 0x94, 0x2c, 0x25, 0x4b, 0xc9, 0x52, 0x32, 0x14, 0x01, 0x77, 0x66, 0xbc, 0xaa, 0xff, 0xff,
    0x40, 0x14, 0x0c, 0x05, 0x43, 0xc1, 0x50, 0x30, 0x25, 0x01, 0x66, 0x45, 0xbb, 0xaa, 0xff, 0xdd,
    0xc0, 0xd2, 0xab, 0xf4, 0x2a, 0xbd, 0x4a, 0xaf, 0x25, 0x01, 0x66, 0x35, 0xaa, 0x78, 0xdf, 0xbd,
    0x40, 0x11, 0x4b, 0xc4, 0x12, 0xb1, 0x44, 0xac, 0x38, 0x01, 0x68, 0x45, 0xbc, 0x89, 0xff, 0xdd,
    0x40, 0x50, 0x0a, 0x94, 0x02, 0xa5, 0x40, 0x29, 0x16, 0x00, 0x57, 0x23, 0xab, 0x77, 0xcf, 0xab,
    0xc0, 0x4d, 0x69, 0x53, 0xda, 0x94, 0x36, 0xa5, 0x3b, 0x01, 0x68, 0x35, 0xab, 0x57, 0xde, 0x8a,
    0xc0, 0x0b, 0xe8, 0x02, 0xba, 0x80, 0x2e, 0xa0, 0x28, 0x02, 0x58, 0x35, 0xac, 0x67, 0xde, 0x8b,
    0x40, 0xcd, 0x44, 0x33, 0xd1, 0x4c, 0x34, 0x13, 0xcf, 0xff, 0x85, 0xfc, 0x51, 0xa8, 0x20, 0x95,
    0xc0, 0xca, 0xa3, 0xf2, 0xa8, 0x3c, 0x2a, 0x8f, 0x9e, 0xfc, 0x82, 0xec, 0x72, 0xe9, 0x40, 0xa7,
    0x40, 0xc6, 0x83, 0xf1, 0x60, 0x3c, 0x18, 0x0f, 0x2d, 0x00, 0x28, 0x04, 0x6a, 0x26, 0xae, 0x48,
    0x40, 0x06, 0x82, 0x81, 0x60, 0x20, 0x18, 0x88, 0x8d, 0xfc, 0x86, 0xec, 0x84, 0xea, 0x41, 0xe8,
    0xc0, 0x84, 0x21, 0x61, 0x48, 0x18, 0x12, 0x06, 0x8c, 0xfb, 0x66, 0xdb, 0x63, 0xdb, 0x31, 0xd6,
    0x40, 0x82, 0x81, 0x60, 0x20, 0x18, 0x08, 0x86, 0x6d, 0x00, 0x66, 0x00, 0x66, 0x02, 0x6e, 0x26,
    0x40, 0xc2, 0x80, 0x30, 0x20, 0x0c, 0x08, 0x83, 0x7e, 0xfc, 0x72, 0xfc, 0x72, 0xcc, 0x22, 0xcc,
    0xc0, 0x81, 0x60, 0x20, 0x18, 0x08, 0x06, 0x02, 0x36, 0xff, 0x33, 0xfb, 0x33, 0xfb, 0x33, 0xfb,
    0x40, 0x41, 0x40, 0x10, 0x10, 0x04, 0x04, 0x01, 0x36, 0xfb, 0x33, 0xfb, 0x33, 0xf3, 0x33, 0xb3,
    0x40, 0x40, 0x00, 0x10, 0x00, 0x04, 0x00, 0x81, 0x49, 0x04, 0x44, 0x04, 0x44, 0x44, 0x4c, 0x44,
    0xc0, 0x80, 0x20, 0x20, 0x08, 0x08, 0x02, 0x02, 0x00, 0xc4, 0x00, 0xc4, 0x40, 0xcc, 0x40, 0xcc,
    0x40, 0xc1, 0x40, 0x30, 0x10, 0x0c, 0x04, 0x03, 0x00, 0x40, 0x00, 0x40, 0x00, 0x44, 0x00, 0xc4,
    0xc0, 0x01, 0x61, 0x40, 0x18, 0x10, 0x06, 0x04, 0x00, 0x44, 0x00, 0x44, 0x40, 0x44, 0x40, 0xc4,
    0x40, 0x82, 0x81, 0x60, 0x20, 0x18, 0x08, 0x06, 0x20, 0xa2, 0x20, 0xa6, 0x22, 0xa6, 0x22, 0xea,
    0xc0, 0x02, 0xa2, 0x80, 0x28, 0x20, 0x0a, 0x88, 0x21, 0xc4, 0x40, 0xc4, 0x40, 0xc7, 0x44, 0xec,
    0x40, 0x04, 0x03, 0xc1, 0x40, 0x30, 0x10, 0x0c, 0x30, 0x93, 0x31, 0x93, 0x71, 0xb9, 0x73, 0xeb,
    0xc0, 0xc5, 0x63, 0xf1, 0x58, 0x3c, 0x16, 0x0f, 0x51, 0xa6, 0x51, 0xd8, 0x85, 0xfb, 0x85, 0xfd,
    0xc0, 0x47, 0xe5, 0x51, 0x79, 0x54, 0x1e, 0x15, 0x11, 0x73, 0x21, 0xa6, 0x53, 0xe8, 0x95, 0xfa,
    0x40, 0xca, 0x86, 0xb2, 0xa1, 0x6c, 0x28, 0x1b, 0x21, 0x74, 0x42, 0xb7, 0x64, 0xd9, 0x96, 0xfb,
    0xc0, 0x8c, 0x28, 0x23, 0xca, 0x88, 0x32, 0x22, 0x10, 0x74, 0x52, 0xb8, 0x75, 0xea, 0x87, 0xff,
    0x40, 0x8f, 0xca, 0xa3, 0xf2, 0xa8, 0x3c, 0xaa, 0x20, 0x54, 0x43, 0x87, 0x85, 0xc9, 0xa7, 0xfc,
    0xc0, 0x12, 0xac, 0x04, 0x2b, 0xc1, 0x4a, 0x30, 0x11, 0x43, 0x42, 0x75, 0x75, 0xb9, 0xa8, 0xfc,
    0x40, 0x14, 0x0d, 0x45, 0x43, 0xd1, 0x50, 0x34, 0x20, 0x54, 0x53, 0x88, 0x87, 0xba, 0xcb, 0xfe,
    0xc0, 0xd6, 0xad, 0x75, 0x6b, 0xdd, 0x5a, 0xb7, 0x11, 0x21, 0x43, 0x64, 0x97, 0xa9, 0xdc, 0xfd,
    0x40, 0x98, 0x0e, 0xa6, 0x83, 0xe9, 0x60, 0xba, 0x01, 0x21, 0x43, 0x65, 0x87, 0xa9, 0xdb, 0xfe,
    0x40, 0x19, 0x4f, 0xc6, 0x93, 0xf1, 0x64, 0xbc, 0x11, 0x11, 0x43, 0x54, 0x88, 0xb9, 0xdd, 0xfe,
    0xc0, 0x59, 0x6f, 0xd6, 0x9b, 0xf5, 0x66, 0xbd, 0x21, 0x22, 0x54, 0x55, 0xa9, 0xaa, 0xfd, 0xff,
    0xc0, 0xda, 0xaf, 0xf6, 0xab, 0xfd, 0x6a, 0xbf, 0x01, 0x00, 0x43, 0x55, 0x88, 0x99, 0xdd, 0xee,
    0xc0, 0xda, 0xaf, 0xf6, 0xab, 0xfd, 0x6a, 0xbf, 0x01, 0x11, 0x55, 0x55, 0x99, 0xaa, 0xfe, 0xff,
    0x40, 0x1b, 0xd0, 0x06, 0xb4, 0x01, 0x6d, 0xc0, 0x10, 0x11, 0x54, 0x55, 0xa9, 0xaa, 0xff, 0xff,
    0xc0, 0x1b, 0xf0, 0x06, 0xbc, 0x01, 0x6f, 0x40, 0x01, 0x10, 0x44, 0x55, 0xaa, 0xaa, 0xee, 0xfe,
    0xc0, 0x1b, 0xf0, 0x06, 0xbc, 0x01, 0x6f, 0xc0, 0x01, 0x00, 0x44, 0x44, 0xaa, 0xaa, 0xff, 0xff,
    0xc0, 0x1b, 0xf0, 0x06, 0xbc, 0x01, 0x6f, 0xc0, 0x01, 0x11, 0x54, 0x55, 0xaa, 0xaa, 0xff, 0xff,
    0x40, 0x1c, 0x10, 0x07, 0xc4, 0x01, 0x71, 0x40, 0x01, 0x00, 0x44, 0x44, 0xaa, 0xaa, 0xff, 0xff,
    0x40, 0x1c, 0x10, 0x07, 0xc4, 0x01, 0x71, 0x40, 0x01, 0x00, 0x44, 0x44, 0xaa, 0xaa, 0xff, 0xff,
    0x40, 0x1c, 0x10, 0x07, 0xc4, 0x01, 0x71, 0x40, 0x01, 0x00, 0x44, 0x44, 0xaa, 0xaa, 0xff, 0xff,
    0x40, 0x1c, 0x10, 0x07, 0xc4, 0x01, 0x71, 0x40, 0x01, 0x00, 0x44, 0x44, 0xaa, 0xaa, 0xff, 0xff,
    0x40, 0x1c, 0x10, 0x07, 0xc4, 0x01, 0x71, 0x40, 0x01, 0x00, 0x44, 0x44, 0xaa, 0xaa, 0xff, 0xff,
    0x40, 0x1c, 0x10, 0x07, 0xc4, 0x01, 0x71, 0x40, 0x01, 0x00, 0x55, 0x55, 0xaa, 0xaa, 0xff, 0xff,
    0x40, 0x1c, 0x10, 0x07, 0xc4, 0x01, 0x71, 0x40, 0x01, 0x00, 0x55, 0x55, 0xaa, 0xaa, 0xff, 0xff,
    0x40, 0x1c, 0x10, 0x07, 0xc4, 0x01, 0x71, 0x40, 0x01, 0x00, 0x55, 0x55, 0xaa, 0xaa, 0xff, 0xff,
    0x40, 0x1c, 0x10, 0x07, 0xc4, 0x01, 0x71, 0x40, 0x01, 0x00, 0x55, 0x55, 0xaa, 0xaa, 0xff, 0xff,
    0x40, 0x1c, 0x10, 0x07, 0xc4, 0x01, 0x71, 0x40, 0x01, 0x00, 0x55, 0x55, 0xaa, 0xaa, 0xff, 0xff,
    0x40, 0x1c, 0x10, 0x07, 0xc4, 0x01, 0x71, 0x40, 0x01, 0x00, 0x55, 0x55, 0xaa, 0xaa, 0xff, 0xff,
    0x40, 0x1c, 0x10, 0x07, 0xc4, 0x01, 0x71, 0x40, 0x01, 0x00, 0x55, 0x55, 0xaa, 0xaa, 0xff, 0xff,
    0x40, 0x1c, 0x10, 0x07, 0xc4, 0x01, 0x71, 0x40, 0x01, 0x00, 0x55, 0x45, 0xaa, 0xaa, 0xff, 0xff,
    0x40, 0x1c, 0x10, 0x07, 0xc4, 0x01, 0x71, 0x40, 0x01, 0x00, 0x44, 0x44, 0xaa, 0xaa, 0xff, 0xff,
    0x40, 0x1c, 0x10, 0x07, 0xc4, 0x01, 0x71, 0x40, 0x01, 0x00, 0x44, 0x44, 0xaa, 0xaa, 0xff, 0xff,
    0x40, 0x1c, 0x10, 0x07, 0xc4, 0x01, 0x71, 0x40, 0x01, 0x00, 0x44, 0x44, 0xaa, 0xaa, 0xff, 0xff,
    0x40, 0x1c, 0x10, 0x07, 0xc4, 0x01, 0x71, 0x40, 0x01, 0x00, 0x44, 0x44, 0xaa, 0xaa, 0xff, 0xff,
    0x40, 0x1c, 0x10, 0x07, 0xc4, 0x01, 0x71, 0x40, 0x01, 0x00, 0x44, 0x44, 0xaa, 0xaa, 0xff, 0xff,
    0xc0, 0x1b, 0xf0, 0x06, 0xbc, 0x01, 0x6f, 0xc0, 0x03, 0x00, 0x55, 0x44, 0xaa, 0xaa, 0xff, 0xff,
    0xc0, 0x1b, 0xf0, 0x06, 0xbc, 0x01, 0x6f, 0xc0, 0x01, 0x00, 0x44, 0x44, 0xaa, 0xaa, 0xff, 0xff,
    0xc0, 0x1b, 0xf0, 0x06, 0xbc, 0x01, 0x6f, 0x40, 0x00, 0x00, 0x45, 0x44, 0xbb, 0xaa, 0xff, 0xff,
    0x40, 0x1b, 0xd0, 0x06, 0xb4, 0x01, 0x6d, 0x40, 0x25, 0x01, 0x55, 0x44, 0xaa, 0x99, 0xee, 0xee,
    0xc0, 0xda, 0xaf, 0xf6, 0xab, 0xfd, 0x6a, 0xbf, 0x03, 0x00, 0x55, 0x55, 0x9a, 0x99, 0xff, 0xee,
    0x40, 0x9a, 0x8f, 0xe6, 0xa3, 0xf9, 0x68, 0xbe, 0x13, 0x01, 0x56, 0x44, 0xaa, 0x89, 0xef, 0xde,
    0xc0, 0x99, 0x6f, 0xe6, 0x9b, 0xf9, 0x66, 0x3e, 0x24, 0x11, 0x66, 0x45, 0xaa, 0x99, 0xee, 0xdd,
    0xc0, 0x18, 0x2f, 0xc6, 0x8b, 0xf1, 0x62, 0xbc, 0x25, 0x11, 0x56, 0x44, 0x9a, 0x89, 0xde, 0xcd,
    0xc0, 0x57, 0xee, 0x95, 0x7b, 0xe5, 0x5e, 0x39, 0x27, 0x02, 0x67, 0x35, 0xab, 0x79, 0xef, 0xcd,
    0x40, 0x96, 0x8d, 0x65, 0x63, 0xd9, 0x58, 0xb6, 0x26, 0x01, 0x66, 0x25, 0xbb, 0x79, 0xff, 0xce,
    0x40, 0xd4, 0x0c, 0x35, 0x43, 0xcd, 0x50, 0x33, 0x2a, 0x00, 0x58, 0x33, 0x9b, 0x77, 0xdf, 0xbc,
    0x40, 0x91, 0x4b, 0xe4, 0x12, 0xb9, 0x44, 0xae, 0x4c, 0x02, 0x78, 0x25, 0xac, 0x68, 0xdf, 0xab,
    0xc0, 0xce, 0xa9, 0x73, 0xea, 0x9c, 0x3a, 0x27, 0x4d, 0x12, 0x6a, 0x46, 0xbc, 0x68, 0xef, 0x7a,
    0xc0, 0x8b, 0xe8, 0x22, 0xba, 0x88, 0x2e, 0xa2, 0x3b, 0x02, 0x69, 0x34, 0x8a, 0x46, 0x9e, 0x58,
    0x40, 0x4d, 0x44, 0x13, 0xd1, 0x44, 0x34, 0x11, 0x9f, 0xeb, 0x74, 0xb9, 0x53, 0x97, 0x31, 0x85,
    0x40, 0xc7, 0xc4, 0x31, 0x71, 0x4c, 0x1c, 0x13, 0x4f, 0x02, 0x59, 0x24, 0x8c, 0x47, 0xef, 0x48,
    0xc0, 0x87, 0xe2, 0xa1, 0x78, 0x28, 0x1e, 0x0a, 0x9f, 0xfe, 0x95, 0xfc, 0x52, 0xe9, 0x50, 0xa9,
    0xc0, 0xc3, 0xe2, 0xb0, 0x38, 0x2c, 0x0e, 0x8b, 0x6c, 0x02, 0x66, 0x24, 0xac, 0x24, 0xae, 0x46,
    0xc0, 0x02, 0xa2, 0x80, 0x28, 0x20, 0x0a, 0x88, 0x0a, 0x00, 0x55, 0x00, 0x58, 0x00, 0x5e, 0x25,
    0xc0, 0x41, 0x61, 0x50, 0x18, 0x14, 0x06, 0x85, 0x6d, 0x02, 0x6a, 0x02, 0x6a, 0x06, 0x6e, 0x26,
    0xc0, 0x81, 0x60, 0x20, 0x18, 0x08, 0x06, 0x82, 0xb7, 0xfb, 0xb3, 0xfb, 0xb3, 0xfb, 0x33, 0xbb,
    0xc0, 0x80, 0x20, 0x20, 0x08, 0x08, 0x02, 0x82, 0x49, 0x04, 0x44, 0x44, 0x44, 0x44, 0x4c, 0x44,
    0xc0, 0x40, 0x20, 0x10, 0x08, 0x04, 0x02, 0x81, 0xfe, 0xff, 0xf7, 0xff, 0x77, 0xff, 0x77, 0xff,
    0xc0, 0x80, 0x20, 0x20, 0x08, 0x08, 0x02, 0x02, 0x40, 0xcc, 0xc0, 0xcc, 0xc0, 0xcc, 0xc0, 0xcc,
    0x40, 0xc1, 0x40, 0x30, 0x10, 0x0c, 0x04, 0x03, 0x40, 0xc4, 0x40, 0xc4, 0x40, 0xc4, 0x40, 0xc4,
    0xc0, 0x01, 0x61, 0x40, 0x18, 0x10, 0x06, 0x04, 0x31, 0xd3, 0x33, 0xd3, 0x33, 0xd3, 0x33, 0xd3,
    0x40, 0x82, 0x81, 0x60, 0x20, 0x18, 0x08, 0x86, 0x01, 0xa6, 0x00, 0xa6, 0x60, 0xe6, 0x60, 0xa6,
    0x40, 0x43, 0xc2, 0x90, 0x30, 0x24, 0x0c, 0x89, 0x00, 0xb8, 0x00, 0xe8, 0x20, 0xe8, 0x52, 0xe8,
    0xc0, 0x04, 0x23, 0xc1, 0x48, 0x30, 0x12, 0x0c, 0x61, 0xc8, 0x60, 0xc8, 0x84, 0xea, 0x86, 0xea,
    0x40, 0x46, 0x84, 0x11, 0x61, 0x44, 0x18, 0x91, 0x31, 0xa7, 0x30, 0xa7, 0x73, 0xd9, 0x73, 0xfc,
    0x40, 0x49, 0x46, 0x92, 0x91, 0x64, 0x24, 0x19, 0x30, 0x97, 0x31, 0xa7, 0x51, 0xc7, 0x63, 0xfa,
    0x40, 0x4c, 0x08, 0x13, 0xc2, 0x84, 0x30, 0xa1, 0x21, 0x83, 0x32, 0x95, 0x42, 0xd8, 0x62, 0xfa,
    0xc0, 0x4f, 0xeb, 0xd3, 0xfa, 0xb4, 0x3e, 0x2d, 0x10, 0x64, 0x31, 0x96, 0x63, 0xc8, 0x86, 0xfc,
    0x40, 0x93, 0xce, 0xa4, 0x33, 0xe9, 0x4c, 0xba, 0x20, 0x53, 0x42, 0x76, 0x75, 0xb9, 0xa8, 0xec,
    0x40, 0x97, 0xd0, 0x25, 0x74, 0x09, 0x5d, 0x42, 0x10, 0x42, 0x53, 0x75, 0x86, 0xb9, 0xba, 0xed,
    0x40, 0x9a, 0x91, 0x66, 0xa4, 0x19, 0x69, 0xc6, 0x10, 0x22, 0x53, 0x66, 0x98, 0xa9, 0xdc, 0xfe,
    0x40, 0x9c, 0x12, 0xa7, 0xc4, 0x29, 0x71, 0xca, 0x10, 0x21, 0x65, 0x66, 0x99, 0xa9, 0xed, 0xfe,
    0xc0, 0x1d, 0x73, 0xc7, 0xdc, 0x31, 0x77, 0xcc, 0x10, 0x22, 0x54, 0x76, 0x99, 0xba, 0xed, 0xff,
    0x40, 0x9f, 0xd3, 0xe7, 0xf4, 0x39, 0x7d, 0xce, 0x00, 0x11, 0x55, 0x65, 0x99, 0xaa, 0xed, 0xfe,
    0x40, 0xe0, 0x13, 0xf8, 0x04, 0x3e, 0x81, 0x4f, 0x00, 0x11, 0x55, 0x66, 0xaa, 0xaa, 0xfe, 0xff,
    0x40, 0x21, 0x54, 0x08, 0x15, 0x42, 0x85, 0x50, 0x01, 0x00, 0x44, 0x55, 0x99, 0x99, 0xee, 0xfe,
    0x40, 0x61, 0x54, 0x18, 0x15, 0x46, 0x85, 0xd1, 0x00, 0x10, 0x55, 0x55, 0xaa, 0xaa, 0xee, 0xfe,
    0x40, 0xa1, 0x54, 0x28, 0x15, 0x4a, 0x85, 0xd2, 0x12, 0x11, 0x55, 0x55, 0x99, 0x99, 0xed, 0xee,
    0xc0, 0x61, 0x74, 0x18, 0x1d, 0x46, 0x87, 0xd1, 0x01, 0x00, 0x55, 0x55, 0x99, 0x99, 0xee, 0xff,
    0x40, 0x62, 0x94, 0x18, 0x25, 0x46, 0x89, 0x51, 0x01, 0x00, 0x55, 0x55, 0x99, 0xaa, 0xff, 0xff,
    0x40, 0x62, 0x94, 0x18, 0x25, 0x46, 0x89, 0x51, 0x01, 0x00, 0x55, 0x55, 0xaa, 0xaa, 0xff, 0xff,
    0x40, 0x62, 0x94, 0x18, 0x25, 0x46, 0x89, 0x51, 0x01, 0x00, 0x55, 0x55, 0xaa, 0xaa, 0xff, 0xff,
    0x20, 0xc4, 0x28, 0x31, 0x4a, 0x8c, 0x22, 0x8e, 0x02, 0xaa, 0x54, 0xff, 0x01, 0x55, 0xaa, 0xff,
    0x40, 0xe2, 0x94, 0x38, 0x25, 0x4e, 0x89, 0xd3, 0x00, 0x00, 0x44, 0x44, 0x99, 0x99, 0xee, 0xee,
    0x40, 0xe2, 0x94, 0x38, 0x25, 0x4e, 0x89, 0xd3, 0x00, 0x00, 0x44, 0x44, 0x99, 0x99, 0xee, 0xee,
    0x40, 0xe2, 0x94, 0x38, 0x25, 0x4e, 0x89, 0xd3, 0x00, 0x00, 0x44, 0x44, 0x99, 0x99, 0xee, 0xee,
    0x40, 0xe2, 0x94, 0x38, 0x25, 0x4e, 0x89, 0xd3, 0x00, 0x00, 0x44, 0x44, 0x99, 0x99, 0xee, 0xee,
    0x40, 0xe2, 0x94, 0x38, 0x25, 0x4e, 0x89, 0xd3, 0x00, 0x00, 0x44, 0x44, 0x99, 0x99, 0xee, 0xee,
    0x40, 0xe2, 0x94, 0x38, 0x25, 0x4e, 0x89, 0xd3, 0x00, 0x00, 0x44, 0x44, 0x99, 0x99, 0xee, 0xee,
    0x40, 0xe2, 0x94, 0x38, 0x25, 0x4e, 0x89, 0xd3, 0x00, 0x00, 0x44, 0x44, 0x99, 0x99, 0xee, 0xee,
    0x40, 0xe2, 0x94, 0x38, 0x25, 0x4e, 0x89, 0xd3, 0x00, 0x00, 0x44, 0x44, 0x99, 0x99, 0xee, 0xee,
    0x40, 0xe2, 0x94, 0x38, 0x25, 0x4e, 0x89, 0xd3, 0x00, 0x00, 0x44, 0x44, 0x99, 0x99, 0xee, 0xee,
    0x40, 0xe2, 0x94, 0x38, 0x25, 0x4e, 0x89, 0xd3, 0x00, 0x00, 0x44, 0x44, 0x99, 0x99, 0xee, 0xee,
    0x40, 0xe2, 0x94, 0x38, 0x25, 0x4e, 0x89, 0xd3, 0x00, 0x00, 0x44, 0x44, 0x99, 0x99, 0xee, 0xee,
    0x40, 0xe2, 0x94, 0x38, 0x25, 0x4e, 0x89, 0xd3, 0x00, 0x00, 0x44, 0x44, 0x99, 0x99, 0xee, 0xee,
    0x40, 0xe2, 0x94, 0x38, 0x25, 0x4e, 0x89, 0xd3, 0x00, 0x00, 0x44, 0x44, 0x99, 0x99, 0xee, 0xee,
    0x40, 0xe2, 0x94, 0x38, 0x25, 0x4e, 0x89, 0xd3, 0x00, 0x00, 0x44, 0x44, 0x99, 0x99, 0xee, 0xee,
    0x20, 0xc4, 0x28, 0x31, 0x4a, 0x8c, 0x22, 0x8e, 0x02, 0xaa, 0x54, 0xff, 0x01, 0x55, 0xaa, 0xff,
    0x40, 0x62, 0x94, 0x18, 0x25, 0x46, 0x89, 0x51, 0x01, 0x00, 0x55, 0x55, 0xaa, 0xaa, 0xff, 0xff,
    0x40, 0x62, 0x94, 0x18, 0x25, 0x46, 0x89, 0x51, 0x01, 0x00, 0x55, 0x55, 0xaa, 0xaa, 0xff, 0xff,
    0x40, 0x62, 0x94, 0x18, 0x25, 0x46, 0x89, 0x51, 0x01, 0x00, 0x55, 0x55, 0x9a, 0x99, 0xff, 0xff,
    0xc0, 0x61, 0x74, 0x18, 0x1d, 0x46, 0x87, 0xd1, 0x01, 0x00, 0x55, 0x45, 0x99, 0x99, 0xef, 0xee,
    0xc0, 0x61, 0x74, 0x18, 0x1d, 0x46, 0x87, 0xd1, 0x01, 0x00, 0x55, 0x55, 0x99, 0x99, 0xff, 0xee,
    0x40, 0x21, 0x54, 0x08, 0x15, 0x42, 0x85, 0x50, 0x00, 0x00, 0x66, 0x56, 0xaa, 0x9a, 0xff, 0xff,
    0xc0, 0xe0, 0x33, 0xf8, 0x0c, 0x3e, 0x83, 0x4f, 0x03, 0x00, 0x55, 0x55, 0xaa, 0xaa, 0xff, 0xee,
    0xc0, 0xdf, 0xf3, 0xf7, 0xfc, 0x3d, 0x7f, 0xcf, 0x12, 0x00, 0x66, 0x55, 0xaa, 0xaa, 0xff, 0xee,
    0xc0, 0x9e, 0xb3, 0xe7, 0xec, 0x39, 0x7b, 0xce, 0x14, 0x01, 0x66, 0x56, 0xaa, 0x99, 0xef, 0xde,
    0xc0, 0x1d, 0x73, 0xc7, 0xdc, 0x31, 0x77, 0x4c, 0x14, 0x00, 0x66, 0x45, 0x9a, 0x89, 0xef, 0xdd,
    0xc0, 0x5b, 0xf2, 0x96, 0xbc, 0x25, 0x6f, 0xc9, 0x25, 0x01, 0x66, 0x45, 0xaa, 0x8a, 0xef, 0xcd,
    0xc0, 0x59, 0x71, 0x56, 0x9c, 0x15, 0x67, 0x45, 0x26, 0x01, 0x67, 0x34, 0xaa, 0x89, 0xef, 0xcd,
    0x40, 0xd6, 0x8f, 0xf5, 0x63, 0xfd, 0x58, 0x3f, 0x3a, 0x12, 0x77, 0x35, 0xab, 0x78, 0xdf, 0xac,
    0x40, 0x92, 0x8d, 0x64, 0x23, 0xd9, 0x48, 0xb6, 0x3a, 0x02, 0x68, 0x24, 0x9c, 0x57, 0xdf, 0x7a,
    0xc0, 0x8e, 0xaa, 0xa3, 0xea, 0xa8, 0x3a, 0x2a, 0x3d, 0x02, 0x59, 0x14, 0x8b, 0x35, 0xbf, 0x59,
    0x40, 0x8f, 0xc5, 0x63, 0xf1, 0x58, 0x3c, 0x96, 0x9e, 0xfb, 0x75, 0xe9, 0x62, 0xc8, 0x40, 0xa8,
    0x40, 0x0b, 0xc4, 0x02, 0xb1, 0x40, 0x2c, 0x90, 0x74, 0xfa, 0x72, 0xf9, 0x52, 0xd9, 0x40, 0xc7,
    0x40, 0x08, 0x03, 0xc2, 0x80, 0x30, 0x20, 0x8c, 0xaa, 0xfe, 0xa5, 0xfe, 0x54, 0xea, 0x50, 0xea,
    0xc0, 0x05, 0x62, 0x81, 0x58, 0x20, 0x16, 0x88, 0x67, 0xfd, 0x63, 0xdd, 0x31, 0xd8, 0x31, 0xd6,
    0x40, 0x84, 0x01, 0x61, 0x40, 0x18, 0x10, 0x06, 0xd2, 0xfd, 0xd1, 0xfd, 0x91, 0xdd, 0x51, 0xf9,
    0xc0, 0x02, 0xa1, 0x40, 0x28, 0x10, 0x0a, 0x84, 0xc4, 0xfc, 0xc2, 0xcc, 0x22, 0xcc, 0x22, 0xcc,
    0xc0, 0xc1, 0x60, 0x30, 0x18, 0x0c, 0x06, 0x83, 0x7e, 0xff, 0x77, 0xff, 0x77, 0xf7, 0x77, 0xf7,
    0x40, 0x81, 0x40, 0x20, 0x10, 0x08, 0x04, 0x82, 0xfe, 0xff, 0xf7, 0xff, 0x77, 0xff, 0x77, 0xff,
    0x40, 0x41, 0x40, 0x10, 0x10, 0x04, 0x04, 0x01, 0xb6, 0xff, 0xb3, 0xff, 0xb3, 0xff, 0xb3, 0xff,
    0xc0, 0x80, 0x20, 0x20, 0x08, 0x08, 0x02, 0x02, 0xc0, 0xcc, 0xcc, 0xcc, 0xcc, 0xcc, 0xcc, 0xcc,
    0x40, 0xc1, 0x40, 0x30, 0x10, 0x0c, 0x04, 0x83, 0x01, 0x40, 0x00, 0xc4, 0x00, 0xc4, 0x00, 0xc4,
    0xc0, 0x01, 0x61, 0x40, 0x18, 0x10, 0x06, 0x84, 0x01, 0xc4, 0x40, 0xcc, 0x40, 0xcc, 0x40, 0xcc,
    0x40, 0x82, 0x81, 0x60, 0x20, 0x18, 0x08, 0x86, 0x61, 0xea, 0x66, 0xea, 0x66, 0xee, 0x66, 0xee,
    0x40, 0x83, 0xc2, 0xa0, 0x30, 0x28, 0x0c, 0x8a, 0x51, 0x99, 0x51, 0xd9, 0x51, 0xd9, 0x51, 0xe9,
    0x40, 0x85, 0x43, 0xe1, 0x50, 0x38, 0x14, 0x8e, 0x40, 0xc6, 0x82, 0xc8, 0x82, 0xc8, 0x82, 0xe8,
    0x40, 0x07, 0xc5, 0x41, 0x71, 0x50, 0x1c, 0x94, 0x20, 0xc8, 0x21, 0xc8, 0x41, 0xc9, 0x51, 0xfc,
    0x40, 0xca, 0x86, 0xb2, 0xa1, 0x6c, 0x28, 0x1b, 0x31, 0xc8, 0x53, 0xca, 0x63, 0xeb, 0x73, 0xfc,
    0xc0, 0x0d, 0x6a, 0x83, 0xda, 0xa0, 0x36, 0x28, 0x31, 0x85, 0x42, 0xb7, 0x43, 0xd8, 0x63, 0xfa,
    0x40, 0x53, 0xcf, 0xd4, 0x33, 0xf5, 0x4c, 0x3d, 0x30, 0x65, 0x41, 0x96, 0x53, 0xc8, 0x74, 0xfb,
    0x40, 0x1a, 0x94, 0x06, 0xa5, 0x41, 0x69, 0x50, 0x21, 0x54, 0x42, 0x86, 0x74, 0xc9, 0xa7, 0xfd,
    0x40, 0xa0, 0x16, 0xa8, 0x05, 0x6a, 0x81, 0xda, 0x11, 0x42, 0x53, 0x76, 0x97, 0xba, 0xdb, 0xfe,
    0x40, 0xa4, 0x17, 0xe9, 0x45, 0x7a, 0x91, 0x5e, 0x11, 0x22, 0x54, 0x65, 0x99, 0xb9, 0xed, 0xfe,
    0x40, 0x26, 0x98, 0x09, 0x66, 0x82, 0x99, 0xe0, 0x01, 0x11, 0x54, 0x66, 0x99, 0xba, 0xed, 0xff,
    0xc0, 0xa7, 0xf8, 0x29, 0x7e, 0x8a, 0x9f, 0x62, 0x01, 0x21, 0x54, 0x65, 0x99, 0xaa, 0xee, 0xfe,
    0xc0, 0xe8, 0x38, 0x3a, 0x8e, 0x8e, 0xa3, 0x63, 0x00, 0x11, 0x55, 0x65, 0xaa, 0xba, 0xff, 0xff,
    0x40, 0x69, 0x59, 0x5a, 0x96, 0x96, 0xa5, 0xe5, 0x12, 0x11, 0x55, 0x55, 0x99, 0x9a, 0xee, 0xfe,
    0xc0, 0x29, 0x79, 0x4a, 0x9e, 0x92, 0xa7, 0xe4, 0x01, 0x10, 0x55, 0x55, 0xa9, 0xaa, 0xff, 0xff,
    0xc0, 0x29, 0x79, 0x4a, 0x9e, 0x92, 0xa7, 0x64, 0x13, 0x21, 0x66, 0x66, 0xaa, 0xaa, 0xff, 0xff,
    0x40, 0xaa, 0x99, 0x6a, 0xa6, 0x9a, 0xa9, 0xe6, 0x00, 0x11, 0x55, 0x55, 0x99, 0x99, 0xee, 0xee,
    0x40, 0x6a, 0x99, 0x5a, 0xa6, 0x96, 0xa9, 0xe5, 0x13, 0x11, 0x55, 0x55, 0xaa, 0xaa, 0xfe, 0xff,
    0x80, 0x0d, 0xbd, 0xf9, 0xd2, 0x9b, 0x2f, 0xbd, 0xf9, 0xd2, 0x9b, 0xaf, 0xac, 0x54, 0x55, 0x01,
    0x80, 0x09, 0xbd, 0xb9, 0xd2, 0x9b, 0x2b, 0xbd, 0xb9, 0xd2, 0x9b, 0xab, 0xec, 0x55, 0xab, 0x00,
    0x80, 0x0d, 0xb5, 0xf9, 0x52, 0x9b, 0x2f, 0xb5, 0xf9, 0x52, 0x9b, 0xef, 0xac, 0xfe, 0x55, 0x01,
    0x80, 0x0d, 0xb5, 0xf9, 0x52, 0x9b, 0x2f, 0xb5, 0xf9, 0x52, 0x9b, 0xef, 0xac, 0xfe, 0x55, 0x01,
    0xc0, 0x6a, 0xb9, 0x5a, 0xae, 0x96, 0xab, 0x65, 0x13, 0x11, 0x55, 0x55, 0xaa, 0xaa, 0xff, 0xff,
    0xc0, 0x6a, 0xb9, 0x5a, 0xae, 0x96, 0xab, 0x65, 0x13, 0x11, 0x55, 0x55, 0xaa, 0xaa, 0xff, 0xff,
    0xc0, 0x6a, 0xb9, 0x5a, 0xae, 0x96, 0xab, 0x65, 0x13, 0x11, 0x55, 0x55, 0xaa, 0xaa, 0xff, 0xff,
    0xc0, 0x6a, 0xb9, 0x5a, 0xae, 0x96, 0xab, 0x65, 0x13, 0x11, 0x55, 0x55, 0xaa, 0xaa, 0xff, 0xff,
    0xc0, 0x6a, 0xb9, 0x5a, 0xae, 0x96, 0xab, 0x65, 0x13, 0x11, 0x55, 0x55, 0xaa, 0xaa, 0xff, 0xff,
    0xc0, 0x6a, 0xb9, 0x5a, 0xae, 0x96, 0xab, 0x65, 0x13, 0x11, 0x55, 0x55, 0xaa, 0xaa, 0xff, 0xff,
    0xc0, 0x6a, 0xb9, 0x5a, 0xae, 0x96, 0xab, 0x65, 0x13, 0x11, 0x55, 0x55, 0xaa, 0xaa, 0xff, 0xff,
    0xc0, 0x6a, 0xb9, 0x5a, 0xae, 0x96, 0xab, 0x65, 0x13, 0x11, 0x55, 0x55, 0xaa, 0xaa, 0xff, 0xff,
    0xc0, 0x6a, 0xb9, 0x5a, 0xae, 0x96, 0xab, 0x65, 0x13, 0x11, 0x55, 0x55, 0xaa, 0xaa, 0xff, 0xff,
    0xc0, 0x6a, 0xb9, 0x5a, 0xae, 0x96, 0xab, 0x65, 0x13, 0x11, 0x55, 0x55, 0xaa, 0xaa, 0xff, 0xff,
    0xc0, 0x6a, 0xb9, 0x5a, 0xae, 0x96, 0xab, 0x65, 0x13, 0x11, 0x55, 0x55, 0xaa, 0xaa, 0xff, 0xff,
    0xc0, 0x6a, 0xb9, 0x5a, 0xae, 0x96, 0xab, 0x65, 0x13, 0x11, 0x55, 0x55, 0xaa, 0xaa, 0xff, 0xff,
    0xc0, 0x6a, 0xb9, 0x5a, 0xae, 0x96, 0xab, 0x65, 0x13, 0x11, 0x55, 0x55, 0xaa, 0xaa, 0xff, 0xff,
    0x40, 0x6b, 0xd9, 0x5a, 0xb6, 0x96, 0xad, 0x65, 0x01, 0x00, 0x55, 0x55, 0xaa, 0xaa, 0xff, 0xff,
    0x80, 0x0d, 0xb5, 0xf9, 0x52, 0x9b, 0x2f, 0xb5, 0xf9, 0x52, 0x9b, 0xef, 0xac, 0xfe, 0x55, 0x01,
    0x80, 0x0d, 0xb5, 0xf9, 0x52, 0x9b, 0x2f, 0xb5, 0xf9, 0x52, 0x9b, 0xef, 0xac, 0xfe, 0x55, 0x01,
    0x40, 0x6a, 0x99, 0x5a, 0xa6, 0x96, 0xa9, 0xe5, 0x13, 0x11, 0x56, 0x55, 0xaa, 0xaa, 0xff, 0xff,
    0x80, 0x0d, 0xbd, 0xf9, 0xd2, 0x9b, 0x2f, 0xbd, 0xf9, 0xd2, 0x9b, 0xaf, 0xac, 0x54, 0x55, 0x01,
    0xc0, 0xaa, 0xb9, 0x6a, 0xae, 0x9a, 0xab, 0xe6, 0x00, 0x00, 0x55, 0x44, 0xaa, 0x99, 0xff, 0xee,
    0x20, 0x55, 0x72, 0x95, 0x5c, 0x25, 0xab, 0x26, 0x03, 0xaa, 0x54, 0xff, 0x01, 0x55, 0xaa, 0xff,
    0xc0, 0x29, 0x79, 0x4a, 0x9e, 0x92, 0xa7, 0x64, 0x13, 0x11, 0x66, 0x66, 0xaa, 0xaa, 0xff, 0xff,
    0xc0, 0x29, 0x79, 0x4a, 0x9e, 0x92, 0xa7, 0xe4, 0x01, 0x00, 0x55, 0x55, 0xaa, 0x99, 0xff, 0xff,
    0x40, 0x29, 0x59, 0x4a, 0x96, 0x92, 0xa5, 0xe4, 0x12, 0x00, 0x56, 0x55, 0xaa, 0x99, 0xff, 0xee,
    0xc0, 0xe8, 0x38, 0x3a, 0x8e, 0x8e, 0xa3, 0x63, 0x02, 0x00, 0x55, 0x55, 0xaa, 0x9a, 0xff, 0xef,
    0x40, 0xa7, 0xd8, 0x29, 0x76, 0x8a, 0x9d, 0x62, 0x12, 0x01, 0x66, 0x55, 0xab, 0x9a, 0xef, 0xee,
    0xc0, 0x25, 0x78, 0x09, 0x5e, 0x82, 0x97, 0x60, 0x15, 0x01, 0x66, 0x55, 0x9a, 0x99, 0xef, 0xee,
    0xc0, 0x63, 0xf7, 0xd8, 0x3d, 0x76, 0x8f, 0xdd, 0x14, 0x00, 0x56, 0x34, 0xaa, 0x89, 0xff, 0xde,
    0x40, 0x1f, 0xd6, 0x87, 0xf5, 0x61, 0x7d, 0xd8, 0x27, 0x01, 0x67, 0x34, 0xab, 0x78, 0xef, 0xad,
    0x40, 0x58, 0x13, 0xd6, 0x84, 0x35, 0x61, 0x4d, 0x4c, 0x02, 0x68, 0x24, 0x9b, 0x56, 0xcf, 0x79,
    0x40, 0x9b, 0xc8, 0x26, 0xb2, 0x89, 0x6c, 0xa2, 0x9e, 0xfc, 0x85, 0xdb, 0x63, 0xc9, 0x40, 0xa8,
    0x40, 0x92, 0x86, 0xa4, 0x21, 0x69, 0x48, 0x1a, 0xac, 0xfe, 0x84, 0xfa, 0x83, 0xe9, 0x50, 0xd9,
    0x40, 0xcd, 0x44, 0x33, 0xd1, 0x4c, 0x34, 0x13, 0xa8, 0xfd, 0x82, 0xfa, 0x61, 0xfa, 0x50, 0xda,
    0xc0, 0x49, 0x63, 0xd2, 0x98, 0x34, 0x26, 0x0d, 0xa9, 0xfd, 0xa4, 0xfb, 0x83, 0xfb, 0x70, 0xeb,
    0x40, 0x46, 0x82, 0x91, 0x60, 0x24, 0x18, 0x89, 0x56, 0xf9, 0x11, 0xb7, 0x11, 0xb7, 0x11, 0x97,
    0xc0, 0x84, 0x21, 0x61, 0x48, 0x18, 0x12, 0x06, 0x73, 0xff, 0x71, 0xfd, 0x71, 0xfd, 0x71, 0xfd,
    0x40, 0x03, 0xc1, 0x40, 0x30, 0x10, 0x0c, 0x84, 0x9b, 0xff, 0x95, 0xfd, 0x95, 0xf9, 0x91, 0xf9,
    0xc0, 0x01, 0x61, 0x40, 0x18, 0x10, 0x06, 0x04, 0x37, 0x03, 0x8d, 0x03, 0x8d, 0x03, 0x8d, 0x03,
    0x40, 0xc1, 0x40, 0x30, 0x10, 0x0c, 0x04, 0x03, 0x48, 0x00, 0x4c, 0x00, 0x4c, 0x00, 0x4c, 0x04,
    0x40, 0x41, 0x40, 0x10, 0x10, 0x04, 0x04, 0x01, 0xb6, 0xff, 0x33, 0xfb, 0x33, 0xfb, 0x33, 0xfb,
    0x40, 0x81, 0x40, 0x20, 0x10, 0x08, 0x04, 0x02, 0x01, 0x00, 0x00, 0x00, 0x00, 0x80, 0x00, 0x80,
    0x40, 0xc1, 0x40, 0x30, 0x10, 0x0c, 0x04, 0x83, 0x01, 0xc4, 0x00, 0xc4, 0x00, 0xc4, 0x00, 0xcc,
    0xc0, 0x41, 0x61, 0x50, 0x18, 0x14, 0x06, 0x85, 0x30, 0x88, 0x80, 0x88, 0x80, 0x88, 0x80, 0xd8,
    0xc0, 0x02, 0xa2, 0x80, 0x28, 0x20, 0x0a, 0x88, 0x00, 0x85, 0x00, 0x85, 0x00, 0xb5, 0x00, 0xe5,
    0xc0, 0x83, 0xe2, 0xa0, 0x38, 0x28, 0x0e, 0x8a, 0x21, 0xe7, 0x40, 0xe7, 0x42, 0xe7, 0x74, 0xe9,
    0xc0, 0xc5, 0x63, 0xf1, 0x58, 0x3c, 0x16, 0x8f, 0x40, 0xc6, 0x40, 0xe6, 0x42, 0xe8, 0x62, 0xea,
    0xc0, 0x47, 0xe5, 0x51, 0x79, 0x54, 0x1e, 0x95, 0x41, 0xe7, 0x40, 0xe9, 0x50, 0xea, 0x50, 0xfb,
    0x40, 0x4b, 0xc7, 0xd2, 0xb1, 0x74, 0x2c, 0x9d, 0x41, 0xc7, 0x41, 0xc9, 0x61, 0xea, 0x62, 0xfb,
    0xc0, 0x4f, 0xeb, 0xd3, 0xfa, 0xb4, 0x3e, 0x2d, 0x31, 0xb7, 0x40, 0xc7, 0x41, 0xe9, 0x52, 0xf9,
    0xc0, 0x97, 0xf2, 0xa5, 0x7c, 0x29, 0x5f, 0xca, 0x30, 0xa6, 0x41, 0xc8, 0x62, 0xd9, 0x62, 0xfb,
    0x40, 0xa3, 0xd9, 0x68, 0x36, 0x9a, 0x8d, 0xe6, 0x31, 0x86, 0x52, 0xa8, 0x74, 0xda, 0x95, 0xfc,
    0x40, 0x6d, 0x5c, 0x1b, 0xd7, 0xc6, 0xb5, 0xf1, 0x21, 0x43, 0x54, 0x97, 0x98, 0xcb, 0xca, 0xfe,
    0x40, 0x31, 0x5d, 0x4c, 0x17, 0xd3, 0xc5, 0xf4, 0x10, 0x21, 0x65, 0x76, 0xaa, 0xba, 0xee, 0xfe,
    0xc0, 0x72, 0xbd, 0x5c, 0x2f, 0xd7, 0xcb, 0x75, 0x10, 0x11, 0x65, 0x76, 0xaa, 0xba, 0xee, 0xfe,
    0xc0, 0x73, 0xfd, 0x5c, 0x3f, 0xd7, 0xcf, 0x75, 0x11, 0x11, 0x65, 0x66, 0xba, 0xbb, 0xee, 0xff,
    0xc0, 0xb4, 0x3d, 0x6d, 0x4f, 0xdb, 0xd3, 0x76, 0x01, 0x00, 0x55, 0x66, 0xaa, 0xaa, 0xee, 0xff,
    0xc0, 0xb4, 0x3d, 0x6d, 0x4f, 0xdb, 0xd3, 0xf6, 0x00, 0x00, 0x66, 0x66, 0xbb, 0xbb, 0xff, 0xff,
    0x40, 0xb5, 0x5d, 0x6d, 0x57, 0xdb, 0xd5, 0x76, 0x01, 0x00, 0x66, 0x66, 0xbb, 0xbb, 0xee, 0xff,
    0x40, 0xf5, 0x5d, 0x7d, 0x57, 0xdf, 0xd5, 0xf7, 0x01, 0x00, 0x55, 0x66, 0xaa, 0xaa, 0xee, 0xee,
    0x40, 0xb5, 0x5d, 0x6d, 0x57, 0xdb, 0xd5, 0xf6, 0x01, 0x00, 0x65, 0x66, 0xaa, 0xba, 0xff, 0xff,
    0x40, 0xb5, 0x5d, 0x6d, 0x57, 0xdb, 0xd5, 0xf6, 0x01, 0x00, 0x66, 0x66, 0xbb, 0xbb, 0xff, 0xff,
    0xc0, 0xb5, 0x7d, 0x6d, 0x5f, 0xdb, 0xd7, 0x76, 0x01, 0x00, 0x66, 0x66, 0xbb, 0xbb, 0xff, 0xff,
    0xc0, 0xb5, 0x7d, 0x6d, 0x5f, 0xdb, 0xd7, 0x76, 0x01, 0x00, 0x66, 0x66, 0xbb, 0xbb, 0xff, 0xff,
    0xc0, 0xb5, 0x7d, 0x6d, 0x5f, 0xdb, 0xd7, 0x76, 0x01, 0x00, 0x66, 0x66, 0xbb, 0xbb, 0xff, 0xff,
    0xc0, 0xf5, 0x7d, 0x7d, 0x5f, 0xdf, 0xd7, 0x77, 0x01, 0x00, 0x66, 0x66, 0xaa, 0xaa, 0xee, 0xfe,
    0x40, 0x35, 0x5e, 0x8d, 0x57, 0xe3, 0xd5, 0x78, 0x12, 0x11, 0x66, 0x66, 0xaa, 0xaa, 0xee, 0xee,
    0x40, 0x35, 0x5e, 0x8d, 0x57, 0xe3, 0xd5, 0x78, 0x12, 0x11, 0x66, 0x66, 0xaa, 0xaa, 0xee, 0xee,
    0x40, 0x35, 0x5e, 0x8d, 0x57, 0xe3, 0xd5, 0x78, 0x12, 0x11, 0x66, 0x66, 0xaa, 0xaa, 0xee, 0xee,
    0x40, 0x35, 0x5e, 0x8d, 0x57, 0xe3, 0xd5, 0x78, 0x12, 0x11, 0x66, 0x66, 0xaa, 0xaa, 0xee, 0xee,
    0x40, 0x35, 0x5e, 0x8d, 0x57, 0xe3, 0xd5, 0x78, 0x12, 0x11, 0x66, 0x66, 0xaa, 0xaa, 0xee, 0xee,
    0x40, 0x35, 0x5e, 0x8d, 0x57, 0xe3, 0xd5, 0x78, 0x12, 0x11, 0x66, 0x66, 0xaa, 0xaa, 0xee, 0xee,
    0x40, 0x35, 0x5e, 0x8d, 0x57, 0xe3, 0xd5, 0x78, 0x12, 0x11, 0x66, 0x66, 0xaa, 0xaa, 0xee, 0xee,
    0x40, 0x35, 0x5e, 0x8d, 0x57, 0xe3, 0xd5, 0x78, 0x12, 0x11, 0x66, 0x66, 0xaa, 0xaa, 0xee, 0xee,
    0x40, 0x35, 0x5e, 0x8d, 0x57, 0xe3, 0xd5, 0x78, 0x12, 0x11, 0x66, 0x66, 0xaa, 0xaa, 0xee, 0xee,
    0x40, 0x35, 0x5e, 0x8d, 0x57, 0xe3, 0xd5, 0x78, 0x12, 0x11, 0x66, 0x66, 0xaa, 0xaa, 0xee, 0xee,
    0x40, 0x35, 0x5e, 0x8d, 0x57, 0xe3, 0xd5, 0x78, 0x12, 0x11, 0x66, 0x66, 0xaa, 0xaa, 0xee, 0xee,
    0x40, 0x35, 0x5e, 0x8d, 0x57, 0xe3, 0xd5, 0x78, 0x12, 0x11, 0x66, 0x66, 0xaa, 0xaa, 0xee, 0xee,
    0x40, 0x35, 0x5e, 0x8d, 0x57, 0xe3, 0xd5, 0x78, 0x12, 0x11, 0x66, 0x66, 0xaa, 0xaa, 0xee, 0xee,
    0x40, 0x35, 0x5e, 0x8d, 0x57, 0xe3, 0xd5, 0x78, 0x12, 0x11, 0x66, 0x66, 0xaa, 0xaa, 0xee, 0xee,
    0xc0, 0xb5, 0x7d, 0x6d, 0x5f, 0xdb, 0xd7, 0x76, 0x01, 0x00, 0x66, 0x66, 0xbb, 0xbb, 0xff, 0xff,
    0xc0, 0xb5, 0x7d, 0x6d, 0x5f, 0xdb, 0xd7, 0x76, 0x01, 0x00, 0x66, 0x66, 0xbb, 0xbb, 0xff, 0xff,
    0xc0, 0xb5, 0x7d, 0x6d, 0x5f, 0xdb, 0xd7, 0x76, 0x01, 0x00, 0x66, 0x66, 0xbb, 0xbb, 0xff, 0xff,
    0xc0, 0xb5, 0x7d, 0x6d, 0x5f, 0xdb, 0xd7, 0x76, 0x01, 0x00, 0x66, 0x66, 0xbb, 0xbb, 0xff, 0xff,
    0x40, 0xb5, 0x5d, 0x6d, 0x57, 0xdb, 0xd5, 0xf6, 0x01, 0x00, 0x66, 0x66, 0xbb, 0xbb, 0xff, 0xff,
    0x40, 0xb5, 0x5d, 0x6d, 0x57, 0xdb, 0xd5, 0xf6, 0x01, 0x00, 0x66, 0x65, 0xaa, 0xaa, 0xff, 0xff,
    0xc0, 0xb4, 0x3d, 0x6d, 0x4f, 0xdb, 0xd3, 0xf6, 0x13, 0x11, 0x67, 0x66, 0xbb, 0xbb, 0xff, 0xff,
    0x40, 0xb5, 0x5d, 0x6d, 0x57, 0xdb, 0xd5, 0x76, 0x01, 0x00, 0x66, 0x66, 0xbb, 0xab, 0xff, 0xff,
    0xc0, 0xb4, 0x3d, 0x6d, 0x4f, 0xdb, 0xd3, 0xf6, 0x00, 0x00, 0x66, 0x66, 0xbb, 0xab, 0xff, 0xff,
    0xc0, 0xb3, 0xfd, 0x6c, 0x3f, 0xdb, 0xcf, 0xf6, 0x15, 0x01, 0x67, 0x66, 0xaa, 0xaa, 0xef, 0xee,
    0x40, 0xb3, 0xdd, 0x6c, 0x37, 0xdb, 0xcd, 0xf6, 0x12, 0x01, 0x66, 0x66, 0xbb, 0xaa, 0xef, 0xee,
    0xc0, 0x72, 0xbd, 0x5c, 0x2f, 0xd7, 0xcb, 0x75, 0x12, 0x00, 0x66, 0x55, 0xaa, 0xaa, 0xee, 0xee,
    0xc0, 0x30, 0x3d, 0x4c, 0x0f, 0xd3, 0xc3, 0x74, 0x24, 0x01, 0x67, 0x56, 0xbb, 0x9a, 0xef, 0xde,
    0xc0, 0x2b, 0xfc, 0x0a, 0xbf, 0xc2, 0xaf, 0x70, 0x4a, 0x02, 0x79, 0x36, 0xac, 0x69, 0xdf, 0x9c,
    0xc0, 0x30, 0x30, 0x0c, 0x0c, 0x03, 0xc3, 0x40, 0x9f, 0xfc, 0x75, 0xda, 0x52, 0xc8, 0x30, 0xa7,
    0xc0, 0x61, 0x6a, 0x98, 0x1a, 0xa6, 0x86, 0x29, 0x8a, 0xfb, 0x73, 0xea, 0x52, 0xda, 0x50, 0xd9,
    0xc0, 0x13, 0xe7, 0xc4, 0x39, 0x71, 0x4e, 0x9c, 0x76, 0xfb, 0x72, 0xfb, 0x61, 0xda, 0x50, 0xd9,
    0xc0, 0x4d, 0x65, 0x53, 0xd9, 0x54, 0x36, 0x95, 0x78, 0xfc, 0x72, 0xfa, 0x51, 0xfa, 0x50, 0xe9,
    0x40, 0x8a, 0x83, 0xe2, 0xa0, 0x38, 0x28, 0x0e, 0x89, 0xfd, 0x83, 0xed, 0x71, 0xed, 0x70, 0xed,
    0x40, 0x87, 0xc2, 0xa1, 0x70, 0x28, 0x1c, 0x0a, 0x7b, 0xfb, 0x75, 0xfb, 0x73, 0xf9, 0x51, 0xf9,
    0xc0, 0xc4, 0x21, 0x71, 0x48, 0x1c, 0x12, 0x87, 0xa8, 0xfd, 0xa4, 0xfd, 0x74, 0xda, 0x41, 0xd7,
    0x40, 0x03, 0xc1, 0x40, 0x30, 0x10, 0x0c, 0x84, 0x93, 0xf9, 0x91, 0xf9, 0x91, 0xf9, 0x91, 0xf9,
    0x40, 0xc2, 0x80, 0x30, 0x20, 0x0c, 0x08, 0x83, 0xb7, 0xff, 0xb3, 0xff, 0xb3, 0xff, 0xb3, 0xff,
    0xc0, 0x81, 0x60, 0x20, 0x18, 0x08, 0x06, 0x02, 0xb6, 0xfb, 0xb3, 0xfb, 0xb3, 0xfb, 0xb3, 0xfb,
    0x40, 0x41, 0x40, 0x10, 0x10, 0x04, 0x04, 0x01, 0x36, 0xfb, 0x33, 0xfb, 0x33, 0xfb, 0x33, 0xfb,
    0x40, 0x81, 0x40, 0x20, 0x10, 0x08, 0x04, 0x02, 0x01, 0x80, 0x00, 0x80, 0x00, 0x80, 0x00, 0x80,
    0x90, 0x40, 0x00, 0x01, 0x44, 0x20, 0x4c, 0x4b, 0x4b, 0x4b, 0xd5, 0x26, 0x6d, 0xd2, 0x26, 0x6d,
    0xc0, 0x41, 0x61, 0x50, 0x18, 0x14, 0x06, 0x85, 0x80, 0xd8, 0x80, 0xd8, 0x80, 0xd8, 0x80, 0xd8,
    0xc0, 0x02, 0xa2, 0x80, 0x28, 0x20, 0x0a, 0x88, 0x20, 0xe5, 0x20, 0xe5, 0x20, 0xe5, 0x50, 0xb5,
    0x40, 0xc4, 0x02, 0xb1, 0x40, 0x2c, 0x10, 0x0b, 0x44, 0xc9, 0x40, 0xc9, 0x40, 0xe9, 0x40, 0xe9,
    0x40, 0xc6, 0x83, 0xf1, 0x60, 0x3c, 0x18, 0x8f, 0x20, 0xe8, 0x20, 0xe5, 0x20, 0xe5, 0x20, 0xe5,
    0x40, 0x48, 0x05, 0x52, 0x81, 0x54, 0x20, 0x95, 0x31, 0xfa, 0x30, 0xfa, 0x60, 0xfc, 0x60, 0xfc,
    0xc0, 0x8b, 0xe7, 0xe2, 0xb9, 0x78, 0x2e, 0x9e, 0x60, 0xf9, 0x60, 0xf9, 0x60, 0xfa, 0x70, 0xfb,
    0xc0, 0x10, 0x2c, 0x04, 0x0b, 0xc1, 0x42, 0xb0, 0x30, 0xd8, 0x30, 0xe8, 0x40, 0xf9, 0x40, 0xf9,
    0xc0, 0x1a, 0xb4, 0x06, 0xad, 0x41, 0x6b, 0x50, 0x40, 0xd9, 0x51, 0xe9, 0x51, 0xfa, 0x61, 0xfa,
    0xc0, 0x2a, 0xbc, 0x0a, 0xaf, 0xc2, 0xab, 0xf0, 0x40, 0xc9, 0x61, 0xda, 0x72, 0xeb, 0x72, 0xfc,
    0x40, 0xf7, 0xde, 0xbd, 0x77, 0xef, 0xdd, 0xfb, 0x41, 0x86, 0x74, 0xba, 0xa5, 0xec, 0xb7, 0xfe,
    0x40, 0xfb, 0xdf, 0xfe, 0xb7, 0xff, 0xed, 0x7f, 0x11, 0xee, 0x55, 0xff, 0x98, 0xff, 0xa9, 0xff,
    0x90, 0xdf, 0x7f, 0xff, 0xfd, 0xef, 0xaf, 0x00, 0x00, 0x00, 0x4a, 0x02, 0x00, 0x00, 0x00, 0x00,
    0x90, 0xdf, 0x7f, 0xff, 0xfd, 0xef, 0xaf, 0x00, 0x00, 0x00, 0x4a, 0x02, 0x00, 0x00, 0x00, 0x00,
    0x90, 0xdf, 0x7f, 0xff, 0xfd, 0xef, 0xaf, 0x00, 0x00, 0x00, 0x4a, 0x02, 0x00, 0x00, 0x00, 0x00,
    0x90, 0xdf, 0x7f, 0xff, 0xfd, 0xef, 0xaf, 0x00, 0x00, 0x00, 0x4a, 0x02, 0x00, 0x00, 0x00, 0x00,
    0x90, 0xdf, 0x7f, 0xff, 0xfd, 0xef, 0xaf, 0x00, 0x00, 0x00, 0x4a, 0x02, 0x00, 0x00, 0x00, 0x00,
    0x90, 0xdf, 0x7f, 0xff, 0xfd, 0xef, 0xaf, 0x00, 0x00, 0x00, 0x4a, 0x02, 0x00, 0x00, 0x00, 0x00,
    0x90, 0xdf, 0x7f, 0xff, 0xfd, 0xef, 0xaf, 0x00, 0x00, 0x00, 0x4a, 0x02, 0x00, 0x00, 0x00, 0x00,
    0x90, 0xdf, 0x7f, 0xff, 0xfd, 0xef, 0xaf, 0x00, 0x00, 0x00, 0x4a, 0x02, 0x00, 0x00, 0x00, 0x00,
    0x90, 0xdf, 0x7f, 0xff, 0xfd, 0xef, 0xaf, 0x00, 0x00, 0x00, 0x4a, 0x02, 0x00, 0x00, 0x00, 0x00,
    0x90, 0xdf, 0x7f, 0xff, 0xfd, 0xef, 0xaf, 0x00, 0x00, 0x00, 0x4a, 0x02, 0x00, 0x00, 0x00, 0x00,
    0x90, 0xdf, 0x7f, 0xff, 0xfd, 0xef, 0xaf, 0x00, 0x00, 0x00, 0x4a, 0x02, 0x00, 0x00, 0x00, 0x00,
    0x90, 0xdf, 0x7f, 0xff, 0xfd, 0xef, 0xaf, 0x00, 0x00, 0x00, 0x4a, 0x02, 0x00, 0x00, 0x00, 0x00,
    0x90, 0xdf, 0x7f, 0xff, 0xfd, 0xef, 0xaf, 0x00, 0x00, 0x00, 0x4a, 0x02, 0x00, 0x00, 0x00, 0x00,
    0x90, 0xdf, 0x7f, 0xff, 0xfd, 0xef, 0xaf, 0x00, 0x00, 0x00, 0x4a, 0x02, 0x00, 0x00, 0x00, 0x00,
    0x90, 0xdf, 0x7f, 0xff, 0xfd, 0xef, 0xaf, 0x00, 0x00, 0x00, 0x4a, 0x02, 0x00, 0x00, 0x00, 0x00,
    0x90, 0xdf, 0x7f, 0xff, 0xfd, 0xef, 0xaf, 0x00, 0x00, 0x00, 0x4a, 0x02, 0x00, 0x00, 0x00, 0x00,
    0x90, 0xdf, 0x7f, 0xff, 0xfd, 0xef, 0xaf, 0x00, 0x00, 0x00, 0x4a, 0x02, 0x00, 0x00, 0x00, 0x00,
    0x90, 0xdf, 0x7f, 0xff, 0xfd, 0xef, 0xaf, 0x00, 0x00, 0x00, 0x4a, 0x02, 0x00, 0x00, 0x00, 0x00,
    0x90, 0xdf, 0x7f, 0xff, 0xfd, 0xef, 0xaf, 0x00, 0x00, 0x00, 0x4a, 0x02, 0x00, 0x00, 0x00, 0x00,
    0x90, 0xdf, 0x7f, 0xff, 0xfd, 0xef, 0xaf, 0x00, 0x00, 0x00, 0x4a, 0x02, 0x00, 0x00, 0x00, 0x00,
    0x90, 0xdf, 0x7f, 0xff, 0xfd, 0xef, 0xaf, 0x00, 0x00, 0x00, 0x4a, 0x02, 0x00, 0x00, 0x00, 0x00,
    0x90, 0xdf, 0x7f, 0xff, 0xfd, 0xef, 0xaf, 0x00, 0x00, 0x00, 0x4a, 0x02, 0x00, 0x00, 0x00, 0x00,
    0x90, 0xdf, 0x7f, 0xff, 0xfd, 0xef, 0xaf, 0x00, 0x00, 0x00, 0x4a, 0x02, 0x00, 0x00, 0x00, 0x00,
    0x90, 0xdf, 0x7f, 0xff, 0xfd, 0xef, 0xaf, 0x00, 0x00, 0x00, 0x4a, 0x02, 0x00, 0x00, 0x00, 0x00,
    0x90, 0xdf, 0x7f, 0xff, 0xfd, 0xef, 0xaf, 0x00, 0x00, 0x00, 0x4a, 0x02, 0x00, 0x00, 0x00, 0x00,
    0x90, 0xdf, 0x7f, 0xff, 0xfd, 0xef, 0xaf, 0x00, 0x00, 0x00, 0x4a, 0x02, 0x00, 0x00, 0x00, 0x00,
    0x90, 0xdf, 0x7f, 0xff, 0xfd, 0xef, 0xaf, 0x00, 0x00, 0x00, 0x4a, 0x02, 0x00, 0x00, 0x00, 0x00,
    0x90, 0xdf, 0x7f, 0xff, 0xfd, 0xef, 0xaf, 0x00, 0x00, 0x00, 0x4a, 0x02, 0x00, 0x00, 0x00, 0x00,
    0x90, 0xdf, 0x7f, 0xff, 0xfd, 0xef, 0xaf, 0x00, 0x00, 0x00, 0x4a, 0x02, 0x00, 0x00, 0x00, 0x00,
    0x90, 0xdf, 0x7f, 0xff, 0xfd, 0xef, 0xaf, 0x00, 0x00, 0x00, 0x4a, 0x02, 0x00, 0x00, 0x00, 0x00,
    0x90, 0xdf, 0x7f, 0xff, 0xfd, 0xef, 0xaf, 0x00, 0x00, 0x00, 0x4a, 0x02, 0x00, 0x00, 0x00, 0x00,
    0x90, 0xdf, 0x7f, 0xff, 0xfd, 0xef, 0xaf, 0x00, 0x00, 0x00, 0x4a, 0x02, 0x00, 0x00, 0x00, 0x00,
    0x90, 0xdf, 0x7f, 0xff, 0xfd, 0xef, 0xaf, 0x00, 0x00, 0x00, 0x4a, 0x02, 0x00, 0x00, 0x00, 0x00,
    0x90, 0xdf, 0x7f, 0xff, 0xfd, 0xef, 0xaf, 0x00, 0x00, 0x00, 0x4a, 0x02, 0x00, 0x00, 0x00, 0x00,
    0x90, 0xdf, 0x7f, 0xff, 0xfd, 0xef, 0xaf, 0x00, 0x00, 0x00, 0x4a, 0x02, 0x00, 0x00, 0x00, 0x00,
    0x90, 0xdf, 0x7f, 0xff, 0xfd, 0xef, 0xaf, 0x00, 0x00, 0x00, 0x4a, 0x02, 0x00, 0x00, 0x00, 0x00,
    0x90, 0xdf, 0x7f, 0xff, 0xfd, 0xef, 0xaf, 0x00, 0x00, 0x00, 0x4a, 0x02, 0x00, 0x00, 0x00, 0x00,
    0x90, 0xdf, 0x7f, 0xff, 0xfd, 0xef, 0xaf, 0x00, 0x00, 0x00, 0x4a, 0x02, 0x00, 0x00, 0x00, 0x00,
    0xc0, 0x3a, 0xbf, 0xce, 0xaf, 0xf3, 0xeb, 0xfc, 0x25, 0x01, 0x99, 0x67, 0xdd, 0xbc, 0xff, 0xde,
    0x40, 0xbd, 0x5a, 0xaf, 0xd6, 0xab, 0xf5, 0x6a, 0x8c, 0xfb, 0x53, 0xd8, 0x31, 0xb6, 0x20, 0x95,
    0x40, 0x35, 0x53, 0xcd, 0x54, 0x33, 0xd5, 0x4c, 0x77, 0xfb, 0x51, 0xe9, 0x40, 0xd9, 0x40, 0xd9,
    0xc0, 0xa3, 0xeb, 0xe8, 0x3a, 0xba, 0x8e, 0xae, 0x74, 0xfb, 0x61, 0xea, 0x50, 0xea, 0x50, 0xea,
    0x40, 0x95, 0x47, 0xe5, 0x51, 0x79, 0x54, 0x9e, 0x72, 0xfb, 0x71, 0xfb, 0x60, 0xfb, 0x60, 0xfb,
    0x40, 0x4e, 0x85, 0x53, 0xe1, 0x54, 0x38, 0x95, 0x55, 0xfb, 0x52, 0xfb, 0x51, 0xfb, 0x40, 0xfb,
    0x40, 0xca, 0x83, 0xf2, 0xa0, 0x3c, 0x28, 0x8f, 0x82, 0xfb, 0x81, 0xfb, 0x60, 0xfb, 0x60, 0xfb,
    0x40, 0x87, 0xc2, 0xa1, 0x70, 0x28, 0x1c, 0x0a, 0x53, 0xf7, 0x53, 0xf7, 0x53, 0xd7, 0x53, 0xd7,
    0x40, 0xc5, 0x41, 0x71, 0x50, 0x1c, 0x14, 0x07, 0x73, 0xfa, 0x71, 0xfd, 0x71, 0xdd, 0x71, 0xfd,
    0x40, 0x03, 0xc1, 0x40, 0x30, 0x10, 0x0c, 0x84, 0x93, 0xf9, 0x91, 0xf9, 0x91, 0xf9, 0x51, 0xf9,
    0x40, 0xc2, 0x80, 0x30, 0x20, 0x0c, 0x08, 0x83, 0xb7, 0xff, 0xb3, 0xff, 0x33, 0xff, 0x33, 0xff,
    0xc0, 0x81, 0x60, 0x20, 0x18, 0x08, 0x06, 0x02, 0xb6, 0xfb, 0xb3, 0xfb, 0xb3, 0xfb, 0xb3, 0xfb,
    0x40, 0x41, 0x40, 0x10, 0x10, 0x04, 0x04, 0x01, 0x36, 0xfb, 0x33, 0xfb, 0x33, 0xf3, 0x33, 0xf3,
    0x40, 0x81, 0x40, 0x20, 0x10, 0x08, 0x04, 0x02, 0x01, 0x80, 0x00, 0x80, 0x00, 0x80, 0x00, 0x80,
    0x90, 0x40, 0x00, 0x01, 0x44, 0x20, 0x4c, 0x4b, 0x4b, 0x4b, 0xd5, 0x26, 0x6d, 0xd2, 0x26, 0x6d,
    0xc0, 0x41, 0x61, 0x50, 0x18, 0x14, 0x06, 0x85, 0x80, 0xd8, 0x80, 0xd8, 0x80, 0xd8, 0x80, 0xd8,
    0xc0, 0x02, 0xa2, 0x80, 0x28, 0x20, 0x0a, 0x88, 0x50, 0xb5, 0x20, 0xe5, 0x20, 0xe5, 0x20, 0xe5,
    0x40, 0xc4, 0x02, 0xb1, 0x40, 0x2c, 0x10, 0x0b, 0x40, 0xe9, 0x40, 0xe9, 0x40, 0xc9, 0x42, 0xc9,
    0x40, 0xc6, 0x83, 0xf1, 0x60, 0x3c, 0x18, 0x8f, 0x20, 0xe5, 0x20, 0xe5, 0x20, 0xe5, 0x20, 0xe8,
    0x40, 0x48, 0x05, 0x52, 0x81, 0x54, 0x20, 0x95, 0x61, 0xfc, 0x60, 0xfc, 0x30, 0xfa, 0x30, 0xfa,
    0xc0, 0x8b, 0xe7, 0xe2, 0xb9, 0x78, 0x2e, 0x9e, 0x70, 0xfb, 0x60, 0xfa, 0x60, 0xf9, 0x60, 0xf9,
    0xc0, 0x10, 0x2c, 0x04, 0x0b, 0xc1, 0x42, 0xb0, 0x40, 0xf9, 0x40, 0xf9, 0x30, 0xe8, 0x30, 0xd8,
    0xc0, 0x1a, 0xb4, 0x06, 0xad, 0x41, 0x6b, 0x50, 0x62, 0xfa, 0x51, 0xfa, 0x51, 0xe9, 0x40, 0xd9,
    0xc0, 0x2a, 0xbc, 0x0a, 0xaf, 0xc2, 0xab, 0xf0, 0x74, 0xfc, 0x72, 0xeb, 0x61, 0xda, 0x40, 0xc9,
    0x40, 0xf7, 0xde, 0xbd, 0x77, 0xef, 0xdd, 0xfb, 0xbf, 0xfe, 0xa5, 0xec, 0x74, 0xba, 0x40, 0x86,
    0xc0, 0xbf, 0xfd, 0x6f, 0xff, 0xdb, 0xff, 0xf6, 0x5c, 0x00, 0x67, 0x00, 0xaa, 0x00, 0xef, 0x11,
    0x90, 0xdf, 0x7f, 0xff, 0xfd, 0xef, 0x03, 0x00, 0x00, 0xaa, 0x00, 0x00, 0x00, 0x00, 0x90, 0x24,
    0x90, 0xdf, 0x7f, 0xff, 0xfd, 0xef, 0x03, 0x00, 0x00, 0xaa, 0x00, 0x00, 0x00, 0x00, 0x90, 0x24,
    0x90, 0xdf, 0x7f, 0xff, 0xfd, 0xef, 0x03, 0x00, 0x00, 0xaa, 0x00, 0x00, 0x00, 0x00, 0x90, 0x24,
    0x90, 0xdf, 0x7f, 0xff, 0xfd, 0xef, 0x03, 0x00, 0x00, 0xaa, 0x00, 0x00, 0x00, 0x00, 0x90, 0x24,
    0x90, 0xdf, 0x7f, 0xff, 0xfd, 0xef, 0x03, 0x00, 0x00, 0xaa, 0x00, 0x00, 0x00, 0x00, 0x90, 0x24,
    0x90, 0xdf, 0x7f, 0xff, 0xfd, 0xef, 0x03, 0x00, 0x00, 0xaa, 0x00, 0x00, 0x00, 0x00, 0x90, 0x24,
    0x90, 0xdf, 0x7f, 0xff, 0xfd, 0xef, 0x03, 0x00, 0x00, 0xaa, 0x00, 0x00, 0x00, 0x00, 0x90, 0x24,
    0x90, 0xdf, 0x7f, 0xff, 0xfd, 0xef, 0x03, 0x00, 0x00, 0xaa, 0x00, 0x00, 0x00, 0x00, 0x90, 0x24,
    0x90, 0xdf, 0x7f, 0xff, 0xfd, 0xef, 0x03, 0x00, 0x00, 0xaa, 0x00, 0x00, 0x00, 0x00, 0x90, 0x24,
    0x90, 0xdf, 0x7f, 0xff, 0xfd, 0xef, 0x03, 0x00, 0x00, 0xaa, 0x00, 0x00, 0x00, 0x00, 0x90, 0x24,
    0x90, 0xdf, 0x7f, 0xff, 0xfd, 0xef, 0x03, 0x00, 0x00, 0xaa, 0x00, 0x00, 0x00, 0x00, 0x90, 0x24,
    0x90, 0xdf, 0x7f, 0xff, 0xfd, 0xef, 0x03, 0x00, 0x00, 0xaa, 0x00, 0x00, 0x00, 0x00, 0x90, 0x24,
    0x90, 0xdf, 0x7f, 0xff, 0xfd, 0xef, 0x03, 0x00, 0x00, 0xaa, 0x00, 0x00, 0x00, 0x00, 0x90, 0x24,
    0x90, 0xdf, 0x7f, 0xff, 0xfd, 0xef, 0x03, 0x00, 0x00, 0xaa, 0x00, 0x00, 0x00, 0x00, 0x90, 0x24,
    0x90, 0xdf, 0x7f, 0xff, 0xfd, 0xef, 0x03, 0x00, 0x00, 0xaa, 0x00, 0x00, 0x00, 0x00, 0x90, 0x24,
    0x90, 0xdf, 0x7f, 0xff, 0xfd, 0xef, 0x03, 0x00, 0x00, 0xaa, 0x00, 0x00, 0x00, 0x00, 0x90, 0x24,
    0x90, 0xdf, 0x7f, 0xff, 0xfd, 0xef, 0x03, 0x00, 0x00, 0xaa, 0x00, 0x00, 0x00, 0x00, 0x90, 0x24,
    0x90, 0xdf, 0x7f, 0xff, 0xfd, 0xef, 0x03, 0x00, 0x00, 0xaa, 0x00, 0x00, 0x00, 0x00, 0x90, 0x24,
    0x90, 0xdf, 0x7f, 0xff, 0xfd, 0xef, 0x03, 0x00, 0x00, 0xaa, 0x00, 0x00, 0x00, 0x00, 0x90, 0x24,
    0x90, 0xdf, 0x7f, 0xff, 0xfd, 0xef, 0x03, 0x00, 0x00, 0xaa, 0x00, 0x00, 0x00, 0x00, 0x90, 0x24,
    0x90, 0xdf, 0x7f, 0xff, 0xfd, 0xef, 0x03, 0x00, 0x00, 0xaa, 0x00, 0x00, 0x00, 0x00, 0x90, 0x24,
    0x90, 0xdf, 0x7f, 0xff, 0xfd, 0xef, 0x03, 0x00, 0x00, 0xaa, 0x00, 0x00, 0x00, 0x00, 0x90, 0x24,
    0x90, 0xdf, 0x7f, 0xff, 0xfd, 0xef, 0x03, 0x00, 0x00, 0xaa, 0x00, 0x00, 0x00, 0x00, 0x90, 0x24,
    0x90, 0xdf, 0x7f, 0xff, 0xfd, 0xef, 0x03, 0x00, 0x00, 0xaa, 0x00, 0x00, 0x00, 0x00, 0x90, 0x24,
    0x90, 0xdf, 0x7f, 0xff, 0xfd, 0xef, 0x03, 0x00, 0x00, 0xaa, 0x00, 0x00, 0x00, 0x00, 0x90, 0x24,
    0x90, 0xdf, 0x7f, 0xff, 0xfd, 0xef, 0x03, 0x00, 0x00, 0xaa, 0x00, 0x00, 0x00, 0x00, 0x90, 0x24,
    0x90, 0xdf, 0x7f, 0xff, 0xfd, 0xef, 0x03, 0x00, 0x00, 0xaa, 0x00, 0x00, 0x00, 0x00, 0x90, 0x24,
    0x90, 0xdf, 0x7f, 0xff, 0xfd, 0xef, 0x03, 0x00, 0x00, 0xaa, 0x00, 0x00, 0x00, 0x00, 0x90, 0x24,
    0x90, 0xdf, 0x7f, 0xff, 0xfd, 0xef, 0x03, 0x00, 0x00, 0xaa, 0x00, 0x00, 0x00, 0x00, 0x90, 0x24,
    0x90, 0xdf, 0x7f, 0xff, 0xfd, 0xef, 0x03, 0x00, 0x00, 0xaa, 0x00, 0x00, 0x00, 0x00, 0x90, 0x24,
    0x90, 0xdf, 0x7f, 0xff, 0xfd, 0xef, 0x03, 0x00, 0x00, 0xaa, 0x00, 0x00, 0x00, 0x00, 0x90, 0x24,
    0x90, 0xdf, 0x7f, 0xff, 0xfd, 0xef, 0x03, 0x00, 0x00, 0xaa, 0x00, 0x00, 0x00, 0x00, 0x90, 0x24,
    0x90, 0xdf, 0x7f, 0xff, 0xfd, 0xef, 0x03, 0x00, 0x00, 0xaa, 0x00, 0x00, 0x00, 0x00, 0x90, 0x24,
    0x90, 0xdf, 0x7f, 0xff, 0xfd, 0xef, 0x03, 0x00, 0x00, 0xaa, 0x00, 0x00, 0x00, 0x00, 0x90, 0x24,
    0x90, 0xdf, 0x7f, 0xff, 0xfd, 0xef, 0x03, 0x00, 0x00, 0xaa, 0x00, 0x00, 0x00, 0x00, 0x90, 0x24,
    0x90, 0xdf, 0x7f, 0xff, 0xfd, 0xef, 0x03, 0x00, 0x00, 0xaa, 0x00, 0x00, 0x00, 0x00, 0x90, 0x24,
    0x90, 0xdf, 0x7f, 0xff, 0xfd, 0xef, 0x03, 0x00, 0x00, 0xaa, 0x00, 0x00, 0x00, 0x00, 0x90, 0x24,
    0x90, 0xdf, 0x7f, 0xff, 0xfd, 0xef, 0x03, 0x00, 0x00, 0xaa, 0x00, 0x00, 0x00, 0x00, 0x90, 0x24,
    0x40, 0x7e, 0x9d, 0x5f, 0xe7, 0xd7, 0xf9, 0xf5, 0x01, 0x21, 0x22, 0x43, 0x66, 0x98, 0xdd, 0xfe,
    0x40, 0xbd, 0x5a, 0xaf, 0xd6, 0xab, 0xf5, 0x6a, 0x20, 0x95, 0x31, 0xb6, 0x53, 0xd8, 0x86, 0xfb,
    0x40, 0x35, 0x53, 0xcd, 0x54, 0x33, 0xd5, 0x4c, 0x41, 0xd9, 0x40, 0xd9, 0x51, 0xe9, 0x73, 0xfb,
    0xc0, 0xa3, 0xeb, 0xe8, 0x3a, 0xba, 0x8e, 0xae, 0x50, 0xea, 0x50, 0xea, 0x61, 0xea, 0x72, 0xfb,
    0x40, 0x95, 0x47, 0xe5, 0x51, 0x79, 0x54, 0x9e, 0x60, 0xfb, 0x60, 0xfb, 0x71, 0xfb, 0x71, 0xfb,
    0x40, 0x4e, 0x85, 0x53, 0xe1, 0x54, 0x38, 0x95, 0x41, 0xfb, 0x51, 0xfb, 0x52, 0xfb, 0x52, 0xfb,
    0x40, 0xca, 0x83, 0xf2, 0xa0, 0x3c, 0x28, 0x8f, 0x60, 0xfb, 0x60, 0xfb, 0x81, 0xfb, 0x81, 0xfb,
    0x40, 0x87, 0xc2, 0xa1, 0x70, 0x28, 0x1c, 0x0a, 0x57, 0xd7, 0x53, 0xd7, 0x53, 0xf7, 0x51, 0xf7,
    0x40, 0xc5, 0x41, 0x71, 0x50, 0x1c, 0x14, 0x07, 0x73, 0xfd, 0x71, 0xdd, 0x71, 0xfd, 0x71, 0xfa,
    0x40, 0x03, 0xc1, 0x40, 0x30, 0x10, 0x0c, 0x84, 0x53, 0xf9, 0x91, 0xf9, 0x91, 0xf9, 0x91, 0xf9,
    0x40, 0xc2, 0x80, 0x30, 0x20, 0x0c, 0x08, 0x83, 0x37, 0xff, 0x33, 0xff, 0xb3, 0xff, 0xb3, 0xff,
    0xc0, 0x81, 0x60, 0x20, 0x18, 0x08, 0x06, 0x02, 0xb6, 0xfb, 0xb3, 0xfb, 0xb3, 0xfb, 0xb3, 0xfb,
    0x40, 0x41, 0x40, 0x10, 0x10, 0x04, 0x04, 0x01, 0x36, 0xf3, 0x33, 0xf3, 0x33, 0xfb, 0x33, 0xfb,
    0x40, 0x81, 0x40, 0x20, 0x10, 0x08, 0x04, 0x02, 0x01, 0x80, 0x00, 0x80, 0x00, 0x00, 0x00, 0x00,
    0x40, 0xc1, 0x40, 0x30, 0x10, 0x0c, 0x04, 0x83, 0x01, 0xcc, 0x00, 0xc4, 0x00, 0xc4, 0x00, 0xc4,
    0xc0, 0x41, 0x61, 0x50, 0x18, 0x14, 0x06, 0x85, 0x80, 0xd8, 0x80, 0x88, 0x80, 0x88, 0x30, 0x88,
    0xc0, 0x02, 0xa2, 0x80, 0x28, 0x20, 0x0a, 0x88, 0x00, 0xe5, 0x00, 0xb5, 0x00, 0x85, 0x00, 0x85,
    0xc0, 0x83, 0xe2, 0xa0, 0x38, 0x28, 0x0e, 0x8a, 0x79, 0xe9, 0x42, 0xe7, 0x40, 0xe7, 0x20, 0xe7,
    0xc0, 0xc5, 0x63, 0xf1, 0x58, 0x3c, 0x16, 0x8f, 0x64, 0xea, 0x42, 0xe8, 0x40, 0xe6, 0x40, 0xc6,
    0xc0, 0x47, 0xe5, 0x51, 0x79, 0x54, 0x1e, 0x95, 0x51, 0xfb, 0x50, 0xea, 0x40, 0xe9, 0x40, 0xe7,
    0x40, 0x4b, 0xc7, 0xd2, 0xb1, 0x74, 0x2c, 0x9d, 0x65, 0xfb, 0x61, 0xea, 0x41, 0xc9, 0x40, 0xc7,
    0xc0, 0x4f, 0xeb, 0xd3, 0xfa, 0xb4, 0x3e, 0x2d, 0x55, 0xf9, 0x41, 0xe9, 0x40, 0xc7, 0x30, 0xb7,
    0xc0, 0x97, 0xf2, 0xa5, 0x7c, 0x29, 0x5f, 0xca, 0x64, 0xfb, 0x62, 0xd9, 0x41, 0xc8, 0x30, 0xa6,
    0x40, 0xa3, 0xd9, 0x68, 0x36, 0x9a, 0x8d, 0xe6, 0x9b, 0xfc, 0x74, 0xda, 0x52, 0xa8, 0x30, 0x86,
    0xc0, 0xb8, 0x36, 0xae, 0x8d, 0x6b, 0xe3, 0xda, 0x3b, 0x01, 0x67, 0x34, 0xab, 0x68, 0xdf, 0xbc,
    0x40, 0xba, 0x98, 0x2e, 0xa6, 0x8b, 0xe9, 0x62, 0x13, 0x01, 0x55, 0x45, 0x9a, 0x89, 0xef, 0xde,
    0xc0, 0x7a, 0xb9, 0x5e, 0xae, 0x97, 0xeb, 0x65, 0x12, 0x01, 0x55, 0x45, 0x9a, 0x89, 0xef, 0xee,
    0xc0, 0xfa, 0xb9, 0x7e, 0xae, 0x9f, 0xeb, 0xe7, 0x12, 0x00, 0x45, 0x44, 0x9a, 0x99, 0xef, 0xee,
    0x40, 0x7b, 0xda, 0x9e, 0xb6, 0xa7, 0xed, 0xe9, 0x12, 0x00, 0x55, 0x55, 0xaa, 0x99, 0xff, 0xff,
    0x40, 0x7b, 0xda, 0x9e, 0xb6, 0xa7, 0xed, 0x69, 0x01, 0x00, 0x44, 0x44, 0x99, 0x99, 0xff, 0xff,
    0x40, 0xbb, 0xda, 0xae, 0xb6, 0xab, 0xed, 0xea, 0x12, 0x00, 0x44, 0x44, 0x99, 0x99, 0xff, 0xff,
    0xc0, 0xbb, 0xfa, 0xae, 0xbe, 0xab, 0xef, 0xea, 0x13, 0x11, 0x55, 0x55, 0xaa, 0x99, 0xff, 0xff,
    0x40, 0xbb, 0xda, 0xae, 0xb6, 0xab, 0xed, 0xea, 0x01, 0x00, 0x55, 0x45, 0x9a, 0x99, 0xff, 0xff,
    0x40, 0xbb, 0xda, 0xae, 0xb6, 0xab, 0xed, 0xea, 0x01, 0x00, 0x44, 0x44, 0x99, 0x99, 0xff, 0xff,
    0x40, 0xfb, 0xda, 0xbe, 0xb6, 0xaf, 0xed, 0xeb, 0x00, 0x00, 0x44, 0x44, 0x99, 0x99, 0xff, 0xff,
    0x40, 0xfb, 0xda, 0xbe, 0xb6, 0xaf, 0xed, 0xeb, 0x00, 0x00, 0x44, 0x44, 0x99, 0x99, 0xff, 0xff,
    0x40, 0xfb, 0xda, 0xbe, 0xb6, 0xaf, 0xed, 0xeb, 0x00, 0x00, 0x44, 0x44, 0x99, 0x99, 0xff, 0xff,
    0xc0, 0xfb, 0xfa, 0xbe, 0xbe, 0xaf, 0xef, 0xeb, 0x12, 0x01, 0x55, 0x55, 0x99, 0x99, 0xff, 0xff,
    0x40, 0xbc, 0x1a, 0xaf, 0xc6, 0xab, 0xf1, 0x6a, 0x12, 0x11, 0x55, 0x55, 0x99, 0x99, 0xee, 0xee,
    0x40, 0xbc, 0x1a, 0xaf, 0xc6, 0xab, 0xf1, 0x6a, 0x12, 0x11, 0x55, 0x55, 0x99, 0x99, 0xee, 0xee,
    0x40, 0xbc, 0x1a, 0xaf, 0xc6, 0xab, 0xf1, 0x6a, 0x12, 0x11, 0x55, 0x55, 0x99, 0x99, 0xee, 0xee,
    0x40, 0xbc, 0x1a, 0xaf, 0xc6, 0xab, 0xf1, 0x6a, 0x12, 0x11, 0x55, 0x55, 0x99, 0x99, 0xee, 0xee,
    0x40, 0xbc, 0x1a, 0xaf, 0xc6, 0xab, 0xf1, 0x6a, 0x12, 0x11, 0x55, 0x55, 0x99, 0x99, 0xee, 0xee,
    0x40, 0xbc, 0x1a, 0xaf, 0xc6, 0xab, 0xf1, 0x6a, 0x12, 0x11, 0x55, 0x55, 0x99, 0x99, 0xee, 0xee,
    0x40, 0xbc, 0x1a, 0xaf, 0xc6, 0xab, 0xf1, 0x6a, 0x12, 0x11, 0x55, 0x55, 0x99, 0x99, 0xee, 0xee,
    0x40, 0xbc, 0x1a, 0xaf, 0xc6, 0xab, 0xf1, 0x6a, 0x12, 0x11, 0x55, 0x55, 0x99, 0x99, 0xee, 0xee,
    0x40, 0xbc, 0x1a, 0xaf, 0xc6, 0xab, 0xf1, 0x6a, 0x12, 0x11, 0x55, 0x55, 0x99, 0x99, 0xee, 0xee,
    0x40, 0xbc, 0x1a, 0xaf, 0xc6, 0xab, 0xf1, 0x6a, 0x12, 0x11, 0x55, 0x55, 0x99, 0x99, 0xee, 0xee,
    0x40, 0xbc, 0x1a, 0xaf, 0xc6, 0xab, 0xf1, 0x6a, 0x12, 0x11, 0x55, 0x55, 0x99, 0x99, 0xee, 0xee,
    0x40, 0xbc, 0x1a, 0xaf, 0xc6, 0xab, 0xf1, 0x6a, 0x12, 0x11, 0x55, 0x55, 0x99, 0x99, 0xee, 0xee,
    0x40, 0xbc, 0x1a, 0xaf, 0xc6, 0xab, 0xf1, 0x6a, 0x12, 0x11, 0x55, 0x55, 0x99, 0x99, 0xee, 0xee,
    0x40, 0xbc, 0x1a, 0xaf, 0xc6, 0xab, 0xf1, 0x6a, 0x12, 0x11, 0x55, 0x55, 0x99, 0x99, 0xee, 0xee,
    0x40, 0xfb, 0xda, 0xbe, 0xb6, 0xaf, 0xed, 0xeb, 0x00, 0x00, 0x44, 0x44, 0x99, 0x99, 0xff, 0xff,
    0x40, 0xfb, 0xda, 0xbe, 0xb6, 0xaf, 0xed, 0xeb, 0x00, 0x00, 0x44, 0x44, 0x99, 0x99, 0xff, 0xff,
    0x40, 0xfb, 0xda, 0xbe, 0xb6, 0xaf, 0xed, 0xeb, 0x00, 0x00, 0x44, 0x44, 0x99, 0x99, 0xff, 0xff,
    0x40, 0xfb, 0xda, 0xbe, 0xb6, 0xaf, 0xed, 0xeb, 0x00, 0x00, 0x44, 0x44, 0x99, 0x99, 0xff, 0xff,
    0x40, 0xbb, 0xda, 0xae, 0xb6, 0xab, 0xed, 0xea, 0x01, 0x00, 0x44, 0x44, 0x99, 0x99, 0xff, 0xff,
    0x40, 0xbb, 0xda, 0xae, 0xb6, 0xab, 0xed, 0xea, 0x01, 0x00, 0x55, 0x55, 0x99, 0x9a, 0xff, 0xff,
    0x40, 0x7b, 0xda, 0x9e, 0xb6, 0xa7, 0xed, 0xe9, 0x01, 0x00, 0x44, 0x44, 0x98, 0x99, 0xee, 0xee,
    0x40, 0xbb, 0xda, 0xae, 0xb6, 0xab, 0xed, 0xea, 0x00, 0x00, 0x44, 0x54, 0x99, 0x99, 0xff, 0xff,
    0x40, 0x7b, 0xda, 0x9e, 0xb6, 0xa7, 0xed, 0x69, 0x01, 0x00, 0x44, 0x54, 0x99, 0x99, 0xff, 0xff,
    0x40, 0xfb, 0xd9, 0x7e, 0xb6, 0x9f, 0xed, 0xe7, 0x11, 0x11, 0x55, 0x55, 0x98, 0x99, 0xed, 0xfe,
    0x40, 0xbb, 0xd9, 0x6e, 0xb6, 0x9b, 0xed, 0x66, 0x11, 0x11, 0x44, 0x55, 0x99, 0x99, 0xee, 0xfe,
    0xc0, 0x7a, 0xb9, 0x5e, 0xae, 0x97, 0xeb, 0x65, 0x12, 0x11, 0x55, 0x55, 0x99, 0xaa, 0xee, 0xff,
    0x40, 0x7a, 0x98, 0x1e, 0xa6, 0x87, 0xe9, 0x61, 0x10, 0x21, 0x44, 0x65, 0x98, 0xa9, 0xdd, 0xfe,
    0x40, 0xf8, 0x15, 0x7e, 0x85, 0x5f, 0xe1, 0x57, 0x20, 0x63, 0x53, 0x96, 0x86, 0xc9, 0xba, 0xfd,
    0xc0, 0x30, 0x30, 0x0c, 0x0c, 0x03, 0xc3, 0x40, 0x31, 0xa7, 0x52, 0xc8, 0x75, 0xda, 0x97, 0xfc,
    0xc0, 0x61, 0x6a, 0x98, 0x1a, 0xa6, 0x86, 0x29, 0x50, 0xd9, 0x52, 0xda, 0x73, 0xea, 0x85, 0xfb,
    0xc0, 0x13, 0xe7, 0xc4, 0x39, 0x71, 0x4e, 0x9c, 0x50, 0xd9, 0x61, 0xda, 0x72, 0xfb, 0x73, 0xfb,
    0xc0, 0x4d, 0x65, 0x53, 0xd9, 0x54, 0x36, 0x95, 0x50, 0xe9, 0x51, 0xfa, 0x72, 0xfa, 0x74, 0xfc,
    0x40, 0x8a, 0x83, 0xe2, 0xa0, 0x38, 0x28, 0x0e, 0x71, 0xed, 0x71, 0xed, 0x83, 0xed, 0x84, 0xfd,
    0x40, 0x87, 0xc2, 0xa1, 0x70, 0x28, 0x1c, 0x0a, 0x53, 0xf9, 0x73, 0xf9, 0x75, 0xfb, 0x75, 0xfb,
    0xc0, 0xc4, 0x21, 0x71, 0x48, 0x1c, 0x12, 0x87, 0x42, 0xd7, 0x74, 0xda, 0xa4, 0xfd, 0xa4, 0xfd,
    0x40, 0x03, 0xc1, 0x40, 0x30, 0x10, 0x0c, 0x84, 0x93, 0xf9, 0x91, 0xf9, 0x91, 0xf9, 0x91, 0xf9,
    0x40, 0xc2, 0x80, 0x30, 0x20, 0x0c, 0x08, 0x83, 0xb7, 0xff, 0xb3, 0xff, 0xb3, 0xff, 0xb3, 0xff,
    0xc0, 0x81, 0x60, 0x20, 0x18, 0x08, 0x06, 0x02, 0xb6, 0xfb, 0xb3, 0xfb, 0xb3, 0xfb, 0xb3, 0xfb,
    0x40, 0x41, 0x40, 0x10, 0x10, 0x04, 0x04, 0x01, 0x36, 0xfb, 0x33, 0xfb, 0x33, 0xfb, 0x33, 0xfb,
    0x40, 0x41, 0x40, 0x10, 0x10, 0x04, 0x04, 0x01, 0x36, 0x33, 0x33, 0x33, 0x33, 0x33, 0x3f, 0x33,
    0x40, 0xc1, 0x40, 0x30, 0x10, 0x0c, 0x04, 0x83, 0x01, 0xc4, 0x00, 0xc4, 0x00, 0xc4, 0x00, 0x40,
    0xc0, 0x01, 0x61, 0x40, 0x18, 0x10, 0x06, 0x84, 0x41, 0xcc, 0x40, 0xcc, 0x40, 0xcc, 0x00, 0xc4,
    0x40, 0x82, 0x81, 0x60, 0x20, 0x18, 0x08, 0x86, 0x6d, 0xee, 0x66, 0xee, 0x66, 0xea, 0x60, 0xea,
    0x40, 0x83, 0xc2, 0xa0, 0x30, 0x28, 0x0c, 0x8a, 0x53, 0xe9, 0x51, 0xd9, 0x51, 0xd9, 0x50, 0x99,
    0x40, 0x85, 0x43, 0xe1, 0x50, 0x38, 0x14, 0x8e, 0x84, 0xe8, 0x82, 0xc8, 0x82, 0xc8, 0x40, 0xc6,
    0x40, 0x07, 0xc5, 0x41, 0x71, 0x50, 0x1c, 0x94, 0x52, 0xfc, 0x41, 0xc9, 0x21, 0xc8, 0x20, 0xc8,
    0x40, 0xca, 0x86, 0xb2, 0xa1, 0x6c, 0x28, 0x1b, 0x77, 0xfc, 0x63, 0xeb, 0x53, 0xca, 0x30, 0xc8,
    0xc0, 0x0d, 0x6a, 0x83, 0xda, 0xa0, 0x36, 0x28, 0x67, 0xfa, 0x43, 0xd8, 0x42, 0xb7, 0x30, 0x85,
    0x40, 0x53, 0xcf, 0xd4, 0x33, 0xf5, 0x4c, 0x3d, 0x78, 0xfb, 0x53, 0xc8, 0x41, 0x96, 0x30, 0x65,
    0x40, 0x1a, 0x94, 0x06, 0xa5, 0x41, 0x69, 0x50, 0xaf, 0xfd, 0x74, 0xc9, 0x42, 0x86, 0x20, 0x54,
    0x40, 0x2d, 0x50, 0x0b, 0xd4, 0x02, 0xb5, 0xc0, 0x29, 0x01, 0x68, 0x45, 0xac, 0x89, 0xef, 0xbd,
    0x40, 0x2f, 0xd2, 0x8b, 0xf4, 0x22, 0xbd, 0xc8, 0x14, 0x01, 0x66, 0x46, 0xab, 0x9a, 0xef, 0xdd,
    0x40, 0x30, 0x13, 0xcc, 0x04, 0x33, 0xc1, 0xcc, 0x15, 0x00, 0x66, 0x45, 0xab, 0x99, 0xff, 0xee,
    0x40, 0xf1, 0x53, 0xfc, 0x14, 0x3f, 0xc5, 0xcf, 0x12, 0x01, 0x66, 0x55, 0xab, 0x9a, 0xff, 0xde,
    0xc0, 0x71, 0x74, 0x1c, 0x1d, 0x47, 0xc7, 0x51, 0x00, 0x00, 0x55, 0x45, 0xaa, 0x9a, 0xff, 0xee,
    0xc0, 0xb2, 0xb4, 0x2c, 0x2d, 0x4b, 0xcb, 0x52, 0x13, 0x01, 0x66, 0x65, 0xaa, 0xaa, 0xee, 0xee,
    0x40, 0xf2, 0x94, 0x3c, 0x25, 0x4f, 0xc9, 0xd3, 0x01, 0x00, 0x56, 0x55, 0xaa, 0xaa, 0xff, 0xef,
    0x40, 0xf2, 0x94, 0x3c, 0x25, 0x4f, 0xc9, 0xd3, 0x00, 0x00, 0x55, 0x55, 0x99, 0x99, 0xee, 0xde,
    0x40, 0x33, 0xd5, 0x4c, 0x35, 0x53, 0xcd, 0x54, 0x13, 0x11, 0x66, 0x66, 0xaa, 0xaa, 0xff, 0xee,
    0xc0, 0x32, 0xb5, 0x4c, 0x2d, 0x53, 0xcb, 0xd4, 0x03, 0x00, 0x55, 0x55, 0xaa, 0xaa, 0xee, 0xee,
    0x80, 0x4d, 0xbe, 0xf4, 0xe6, 0x4b, 0x6f, 0xbe, 0xf4, 0xe6, 0x4b, 0x2f, 0x02, 0x54, 0x55, 0xab,
    0x80, 0x52, 0xae, 0x97, 0xe6, 0x7a, 0x69, 0xae, 0x97, 0xe6, 0x7a, 0x29, 0x01, 0xaa, 0xaa, 0xea,
    0x80, 0x4d, 0xbe, 0xd4, 0xe6, 0x4b, 0x6d, 0xbe, 0xd4, 0xe6, 0x4b, 0x2d, 0x03, 0x54, 0xff, 0xab,
    0x80, 0x4d, 0xbe, 0xd4, 0xe6, 0x4b, 0x6d, 0xbe, 0xd4, 0xe6, 0x4b, 0x2d, 0x03, 0x54, 0xff, 0xab,
    0xc0, 0x72, 0xb5, 0x5c, 0x2d, 0x57, 0xcb, 0xd5, 0x00, 0x00, 0x55, 0x55, 0xaa, 0xaa, 0xee, 0xee,
    0xc0, 0x72, 0xb5, 0x5c, 0x2d, 0x57, 0xcb, 0xd5, 0x00, 0x00, 0x55, 0x55, 0xaa, 0xaa, 0xee, 0xee,
    0xc0, 0x72, 0xb5, 0x5c, 0x2d, 0x57, 0xcb, 0xd5, 0x00, 0x00, 0x55, 0x55, 0xaa, 0xaa, 0xee, 0xee,
    0xc0, 0x72, 0xb5, 0x5c, 0x2d, 0x57, 0xcb, 0xd5, 0x00, 0x00, 0x55, 0x55, 0xaa, 0xaa, 0xee, 0xee,
    0xc0, 0x72, 0xb5, 0x5c, 0x2d, 0x57, 0xcb, 0xd5, 0x00, 0x00, 0x55, 0x55, 0xaa, 0xaa, 0xee, 0xee,
    0xc0, 0x72, 0xb5, 0x5c, 0x2d, 0x57, 0xcb, 0xd5, 0x00, 0x00, 0x55, 0x55, 0xaa, 0xaa, 0xee, 0xee,
    0xc0, 0x72, 0xb5, 0x5c, 0x2d, 0x57, 0xcb, 0xd5, 0x00, 0x00, 0x55, 0x55, 0xaa, 0xaa, 0xee, 0xee,
    0xc0, 0x72, 0xb5, 0x5c, 0x2d, 0x57, 0xcb, 0xd5, 0x00, 0x00, 0x55, 0x55, 0xaa, 0xaa, 0xee, 0xee,
    0xc0, 0x72, 0xb5, 0x5c, 0x2d, 0x57, 0xcb, 0xd5, 0x00, 0x00, 0x55, 0x55, 0xaa, 0xaa, 0xee, 0xee,
    0xc0, 0x72, 0xb5, 0x5c, 0x2d, 0x57, 0xcb, 0xd5, 0x00, 0x00, 0x55, 0x55, 0xaa, 0xaa, 0xee, 0xee,
    0xc0, 0x72, 0xb5, 0x5c, 0x2d, 0x57, 0xcb, 0xd5, 0x00, 0x00, 0x55, 0x55, 0xaa, 0xaa, 0xee, 0xee,
    0xc0, 0x72, 0xb5, 0x5c, 0x2d, 0x57, 0xcb, 0xd5, 0x00, 0x00, 0x55, 0x55, 0xaa, 0xaa, 0xee, 0xee,
    0xc0, 0x72, 0xb5, 0x5c, 0x2d, 0x57, 0xcb, 0xd5, 0x00, 0x00, 0x55, 0x55, 0xaa, 0xaa, 0xee, 0xee,
    0xc0, 0xb2, 0xb5, 0x6c, 0x2d, 0x5b, 0xcb, 0xd6, 0x00, 0x00, 0x55, 0x55, 0xaa, 0xaa, 0xff, 0xff,
    0x80, 0x4d, 0xbe, 0xd4, 0xe6, 0x4b, 0x6d, 0xbe, 0xd4, 0xe6, 0x4b, 0x2d, 0x03, 0x54, 0xff, 0xab,
    0x80, 0x4d, 0xbe, 0xd4, 0xe6, 0x4b, 0x6d, 0xbe, 0xd4, 0xe6, 0x4b, 0x2d, 0x03, 0x54, 0xff, 0xab,
    0xc0, 0x32, 0xb5, 0x4c, 0x2d, 0x53, 0xcb, 0xd4, 0x01, 0x00, 0x55, 0x55, 0xa9, 0xaa, 0xee, 0xee,
    0x80, 0x4d, 0xbe, 0xf4, 0xe6, 0x4b, 0x6f, 0xbe, 0xf4, 0xe6, 0x4b, 0x2f, 0x02, 0x54, 0x55, 0xab,
    0x40, 0x73, 0xd5, 0x5c, 0x35, 0x57, 0xcd, 0x55, 0x01, 0x11, 0x55, 0x66, 0xaa, 0xbb, 0xff, 0xff,
    0x20, 0xe4, 0x2a, 0xb9, 0x4a, 0xae, 0x26, 0xab, 0x02, 0xaa, 0x54, 0xff, 0x01, 0x55, 0xaa, 0xff,
    0x40, 0xf2, 0x94, 0x3c, 0x25, 0x4f, 0xc9, 0xd3, 0x00, 0x00, 0x55, 0x55, 0x99, 0x99, 0xee, 0xee,
    0x40, 0xf2, 0x94, 0x3c, 0x25, 0x4f, 0xc9, 0xd3, 0x01, 0x00, 0x55, 0x66, 0xaa, 0xaa, 0xff, 0xff,
    0x40, 0xb2, 0x94, 0x2c, 0x25, 0x4b, 0xc9, 0x52, 0x01, 0x11, 0x55, 0x66, 0xa9, 0xaa, 0xee, 0xff,
    0xc0, 0x71, 0x74, 0x1c, 0x1d, 0x47, 0xc7, 0x51, 0x00, 0x10, 0x55, 0x65, 0xaa, 0xaa, 0xfe, 0xff,
    0x40, 0xb1, 0x53, 0xec, 0x14, 0x3b, 0xc5, 0x4e, 0x10, 0x11, 0x54, 0x65, 0x99, 0xaa, 0xee, 0xfe,
    0x40, 0xf0, 0x12, 0xbc, 0x04, 0x2f, 0xc1, 0xcb, 0x10, 0x11, 0x65, 0x66, 0x99, 0xaa, 0xed, 0xfe,
    0xc0, 0xee, 0xb1, 0x7b, 0xec, 0x1e, 0xbb, 0x47, 0x01, 0x21, 0x55, 0x76, 0xa9, 0xcb, 0xed, 0xff,
    0x40, 0xac, 0x0f, 0xeb, 0xc3, 0xfa, 0xb0, 0xbe, 0x11, 0x52, 0x54, 0x87, 0x98, 0xcb, 0xdc, 0xfe,
    0xc0, 0x26, 0xac, 0x09, 0x6b, 0xc2, 0x9a, 0x30, 0x30, 0x86, 0x64, 0xa9, 0x97, 0xdb, 0xb9, 0xfd,
    0x40, 0x9b, 0xc8, 0x26, 0xb2, 0x89, 0x6c, 0xa2, 0x40, 0xa8, 0x63, 0xc9, 0x85, 0xdb, 0x97, 0xfc,
    0x40, 0x92, 0x86, 0xa4, 0x21, 0x69, 0x48, 0x1a, 0x50, 0xd9, 0x83, 0xe9, 0x84, 0xfa, 0xa6, 0xfe,
    0x40, 0xcd, 0x44, 0x33, 0xd1, 0x4c, 0x34, 0x13, 0x50, 0xda, 0x61, 0xfa, 0x82, 0xfa, 0xa4, 0xfd,
    0xc0, 0x49, 0x63, 0xd2, 0x98, 0x34, 0x26, 0x0d, 0x71, 0xeb, 0x83, 0xfb, 0xa4, 0xfb, 0xa4, 0xfd,
    0x40, 0x46, 0x82, 0x91, 0x60, 0x24, 0x18, 0x89, 0x12, 0x97, 0x11, 0xb7, 0x11, 0xb7, 0x53, 0xf9,
    0xc0, 0x84, 0x21, 0x61, 0x48, 0x18, 0x12, 0x06, 0x73, 0xfd, 0x71, 0xfd, 0x71, 0xfd, 0x71, 0xff,
    0x40, 0x03, 0xc1, 0x40, 0x30, 0x10, 0x0c, 0x84, 0x93, 0xf9, 0x95, 0xf9, 0x95, 0xfd, 0x95, 0xff,
    0x40, 0xc2, 0x80, 0x30, 0x20, 0x0c, 0x08, 0x83, 0x74, 0xfc, 0x72, 0xfc, 0x72, 0xfc, 0xcc, 0xfc,
    0xc0, 0x81, 0x60, 0x20, 0x18, 0x08, 0x06, 0x02, 0xb6, 0xfb, 0xb3, 0xff, 0xb3, 0xff, 0xbb, 0xff,
    0x40, 0x41, 0x40, 0x10, 0x10, 0x04, 0x04, 0x01, 0x36, 0xfb, 0x33, 0xfb, 0x33, 0xfb, 0xb3, 0xff,
    0xc0, 0x80, 0x20, 0x20, 0x08, 0x08, 0x02, 0x02, 0xc0, 0xcc, 0xc0, 0xcc, 0xc0, 0xcc, 0x40, 0xcc,
    0x40, 0xc1, 0x40, 0x30, 0x10, 0x0c, 0x04, 0x03, 0x40, 0xc4, 0x40, 0xc4, 0x40, 0xc4, 0x40, 0xc4,
    0xc0, 0x01, 0x61, 0x40, 0x18, 0x10, 0x06, 0x04, 0x37, 0xd3, 0x33, 0xd3, 0x33, 0xd3, 0x30, 0xd3,
    0x40, 0x82, 0x81, 0x60, 0x20, 0x18, 0x08, 0x86, 0x61, 0xa6, 0x60, 0xe6, 0x00, 0xa6, 0x00, 0xa6,
    0x40, 0x43, 0xc2, 0x90, 0x30, 0x24, 0x0c, 0x89, 0x54, 0xe8, 0x20, 0xe8, 0x00, 0xe8, 0x00, 0xb8,
    0xc0, 0x04, 0x23, 0xc1, 0x48, 0x30, 0x12, 0x0c, 0x8d, 0xea, 0x84, 0xea, 0x60, 0xc8, 0x60, 0xc8,
    0x40, 0x46, 0x84, 0x11, 0x61, 0x44, 0x18, 0x91, 0x77, 0xfc, 0x73, 0xd9, 0x30, 0xa7, 0x30, 0xa7,
    0x40, 0x49, 0x46, 0x92, 0x91, 0x64, 0x24, 0x19, 0x66, 0xfa, 0x51, 0xc7, 0x31, 0xa7, 0x30, 0x97,
    0x40, 0x4c, 0x08, 0x13, 0xc2, 0x84, 0x30, 0xa1, 0x65, 0xfa, 0x42, 0xd8, 0x32, 0x95, 0x20, 0x83,
    0x40, 0x8f, 0xcb, 0xe3, 0xf2, 0xb8, 0x3c, 0x2e, 0x8d, 0xeb, 0x63, 0xb8, 0x32, 0x86, 0x21, 0x64,
    0x40, 0x9d, 0x49, 0x67, 0xd2, 0x99, 0x74, 0x26, 0x5f, 0x13, 0x8a, 0x46, 0xbd, 0x89, 0xdf, 0xac,
    0x40, 0xa1, 0x4b, 0xe8, 0x12, 0xba, 0x84, 0x2e, 0x4a, 0x12, 0x79, 0x46, 0xac, 0x8a, 0xef, 0xbd,
    0x40, 0x23, 0xcd, 0x48, 0x33, 0xd2, 0x8c, 0x34, 0x27, 0x01, 0x67, 0x56, 0xac, 0x99, 0xef, 0xdd,
    0x40, 0x25, 0x4e, 0x89, 0x53, 0xe2, 0x94, 0x38, 0x15, 0x01, 0x66, 0x56, 0x9a, 0x99, 0xef, 0xde,
    0x40, 0xe6, 0x8e, 0xb9, 0x63, 0xee, 0x98, 0x3b, 0x15, 0x00, 0x66, 0x45, 0xab, 0x89, 0xef, 0xdd,
    0x40, 0xa7, 0xcf, 0xe9, 0x73, 0xfa, 0x9c, 0x3e, 0x15, 0x01, 0x66, 0x55, 0xaa, 0x9a, 0xff, 0xee,
    0xc0, 0x27, 0xf0, 0x09, 0x7c, 0x02, 0x9f, 0x40, 0x02, 0x00, 0x55, 0x55, 0xaa, 0x99, 0xff, 0xee,
    0x40, 0xa8, 0x10, 0x2a, 0x84, 0x0a, 0xa1, 0xc2, 0x12, 0x01, 0x66, 0x66, 0xbb, 0xaa, 0xff, 0xff,
    0xc0, 0xa8, 0x30, 0x2a, 0x8c, 0x0a, 0xa3, 0x42, 0x13, 0x01, 0x55, 0x55, 0xaa, 0xaa, 0xff, 0xef,
    0x40, 0xa9, 0x50, 0x2a, 0x94, 0x0a, 0xa5, 0x42, 0x15, 0x11, 0x66, 0x66, 0xaa, 0xaa, 0xee, 0xee,
    0xc0, 0xe8, 0x30, 0x3a, 0x8c, 0x0e, 0xa3, 0xc3, 0x13, 0x00, 0x66, 0x66, 0xaa, 0xaa, 0xff, 0xff,
    0xc0, 0x28, 0x31, 0x4a, 0x8c, 0x12, 0xa3, 0xc4, 0x00, 0x00, 0x66, 0x55, 0xaa, 0xaa, 0xff, 0xff,
    0xc0, 0x28, 0x31, 0x4a, 0x8c, 0x12, 0xa3, 0xc4, 0x00, 0x00, 0x55, 0x55, 0xaa, 0xaa, 0xff, 0xff,
    0xc0, 0x28, 0x31, 0x4a, 0x8c, 0x12, 0xa3, 0xc4, 0x00, 0x00, 0x55, 0x55, 0xaa, 0xaa, 0xff, 0xff,
    0x20, 0x51, 0x62, 0x94, 0x18, 0x25, 0x8e, 0x22, 0x02, 0xaa, 0x54, 0xff, 0x01, 0x55, 0xaa, 0xff,
    0xc0, 0x29, 0x71, 0x4a, 0x9c, 0x12, 0xa7, 0x44, 0x13, 0x11, 0x66, 0x66, 0xbb, 0xbb, 0xff, 0xff,
    0xc0, 0x29, 0x71, 0x4a, 0x9c, 0x12, 0xa7, 0x44, 0x13, 0x11, 0x66, 0x66, 0xbb, 0xbb, 0xff, 0xff,
    0xc0, 0x29, 0x71, 0x4a, 0x9c, 0x12, 0xa7, 0x44, 0x13, 0x11, 0x66, 0x66, 0xbb, 0xbb, 0xff, 0xff,
    0xc0, 0x29, 0x71, 0x4a, 0x9c, 0x12, 0xa7, 0x44, 0x13, 0x11, 0x66, 0x66, 0xbb, 0xbb, 0xff, 0xff,
    0xc0, 0x29, 0x71, 0x4a, 0x9c, 0x12, 0xa7, 0x44, 0x13, 0x11, 0x66, 0x66, 0xbb, 0xbb, 0xff, 0xff,
    0xc0, 0x29, 0x71, 0x4a, 0x9c, 0x12, 0xa7, 0x44, 0x13, 0x11, 0x66, 0x66, 0xbb, 0xbb, 0xff, 0xff,
    0xc0, 0x29, 0x71, 0x4a, 0x9c, 0x12, 0xa7, 0x44, 0x13, 0x11, 0x66, 0x66, 0xbb, 0xbb, 0xff, 0xff,
    0xc0, 0x29, 0x71, 0x4a, 0x9c, 0x12, 0xa7, 0x44, 0x13, 0x11, 0x66, 0x66, 0xbb, 0xbb, 0xff, 0xff,
    0xc0, 0x29, 0x71, 0x4a, 0x9c, 0x12, 0xa7, 0x44, 0x13, 0x11, 0x66, 0x66, 0xbb, 0xbb, 0xff, 0xff,
    0xc0, 0x29, 0x71, 0x4a, 0x9c, 0x12, 0xa7, 0x44, 0x13, 0x11, 0x66, 0x66, 0xbb, 0xbb, 0xff, 0xff,
    0xc0, 0x29, 0x71, 0x4a, 0x9c, 0x12, 0xa7, 0x44, 0x13, 0x11, 0x66, 0x66, 0xbb, 0xbb, 0xff, 0xff,
    0xc0, 0x29, 0x71, 0x4a, 0x9c, 0x12, 0xa7, 0x44, 0x13, 0x11, 0x66, 0x66, 0xbb, 0xbb, 0xff, 0xff,
    0xc0, 0x29, 0x71, 0x4a, 0x9c, 0x12, 0xa7, 0x44, 0x13, 0x11, 0x66, 0x66, 0xbb, 0xbb, 0xff, 0xff,
    0xc0, 0x29, 0x71, 0x4a, 0x9c, 0x12, 0xa7, 0x44, 0x13, 0x11, 0x66, 0x66, 0xbb, 0xbb, 0xff, 0xff,
    0x20, 0x51, 0x62, 0x94, 0x18, 0x25, 0x8e, 0x22, 0x02, 0xaa, 0x54, 0xff, 0x01, 0x55, 0xaa, 0xff,
    0xc0, 0x28, 0x31, 0x4a, 0x8c, 0x12, 0xa3, 0xc4, 0x00, 0x00, 0x55, 0x55, 0xaa, 0xaa, 0xff, 0xff,
    0xc0, 0x28, 0x31, 0x4a, 0x8c, 0x12, 0xa3, 0xc4, 0x00, 0x00, 0x55, 0x55, 0xaa, 0xaa, 0xff, 0xff,
    0xc0, 0x28, 0x31, 0x4a, 0x8c, 0x12, 0xa3, 0xc4, 0x00, 0x00, 0x65, 0x66, 0xaa, 0xaa, 0xff, 0xff,
    0xc0, 0xe8, 0x30, 0x3a, 0x8c, 0x0e, 0xa3, 0xc3, 0x11, 0x11, 0x66, 0x66, 0xaa, 0xba, 0xff, 0xff,
    0xc0, 0xe8, 0x30, 0x3a, 0x8c, 0x0e, 0xa3, 0xc3, 0x01, 0x11, 0x66, 0x66, 0xaa, 0xaa, 0xff, 0xff,
    0x40, 0xa8, 0x10, 0x2a, 0x84, 0x0a, 0xa1, 0x42, 0x00, 0x00, 0x55, 0x65, 0x99, 0xa9, 0xff, 0xff,
    0xc0, 0x67, 0xf0, 0x19, 0x7c, 0x06, 0x9f, 0xc1, 0x00, 0x11, 0x55, 0x55, 0xaa, 0xaa, 0xfe, 0xff,
    0xc0, 0xe7, 0xef, 0xf9, 0x7b, 0xfe, 0x9e, 0x3f, 0x01, 0x11, 0x55, 0x55, 0x99, 0xaa, 0xee, 0xff,
    0x40, 0x67, 0xcf, 0xd9, 0x73, 0xf6, 0x9c, 0x3d, 0x11, 0x21, 0x55, 0x66, 0x99, 0xa9, 0xed, 0xfe,
    0x40, 0xe6, 0x8e, 0xb9, 0x63, 0xee, 0x98, 0x3b, 0x10, 0x22, 0x65, 0x76, 0x99, 0xba, 0xed, 0xff,
    0xc0, 0xe4, 0x2d, 0x79, 0x4b, 0xde, 0x92, 0xb7, 0x11, 0x32, 0x55, 0x75, 0x99, 0xba, 0xdd, 0xfe,
    0xc0, 0xe2, 0xac, 0x38, 0x2b, 0xce, 0x8a, 0x33, 0x10, 0x32, 0x55, 0x76, 0x98, 0xcb, 0xdc, 0xfe,
    0xc0, 0x1f, 0xeb, 0xc7, 0xfa, 0xb1, 0x7e, 0x2c, 0x20, 0x53, 0x54, 0x87, 0x88, 0xca, 0xca, 0xed,
    0x40, 0x1b, 0xc9, 0x46, 0xb2, 0x91, 0x6c, 0x24, 0x21, 0x85, 0x63, 0xa8, 0x97, 0xdb, 0xca, 0xfd,
    0x40, 0x55, 0x47, 0xd5, 0x51, 0x75, 0x54, 0x9d, 0x40, 0xa6, 0x74, 0xca, 0xa6, 0xeb, 0xc9, 0xfd,
    0x40, 0x8f, 0xc5, 0x63, 0xf1, 0x58, 0x3c, 0x96, 0x40, 0xa8, 0x62, 0xc8, 0x75, 0xe9, 0x97, 0xfb,
    0x40, 0x0b, 0xc4, 0x02, 0xb1, 0x40, 0x2c, 0x90, 0x40, 0xc7, 0x52, 0xd9, 0x72, 0xf9, 0x72, 0xfa,
    0x40, 0x08, 0x03, 0xc2, 0x80, 0x30, 0x20, 0x8c, 0x50, 0xea, 0x54, 0xea, 0xa5, 0xfe, 0xa5, 0xfe,
    0xc0, 0x05, 0x62, 0x81, 0x58, 0x20, 0x16, 0x88, 0x33, 0xd6, 0x31, 0xd8, 0x63, 0xdd, 0x63, 0xfd,
    0x40, 0x84, 0x01, 0x61, 0x40, 0x18, 0x10, 0x06, 0x52, 0xf9, 0x91, 0xdd, 0xd1, 0xfd, 0xd1, 0xfd,
    0xc0, 0x02, 0xa1, 0x40, 0x28, 0x10, 0x0a, 0x84, 0x24, 0xcc, 0x22, 0xcc, 0xc2, 0xcc, 0xc2, 0xfc,
    0xc0, 0xc1, 0x60, 0x30, 0x18, 0x0c, 0x06, 0x83, 0x7e, 0xf7, 0x77, 0xf7, 0x77, 0xff, 0x77, 0xff,
    0x40, 0x81, 0x40, 0x20, 0x10, 0x08, 0x04, 0x82, 0x7e, 0xff, 0x77, 0xff, 0xf7, 0xff, 0xf7, 0xff,
    0x40, 0x41, 0x40, 0x10, 0x10, 0x04, 0x04, 0x01, 0xb6, 0xff, 0xb3, 0xff, 0xb3, 0xff, 0xb3, 0xff,
    0xc0, 0x80, 0x20, 0x20, 0x08, 0x08, 0x02, 0x02, 0x40, 0xcc, 0x40, 0xcc, 0x00, 0xc4, 0x00, 0xc4,
    0x40, 0xc1, 0x40, 0x30, 0x10, 0x0c, 0x04, 0x03, 0x00, 0xc4, 0x00, 0x44, 0x00, 0x40, 0x00, 0x40,
    0xc0, 0x01, 0x61, 0x40, 0x18, 0x10, 0x06, 0x04, 0x40, 0xc4, 0x40, 0x44, 0x00, 0x44, 0x00, 0x44,
    0x40, 0x82, 0x81, 0x60, 0x20, 0x18, 0x08, 0x06, 0x24, 0xea, 0x22, 0xa6, 0x20, 0xa6, 0x20, 0xa2,
    0xc0, 0x02, 0xa2, 0x80, 0x28, 0x20, 0x0a, 0x88, 0x49, 0xec, 0x40, 0xc7, 0x40, 0xc4, 0x20, 0xc4,
    0x40, 0x04, 0x03, 0xc1, 0x40, 0x30, 0x10, 0x0c, 0x76, 0xeb, 0x71, 0xb9, 0x31, 0x93, 0x30, 0x93,
    0xc0, 0xc5, 0x63, 0xf1, 0x58, 0x3c, 0x16, 0x0f, 0x8b, 0xfd, 0x85, 0xfb, 0x51, 0xd8, 0x50, 0xa6,
    0xc0, 0x47, 0xe5, 0x51, 0x79, 0x54, 0x1e, 0x15, 0x9b, 0xfa, 0x53, 0xe8, 0x21, 0xa6, 0x10, 0x73,
    0x40, 0xca, 0x86, 0xb2, 0xa1, 0x6c, 0x28, 0x1b, 0x9d, 0xfb, 0x64, 0xd9, 0x42, 0xb7, 0x20, 0x74,
    0xc0, 0x8c, 0x28, 0x23, 0xca, 0x88, 0x32, 0x22, 0x8e, 0xff, 0x75, 0xea, 0x52, 0xb8, 0x10, 0x74,
    0x40, 0x8f, 0xca, 0xa3, 0xf2, 0xa8, 0x3c, 0xaa, 0xae, 0xfc, 0x85, 0xc9, 0x43, 0x87, 0x20, 0x54,
    0x40, 0x58, 0x09, 0x56, 0x82, 0x95, 0x60, 0xa5, 0x5e, 0x03, 0x8a, 0x46, 0xbd, 0x8a, 0xef, 0xbc,
    0x40, 0x1a, 0x8a, 0x86, 0xa2, 0xa1, 0x68, 0x28, 0x38, 0x01, 0x78, 0x45, 0xac, 0x77, 0xdf, 0xab,
    0xc0, 0x5b, 0xeb, 0xd6, 0xba, 0xb5, 0x6e, 0xad, 0x27, 0x02, 0x68, 0x56, 0xbc, 0x9b, 0xef, 0xde,
    0x40, 0x1d, 0x4c, 0x07, 0xd3, 0xc1, 0x74, 0xb0, 0x29, 0x01, 0x78, 0x56, 0xbc, 0x9a, 0xff, 0xde,
    0x40, 0x9e, 0x8c, 0x27, 0xe3, 0xc9, 0x78, 0xb2, 0x25, 0x01, 0x77, 0x46, 0xbc, 0xab, 0xef, 0xee,
    0xc0, 0xde, 0xac, 0x37, 0xeb, 0xcd, 0x7a, 0xb3, 0x05, 0x00, 0x56, 0x55, 0xab, 0xaa, 0xdf, 0xdd,
    0xc0, 0x5f, 0xed, 0x57, 0xfb, 0xd5, 0x7e, 0xb5, 0x25, 0x11, 0x77, 0x66, 0xbc, 0xaa, 0xff, 0xff,
    0xc0, 0x5f, 0xed, 0x57, 0xfb, 0xd5, 0x7e, 0xb5, 0x03, 0x00, 0x66, 0x55, 0xaa, 0xaa, 0xff, 0xee,
    0x40, 0xa0, 0x0d, 0x68, 0x03, 0xda, 0x80, 0x36, 0x01, 0x00, 0x56, 0x55, 0xab, 0xaa, 0xef, 0xee,
    0x40, 0xe0, 0x0d, 0x78, 0x03, 0xde, 0x80, 0xb7, 0x12, 0x01, 0x55, 0x55, 0xbb, 0xaa, 0xff, 0xef,
    0x40, 0xe0, 0x0d, 0x78, 0x03, 0xde, 0x80, 0xb7, 0x01, 0x00, 0x55, 0x55, 0xbb, 0xbb, 0xff, 0xff,
    0x40, 0xe0, 0x0d, 0x78, 0x03, 0xde, 0x80, 0xb7, 0x01, 0x00, 0x55, 0x55, 0xab, 0xaa, 0xff, 0xee,
    0x40, 0x20, 0x0e, 0x88, 0x03, 0xe2, 0x80, 0xb8, 0x00, 0x00, 0x55, 0x55, 0xbb, 0xbb, 0xff, 0xff,
    0x40, 0x20, 0x0e, 0x88, 0x03, 0xe2, 0x80, 0xb8, 0x00, 0x00, 0x55, 0x55, 0xbb, 0xbb, 0xff, 0xff,
    0x40, 0x20, 0x0e, 0x88, 0x03, 0xe2, 0x80, 0xb8, 0x00, 0x00, 0x55, 0x55, 0xbb, 0xbb, 0xff, 0xff,
    0x40, 0x20, 0x0e, 0x88, 0x03, 0xe2, 0x80, 0xb8, 0x00, 0x00, 0x55, 0x55, 0xbb, 0xbb, 0xff, 0xff,
    0x40, 0x20, 0x0e, 0x88, 0x03, 0xe2, 0x80, 0xb8, 0x00, 0x00, 0x55, 0x55, 0xbb, 0xbb, 0xff, 0xff,
    0x40, 0x20, 0x0e, 0x88, 0x03, 0xe2, 0x80, 0xb8, 0x00, 0x00, 0x55, 0x55, 0xaa, 0xaa, 0xff, 0xff,
    0x40, 0x20, 0x0e, 0x88, 0x03, 0xe2, 0x80, 0xb8, 0x00, 0x00, 0x55, 0x55, 0xaa, 0xaa, 0xff, 0xff,
    0x40, 0x20, 0x0e, 0x88, 0x03, 0xe2, 0x80, 0xb8, 0x00, 0x00, 0x55, 0x55, 0xaa, 0xaa, 0xff, 0xff,
    0x40, 0x20, 0x0e, 0x88, 0x03, 0xe2, 0x80, 0xb8, 0x00, 0x00, 0x55, 0x55, 0xaa, 0xaa, 0xff, 0xff,
    0x40, 0x20, 0x0e, 0x88, 0x03, 0xe2, 0x80, 0xb8, 0x00, 0x00, 0x55, 0x55, 0xaa, 0xaa, 0xff, 0xff,
    0x40, 0x20, 0x0e, 0x88, 0x03, 0xe2, 0x80, 0xb8, 0x00, 0x00, 0x55, 0x55, 0xaa, 0xaa, 0xff, 0xff,
    0x40, 0x20, 0x0e, 0x88, 0x03, 0xe2, 0x80, 0xb8, 0x00, 0x00, 0x55, 0x55, 0xaa, 0xaa, 0xff, 0xff,
    0x40, 0x20, 0x0e, 0x88, 0x03, 0xe2, 0x80, 0xb8, 0x00, 0x00, 0x55, 0x55, 0xaa, 0xba, 0xff, 0xff,
    0x40, 0x20, 0x0e, 0x88, 0x03, 0xe2, 0x80, 0xb8, 0x00, 0x00, 0x55, 0x55, 0xbb, 0xbb, 0xff, 0xff,
    0x40, 0x20, 0x0e, 0x88, 0x03, 0xe2, 0x80, 0xb8, 0x00, 0x00, 0x55, 0x55, 0xbb, 0xbb, 0xff, 0xff,
    0x40, 0x20, 0x0e, 0x88, 0x03, 0xe2, 0x80, 0xb8, 0x00, 0x00, 0x55, 0x55, 0xbb, 0xbb, 0xff, 0xff,
    0x40, 0x20, 0x0e, 0x88, 0x03, 0xe2, 0x80, 0xb8, 0x00, 0x00, 0x55, 0x55, 0xbb, 0xbb, 0xff, 0xff,
    0x40, 0x20, 0x0e, 0x88, 0x03, 0xe2, 0x80, 0xb8, 0x00, 0x00, 0x55, 0x55, 0xbb, 0xbb, 0xff, 0xff,
    0x40, 0xe0, 0x0d, 0x78, 0x03, 0xde, 0x80, 0xb7, 0x01, 0x00, 0x55, 0x55, 0xaa, 0xbb, 0xfe, 0xff,
    0x40, 0xe0, 0x0d, 0x78, 0x03, 0xde, 0x80, 0xb7, 0x01, 0x00, 0x55, 0x55, 0xbb, 0xbb, 0xff, 0xff,
    0x40, 0xe0, 0x0d, 0x78, 0x03, 0xde, 0x80, 0x37, 0x00, 0x00, 0x44, 0x55, 0xba, 0xbb, 0xff, 0xff,
    0x40, 0xa0, 0x0d, 0x68, 0x03, 0xda, 0x80, 0xb6, 0x12, 0x11, 0x55, 0x66, 0xaa, 0xbb, 0xdd, 0xfe,
    0xc0, 0x5f, 0xed, 0x57, 0xfb, 0xd5, 0x7e, 0xb5, 0x01, 0x11, 0x65, 0x66, 0xaa, 0xaa, 0xfe, 0xff,
    0x40, 0x1f, 0xcd, 0x47, 0xf3, 0xd1, 0x7c, 0xb4, 0x11, 0x21, 0x55, 0x76, 0xa9, 0xbb, 0xee, 0xfe,
    0x40, 0xdf, 0xcc, 0x37, 0xf3, 0xcd, 0x7c, 0x33, 0x12, 0x22, 0x55, 0x66, 0x99, 0xba, 0xdd, 0xee,
    0x40, 0x5e, 0x8c, 0x17, 0xe3, 0xc5, 0x78, 0xb1, 0x23, 0x32, 0x65, 0x76, 0xa9, 0xbb, 0xdd, 0xee,
    0xc0, 0xdc, 0x2b, 0xf7, 0xca, 0xbd, 0x72, 0xaf, 0x10, 0x32, 0x54, 0x86, 0x98, 0xca, 0xdc, 0xfd,
    0x40, 0x1b, 0xcb, 0xc6, 0xb2, 0xb1, 0x6c, 0x2c, 0x01, 0x31, 0x44, 0x86, 0x99, 0xda, 0xdc, 0xfe,
    0xc0, 0x19, 0x6a, 0x86, 0x9a, 0xa1, 0x66, 0x28, 0x20, 0x43, 0x64, 0x88, 0xa7, 0xcc, 0xda, 0xff,
    0x40, 0x97, 0xc8, 0x25, 0x72, 0x89, 0x5c, 0x22, 0x21, 0x54, 0x53, 0x97, 0x87, 0xda, 0xb9, 0xfd,
    0xc0, 0x53, 0xe7, 0xd4, 0x39, 0x75, 0x4e, 0x9d, 0x10, 0x85, 0x43, 0x97, 0x95, 0xb9, 0xb9, 0xed,
    0x40, 0xd1, 0x45, 0x74, 0x11, 0x5d, 0x44, 0x97, 0x63, 0xa7, 0x75, 0xb9, 0x96, 0xcb, 0xca, 0xfd,
    0xc0, 0x8c, 0x24, 0x23, 0xc9, 0x48, 0x32, 0x92, 0x20, 0x85, 0x52, 0x97, 0x74, 0xc9, 0x97, 0xfb,
    0xc0, 0x89, 0x63, 0xe2, 0x98, 0x38, 0x26, 0x8e, 0x10, 0xb7, 0x73, 0xb8, 0xa6, 0xdb, 0xb8, 0xfd,
    0xc0, 0x87, 0xe2, 0xa1, 0x78, 0x28, 0x1e, 0x0a, 0x51, 0xa9, 0x52, 0xe9, 0x95, 0xfc, 0x97, 0xfe,
    0xc0, 0xc5, 0x61, 0x71, 0x58, 0x1c, 0x16, 0x07, 0x53, 0xb9, 0x53, 0xdb, 0x99, 0xdb, 0x99, 0xfd,
    0x40, 0x44, 0x01, 0x51, 0x40, 0x14, 0x10, 0x05, 0xa3, 0xda, 0xa7, 0xff, 0xaa, 0xff, 0xfa, 0xff,
    0xc0, 0xc2, 0xa0, 0x30, 0x28, 0x0c, 0x0a, 0x83, 0x93, 0xd9, 0x95, 0xf9, 0x95, 0xfd, 0x99, 0xfd,
    0xc0, 0x81, 0x60, 0x20, 0x18, 0x08, 0x06, 0x82, 0x37, 0xbb, 0xb3, 0xfb, 0xb3, 0xfb, 0xb3, 0xfb,
    0x40, 0x41, 0x40, 0x10, 0x10, 0x04, 0x04, 0x81, 0xb7, 0xbb, 0xbb, 0xbb, 0xbb, 0xbb, 0xbb, 0xfb,
    0xc0, 0x40, 0x20, 0x10, 0x08, 0x04, 0x02, 0x81, 0x7e, 0xff, 0x77, 0xff, 0xf7, 0xff, 0xf7, 0xff,
    0xc0, 0x80, 0x20, 0x20, 0x08, 0x08, 0x02, 0x02, 0x00, 0xc4, 0x00, 0x00, 0x00, 0x00, 0x00, 0x00,
    0xc0, 0x80, 0x20, 0x20, 0x08, 0x08, 0x02, 0x82, 0x49, 0xc4, 0x44, 0x44, 0x44, 0x44, 0x40, 0x44,
    0x40, 0xc1, 0x40, 0x30, 0x10, 0x0c, 0x04, 0x03, 0x87, 0xd8, 0x83, 0xd8, 0x83, 0xd8, 0x80, 0x88,
    0xc0, 0x41, 0x61, 0x50, 0x18, 0x14, 0x06, 0x85, 0x80, 0xd8, 0x30, 0x88, 0x30, 0x88, 0x30, 0x83,
    0x40, 0x82, 0x81, 0x60, 0x20, 0x18, 0x08, 0x86, 0x6d, 0xee, 0x62, 0xea, 0x60, 0xe6, 0x60, 0xe6,
    0xc0, 0x43, 0xe2, 0x90, 0x38, 0x24, 0x0e, 0x09, 0xac, 0xee, 0x62, 0xea, 0x60, 0xe6, 0x20, 0xe6,
    0xc0, 0x44, 0x23, 0xd1, 0x48, 0x34, 0x12, 0x8d, 0x88, 0xec, 0x42, 0xc8, 0x40, 0xa6, 0x40, 0xa6,
    0x40, 0x46, 0x84, 0x11, 0x61, 0x44, 0x18, 0x11, 0x7c, 0xfa, 0x44, 0xa7, 0x13, 0xa6, 0x10, 0x96,
    0x40, 0x88, 0x05, 0x62, 0x81, 0x58, 0x20, 0x96, 0x9a, 0xfe, 0x52, 0xeb, 0x40, 0x8b, 0x20, 0x85,
    0x40, 0xce, 0x84, 0x33, 0xe1, 0x4c, 0x38, 0x13, 0x5f, 0x04, 0x7a, 0x24, 0xac, 0x57, 0xcf, 0x89,
    0xc0, 0x10, 0x26, 0x84, 0x09, 0x61, 0x42, 0x18, 0x3c, 0x02, 0x79, 0x34, 0xbb, 0x68, 0xee, 0x9c,
    0x40, 0x13, 0xc7, 0xc4, 0x31, 0x71, 0x4c, 0x1c, 0x3d, 0x02, 0x6a, 0x35, 0xac, 0x78, 0xef, 0xab,
    0xc0, 0x15, 0x68, 0x05, 0x5a, 0x81, 0x56, 0x20, 0x5c, 0x13, 0x79, 0x56, 0xbc, 0x89, 0xef, 0xbc,
    0xc0, 0xd6, 0xa8, 0x35, 0x6a, 0x8d, 0x5a, 0x23, 0x27, 0x02, 0x67, 0x45, 0xab, 0x99, 0xef, 0xcd,
    0xc0, 0x97, 0xe9, 0x65, 0x7a, 0x99, 0x5e, 0xa6, 0x25, 0x00, 0x68, 0x35, 0xab, 0x8a, 0xef, 0xde,
    0x40, 0x19, 0x4a, 0x86, 0x92, 0xa1, 0x64, 0x28, 0x29, 0x02, 0x67, 0x56, 0xab, 0x9a, 0xef, 0xee,
    0x40, 0x59, 0x4a, 0x96, 0x92, 0xa5, 0x64, 0x29, 0x01, 0x00, 0x45, 0x44, 0x9a, 0x99, 0xef, 0xdd,
    0x40, 0x9a, 0x8a, 0xa6, 0xa2, 0xa9, 0x68, 0x2a, 0x23, 0x01, 0x56, 0x55, 0xab, 0xaa, 0xef, 0xee,
    0x40, 0xda, 0x8a, 0xb6, 0xa2, 0xad, 0x68, 0xab, 0x13, 0x01, 0x66, 0x56, 0xbb, 0x9a, 0xff, 0xee,
    0xc0, 0x1a, 0xab, 0xc6, 0xaa, 0xb1, 0x6a, 0x2c, 0x13, 0x00, 0x66, 0x56, 0xbb, 0xbb, 0xff, 0xff,
    0xc0, 0x1a, 0xab, 0xc6, 0xaa, 0xb1, 0x6a, 0x2c, 0x01, 0x10, 0x55, 0x45, 0xbb, 0xab, 0xff, 0xef,
    0xc0, 0x5a, 0xab, 0xd6, 0xaa, 0xb5, 0x6a, 0x2d, 0x00, 0x00, 0x45, 0x44, 0xaa, 0xaa, 0xff, 0xff,
    0xc0, 0x5a, 0xab, 0xd6, 0xaa, 0xb5, 0x6a, 0xad, 0x12, 0x11, 0x44, 0x44, 0xaa, 0xaa, 0xff, 0xef,
    0xc0, 0x5a, 0xab, 0xd6, 0xaa, 0xb5, 0x6a, 0xad, 0x03, 0x00, 0x55, 0x55, 0xaa, 0xaa, 0xff, 0xff,
    0x40, 0x5b, 0xcb, 0xd6, 0xb2, 0xb5, 0x6c, 0x2d, 0x01, 0x00, 0x55, 0x55, 0xbb, 0xbb, 0xff, 0xff,
    0x40, 0x5b, 0xcb, 0xd6, 0xb2, 0xb5, 0x6c, 0x2d, 0x01, 0x00, 0x55, 0x55, 0xbb, 0xbb, 0xff, 0xff,
    0x40, 0x5b, 0xcb, 0xd6, 0xb2, 0xb5, 0x6c, 0x2d, 0x01, 0x00, 0x55, 0x55, 0xbb, 0xbb, 0xff, 0xff,
    0x40, 0x5b, 0xcb, 0xd6, 0xb2, 0xb5, 0x6c, 0x2d, 0x01, 0x00, 0x55, 0x55, 0xaa, 0xaa, 0xff, 0xff,
    0x40, 0x5b, 0xcb, 0xd6, 0xb2, 0xb5, 0x6c, 0x2d, 0x01, 0x00, 0x55, 0x55, 0xaa, 0xaa, 0xff, 0xff,
    0x40, 0x5b, 0xcb, 0xd6, 0xb2, 0xb5, 0x6c, 0x2d, 0x01, 0x00, 0x55, 0x55, 0xaa, 0xaa, 0xff, 0xff,
    0x40, 0x5b, 0xcb, 0xd6, 0xb2, 0xb5, 0x6c, 0x2d, 0x01, 0x00, 0x55, 0x55, 0xaa, 0xaa, 0xff, 0xff,
    0x40, 0x5b, 0xcb, 0xd6, 0xb2, 0xb5, 0x6c, 0x2d, 0x01, 0x00, 0x55, 0x55, 0xaa, 0xaa, 0xff, 0xff,
    0x40, 0x5b, 0xcb, 0xd6, 0xb2, 0xb5, 0x6c, 0x2d, 0x01, 0x00, 0x55, 0x55, 0xaa, 0xaa, 0xff, 0xff,
    0x40, 0x5b, 0xcb, 0xd6, 0xb2, 0xb5, 0x6c, 0x2d, 0x01, 0x00, 0x55, 0x55, 0xaa, 0xaa, 0xff, 0xff,
    0x40, 0x5b, 0xcb, 0xd6, 0xb2, 0xb5, 0x6c, 0x2d, 0x01, 0x00, 0x55, 0x55, 0xaa, 0xaa, 0xff, 0xff,
    0x40, 0x5b, 0xcb, 0xd6, 0xb2, 0xb5, 0x6c, 0x2d, 0x01, 0x00, 0x55, 0x55, 0xaa, 0xaa, 0xff, 0xff,
    0x40, 0x5b, 0xcb, 0xd6, 0xb2, 0xb5, 0x6c, 0x2d, 0x01, 0x00, 0x55, 0x55, 0xaa, 0xba, 0xff, 0xff,
    0x40, 0x5b, 0xcb, 0xd6, 0xb2, 0xb5, 0x6c, 0x2d, 0x01, 0x00, 0x55, 0x55, 0xbb, 0xbb, 0xff, 0xff,
    0x40, 0x5b, 0xcb, 0xd6, 0xb2, 0xb5, 0x6c, 0x2d, 0x01, 0x00, 0x55, 0x55, 0xbb, 0xbb, 0xff, 0xff,
    0x40, 0x5b, 0xcb, 0xd6, 0xb2, 0xb5, 0x6c, 0x2d, 0x01, 0x10, 0x55, 0x55, 0xbb, 0xbb, 0xff, 0xff,
    0xc0, 0x5a, 0xab, 0xd6, 0xaa, 0xb5, 0x6a, 0xad, 0x01, 0x11, 0x55, 0x55, 0xaa, 0xaa, 0xff, 0xff,
    0xc0, 0x5a, 0xab, 0xd6, 0xaa, 0xb5, 0x6a, 0xad, 0x12, 0x11, 0x44, 0x44, 0xaa, 0xba, 0xff, 0xff,
    0xc0, 0x5a, 0xab, 0xd6, 0xaa, 0xb5, 0x6a, 0x2d, 0x00, 0x10, 0x44, 0x55, 0xaa, 0xaa, 0xff, 0xff,
    0xc0, 0x1a, 0xab, 0xc6, 0xaa, 0xb1, 0x6a, 0x2c, 0x01, 0x00, 0x55, 0x55, 0xbb, 0xbb, 0xff, 0xff,
    0xc0, 0x1a, 0xab, 0xc6, 0xaa, 0xb1, 0x6a, 0x2c, 0x10, 0x11, 0x66, 0x66, 0xaa, 0xaa, 0xee, 0xfe,
    0x40, 0xda, 0x8a, 0xb6, 0xa2, 0xad, 0x68, 0x2b, 0x00, 0x00, 0x55, 0x55, 0xa9, 0xba, 0xee, 0xfe,
    0xc0, 0x99, 0x6a, 0xa6, 0x9a, 0xa9, 0x66, 0xaa, 0x23, 0x21, 0x44, 0x65, 0xaa, 0xbb, 0xee, 0xff,
    0x40, 0x59, 0x4a, 0x96, 0x92, 0xa5, 0x64, 0x29, 0x00, 0x00, 0x43, 0x55, 0x88, 0x99, 0xed, 0xfe,
    0x40, 0x18, 0x0a, 0x86, 0x82, 0xa1, 0x60, 0xa8, 0x00, 0x22, 0x44, 0x55, 0x99, 0xba, 0xdd, 0xfe,
    0xc0, 0x57, 0xe9, 0x55, 0x7a, 0x95, 0x5e, 0xa5, 0x21, 0x42, 0x55, 0x87, 0x99, 0xca, 0xdd, 0xfe,
    0x40, 0x96, 0x88, 0x25, 0x62, 0x89, 0x58, 0x22, 0x01, 0x22, 0x43, 0x76, 0x97, 0xba, 0xcb, 0xfe,
    0xc0, 0x14, 0x28, 0x05, 0x4a, 0x81, 0x52, 0x20, 0x30, 0x54, 0x54, 0x88, 0xa8, 0xdc, 0xec, 0xff,
    0xc0, 0xd2, 0xa6, 0xb4, 0x29, 0x6d, 0x4a, 0x9b, 0x23, 0x75, 0x54, 0xa8, 0x97, 0xca, 0xca, 0xfe,
    0x40, 0xd0, 0x05, 0x74, 0x01, 0x5d, 0x40, 0x17, 0x23, 0x74, 0x53, 0x98, 0xa7, 0xca, 0xdb, 0xfd,
    0x40, 0xcd, 0x44, 0x33, 0xd1, 0x4c, 0x34, 0x13, 0x21, 0x95, 0x51, 0xa8, 0x85, 0xfc, 0xc7, 0xff,
    0xc0, 0xca, 0xa3, 0xf2, 0xa8, 0x3c, 0x2a, 0x8f, 0x40, 0xa7, 0x72, 0xe9, 0x82, 0xec, 0x97, 0xfc,
    0xc0, 0x07, 0xe3, 0xc1, 0x78, 0x30, 0x1e, 0x8c, 0x52, 0xb7, 0x95, 0xd9, 0xd7, 0xfb, 0xd9, 0xff,
    0x40, 0x06, 0x82, 0x81, 0x60, 0x20, 0x18, 0x88, 0x43, 0xe8, 0x84, 0xea, 0x86, 0xec, 0x86, 0xfc,
    0xc0, 0x84, 0x21, 0x61, 0x48, 0x18, 0x12, 0x06, 0x32, 0xd6, 0x63, 0xdb, 0x66, 0xdb, 0x86, 0xfb,
    0x40, 0x03, 0xc1, 0x40, 0x30, 0x10, 0x0c, 0x84, 0x93, 0xd9, 0x99, 0xfd, 0x99, 0xff, 0x99, 0xff,
    0x40, 0xc2, 0x80, 0x30, 0x20, 0x0c, 0x08, 0x83, 0x24, 0xcc, 0x72, 0xcc, 0x72, 0xfc, 0x77, 0xfc,
    0xc0, 0x81, 0x60, 0x20, 0x18, 0x08, 0x06, 0x02, 0x36, 0xfb, 0x33, 0xfb, 0x33, 0xfb, 0x33, 0xff,
    0x40, 0x41, 0x40, 0x10, 0x10, 0x04, 0x04, 0x01, 0x36, 0xb3, 0x33, 0xf3, 0x33, 0xfb, 0x33, 0xfb,
    0xc0, 0x00, 0x20, 0x00, 0x08, 0x00, 0x02, 0x80, 0xb7, 0xbb, 0xbb, 0xbb, 0xbb, 0xfb, 0xbb, 0xfb,
    0xc0, 0x00, 0x20, 0x00, 0x08, 0x00, 0x02, 0x00, 0x7f, 0x77, 0x77, 0x77, 0x77, 0x77, 0x7f, 0x77,
    0xc0, 0x80, 0x20, 0x20, 0x08, 0x08, 0x02, 0x02, 0xc8, 0xcc, 0xc0, 0xcc, 0x40, 0xcc, 0x00, 0xcc,
    0x40, 0xc1, 0x40, 0x30, 0x10, 0x0c, 0x04, 0x03, 0x40, 0xc4, 0x40, 0xc4, 0x00, 0x44, 0x00, 0x40,
    0xc0, 0x01, 0x61, 0x40, 0x18, 0x10, 0x06, 0x04, 0x37, 0xd8, 0x30, 0x88, 0x30, 0x83, 0x00, 0x33,
    0xc0, 0x81, 0x61, 0x60, 0x18, 0x18, 0x06, 0x86, 0x8a, 0xeb, 0x55, 0xbb, 0x55, 0xb5, 0x50, 0x85,
    0xc0, 0x02, 0xa2, 0x80, 0x28, 0x20, 0x0a, 0x88, 0xba, 0xee, 0x52, 0xe5, 0x50, 0x85, 0x00, 0x52,
    0xc0, 0xc3, 0xe2, 0xb0, 0x38, 0x2c, 0x0e, 0x8b, 0x8c, 0xee, 0x64, 0xe8, 0x62, 0xa6, 0x20, 0x66,
    0xc0, 0xc4, 0x23, 0xf1, 0x48, 0x3c, 0x12, 0x8f, 0x8e, 0xea, 0x77, 0xa8, 0x64, 0x87, 0x11, 0x76,
    0x40, 0x86, 0x84, 0x21, 0x61, 0x48, 0x18, 0x12, 0xbe, 0xfe, 0x76, 0xba, 0x62, 0x97, 0x20, 0x65,
    0xc0, 0x87, 0xe5, 0x61, 0x79, 0x58, 0x1e, 0x96, 0xaf, 0xfd, 0x74, 0xca, 0x32, 0x76, 0x20, 0x53,
    0xc0, 0x8c, 0x24, 0x23, 0xc9, 0x48, 0x32, 0x92, 0x49, 0x02, 0x66, 0x24, 0xbc, 0x59, 0xef, 0x9b,
    0x40, 0x8f, 0xc5, 0x63, 0xf1, 0x58, 0x3c, 0x16, 0x4d, 0x03, 0x79, 0x35, 0xce, 0x8a, 0xef, 0xac,
    0x40, 0x50, 0x06, 0x94, 0x01, 0x65, 0x40, 0x99, 0x4a, 0x01, 0x77, 0x56, 0xbc, 0x89, 0xef, 0xac,
    0xc0, 0x11, 0x67, 0xc4, 0x19, 0x71, 0x46, 0x9c, 0x39, 0x01, 0x69, 0x46, 0xcd, 0xbc, 0xef, 0xde,
    0xc0, 0x92, 0xa7, 0xe4, 0x29, 0x79, 0x4a, 0x9e, 0x29, 0x01, 0x88, 0x58, 0xce, 0xab, 0xff, 0xdd,
    0xc0, 0x13, 0xe8, 0x04, 0x3a, 0x81, 0x4e, 0x20, 0x49, 0x10, 0x88, 0x66, 0xdd, 0xcd, 0xff, 0xef,
    0x40, 0x54, 0x08, 0x15, 0x42, 0x85, 0x50, 0x21, 0x24, 0x01, 0x55, 0x44, 0xbd, 0xab, 0xef, 0xee,
    0xc0, 0x94, 0x28, 0x25, 0x4a, 0x89, 0x52, 0x22, 0x12, 0x01, 0x66, 0x45, 0xcc, 0xab, 0xff, 0xee,
    0x40, 0xd5, 0x48, 0x35, 0x52, 0x8d, 0x54, 0x23, 0x02, 0x11, 0x66, 0x55, 0xcc, 0xbc, 0xff, 0xff,
    0x40, 0x15, 0x49, 0x45, 0x52, 0x91, 0x54, 0x24, 0x02, 0x00, 0x66, 0x56, 0xdd, 0xdd, 0xff, 0xff,
    0x40, 0x15, 0x49, 0x45, 0x52, 0x91, 0x54, 0xa4, 0x12, 0x00, 0x66, 0x66, 0xdd, 0xdd, 0xff, 0xee,
    0x40, 0x15, 0x49, 0x45, 0x52, 0x91, 0x54, 0xa4, 0x01, 0x00, 0x66, 0x55, 0xee, 0xee, 0xff, 0xff,
    0x40, 0x15, 0x49, 0x45, 0x52, 0x91, 0x54, 0xa4, 0x01, 0x00, 0x55, 0x55, 0xde, 0xdd, 0xff, 0xff,
    0x40, 0x15, 0x49, 0x45, 0x52, 0x91, 0x54, 0xa4, 0x01, 0x00, 0x55, 0x55, 0xdd, 0xdd, 0xff, 0xff,
    0x40, 0x15, 0x49, 0x45, 0x52, 0x91, 0x54, 0xa4, 0x01, 0x00, 0x55, 0x55, 0xdd, 0xdd, 0xff, 0xff,
    0x40, 0x15, 0x49, 0x45, 0x52, 0x91, 0x54, 0xa4, 0x01, 0x00, 0x55, 0x55, 0xdd, 0xdd, 0xff, 0xff,
    0x40, 0x15, 0x49, 0x45, 0x52, 0x91, 0x54, 0xa4, 0x01, 0x00, 0x55, 0x55, 0xdd, 0xdd, 0xff, 0xff,
    0x40, 0x15, 0x49, 0x45, 0x52, 0x91, 0x54, 0xa4, 0x01, 0x00, 0x55, 0x55, 0xdd, 0xdd, 0xff, 0xff,
    0x40, 0x15, 0x49, 0x45, 0x52, 0x91, 0x54, 0xa4, 0x01, 0x00, 0x55, 0x55, 0xdd, 0xdd, 0xff, 0xff,
    0x40, 0x15, 0x49, 0x45, 0x52, 0x91, 0x54, 0xa4, 0x01, 0x00, 0x55, 0x55, 0xdd, 0xdd, 0xff, 0xff,
    0x40, 0x15, 0x49, 0x45, 0x52, 0x91, 0x54, 0xa4, 0x01, 0x00, 0x55, 0x55, 0xdd, 0xdd, 0xff, 0xff,
    0x40, 0x15, 0x49, 0x45, 0x52, 0x91, 0x54, 0xa4, 0x01, 0x00, 0x55, 0x55, 0xdd, 0xdd, 0xff, 0xff,
    0x40, 0x15, 0x49, 0x45, 0x52, 0x91, 0x54, 0xa4, 0x01, 0x00, 0x55, 0x55, 0xdd, 0xdd, 0xff, 0xff,
    0x40, 0x15, 0x49, 0x45, 0x52, 0x91, 0x54, 0xa4, 0x01, 0x00, 0x55, 0x55, 0xdd, 0xdd, 0xff, 0xff,
    0x40, 0x15, 0x49, 0x45, 0x52, 0x91, 0x54, 0xa4, 0x01, 0x00, 0x55, 0x55, 0xdd, 0xdd, 0xff, 0xff,
    0x40, 0x15, 0x49, 0x45, 0x52, 0x91, 0x54, 0xa4, 0x01, 0x00, 0x55, 0x55, 0xdd, 0xdd, 0xff, 0xff,
    0x40, 0x15, 0x49, 0x45, 0x52, 0x91, 0x54, 0xa4, 0x01, 0x00, 0x55, 0x55, 0xdd, 0xdd, 0xff, 0xff,
    0x40, 0x15, 0x49, 0x45, 0x52, 0x91, 0x54, 0xa4, 0x01, 0x00, 0x55, 0x55, 0xdd, 0xdd, 0xff, 0xff,
    0x40, 0x15, 0x49, 0x45, 0x52, 0x91, 0x54, 0xa4, 0x01, 0x00, 0x55, 0x55, 0xdd, 0xdd, 0xff, 0xff,
    0x40, 0x15, 0x49, 0x45, 0x52, 0x91, 0x54, 0xa4, 0x01, 0x00, 0x55, 0x55, 0xdd, 0xdd, 0xff, 0xff,
    0x40, 0x15, 0x49, 0x45, 0x52, 0x91, 0x54, 0xa4, 0x01, 0x00, 0x55, 0x55, 0xdd, 0xdd, 0xff, 0xff,
    0x40, 0x15, 0x49, 0x45, 0x52, 0x91, 0x54, 0xa4, 0x01, 0x00, 0x55, 0x55, 0xdd, 0xee, 0xff, 0xff,
    0x40, 0x15, 0x49, 0x45, 0x52, 0x91, 0x54, 0xa4, 0x01, 0x00, 0x65, 0x66, 0xee, 0xee, 0xff, 0xff,
    0x40, 0x15, 0x49, 0x45, 0x52, 0x91, 0x54, 0xa4, 0x10, 0x11, 0x66, 0x66, 0xdd, 0xdd, 0xfe, 0xff,
    0x40, 0xd5, 0x48, 0x35, 0x52, 0x8d, 0x54, 0x23, 0x00, 0x11, 0x55, 0x55, 0xbb, 0xbb, 0xdd, 0xfd,
    0x40, 0x95, 0x48, 0x25, 0x52, 0x89, 0x54, 0x22, 0x03, 0x21, 0x65, 0x66, 0xbb, 0xbb, 0xee, 0xfe,
    0x40, 0x54, 0x08, 0x15, 0x42, 0x85, 0x50, 0xa1, 0x01, 0x10, 0x54, 0x55, 0xba, 0xbb, 0xed, 0xfe,
    0xc0, 0x53, 0xe8, 0x14, 0x3a, 0x85, 0x4e, 0xa1, 0x10, 0x21, 0x54, 0x75, 0xaa, 0xdd, 0xee, 0xff,
    0xc0, 0xd3, 0xe7, 0xf4, 0x39, 0x7d, 0x4e, 0x1f, 0x31, 0x33, 0x75, 0x87, 0xbb, 0xcb, 0xdd, 0xfd,
    0xc0, 0x52, 0xa7, 0xd4, 0x29, 0x75, 0x4a, 0x1d, 0x11, 0x33, 0x66, 0x76, 0xa9, 0xdc, 0xdb, 0xfd,
    0xc0, 0xd1, 0x66, 0xb4, 0x19, 0x6d, 0x46, 0x1b, 0x21, 0x53, 0x55, 0xa7, 0xaa, 0xdb, 0xcc, 0xfd,
    0x40, 0x50, 0x06, 0x94, 0x01, 0x65, 0x40, 0x19, 0x30, 0x44, 0x65, 0x86, 0xb9, 0xdc, 0xec, 0xff,
    0x40, 0x4e, 0x85, 0x53, 0xe1, 0x54, 0x38, 0x95, 0x11, 0x63, 0x42, 0x96, 0xa8, 0xcc, 0xca, 0xfd,
    0x40, 0x8c, 0x04, 0x23, 0xc1, 0x48, 0x30, 0x92, 0x20, 0x52, 0x52, 0x85, 0x97, 0xda, 0xd9, 0xfe,
    0xc0, 0x8a, 0xa3, 0xe2, 0xa8, 0x38, 0x2a, 0x8e, 0x31, 0x85, 0x53, 0xb9, 0xa6, 0xdb, 0xba, 0xfd,
    0xc0, 0x08, 0x23, 0xc2, 0x88, 0x30, 0x22, 0x8c, 0x30, 0x87, 0x74, 0xd8, 0x87, 0xed, 0xda, 0xff,
    0xc0, 0x46, 0xa2, 0x91, 0x68, 0x24, 0x1a, 0x09, 0x22, 0x84, 0x42, 0x84, 0x64, 0xc8, 0xc6, 0xfc,
    0xc0, 0x85, 0x61, 0x61, 0x58, 0x18, 0x16, 0x06, 0x51, 0xa7, 0x75, 0xa9, 0x77, 0xea, 0xa7, 0xfc,
    0x40, 0x44, 0x01, 0x51, 0x40, 0x14, 0x10, 0x05, 0x32, 0xb8, 0x88, 0xdb, 0x88, 0xdd, 0xdb, 0xfd,
    0xc0, 0xc2, 0xa0, 0x30, 0x28, 0x0c, 0x0a, 0x83, 0x53, 0x99, 0x91, 0xd9, 0x99, 0xd9, 0x99, 0xff,
    0x40, 0x82, 0x80, 0x20, 0x20, 0x08, 0x08, 0x02, 0x75, 0xcc, 0x72, 0xcc, 0xc7, 0xfc, 0xc7, 0xfc,
    0x40, 0x81, 0x40, 0x20, 0x10, 0x08, 0x04, 0x82, 0x7e, 0xff, 0xf7, 0xff, 0xf7, 0xff, 0xff, 0xff,
    0x40, 0x41, 0x40, 0x10, 0x10, 0x04, 0x04, 0x01, 0x36, 0xfb, 0xb3, 0xff, 0xb3, 0xff, 0xfb, 0xff,
    0xc0, 0x00, 0x20, 0x00, 0x08, 0x00, 0x02, 0x00, 0x7f, 0xff, 0x77, 0xff, 0x77, 0xff, 0xf7, 0xff,
    0x40, 0x40, 0x00, 0x10, 0x00, 0x04, 0x00, 0x81, 0x00, 0x88, 0x00, 0x88, 0x00, 0x80, 0x00, 0x80,
    0xc0, 0x80, 0x20, 0x20, 0x08, 0x08, 0x02, 0x02, 0x00, 0xc4, 0x00, 0x44, 0x00, 0x44, 0x00, 0x40,
    0xc0, 0x80, 0x20, 0x20, 0x08, 0x08, 0x02, 0x82, 0x49, 0xc4, 0x44, 0x44, 0x44, 0x44, 0x40, 0x44,
    0x40, 0xc1, 0x40, 0x30, 0x10, 0x0c, 0x04, 0x03, 0x87, 0xd8, 0x83, 0xd8, 0x83, 0x88, 0x30, 0x88,
    0xc0, 0x01, 0x61, 0x40, 0x18, 0x10, 0x06, 0x04, 0x87, 0xdd, 0x83, 0xdd, 0x83, 0xd8, 0x30, 0x88,
    0x40, 0x82, 0x81, 0x60, 0x20, 0x18, 0x08, 0x86, 0x6d, 0xe6, 0x62, 0xe6, 0x22, 0xa6, 0x20, 0x66,
    0x40, 0x43, 0xc2, 0x90, 0x30, 0x24, 0x0c, 0x09, 0x74, 0xe9, 0x42, 0xc9, 0x42, 0xc9, 0x20, 0x74,
    0x40, 0xc4, 0x02, 0xb1, 0x40, 0x2c, 0x10, 0x8b, 0x45, 0xe7, 0x22, 0xc7, 0x20, 0xc2, 0x00, 0x42,
    0x40, 0x45, 0x43, 0xd1, 0x50, 0x34, 0x14, 0x8d, 0x79, 0xec, 0x74, 0xc9, 0x72, 0xc7, 0x20, 0x74,
    0x40, 0x06, 0x84, 0x01, 0x61, 0x40, 0x18, 0x90, 0x7b, 0xed, 0x55, 0xeb, 0x33, 0xd9, 0x00, 0x55,
    0xc0, 0xc9, 0x63, 0xf2, 0x98, 0x3c, 0x26, 0x8f, 0x48, 0x02, 0x79, 0x27, 0xce, 0x7a, 0xff, 0xaa,
    0xc0, 0xc8, 0x25, 0x72, 0x89, 0x5c, 0x22, 0x97, 0x9e, 0xfc, 0x84, 0x9b, 0x40, 0x57, 0x00, 0x41,
    0xc0, 0xcc, 0x24, 0x33, 0xc9, 0x4c, 0x32, 0x13, 0x1d, 0x01, 0x7a, 0x46, 0xbe, 0xaa, 0xff, 0xdd,
    0xc0, 0x4d, 0x65, 0x53, 0xd9, 0x54, 0x36, 0x95, 0x18, 0x01, 0x67, 0x46, 0xcd, 0x9c, 0xff, 0xdf,
    0xc0, 0x8e, 0xa5, 0x63, 0xe9, 0x58, 0x3a, 0x16, 0x24, 0x01, 0x46, 0x44, 0x9c, 0x89, 0xcf, 0xbc,
    0xc0, 0x0f, 0xe6, 0x83, 0xf9, 0x60, 0x3e, 0x18, 0x49, 0x04, 0x99, 0x68, 0xcc, 0xaa, 0xff, 0xef,
    0x40, 0x50, 0x06, 0x94, 0x01, 0x65, 0x40, 0x19, 0x04, 0x00, 0x68, 0x55, 0xcc, 0xbb, 0xff, 0xee,
    0x40, 0x90, 0x06, 0xa4, 0x01, 0x69, 0x40, 0x9a, 0x00, 0x00, 0x67, 0x55, 0xdd, 0xaa, 0xff, 0xff,
    0xc0, 0x90, 0x26, 0xa4, 0x09, 0x69, 0x42, 0x1a, 0x00, 0x00, 0x45, 0x44, 0xbb, 0xab, 0xff, 0xdf,
    0xc0, 0xd0, 0x26, 0xb4, 0x09, 0x6d, 0x42, 0x1b, 0x00, 0x00, 0x55, 0x45, 0xbb, 0xbb, 0xff, 0xff,
    0xc0, 0xd0, 0x26, 0xb4, 0x09, 0x6d, 0x42, 0x9b, 0x12, 0x00, 0x55, 0x55, 0xac, 0x99, 0xff, 0xef,
    0x40, 0xd1, 0x46, 0xb4, 0x11, 0x6d, 0x44, 0x1b, 0x01, 0x00, 0x66, 0x56, 0xaa, 0xaa, 0xff, 0xff,
    0x40, 0xd1, 0x46, 0xb4, 0x11, 0x6d, 0x44, 0x1b, 0x01, 0x00, 0x55, 0x55, 0xaa, 0xaa, 0xff, 0xff,
    0x40, 0xd1, 0x46, 0xb4, 0x11, 0x6d, 0x44, 0x1b, 0x01, 0x00, 0x55, 0x55, 0x99, 0x99, 0xff, 0xff,
    0x40, 0xd1, 0x46, 0xb4, 0x11, 0x6d, 0x44, 0x1b, 0x01, 0x00, 0x55, 0x55, 0x99, 0x99, 0xff, 0xff,
    0x40, 0x11, 0x47, 0xc4, 0x11, 0x71, 0x44, 0x9c, 0x12, 0x00, 0x66, 0x66, 0xaa, 0xaa, 0xff, 0xff,
    0x40, 0x11, 0x47, 0xc4, 0x11, 0x71, 0x44, 0x9c, 0x00, 0x00, 0x66, 0x66, 0xaa, 0xaa, 0xff, 0xff,
    0x40, 0x11, 0x47, 0xc4, 0x11, 0x71, 0x44, 0x9c, 0x00, 0x00, 0x66, 0x66, 0xaa, 0xaa, 0xff, 0xff,
    0x40, 0x11, 0x47, 0xc4, 0x11, 0x71, 0x44, 0x9c, 0x00, 0x00, 0x66, 0x66, 0xaa, 0xaa, 0xff, 0xff,
    0x40, 0x11, 0x47, 0xc4, 0x11, 0x71, 0x44, 0x9c, 0x00, 0x00, 0x66, 0x66, 0xaa, 0xaa, 0xff, 0xff,
    0x40, 0x11, 0x47, 0xc4, 0x11, 0x71, 0x44, 0x9c, 0x00, 0x00, 0x66, 0x66, 0xaa, 0xaa, 0xff, 0xff,
    0x40, 0x11, 0x47, 0xc4, 0x11, 0x71, 0x44, 0x9c, 0x00, 0x00, 0x66, 0x66, 0xaa, 0xaa, 0xff, 0xff,
    0x40, 0x11, 0x47, 0xc4, 0x11, 0x71, 0x44, 0x9c, 0x00, 0x00, 0x66, 0x66, 0xaa, 0xaa, 0xff, 0xff,
    0x40, 0x11, 0x47, 0xc4, 0x11, 0x71, 0x44, 0x9c, 0x00, 0x00, 0x66, 0x66, 0xaa, 0xaa, 0xff, 0xff,
    0x40, 0x11, 0x47, 0xc4, 0x11, 0x71, 0x44, 0x9c, 0x00, 0x00, 0x66, 0x66, 0xaa, 0xaa, 0xff, 0xff,
    0x40, 0x11, 0x47, 0xc4, 0x11, 0x71, 0x44, 0x9c, 0x00, 0x00, 0x66, 0x66, 0xaa, 0xaa, 0xff, 0xff,
    0x40, 0x11, 0x47, 0xc4, 0x11, 0x71, 0x44, 0x9c, 0x00, 0x00, 0x66, 0x66, 0xaa, 0xaa, 0xff, 0xff,
    0x40, 0x11, 0x47, 0xc4, 0x11, 0x71, 0x44, 0x9c, 0x00, 0x00, 0x66, 0x66, 0xaa, 0xaa, 0xff, 0xff,
    0x40, 0xd1, 0x46, 0xb4, 0x11, 0x6d, 0x44, 0x9b, 0x11, 0x11, 0x55, 0x55, 0xaa, 0xaa, 0xee, 0xfe,
    0x40, 0xd1, 0x46, 0xb4, 0x11, 0x6d, 0x44, 0x1b, 0x01, 0x00, 0x55, 0x55, 0x99, 0x99, 0xff, 0xff,
    0x40, 0xd1, 0x46, 0xb4, 0x11, 0x6d, 0x44, 0x1b, 0x01, 0x00, 0x55, 0x55, 0x99, 0xa9, 0xff, 0xff,
    0x40, 0xd1, 0x46, 0xb4, 0x11, 0x6d, 0x44, 0x1b, 0x01, 0x00, 0x55, 0x55, 0xaa, 0xaa, 0xff, 0xff,
    0x40, 0xd1, 0x46, 0xb4, 0x11, 0x6d, 0x44, 0x1b, 0x01, 0x10, 0x66, 0x66, 0xaa, 0xaa, 0xff, 0xff,
    0xc0, 0xd0, 0x26, 0xb4, 0x09, 0x6d, 0x42, 0x9b, 0x10, 0x11, 0x55, 0x55, 0xa9, 0xcc, 0xff, 0xff,
    0xc0, 0xd0, 0x26, 0xb4, 0x09, 0x6d, 0x42, 0x1b, 0x00, 0x00, 0x55, 0x55, 0xbb, 0xbb, 0xff, 0xff,
    0xc0, 0x90, 0x26, 0xa4, 0x09, 0x69, 0x42, 0x1a, 0x00, 0x10, 0x44, 0x55, 0xbb, 0xbb, 0xff, 0xff,
    0x40, 0x50, 0x06, 0x94, 0x01, 0x65, 0x40, 0x99, 0x01, 0x10, 0x54, 0x66, 0xca, 0xcc, 0xee, 0xfe,
    0x40, 0x50, 0x06, 0x94, 0x01, 0x65, 0x40, 0x19, 0x00, 0x22, 0x65, 0x88, 0xcb, 0xcc, 0xfe, 0xff,
    0xc0, 0x0e, 0xa6, 0x83, 0xe9, 0x60, 0x3a, 0x98, 0x00, 0x10, 0x76, 0x77, 0xa8, 0xba, 0xee, 0xfe,
    0x40, 0x8e, 0x85, 0x63, 0xe1, 0x58, 0x38, 0x96, 0x10, 0x21, 0x44, 0x66, 0x88, 0xcc, 0xcc, 0xff,
    0xc0, 0x0d, 0x65, 0x43, 0xd9, 0x50, 0x36, 0x14, 0x01, 0x52, 0x55, 0x86, 0xaa, 0xdc, 0xee, 0xfe,
    0x40, 0xcc, 0x04, 0x33, 0xc1, 0x4c, 0x30, 0x93, 0x00, 0x44, 0x64, 0xa8, 0xa8, 0xed, 0xeb, 0xfe,
    0x40, 0x0b, 0xc4, 0x02, 0xb1, 0x40, 0x2c, 0x10, 0x31, 0x76, 0x41, 0x88, 0x86, 0xdd, 0xdb, 0xfd,
    0xc0, 0x89, 0x63, 0xe2, 0x98, 0x38, 0x26, 0x0e, 0x20, 0x82, 0x55, 0x86, 0x98, 0x9b, 0xc8, 0xfc,
    0x40, 0x08, 0x03, 0xc2, 0x80, 0x30, 0x20, 0x0c, 0x62, 0xa8, 0x82, 0xc8, 0xa4, 0xca, 0xe8, 0xfe,
    0xc0, 0x46, 0xa2, 0x91, 0x68, 0x24, 0x1a, 0x09, 0x53, 0x77, 0x53, 0x97, 0x55, 0x99, 0x97, 0xfb,
    0x40, 0xc5, 0x41, 0x71, 0x50, 0x1c, 0x14, 0x07, 0x43, 0x77, 0x71, 0xa7, 0x77, 0xaa, 0xa7, 0xfa,
    0x40, 0x44, 0x01, 0x51, 0x40, 0x14, 0x10, 0x05, 0x43, 0xaa, 0x71, 0xaa, 0x71, 0xda, 0xa7, 0xfd,
    0xc0, 0x02, 0xa1, 0x40, 0x28, 0x10, 0x0a, 0x84, 0x24, 0xc2, 0x22, 0xc7, 0x72, 0xc7, 0x72, 0xfc,
    0x40, 0xc2, 0x80, 0x30, 0x20, 0x0c, 0x08, 0x83, 0x74, 0xcc, 0x72, 0xcc, 0x77, 0xfc, 0xc7, 0xff,
    0xc0, 0x81, 0x60, 0x20, 0x18, 0x08, 0x06, 0x02, 0x36, 0xbb, 0x33, 0xfb, 0x33, 0xfb, 0xb3, 0xff,
    0x40, 0x41, 0x40, 0x10, 0x10, 0x04, 0x04, 0x01, 0x7f, 0x77, 0x77, 0xf7, 0x77, 0xf7, 0x77, 0xff,
    0xc0, 0x00, 0x20, 0x00, 0x08, 0x00, 0x02, 0x80, 0xb7, 0xbb, 0xb3, 0xbb, 0xb3, 0xbb, 0xbb, 0xfb,
    0xc0, 0x00, 0x20, 0x00, 0x08, 0x00, 0x02, 0x00, 0xff, 0xff, 0xff, 0xff, 0xff, 0xff, 0xff, 0xff,
    0x20, 0x80, 0x00, 0x20, 0x00, 0x08, 0x04, 0x04, 0xac, 0xaa, 0xaa, 0xaa, 0x00, 0x00, 0x00, 0x00,
    0x40, 0x40, 0x00, 0x10, 0x00, 0x04, 0x00, 0x81, 0x49, 0xc4, 0x40, 0x44, 0x40, 0x44, 0x00, 0x44,
    0xc0, 0x80, 0x20, 0x20, 0x08, 0x08, 0x02, 0x02, 0xc8, 0xcc, 0x44, 0xcc, 0x40, 0xc4, 0x40, 0xc4,
    0x40, 0xc1, 0x40, 0x30, 0x10, 0x0c, 0x04, 0x03, 0x00, 0xcc, 0x00, 0xc4, 0x00, 0x40, 0x00, 0x00,
    0x40, 0x01, 0x41, 0x40, 0x10, 0x10, 0x04, 0x84, 0x86, 0xd8, 0x33, 0x88, 0x30, 0x83, 0x30, 0x83,
    0xc0, 0x41, 0x61, 0x50, 0x18, 0x14, 0x06, 0x85, 0x6d, 0xe6, 0x62, 0x66, 0x20, 0x66, 0x20, 0x62,
    0x40, 0xc2, 0x81, 0x70, 0x20, 0x1c, 0x08, 0x87, 0x8a, 0xeb, 0x55, 0xb8, 0x50, 0x55, 0x20, 0x55,
    0x40, 0x43, 0xc2, 0x90, 0x30, 0x24, 0x0c, 0x09, 0x7e, 0xec, 0x42, 0x77, 0x22, 0x74, 0x20, 0x72,
    0xc0, 0xc3, 0xe2, 0xb0, 0x38, 0x2c, 0x0e, 0x8b, 0x9f, 0xe9, 0x55, 0xb7, 0x30, 0x95, 0x10, 0x35,
    0xc0, 0x46, 0xa2, 0x91, 0x68, 0x24, 0x1a, 0x09, 0x5f, 0x13, 0x99, 0x57, 0xbd, 0x99, 0xfd, 0x9b,
    0xc0, 0xc7, 0xe2, 0xb1, 0x78, 0x2c, 0x1e, 0x0b, 0x3f, 0x11, 0x7b, 0x59, 0xff, 0xbd, 0xff, 0xdf,
    0xc0, 0x08, 0x23, 0xc2, 0x88, 0x30, 0x22, 0x8c, 0x3b, 0x02, 0x89, 0x36, 0xbb, 0x89, 0xcf, 0xbc,
    0xc0, 0x89, 0x63, 0xe2, 0x98, 0x38, 0x26, 0x0e, 0x36, 0x00, 0x68, 0x35, 0x9c, 0x89, 0xff, 0xcc,
    0x40, 0x0a, 0x84, 0x02, 0xa1, 0x40, 0x28, 0x90, 0x24, 0x02, 0x57, 0x25, 0xac, 0x99, 0xef, 0xec,
    0x40, 0x4b, 0xc4, 0x12, 0xb1, 0x44, 0x2c, 0x91, 0x2d, 0x02, 0x69, 0x56, 0xbe, 0x9b, 0xef, 0xcf,
    0xc0, 0x8b, 0xe4, 0x22, 0xb9, 0x48, 0x2e, 0x12, 0x01, 0x00, 0x55, 0x55, 0xaa, 0xaa, 0xee, 0xfe,
    0x40, 0x0c, 0x05, 0x43, 0xc1, 0x50, 0x30, 0x94, 0x24, 0x02, 0x77, 0x57, 0xee, 0xee, 0xff, 0xff,
    0xc0, 0x0c, 0x25, 0x43, 0xc9, 0x50, 0x32, 0x94, 0x38, 0x01, 0x78, 0x66, 0xdd, 0xbd, 0xff, 0xef,
    0xc0, 0x0c, 0x25, 0x43, 0xc9, 0x50, 0x32, 0x94, 0x01, 0x20, 0x55, 0x65, 0xbc, 0xbb, 0xff, 0xee,
    0xc0, 0x4c, 0x25, 0x53, 0xc9, 0x54, 0x32, 0x95, 0x04, 0x00, 0x77, 0x55, 0xcc, 0xcc, 0xff, 0xff,
    0x40, 0x4d, 0x45, 0x53, 0xd1, 0x54, 0x34, 0x15, 0x04, 0x00, 0x56, 0x55, 0xbb, 0xbb, 0xff, 0xee,
    0x40, 0x4d, 0x45, 0x53, 0xd1, 0x54, 0x34, 0x15, 0x01, 0x00, 0x55, 0x55, 0xcc, 0xcc, 0xff, 0xff,
    0x40, 0x4d, 0x45, 0x53, 0xd1, 0x54, 0x34, 0x15, 0x01, 0x00, 0x45, 0x44, 0xcc, 0xcc, 0xff, 0xff,
    0x40, 0x4d, 0x45, 0x53, 0xd1, 0x54, 0x34, 0x15, 0x01, 0x00, 0x44, 0x44, 0xcc, 0xaa, 0xff, 0xff,
    0x40, 0x4d, 0x45, 0x53, 0xd1, 0x54, 0x34, 0x15, 0x01, 0x00, 0x44, 0x44, 0xaa, 0xaa, 0xff, 0xff,
    0x40, 0x4d, 0x45, 0x53, 0xd1, 0x54, 0x34, 0x15, 0x01, 0x00, 0x44, 0x44, 0xaa, 0xaa, 0xff, 0xef,
    0x40, 0x8d, 0x45, 0x63, 0xd1, 0x58, 0x34, 0x16, 0x12, 0x11, 0x44, 0x44, 0xcc, 0xcc, 0xff, 0xff,
    0x40, 0x8d, 0x45, 0x63, 0xd1, 0x58, 0x34, 0x16, 0x12, 0x11, 0x44, 0x44, 0xcc, 0xcc, 0xff, 0xff,
    0x40, 0x8d, 0x45, 0x63, 0xd1, 0x58, 0x34, 0x16, 0x12, 0x11, 0x44, 0x44, 0xcc, 0xcc, 0xff, 0xff,
    0x40, 0x8d, 0x45, 0x63, 0xd1, 0x58, 0x34, 0x16, 0x12, 0x11, 0x44, 0x44, 0xcc, 0xcc, 0xff, 0xff,
    0x40, 0x8d, 0x45, 0x63, 0xd1, 0x58, 0x34, 0x16, 0x12, 0x11, 0x44, 0x44, 0xcc, 0xcc, 0xff, 0xff,
    0x40, 0x8d, 0x45, 0x63, 0xd1, 0x58, 0x34, 0x16, 0x12, 0x11, 0x44, 0x44, 0xcc, 0xcc, 0xff, 0xff,
    0x40, 0x8d, 0x45, 0x63, 0xd1, 0x58, 0x34, 0x16, 0x12, 0x11, 0x44, 0x44, 0xcc, 0xcc, 0xff, 0xff,
    0x40, 0x8d, 0x45, 0x63, 0xd1, 0x58, 0x34, 0x16, 0x12, 0x11, 0x44, 0x44, 0xcc, 0xcc, 0xff, 0xff,
    0x40, 0x8d, 0x45, 0x63, 0xd1, 0x58, 0x34, 0x16, 0x12, 0x11, 0x44, 0x44, 0xcc, 0xcc, 0xff, 0xff,
    0x40, 0x8d, 0x45, 0x63, 0xd1, 0x58, 0x34, 0x16, 0x12, 0x11, 0x44, 0x44, 0xcc, 0xcc, 0xff, 0xff,
    0x40, 0x8d, 0x45, 0x63, 0xd1, 0x58, 0x34, 0x16, 0x12, 0x11, 0x44, 0x44, 0xcc, 0xcc, 0xff, 0xff,
    0x40, 0x8d, 0x45, 0x63, 0xd1, 0x58, 0x34, 0x16, 0x12, 0x11, 0x44, 0x44, 0xcc, 0xcc, 0xff, 0xff,
    0x40, 0x4d, 0x45, 0x53, 0xd1, 0x54, 0x34, 0x15, 0x01, 0x00, 0x44, 0x44, 0xaa, 0xaa, 0xff, 0xff,
    0x40, 0x4d, 0x45, 0x53, 0xd1, 0x54, 0x34, 0x15, 0x01, 0x00, 0x44, 0x44, 0xaa, 0xaa, 0xff, 0xff,
    0x40, 0x4d, 0x45, 0x53, 0xd1, 0x54, 0x34, 0x15, 0x01, 0x00, 0x44, 0x44, 0xca, 0xcc, 0xff, 0xff,
    0x40, 0x4d, 0x45, 0x53, 0xd1, 0x54, 0x34, 0x15, 0x01, 0x00, 0x44, 0x55, 0xcc, 0xcc, 0xff, 0xff,
    0x40, 0x4d, 0x45, 0x53, 0xd1, 0x54, 0x34, 0x15, 0x01, 0x00, 0x55, 0x55, 0xcc, 0xcc, 0xff, 0xff,
    0x40, 0x4d, 0x45, 0x53, 0xd1, 0x54, 0x34, 0x15, 0x00, 0x22, 0x55, 0x66, 0xbb, 0xcb, 0xfe, 0xff,
    0xc0, 0x4c, 0x25, 0x53, 0xc9, 0x54, 0x32, 0x95, 0x00, 0x22, 0x75, 0x77, 0xcc, 0xcc, 0xff, 0xff,
    0xc0, 0x0c, 0x25, 0x43, 0xc9, 0x50, 0x32, 0x94, 0x01, 0x00, 0x55, 0x65, 0xbb, 0xcc, 0xfe, 0xff,
    0xc0, 0x0c, 0x25, 0x43, 0xc9, 0x50, 0x32, 0x14, 0x20, 0x23, 0x65, 0x68, 0xcc, 0xec, 0xff, 0xff,
    0x40, 0x8c, 0x04, 0x23, 0xc1, 0x48, 0x30, 0x12, 0x01, 0x30, 0x44, 0x74, 0xaa, 0xba, 0xbb, 0xfb,
    0xc0, 0x8b, 0xe4, 0x22, 0xb9, 0x48, 0x2e, 0x12, 0x01, 0x20, 0x55, 0x75, 0xaa, 0xca, 0xee, 0xfe,
    0x40, 0x0b, 0xc4, 0x02, 0xb1, 0x40, 0x2c, 0x10, 0x01, 0x44, 0x44, 0x67, 0x88, 0xbb, 0xbd, 0xfd,
    0x40, 0xca, 0x83, 0xf2, 0xa0, 0x3c, 0x28, 0x0f, 0x00, 0x30, 0x33, 0x65, 0x86, 0xb9, 0xb9, 0xfc,
    0xc0, 0x89, 0x63, 0xe2, 0x98, 0x38, 0x26, 0x0e, 0x30, 0x53, 0x65, 0x88, 0x99, 0xcc, 0xfc, 0xff,
    0xc0, 0x08, 0x23, 0xc2, 0x88, 0x30, 0x22, 0x0c, 0x20, 0x63, 0x65, 0x98, 0x98, 0xe9, 0xbb, 0xfe,
    0xc0, 0xc7, 0xe2, 0xb1, 0x78, 0x2c, 0x1e, 0x0b, 0x22, 0x86, 0x68, 0xca, 0xec, 0xfe, 0xee, 0xfe,
    0x40, 0x06, 0x82, 0x81, 0x60, 0x20, 0x18, 0x88, 0x23, 0x44, 0x64, 0x86, 0x86, 0xaa, 0xc8, 0xfa,
    0x40, 0xc5, 0x41, 0x71, 0x50, 0x1c, 0x14, 0x07, 0x13, 0x74, 0x74, 0xf7, 0xa7, 0xff, 0xd7, 0xff,
    0x40, 0x44, 0x01, 0x51, 0x40, 0x14, 0x10, 0x85, 0x63, 0x86, 0x86, 0xbb, 0xb8, 0xfb, 0xbb, 0xfd,
    0x40, 0x03, 0xc1, 0x40, 0x30, 0x10, 0x0c, 0x84, 0x53, 0x99, 0x95, 0xf9, 0x99, 0xff, 0xd9, 0xff,
    0x40, 0xc2, 0x80, 0x30, 0x20, 0x0c, 0x08, 0x83, 0x37, 0xb3, 0x33, 0xfb, 0xb3, 0xff, 0xbb, 0xff,
    0xc0, 0x81, 0x60, 0x20, 0x18, 0x08, 0x06, 0x82, 0x24, 0x77, 0x72, 0x77, 0x77, 0xcc, 0x77, 0xfc,
    0xc0, 0x81, 0x60, 0x20, 0x18, 0x08, 0x06, 0x02, 0xf6, 0xff, 0xfb, 0xff, 0xff, 0xff, 0xff, 0xff,
    0x40, 0x41, 0x40, 0x10, 0x10, 0x04, 0x04, 0x01, 0x36, 0xbb, 0xb3, 0xfb, 0xbb, 0xff, 0xbb, 0xff,
    0xc0, 0x00, 0x20, 0x00, 0x08, 0x00, 0x02, 0x00, 0x7f, 0xf7, 0x77, 0xff, 0x77, 0xff, 0xf7, 0xff,
    0x20, 0x80, 0x00, 0x20, 0x00, 0x08, 0x04, 0x04, 0xac, 0xaa, 0xaa, 0xaa, 0x00, 0x00, 0x00, 0x00,
    0x20, 0x80, 0x00, 0x20, 0x00, 0x08, 0x04, 0x04, 0xac, 0xaa, 0xaa, 0xaa, 0x00, 0x00, 0x00, 0x00,
    0x40, 0x40, 0x00, 0x10, 0x00, 0x04, 0x00, 0x81, 0x00, 0x88, 0x00, 0x80, 0x00, 0x00, 0x00, 0x00,
    0x40, 0x40, 0x00, 0x10, 0x00, 0x04, 0x00, 0x81, 0x49, 0xc4, 0x44, 0xc4, 0x44, 0xc4, 0x40, 0x44,
    0x40, 0x41, 0x40, 0x10, 0x10, 0x04, 0x04, 0x01, 0x7f, 0x77, 0x7f, 0x77, 0xff, 0x77, 0xff, 0x77,
    0x40, 0xc1, 0x40, 0x30, 0x10, 0x0c, 0x04, 0x03, 0x40, 0xcc, 0x40, 0xc4, 0x00, 0xc4, 0x00, 0x40,
    0xc0, 0x01, 0x61, 0x40, 0x18, 0x10, 0x06, 0x04, 0x48, 0xc4, 0x40, 0x44, 0x00, 0x44, 0x00, 0x40,
    0xc0, 0x41, 0x61, 0x50, 0x18, 0x14, 0x06, 0x85, 0x6d, 0xea, 0x62, 0xa6, 0x22, 0xa6, 0x20, 0x62,
    0x40, 0x82, 0x81, 0x60, 0x20, 0x18, 0x08, 0x86, 0x6d, 0xee, 0x66, 0xe6, 0x62, 0xa6, 0x00, 0x66,
    0x40, 0x44, 0x01, 0x51, 0x40, 0x14, 0x10, 0x05, 0x49, 0x14, 0xa7, 0x44, 0xaa, 0x47, 0xaf, 0xaa,
    0xc0, 0x83, 0xe2, 0xa0, 0x38, 0x28, 0x0e, 0x0a, 0x7e, 0xee, 0x74, 0x97, 0x42, 0x77, 0x20, 0x42,
    0xc0, 0x05, 0x62, 0x81, 0x58, 0x20, 0x16, 0x88, 0x37, 0x13, 0xbb, 0x68, 0xbd, 0x6b, 0xff, 0xbd,
    0x40, 0x46, 0x82, 0x91, 0x60, 0x24, 0x18, 0x89, 0x1d, 0x11, 0x66, 0x36, 0xb8, 0x66, 0xdf, 0xbb,
    0x40, 0xc7, 0xc2, 0xb1, 0x70, 0x2c, 0x1c, 0x8b, 0x5e, 0x15, 0x9b, 0x57, 0xbd, 0xb9, 0xff, 0xff,
    0x40, 0xc8, 0x02, 0xb2, 0x80, 0x2c, 0x20, 0x0b, 0x4b, 0x02, 0x79, 0x57, 0xac, 0x9a, 0xef, 0xae,
    0xc0, 0x48, 0x23, 0xd2, 0x88, 0x34, 0x22, 0x0d, 0x28, 0x11, 0x88, 0x66, 0xce, 0xac, 0xff, 0xcf,
    0x40, 0x89, 0x43, 0xe2, 0x90, 0x38, 0x24, 0x0e, 0x24, 0x12, 0x88, 0x68, 0xcc, 0xcc, 0xff, 0xef,
    0x40, 0x89, 0x43, 0xe2, 0x90, 0x38, 0x24, 0x8e, 0x13, 0x11, 0x66, 0x66, 0xcc, 0xaa, 0xff, 0xee,
    0xc0, 0xc9, 0x63, 0xf2, 0x98, 0x3c, 0x26, 0x8f, 0x24, 0x02, 0x79, 0x57, 0xac, 0xaa, 0xfe, 0xff,
    0x40, 0xca, 0x83, 0xf2, 0xa0, 0x3c, 0x28, 0x0f, 0x24, 0x00, 0x66, 0x56, 0xbb, 0x9b, 0xff, 0xce,
    0x40, 0x0a, 0x84, 0x02, 0xa1, 0x40, 0x28, 0x10, 0x12, 0x11, 0x66, 0x66, 0xcc, 0xcc, 0xff, 0xff,
    0x40, 0x0a, 0x84, 0x02, 0xa1, 0x40, 0x28, 0x10, 0x12, 0x11, 0x66, 0x66, 0xcc, 0xcc, 0xff, 0xff,
    0x40, 0x0a, 0x84, 0x02, 0xa1, 0x40, 0x28, 0x10, 0x12, 0x11, 0x46, 0x44, 0xcc, 0xac, 0xff, 0xff,
    0x40, 0x0a, 0x84, 0x02, 0xa1, 0x40, 0x28, 0x10, 0x13, 0x11, 0x55, 0x55, 0xbb, 0xbb, 0xff, 0xff,
    0x40, 0x0a, 0x84, 0x02, 0xa1, 0x40, 0x28, 0x10, 0x13, 0x11, 0x55, 0x55, 0xbb, 0xbb, 0xff, 0xff,
    0x40, 0x0a, 0x84, 0x02, 0xa1, 0x40, 0x28, 0x10, 0x13, 0x11, 0x55, 0x55, 0xbb, 0xbb, 0xff, 0xff,
    0x40, 0x0a, 0x84, 0x02, 0xa1, 0x40, 0x28, 0x10, 0x13, 0x11, 0x55, 0x55, 0xbb, 0xbb, 0xff, 0xff,
    0x40, 0x0a, 0x84, 0x02, 0xa1, 0x40, 0x28, 0x10, 0x13, 0x11, 0x55, 0x55, 0xbb, 0xbb, 0xff, 0xff,
    0x40, 0x0a, 0x84, 0x02, 0xa1, 0x40, 0x28, 0x10, 0x13, 0x11, 0x55, 0x55, 0xbb, 0xbb, 0xff, 0xff,
    0x40, 0x0a, 0x84, 0x02, 0xa1, 0x40, 0x28, 0x10, 0x13, 0x11, 0x55, 0x55, 0xbb, 0xbb, 0xff, 0xff,
    0x40, 0x0a, 0x84, 0x02, 0xa1, 0x40, 0x28, 0x10, 0x13, 0x11, 0x55, 0x55, 0xbb, 0xbb, 0xff, 0xff,
    0x40, 0x0a, 0x84, 0x02, 0xa1, 0x40, 0x28, 0x10, 0x13, 0x11, 0x55, 0x55, 0xbb, 0xbb, 0xff, 0xff,
    0x40, 0x0a, 0x84, 0x02, 0xa1, 0x40, 0x28, 0x10, 0x13, 0x11, 0x55, 0x55, 0xbb, 0xbb, 0xff, 0xff,
    0x40, 0x0a, 0x84, 0x02, 0xa1, 0x40, 0x28, 0x10, 0x13, 0x11, 0x55, 0x55, 0xbb, 0xbb, 0xff, 0xff,
    0x40, 0x0a, 0x84, 0x02, 0xa1, 0x40, 0x28, 0x10, 0x13, 0x11, 0x55, 0x55, 0xbb, 0xbb, 0xff, 0xff,
    0x40, 0x0a, 0x84, 0x02, 0xa1, 0x40, 0x28, 0x10, 0x13, 0x11, 0x55, 0x55, 0xbb, 0xbb, 0xff, 0xff,
    0x40, 0x0a, 0x84, 0x02, 0xa1, 0x40, 0x28, 0x10, 0x13, 0x11, 0x55, 0x55, 0xbb, 0xbb, 0xff, 0xff,
    0x40, 0x0a, 0x84, 0x02, 0xa1, 0x40, 0x28, 0x10, 0x13, 0x11, 0x55, 0x55, 0xbb, 0xbb, 0xff, 0xff,
    0x40, 0x0a, 0x84, 0x02, 0xa1, 0x40, 0x28, 0x10, 0x13, 0x11, 0x55, 0x55, 0xbb, 0xbb, 0xff, 0xff,
    0x40, 0x0a, 0x84, 0x02, 0xa1, 0x40, 0x28, 0x10, 0x13, 0x11, 0x55, 0x55, 0xbb, 0xbb, 0xff, 0xff,
    0x40, 0x0a, 0x84, 0x02, 0xa1, 0x40, 0x28, 0x10, 0x13, 0x11, 0x55, 0x55, 0xbb, 0xbb, 0xff, 0xff,
    0x40, 0x0a, 0x84, 0x02, 0xa1, 0x40, 0x28, 0x10, 0x13, 0x11, 0x55, 0x55, 0xbb, 0xbb, 0xff, 0xff,
    0x40, 0x0a, 0x84, 0x02, 0xa1, 0x40, 0x28, 0x10, 0x12, 0x11, 0x44, 0x44, 0xaa, 0xaa, 0xee, 0xfe,
    0x40, 0x0a, 0x84, 0x02, 0xa1, 0x40, 0x28, 0x10, 0x12, 0x11, 0x44, 0x66, 0xcc, 0xcc, 0xff, 0xff,
    0x40, 0x0a, 0x84, 0x02, 0xa1, 0x40, 0x28, 0x10, 0x12, 0x11, 0x66, 0x66, 0xcc, 0xcc, 0xff, 0xff,
    0x40, 0x0a, 0x84, 0x02, 0xa1, 0x40, 0x28, 0x10, 0x12, 0x11, 0x66, 0x66, 0xcc, 0xcc, 0xff, 0xff,
    0x40, 0xca, 0x83, 0xf2, 0xa0, 0x3c, 0x28, 0x0f, 0x20, 0x22, 0x66, 0x66, 0xbb, 0xbb, 0xfe, 0xff,
    0xc0, 0xc9, 0x63, 0xf2, 0x98, 0x3c, 0x26, 0x0f, 0x12, 0x21, 0x66, 0x88, 0xaa, 0xcc, 0xff, 0xfe,
    0x40, 0x89, 0x43, 0xe2, 0x90, 0x38, 0x24, 0x8e, 0x13, 0x21, 0x66, 0x86, 0xca, 0xec, 0xfe, 0xff,
    0xc0, 0x88, 0x23, 0xe2, 0x88, 0x38, 0x22, 0x8e, 0x12, 0x31, 0x77, 0x97, 0xbb, 0xdb, 0xff, 0xff,
    0xc0, 0x48, 0x23, 0xd2, 0x88, 0x34, 0x22, 0x0d, 0x22, 0x44, 0x86, 0xa8, 0xcc, 0xee, 0xff, 0xff,
    0xc0, 0xc7, 0xe2, 0xb1, 0x78, 0x2c, 0x1e, 0x8b, 0x20, 0x44, 0x55, 0x77, 0x99, 0xca, 0xcc, 0xfe,
    0xc0, 0x86, 0xa2, 0xa1, 0x68, 0x28, 0x1a, 0x8a, 0x13, 0x63, 0x63, 0x88, 0x86, 0xbb, 0xdd, 0xfd,
    0x40, 0x46, 0x82, 0x91, 0x60, 0x24, 0x18, 0x89, 0x13, 0x66, 0x66, 0xb6, 0xb6, 0xb8, 0xdb, 0xff,
    0xc0, 0x05, 0x62, 0x81, 0x58, 0x20, 0x16, 0x08, 0x12, 0x61, 0x86, 0xb8, 0x88, 0xdb, 0xdb, 0xfd,
    0x40, 0x85, 0x41, 0x61, 0x50, 0x18, 0x14, 0x06, 0x73, 0x97, 0x77, 0xb9, 0x97, 0xbb, 0xbb, 0xfd,
    0xc0, 0x43, 0xe1, 0x50, 0x38, 0x14, 0x0e, 0x85, 0x13, 0x91, 0x91, 0x95, 0x95, 0xd9, 0x99, 0xff,
    0x40, 0x03, 0xc1, 0x40, 0x30, 0x10, 0x0c, 0x84, 0x93, 0x99, 0x99, 0xd9, 0x99, 0xdd, 0xf9, 0xff,
    0xc0, 0xc2, 0xa0, 0x30, 0x28, 0x0c, 0x0a, 0x03, 0x75, 0xc7, 0x77, 0xfc, 0xc7, 0xfc, 0xcc, 0xff,
    0xc0, 0x81, 0x60, 0x20, 0x18, 0x08, 0x06, 0x82, 0x37, 0xb3, 0x33, 0xbb, 0xb3, 0xbb, 0xbb, 0xfb,
    0xc0, 0x81, 0x60, 0x20, 0x18, 0x08, 0x06, 0x02, 0xb6, 0xff, 0xbb, 0xff, 0xfb, 0xff, 0xff, 0xff,
    0x40, 0x41, 0x40, 0x10, 0x10, 0x04, 0x04, 0x01, 0x36, 0xb3, 0x33, 0xbb, 0xb3, 0xbb, 0xb3, 0xfb,
    0xc0, 0x00, 0x20, 0x00, 0x08, 0x00, 0x02, 0x00, 0x7f, 0x77, 0x77, 0x77, 0x77, 0xf7, 0x77, 0xff,
    0x20, 0x80, 0x00, 0x20, 0x00, 0x08, 0x04, 0x04, 0xac, 0xaa, 0xaa, 0xaa, 0x00, 0x00, 0x00, 0x00,
    0x20, 0x80, 0x00, 0x20, 0x00, 0x08, 0x04, 0x04, 0xac, 0xaa, 0xaa, 0xaa, 0x00, 0x00, 0x00, 0x00,
    0x40, 0x00, 0x00, 0x00, 0x00, 0x00, 0x00, 0x80, 0x7e, 0x77, 0x7f, 0x77, 0x7f, 0x77, 0xff, 0x77,
    0x20, 0x80, 0x00, 0x20, 0x00, 0x08, 0x04, 0x04, 0xac, 0xaa, 0xaa, 0xaa, 0x00, 0x00, 0x00, 0x00,
    0x40, 0x40, 0x00, 0x10, 0x00, 0x04, 0x00, 0x81, 0x80, 0x88, 0x00, 0x88, 0x00, 0x80, 0x00, 0x00,
    0xc0, 0x80, 0x20, 0x20, 0x08, 0x08, 0x02, 0x02, 0x40, 0xc4, 0x00, 0x44, 0x00, 0x44, 0x00, 0x40,
    0x40, 0x41, 0x40, 0x10, 0x10, 0x04, 0x04, 0x01, 0x7f, 0x77, 0x77, 0x77, 0x7f, 0x77, 0xff, 0x77,
    0x40, 0xc1, 0x40, 0x30, 0x10, 0x0c, 0x04, 0x03, 0xc8, 0xcc, 0x40, 0xc4, 0x00, 0xc4, 0x00, 0x40,
    0x40, 0x82, 0x80, 0x20, 0x20, 0x08, 0x08, 0x02, 0x7f, 0x27, 0x7c, 0x77, 0xcc, 0x77, 0xcf, 0xcc,
    0xc0, 0x41, 0x61, 0x50, 0x18, 0x14, 0x06, 0x85, 0x6d, 0xe6, 0x62, 0x66, 0x22, 0x66, 0x00, 0x20,
    0x40, 0x03, 0xc1, 0x40, 0x30, 0x10, 0x0c, 0x04, 0x7f, 0x27, 0x7f, 0x77, 0xcf, 0x77, 0xff, 0xff,
    0xc0, 0xc2, 0xa1, 0x70, 0x28, 0x1c, 0x0a, 0x87, 0x6d, 0xea, 0x22, 0xe6, 0x00, 0x66, 0x00, 0x20,
    0x40, 0x03, 0xc2, 0x80, 0x30, 0x20, 0x0c, 0x88, 0xad, 0xea, 0x22, 0xa6, 0x20, 0x66, 0x00, 0x20,
    0x40, 0xc5, 0x41, 0x71, 0x50, 0x1c, 0x14, 0x07, 0x6c, 0x13, 0xbb, 0x66, 0xbd, 0x88, 0xff, 0xbd,
    0xc0, 0x05, 0x62, 0x81, 0x58, 0x20, 0x16, 0x08, 0x6c, 0x13, 0xbb, 0x68, 0xbd, 0x8b, 0xff, 0xbf,
    0xc0, 0x45, 0x62, 0x91, 0x58, 0x24, 0x16, 0x89, 0x48, 0x14, 0xaa, 0x77, 0xad, 0xaa, 0xff, 0xff,
    0x40, 0x46, 0x82, 0x91, 0x60, 0x24, 0x18, 0x89, 0x67, 0x16, 0x88, 0x66, 0x8f, 0x88, 0xdf, 0xdd,
    0xc0, 0x86, 0xa2, 0xa1, 0x68, 0x28, 0x1a, 0x0a, 0x49, 0x14, 0xaa, 0x77, 0xad, 0xdd, 0xff, 0xff,
    0xc0, 0xc6, 0xa2, 0xb1, 0x68, 0x2c, 0x1a, 0x8b, 0x48, 0x11, 0xaa, 0xaa, 0xdd, 0xad, 0xff, 0xdd,
    0x40, 0xc7, 0xc2, 0xb1, 0x70, 0x2c, 0x1c, 0x0b, 0x43, 0x44, 0xaa, 0xaa, 0xdd, 0xdd, 0xff, 0xff,
    0x40, 0xc7, 0xc2, 0xb1, 0x70, 0x2c, 0x1c, 0x8b, 0x6d, 0x13, 0xbb, 0x68, 0xdd, 0xdf, 0xff, 0xff,
    0x40, 0xc7, 0xc2, 0xb1, 0x70, 0x2c, 0x1c, 0x8b, 0x13, 0x11, 0x66, 0x66, 0xdd, 0xdd, 0xff, 0xff,
    0x40, 0xc7, 0xc2, 0xb1, 0x70, 0x2c, 0x1c, 0x8b, 0x13, 0x11, 0x66, 0x66, 0xdd, 0xdd, 0xff, 0xff,
    0x40, 0xc7, 0xc2, 0xb1, 0x70, 0x2c, 0x1c, 0x8b, 0x13, 0x11, 0x66, 0x66, 0xdd, 0xdd, 0xff, 0xff,
    0xc0, 0xc7, 0xe2, 0xb1, 0x78, 0x2c, 0x1e, 0x0b, 0x17, 0x11, 0x57, 0x55, 0xbd, 0xbb, 0xdf, 0xdd,
    0xc0, 0x07, 0xe3, 0xc1, 0x78, 0x30, 0x1e, 0x0c, 0x12, 0x11, 0x66, 0x66, 0xdd, 0xdd, 0xff, 0xff,
    0xc0, 0x07, 0xe3, 0xc1, 0x78, 0x30, 0x1e, 0x0c, 0x12, 0x11, 0x66, 0x66, 0xdd, 0xdd, 0xff, 0xff,
    0xc0, 0x07, 0xe3, 0xc1, 0x78, 0x30, 0x1e, 0x0c, 0x12, 0x11, 0x66, 0x66, 0xdd, 0xdd, 0xff, 0xff,
    0xc0, 0x07, 0xe3, 0xc1, 0x78, 0x30, 0x1e, 0x0c, 0x12, 0x11, 0x66, 0x66, 0xdd, 0xdd, 0xff, 0xff,
    0xc0, 0x07, 0xe3, 0xc1, 0x78, 0x30, 0x1e, 0x0c, 0x12, 0x11, 0x66, 0x66, 0xdd, 0xdd, 0xff, 0xff,
    0xc0, 0x07, 0xe3, 0xc1, 0x78, 0x30, 0x1e, 0x0c, 0x12, 0x11, 0x66, 0x66, 0xdd, 0xdd, 0xff, 0xff,
    0xc0, 0x07, 0xe3, 0xc1, 0x78, 0x30, 0x1e, 0x0c, 0x12, 0x11, 0x66, 0x66, 0xdd, 0xdd, 0xff, 0xff,
    0xc0, 0x07, 0xe3, 0xc1, 0x78, 0x30, 0x1e, 0x0c, 0x12, 0x11, 0x66, 0x66, 0xdd, 0xdd, 0xff, 0xff,
    0xc0, 0x07, 0xe3, 0xc1, 0x78, 0x30, 0x1e, 0x0c, 0x12, 0x11, 0x66, 0x66, 0xdd, 0xdd, 0xff, 0xff,
    0xc0, 0x07, 0xe3, 0xc1, 0x78, 0x30, 0x1e, 0x0c, 0x12, 0x11, 0x66, 0x66, 0xdd, 0xdd, 0xff, 0xff,
    0xc0, 0x07, 0xe3, 0xc1, 0x78, 0x30, 0x1e, 0x0c, 0x12, 0x11, 0x66, 0x66, 0xdd, 0xdd, 0xff, 0xff,
    0xc0, 0x07, 0xe3, 0xc1, 0x78, 0x30, 0x1e, 0x0c, 0x12, 0x11, 0x66, 0x66, 0xdd, 0xdd, 0xff, 0xff,
    0xc0, 0x07, 0xe3, 0xc1, 0x78, 0x30, 0x1e, 0x0c, 0x12, 0x11, 0x66, 0x66, 0xdd, 0xdd, 0xff, 0xff,
    0xc0, 0x07, 0xe3, 0xc1, 0x78, 0x30, 0x1e, 0x0c, 0x12, 0x11, 0x66, 0x66, 0xdd, 0xdd, 0xff, 0xff,
    0xc0, 0x07, 0xe3, 0xc1, 0x78, 0x30, 0x1e, 0x0c, 0x12, 0x11, 0x66, 0x66, 0xdd, 0xdd, 0xff, 0xff,
    0xc0, 0x07, 0xe3, 0xc1, 0x78, 0x30, 0x1e, 0x0c, 0x12, 0x11, 0x66, 0x66, 0xdd, 0xdd, 0xff, 0xff,
    0xc0, 0x07, 0xe3, 0xc1, 0x78, 0x30, 0x1e, 0x0c, 0x12, 0x11, 0x66, 0x66, 0xdd, 0xdd, 0xff, 0xff,
    0xc0, 0x07, 0xe3, 0xc1, 0x78, 0x30, 0x1e, 0x0c, 0x12, 0x11, 0x66, 0x66, 0xdd, 0xdd, 0xff, 0xff,
    0xc0, 0xc7, 0xe2, 0xb1, 0x78, 0x2c, 0x1e, 0x0b, 0x13, 0x33, 0x55, 0x77, 0xbb, 0xdd, 0xdd, 0xff,
    0x40, 0xc7, 0xc2, 0xb1, 0x70, 0x2c, 0x1c, 0x8b, 0x13, 0x11, 0x66, 0x66, 0xdd, 0xdd, 0xff, 0xff,
    0x40, 0xc7, 0xc2, 0xb1, 0x70, 0x2c, 0x1c, 0x8b, 0x13, 0x11, 0x66, 0x66, 0xdd, 0xdd, 0xff, 0xff,
    0x40, 0xc7, 0xc2, 0xb1, 0x70, 0x2c, 0x1c, 0x8b, 0x13, 0x11, 0x66, 0x66, 0xdd, 0xdd, 0xff, 0xff,
    0x40, 0xc7, 0xc2, 0xb1, 0x70, 0x2c, 0x1c, 0x0b, 0x43, 0x44, 0xa7, 0xaa, 0xdf, 0xdd, 0xff, 0xff,
    0x40, 0xc7, 0xc2, 0xb1, 0x70, 0x2c, 0x1c, 0x0b, 0x49, 0x41, 0xaa, 0xda, 0xdd, 0xdd, 0xff, 0xff,
    0xc0, 0x86, 0xa2, 0xa1, 0x68, 0x28, 0x1a, 0x8a, 0x33, 0x33, 0x88, 0x88, 0xbb, 0xdb, 0xdb, 0xfd,
    0x40, 0x86, 0x82, 0xa1, 0x60, 0x28, 0x18, 0x8a, 0x12, 0x11, 0x74, 0x77, 0x7a, 0xaa, 0xdd, 0xfd,
    0x40, 0x46, 0x82, 0x91, 0x60, 0x24, 0x18, 0x09, 0x36, 0x31, 0x63, 0x86, 0x66, 0xbd, 0xbb, 0xfd,
    0xc0, 0x45, 0x62, 0x91, 0x58, 0x24, 0x16, 0x09, 0x12, 0x11, 0x95, 0x99, 0x99, 0xdd, 0xff, 0xff,
    0x40, 0x05, 0x42, 0x81, 0x50, 0x20, 0x14, 0x88, 0x42, 0x44, 0xa7, 0xaa, 0xaa, 0xdd, 0xff, 0xff,
    0xc0, 0xc4, 0x21, 0x71, 0x48, 0x1c, 0x12, 0x87, 0x42, 0x74, 0xa4, 0xaa, 0xa7, 0xdd, 0xfd, 0xff,
    0x40, 0x84, 0x01, 0x61, 0x40, 0x18, 0x10, 0x06, 0x12, 0x55, 0x95, 0x59, 0x95, 0xdd, 0xdd, 0xfd,
    0xc0, 0x03, 0xe1, 0x40, 0x38, 0x10, 0x0e, 0x04, 0x43, 0x74, 0x74, 0xa7, 0xa4, 0xaa, 0xaa, 0xfa,
    0xc0, 0x02, 0xa1, 0x40, 0x28, 0x10, 0x0a, 0x84, 0x24, 0x22, 0x22, 0xcc, 0x72, 0xcc, 0xcc, 0xfc,
    0x40, 0xc2, 0x80, 0x30, 0x20, 0x0c, 0x08, 0x83, 0x24, 0x72, 0x22, 0xc7, 0x72, 0xc7, 0xcc, 0xfc,
    0xc0, 0x81, 0x60, 0x20, 0x18, 0x08, 0x06, 0x82, 0x37, 0xb3, 0x33, 0xbb, 0xb3, 0xbb, 0xbb, 0xff,
    0xc0, 0x81, 0x60, 0x20, 0x18, 0x08, 0x06, 0x02, 0x36, 0xfb, 0xbb, 0xff, 0xfb, 0xff, 0xff, 0xff,
    0x40, 0x41, 0x40, 0x10, 0x10, 0x04, 0x04, 0x01, 0x7f, 0x77, 0x77, 0xf7, 0x77, 0xff, 0xf7, 0xff,
    0xc0, 0x00, 0x20, 0x00, 0x08, 0x00, 0x02, 0x80, 0x37, 0xbb, 0xb3, 0xbb, 0xb3, 0xbb, 0xbb, 0xfb,
    0xc0, 0x00, 0x20, 0x00, 0x08, 0x00, 0x02, 0x00, 0x7f, 0xff, 0xf7, 0xff, 0xff, 0xff, 0xff, 0xff,
    0x20, 0x80, 0x00, 0x20, 0x00, 0x08, 0x04, 0x04, 0xac, 0xaa, 0xaa, 0xaa, 0x00, 0x00, 0x00, 0x00,
    0x40, 0x00, 0x00, 0x00, 0x00, 0x00, 0x00, 0x80, 0x7e, 0xf7, 0x77, 0xff, 0x77, 0xff, 0xf7, 0xff,
    0x40, 0x00, 0x00, 0x00, 0x00, 0x00, 0x00, 0x00, 0x01, 0x80, 0x00, 0x00, 0x00, 0x00, 0x00, 0x00,
    0x40, 0x00, 0x00, 0x00, 0x00, 0x00, 0x00, 0x80, 0x7e, 0x77, 0x77, 0x77, 0x77, 0x77, 0x7f, 0x77,
    0x20, 0x80, 0x00, 0x20, 0x00, 0x08, 0x04, 0x04, 0xac, 0xaa, 0xaa, 0xaa, 0x00, 0x00, 0x00, 0x00,
    0x40, 0x40, 0x00, 0x10, 0x00, 0x04, 0x00, 0x81, 0x80, 0x88, 0x00, 0x88, 0x00, 0x80, 0x00, 0x00,
    0xc0, 0x80, 0x20, 0x20, 0x08, 0x08, 0x02, 0x02, 0x40, 0xc4, 0x40, 0x44, 0x00, 0x44, 0x00, 0x00,
    0x40, 0x41, 0x40, 0x10, 0x10, 0x04, 0x04, 0x01, 0x7f, 0x77, 0x77, 0x77, 0x7f, 0x77, 0xff, 0x77,
    0x40, 0xc1, 0x40, 0x30, 0x10, 0x0c, 0x04, 0x03, 0x48, 0xcc, 0x00, 0xcc, 0x00, 0x40, 0x00, 0x00,
    0x40, 0xc1, 0x40, 0x30, 0x10, 0x0c, 0x04, 0x83, 0xc9, 0xcc, 0x44, 0xcc, 0x44, 0x44, 0x00, 0x40,
    0xc0, 0x01, 0x61, 0x40, 0x18, 0x10, 0x06, 0x04, 0xd7, 0xdd, 0x83, 0xd8, 0x33, 0x33, 0x30, 0x33,
    0xc0, 0x41, 0x61, 0x50, 0x18, 0x14, 0x06, 0x85, 0xad, 0xea, 0x66, 0xe6, 0x66, 0x66, 0x00, 0x66,
    0x40, 0x03, 0xc1, 0x40, 0x30, 0x10, 0x0c, 0x84, 0x1b, 0x55, 0xdd, 0x59, 0xdf, 0x99, 0xff, 0xdf,
    0xc0, 0x43, 0xe1, 0x50, 0x38, 0x14, 0x0e, 0x05, 0x1a, 0x11, 0x55, 0x99, 0x9d, 0x99, 0xff, 0xdd,
    0x40, 0x03, 0xc2, 0x80, 0x30, 0x20, 0x0c, 0x08, 0x6c, 0xee, 0x62, 0xaa, 0x20, 0x66, 0x20, 0x00,
    0x40, 0x84, 0x01, 0x61, 0x40, 0x18, 0x10, 0x86, 0x48, 0x11, 0x44, 0x74, 0xaa, 0xaa, 0xdf, 0xad,
    0xc0, 0xc4, 0x21, 0x71, 0x48, 0x1c, 0x12, 0x87, 0x7e, 0x14, 0xad, 0x44, 0xad, 0xaa, 0xdf, 0xdf,
    0xc0, 0xc4, 0x21, 0x71, 0x48, 0x1c, 0x12, 0x87, 0x13, 0x11, 0x55, 0x15, 0x9d, 0x99, 0xff, 0xff,
    0x40, 0xc5, 0x41, 0x71, 0x50, 0x1c, 0x14, 0x07, 0x19, 0x11, 0x44, 0x44, 0xaa, 0xaa, 0xff, 0xdf,
    0x40, 0x05, 0x42, 0x81, 0x50, 0x20, 0x14, 0x88, 0x12, 0x11, 0xaa, 0x7a, 0xad, 0xaa, 0xff, 0xdd,
    0xc0, 0x05, 0x62, 0x81, 0x58, 0x20, 0x16, 0x88, 0x17, 0x33, 0x88, 0x66, 0xdd, 0xbb, 0xff, 0xff,
    0xc0, 0x05, 0x62, 0x81, 0x58, 0x20, 0x16, 0x08, 0x13, 0x11, 0x44, 0x44, 0xaa, 0xaa, 0xff, 0xdd,
    0xc0, 0x45, 0x62, 0x91, 0x58, 0x24, 0x16, 0x09, 0x12, 0x11, 0x55, 0x55, 0xdd, 0x99, 0xff, 0xff,
    0xc0, 0x45, 0x62, 0x91, 0x58, 0x24, 0x16, 0x09, 0x12, 0x11, 0x15, 0x11, 0x99, 0x99, 0xff, 0xff,
    0xc0, 0x45, 0x62, 0x91, 0x58, 0x24, 0x16, 0x89, 0x12, 0x11, 0x44, 0x44, 0xaa, 0xaa, 0xff, 0xff,
    0xc0, 0x45, 0x62, 0x91, 0x58, 0x24, 0x16, 0x89, 0x12, 0x11, 0x44, 0x44, 0xaa, 0xaa, 0xff, 0xff,
    0xc0, 0x45, 0x62, 0x91, 0x58, 0x24, 0x16, 0x89, 0x12, 0x11, 0x44, 0x44, 0xaa, 0xaa, 0xff, 0xff,
    0xc0, 0x45, 0x62, 0x91, 0x58, 0x24, 0x16, 0x89, 0x12, 0x11, 0x44, 0x44, 0xaa, 0xaa, 0xff, 0xff,
    0xc0, 0x45, 0x62, 0x91, 0x58, 0x24, 0x16, 0x89, 0x12, 0x11, 0x44, 0x44, 0xaa, 0xaa, 0xff, 0xff,
    0xc0, 0x45, 0x62, 0x91, 0x58, 0x24, 0x16, 0x89, 0x12, 0x11, 0x44, 0x44, 0xaa, 0xaa, 0xff, 0xff,
    0xc0, 0x45, 0x62, 0x91, 0x58, 0x24, 0x16, 0x89, 0x12, 0x11, 0x44, 0x44, 0xaa, 0xaa, 0xff, 0xff,
    0xc0, 0x45, 0x62, 0x91, 0x58, 0x24, 0x16, 0x89, 0x12, 0x11, 0x44, 0x44, 0xaa, 0xaa, 0xff, 0xff,
    0xc0, 0x45, 0x62, 0x91, 0x58, 0x24, 0x16, 0x89, 0x12, 0x11, 0x44, 0x44, 0xaa, 0xaa, 0xff, 0xff,
    0xc0, 0x45, 0x62, 0x91, 0x58, 0x24, 0x16, 0x89, 0x12, 0x11, 0x44, 0x44, 0xaa, 0xaa, 0xff, 0xff,
    0xc0, 0x45, 0x62, 0x91, 0x58, 0x24, 0x16, 0x89, 0x12, 0x11, 0x44, 0x44, 0xaa, 0xaa, 0xff, 0xff,
    0xc0, 0x45, 0x62, 0x91, 0x58, 0x24, 0x16, 0x89, 0x12, 0x11, 0x44, 0x44, 0xaa, 0xaa, 0xff, 0xff,
    0xc0, 0x45, 0x62, 0x91, 0x58, 0x24, 0x16, 0x89, 0x12, 0x11, 0x44, 0x44, 0xaa, 0xaa, 0xff, 0xff,
    0xc0, 0x45, 0x62, 0x91, 0x58, 0x24, 0x16, 0x89, 0x12, 0x11, 0x44, 0x44, 0xaa, 0xaa, 0xff, 0xff,
    0xc0, 0x45, 0x62, 0x91, 0x58, 0x24, 0x16, 0x89, 0x12, 0x11, 0x44, 0x44, 0xaa, 0xaa, 0xff, 0xff,
    0xc0, 0x45, 0x62, 0x91, 0x58, 0x24, 0x16, 0x89, 0x12, 0x11, 0x44, 0x44, 0xaa, 0xaa, 0xff, 0xff,
    0xc0, 0x45, 0x62, 0x91, 0x58, 0x24, 0x16, 0x89, 0x12, 0x11, 0x44, 0x44, 0xaa, 0xaa, 0xff, 0xff,
    0xc0, 0x45, 0x62, 0x91, 0x58, 0x24, 0x16, 0x89, 0x12, 0x11, 0x44, 0x44, 0xaa, 0xaa, 0xff, 0xff,
    0xc0, 0x45, 0x62, 0x91, 0x58, 0x24, 0x16, 0x89, 0x12, 0x11, 0x44, 0x44, 0xaa, 0xaa, 0xff, 0xff,
    0xc0, 0x45, 0x62, 0x91, 0x58, 0x24, 0x16, 0x89, 0x12, 0x41, 0x44, 0x44, 0xaa, 0xaa, 0xff, 0xff,
    0xc0, 0x45, 0x62, 0x91, 0x58, 0x24, 0x16, 0x09, 0x12, 0x11, 0x11, 0x55, 0x99, 0x99, 0xff, 0xff,
    0xc0, 0x45, 0x62, 0x91, 0x58, 0x24, 0x16, 0x09, 0x12, 0x11, 0x55, 0x55, 0xd9, 0xdd, 0xff, 0xff,
    0xc0, 0x05, 0x62, 0x81, 0x58, 0x20, 0x16, 0x08, 0x13, 0x11, 0x44, 0x44, 0xaa, 0xaa, 0xfd, 0xff,
    0xc0, 0x05, 0x62, 0x81, 0x58, 0x20, 0x16, 0x88, 0x17, 0x63, 0x86, 0xb8, 0xdb, 0xdd, 0xff, 0xff,
    0x40, 0x05, 0x42, 0x81, 0x50, 0x20, 0x14, 0x88, 0x12, 0x41, 0xaa, 0x7a, 0xaa, 0xdd, 0xfd, 0xff,
    0x40, 0xc5, 0x41, 0x71, 0x50, 0x1c, 0x14, 0x07, 0x13, 0x44, 0x44, 0x44, 0xaa, 0xaa, 0xff, 0xff,
    0xc0, 0xc4, 0x21, 0x71, 0x48, 0x1c, 0x12, 0x87, 0x13, 0x11, 0x55, 0x55, 0x99, 0xdd, 0xff, 0xff,
    0xc0, 0xc4, 0x21, 0x71, 0x48, 0x1c, 0x12, 0x07, 0x52, 0x55, 0x91, 0xdd, 0x99, 0xfd, 0xdf, 0xff,
    0x40, 0x84, 0x01, 0x61, 0x40, 0x18, 0x10, 0x86, 0x42, 0x44, 0x44, 0x74, 0xaa, 0xaa, 0xdd, 0xff,
    0x40, 0x44, 0x01, 0x51, 0x40, 0x14, 0x10, 0x05, 0x73, 0x77, 0x74, 0xda, 0xa7, 0xdd, 0xad, 0xfd,
    0xc0, 0x43, 0xe1, 0x50, 0x38, 0x14, 0x0e, 0x05, 0x12, 0x95, 0x59, 0x95, 0x99, 0xdd, 0xfd, 0xff,
    0x40, 0x03, 0xc1, 0x40, 0x30, 0x10, 0x0c, 0x84, 0x1b, 0x95, 0xd9, 0x9d, 0xd9, 0xff, 0xff, 0xff,
    0xc0, 0xc2, 0xa0, 0x30, 0x28, 0x0c, 0x0a, 0x03, 0x25, 0x77, 0x77, 0x77, 0x77, 0xf7, 0xf7, 0xff,
    0x40, 0xc2, 0x80, 0x30, 0x20, 0x0c, 0x08, 0x83, 0x24, 0xcc, 0x77, 0xcc, 0xcc, 0xfc, 0xcc, 0xff,
    0xc0, 0x81, 0x60, 0x20, 0x18, 0x08, 0x06, 0x82, 0x24, 0x77, 0x72, 0x77, 0x77, 0xc7, 0xcc, 0xfc,
    0xc0, 0x81, 0x60, 0x20, 0x18, 0x08, 0x06, 0x02, 0xb6, 0xfb, 0xf3, 0xff, 0xff, 0xff, 0xff, 0xff,
    0x40, 0x41, 0x40, 0x10, 0x10, 0x04, 0x04, 0x01, 0x36, 0x33, 0x33, 0xb3, 0x33, 0xbb, 0xb3, 0xfb,
    0xc0, 0x00, 0x20, 0x00, 0x08, 0x00, 0x02, 0x80, 0x37, 0xbb, 0x33, 0xbb, 0xb3, 0xbb, 0xbb, 0xfb,
    0xc0, 0x00, 0x20, 0x00, 0x08, 0x00, 0x02, 0x00, 0x7f, 0xff, 0xf7, 0xff, 0xff, 0xff, 0xff, 0xff,
    0x20, 0x80, 0x00, 0x20, 0x00, 0x08, 0x04, 0x04, 0xac, 0xaa, 0xaa, 0xaa, 0x00, 0x00, 0x00, 0x00,
    0x40, 0x00, 0x00, 0x00, 0x00, 0x00, 0x00, 0x80, 0x7e, 0x77, 0x77, 0xf7, 0x77, 0xf7, 0x77, 0xff,
    0x20, 0x00, 0x00, 0x00, 0x00, 0x00, 0x00, 0x00, 0xac, 0xaa, 0xaa, 0xaa, 0x00, 0x00, 0x00, 0x00,
    0x20, 0x00, 0x00, 0x00, 0x00, 0x00, 0x00, 0x00, 0xac, 0xaa, 0xaa, 0xaa, 0x00, 0x00, 0x00, 0x00,
    0x40, 0x00, 0x00, 0x00, 0x00, 0x00, 0x00, 0x00, 0x01, 0x88, 0x00, 0x80, 0x00, 0x00, 0x00, 0x00,
    0x40, 0x00, 0x00, 0x00, 0x00, 0x00, 0x00, 0x80, 0x7e, 0x77, 0x77, 0x77, 0x77, 0x77, 0x7f, 0x77,
    0x20, 0x80, 0x00, 0x20, 0x00, 0x08, 0x04, 0x04, 0xac, 0xaa, 0xaa, 0xaa, 0x00, 0x00, 0x00, 0x00,
    0x40, 0x40, 0x00, 0x10, 0x00, 0x04, 0x00, 0x81, 0x80, 0x88, 0x00, 0x88, 0x00, 0x80, 0x00, 0x00,
    0xc0, 0x40, 0x20, 0x10, 0x08, 0x04, 0x02, 0x81, 0x7e, 0x77, 0x7f, 0x77, 0xff, 0xff, 0xff, 0xff,
    0x40, 0x41, 0x40, 0x10, 0x10, 0x04, 0x04, 0x01, 0x36, 0x33, 0x3b, 0x33, 0xbb, 0x33, 0xbf, 0xbb,
    0x40, 0xc1, 0x40, 0x30, 0x10, 0x0c, 0x04, 0x03, 0x00, 0xc4, 0x00, 0x40, 0x00, 0x00, 0x00, 0x00,
    0xc0, 0x81, 0x60, 0x20, 0x18, 0x08, 0x06, 0x82, 0x7e, 0x27, 0x7c, 0x77, 0xcf, 0xcc, 0xff, 0xcc,
    0x40, 0x82, 0x80, 0x20, 0x20, 0x08, 0x08, 0x02, 0x7f, 0x22, 0x7c, 0x77, 0xcc, 0x7c, 0xff, 0xcf,
    0x40, 0xc2, 0x80, 0x30, 0x20, 0x0c, 0x08, 0x83, 0x24, 0x22, 0xcc, 0x22, 0xcc, 0xcc, 0xcf, 0xcc,
    0xc0, 0x41, 0x61, 0x50, 0x18, 0x14, 0x06, 0x85, 0xad, 0xee, 0x66, 0x66, 0x20, 0x66, 0x00, 0x20,
    0x40, 0x03, 0xc1, 0x40, 0x30, 0x10, 0x0c, 0x04, 0x9a, 0x19, 0x99, 0x59, 0xdd, 0x9d, 0xff, 0xff,
    0x40, 0x03, 0xc1, 0x40, 0x30, 0x10, 0x0c, 0x84, 0x5b, 0x15, 0x99, 0x55, 0xdd, 0xdd, 0xff, 0xdd,
    0xc0, 0x43, 0xe1, 0x50, 0x38, 0x14, 0x0e, 0x05, 0x1a, 0x51, 0x99, 0x99, 0xff, 0x9d, 0xff, 0xff,
    0x40, 0x43, 0xc1, 0x50, 0x30, 0x14, 0x0c, 0x85, 0x24, 0x22, 0x27, 0x22, 0x77, 0x77, 0xff, 0xcc,
    0xc0, 0x43, 0xe1, 0x50, 0x38, 0x14, 0x0e, 0x85, 0x1b, 0x11, 0x59, 0x55, 0xdd, 0x99, 0xff, 0xff,
    0x40, 0x44, 0x01, 0x51, 0x40, 0x14, 0x10, 0x05, 0x49, 0x11, 0x77, 0x44, 0xaa, 0xaa, 0xff, 0xff,
    0x40, 0x44, 0x01, 0x51, 0x40, 0x14, 0x10, 0x85, 0x37, 0x11, 0x66, 0x66, 0xbb, 0xbb, 0xff, 0xdd,
    0x40, 0x84, 0x01, 0x61, 0x40, 0x18, 0x10, 0x86, 0x12, 0x11, 0x77, 0x77, 0xdd, 0xad, 0xff, 0xff,
    0x40, 0x84, 0x01, 0x61, 0x40, 0x18, 0x10, 0x86, 0x12, 0x11, 0x77, 0x77, 0xaa, 0xaa, 0xff, 0xff,
    0x40, 0x84, 0x01, 0x61, 0x40, 0x18, 0x10, 0x86, 0x12, 0x11, 0x77, 0x77, 0xaa, 0xaa, 0xff, 0xff,
    0x40, 0x84, 0x01, 0x61, 0x40, 0x18, 0x10, 0x86, 0x12, 0x11, 0x47, 0x44, 0xaa, 0xaa, 0xff, 0xff,
    0x40, 0x84, 0x01, 0x61, 0x40, 0x18, 0x10, 0x86, 0x12, 0x11, 0x44, 0x44, 0xaa, 0xaa, 0xff, 0xff,
    0x40, 0x84, 0x01, 0x61, 0x40, 0x18, 0x10, 0x86, 0x12, 0x11, 0x44, 0x44, 0xaa, 0xaa, 0xff, 0xff,
    0x40, 0x84, 0x01, 0x61, 0x40, 0x18, 0x10, 0x86, 0x12, 0x11, 0x44, 0x44, 0xaa, 0xaa, 0xff, 0xff,
    0x40, 0x84, 0x01, 0x61, 0x40, 0x18, 0x10, 0x86, 0x12, 0x11, 0x44, 0x44, 0xaa, 0xaa, 0xff, 0xff,
    0x40, 0x84, 0x01, 0x61, 0x40, 0x18, 0x10, 0x86, 0x12, 0x11, 0x44, 0x44, 0xaa, 0xaa, 0xff, 0xff,
    0x40, 0x84, 0x01, 0x61, 0x40, 0x18, 0x10, 0x86, 0x12, 0x11, 0x44, 0x44, 0xaa, 0xaa, 0xff, 0xff,
    0x40, 0x84, 0x01, 0x61, 0x40, 0x18, 0x10, 0x86, 0x12, 0x11, 0x44, 0x44, 0xaa, 0xaa, 0xff, 0xff,
    0x40, 0x84, 0x01, 0x61, 0x40, 0x18, 0x10, 0x86, 0x12, 0x11, 0x44, 0x44, 0xaa, 0xaa, 0xff, 0xff,
    0x40, 0x84, 0x01, 0x61, 0x40, 0x18, 0x10, 0x86, 0x12, 0x11, 0x44, 0x44, 0xaa, 0xaa, 0xff, 0xff,
    0x40, 0x84, 0x01, 0x61, 0x40, 0x18, 0x10, 0x86, 0x12, 0x11, 0x44, 0x44, 0xaa, 0xaa, 0xff, 0xff,
    0x40, 0x84, 0x01, 0x61, 0x40, 0x18, 0x10, 0x86, 0x12, 0x11, 0x44, 0x44, 0xaa, 0xaa, 0xff, 0xff,
    0x40, 0x84, 0x01, 0x61, 0x40, 0x18, 0x10, 0x86, 0x12, 0x11, 0x44, 0x44, 0xaa, 0xaa, 0xff, 0xff,
    0x40, 0x84, 0x01, 0x61, 0x40, 0x18, 0x10, 0x86, 0x12, 0x11, 0x44, 0x44, 0xaa, 0xaa, 0xff, 0xff,
    0x40, 0x84, 0x01, 0x61, 0x40, 0x18, 0x10, 0x86, 0x12, 0x11, 0x44, 0x44, 0xaa, 0xaa, 0xff, 0xff,
    0x40, 0x84, 0x01, 0x61, 0x40, 0x18, 0x10, 0x86, 0x12, 0x11, 0x44, 0x44, 0xaa, 0xaa, 0xff, 0xff,
    0x40, 0x84, 0x01, 0x61, 0x40, 0x18, 0x10, 0x86, 0x12, 0x11, 0x44, 0x44, 0xaa, 0xaa, 0xff, 0xff,
    0x40, 0x84, 0x01, 0x61, 0x40, 0x18, 0x10, 0x86, 0x12, 0x11, 0x44, 0x44, 0xaa, 0xaa, 0xff, 0xff,
    0x40, 0x84, 0x01, 0x61, 0x40, 0x18, 0x10, 0x86, 0x12, 0x11, 0x44, 0x44, 0xaa, 0xaa, 0xff, 0xff,
    0x40, 0x84, 0x01, 0x61, 0x40, 0x18, 0x10, 0x86, 0x12, 0x11, 0x44, 0x77, 0xaa, 0xaa, 0xff, 0xff,
    0x40, 0x84, 0x01, 0x61, 0x40, 0x18, 0x10, 0x86, 0x12, 0x11, 0x77, 0x77, 0xaa, 0xaa, 0xff, 0xff,
    0x40, 0x84, 0x01, 0x61, 0x40, 0x18, 0x10, 0x86, 0x12, 0x11, 0x77, 0x77, 0xaa, 0xaa, 0xff, 0xff,
    0x40, 0x84, 0x01, 0x61, 0x40, 0x18, 0x10, 0x86, 0x12, 0x11, 0x77, 0x77, 0xdd, 0xdd, 0xff, 0xff,
    0x40, 0x44, 0x01, 0x51, 0x40, 0x14, 0x10, 0x85, 0x33, 0x33, 0x66, 0x66, 0xbb, 0xbb, 0xfd, 0xff,
    0x40, 0x44, 0x01, 0x51, 0x40, 0x14, 0x10, 0x05, 0x43, 0x44, 0x74, 0x77, 0xaa, 0xaa, 0xff, 0xff,
    0xc0, 0x43, 0xe1, 0x50, 0x38, 0x14, 0x0e, 0x85, 0x13, 0x95, 0x55, 0x99, 0xd9, 0xdd, 0xff, 0xff,
    0x40, 0x43, 0xc1, 0x50, 0x30, 0x14, 0x0c, 0x85, 0x24, 0x22, 0x22, 0x77, 0x77, 0x77, 0xfc, 0xff,
    0xc0, 0x43, 0xe1, 0x50, 0x38, 0x14, 0x0e, 0x05, 0x12, 0x55, 0x99, 0x99, 0xfd, 0xff, 0xff, 0xff,
    0x40, 0x03, 0xc1, 0x40, 0x30, 0x10, 0x0c, 0x04, 0x12, 0x11, 0x51, 0x55, 0x99, 0x99, 0xd9, 0xfd,
    0xc0, 0x02, 0xa1, 0x40, 0x28, 0x10, 0x0a, 0x84, 0x7e, 0x22, 0x77, 0xc7, 0xcc, 0xcc, 0xff, 0xff,
    0xc0, 0xc2, 0xa0, 0x30, 0x28, 0x0c, 0x0a, 0x83, 0x53, 0x99, 0x99, 0x99, 0xd9, 0xff, 0xff, 0xff,
    0x40, 0xc2, 0x80, 0x30, 0x20, 0x0c, 0x08, 0x83, 0x24, 0x72, 0xc2, 0xcc, 0xcc, 0xcc, 0xcc, 0xff,
    0x40, 0x82, 0x80, 0x20, 0x20, 0x08, 0x08, 0x02, 0x75, 0x77, 0x77, 0xcc, 0xcc, 0xfc, 0xff, 0xff,
    0xc0, 0x81, 0x60, 0x20, 0x18, 0x08, 0x06, 0x02, 0x36, 0x33, 0x33, 0xbb, 0xbb, 0xff, 0xfb, 0xff,
    0x40, 0x41, 0x40, 0x10, 0x10, 0x04, 0x04, 0x81, 0xb7, 0xbb, 0xbb, 0xbb, 0xbb, 0xbb, 0xbb, 0xfb,
    0x40, 0x41, 0x40, 0x10, 0x10, 0x04, 0x04, 0x01, 0x36, 0xb3, 0x33, 0xbb, 0xb3, 0xfb, 0xbb, 0xff,
    0xc0, 0x00, 0x20, 0x00, 0x08, 0x00, 0x02, 0x80, 0x37, 0xb3, 0x33, 0xbb, 0xbb, 0xbb, 0xbb, 0xfb,
    0xc0, 0x00, 0x20, 0x00, 0x08, 0x00, 0x02, 0x00, 0x7f, 0xff, 0xf7, 0xff, 0xff, 0xff, 0xff, 0xff,
    0x20, 0x80, 0x00, 0x20, 0x00, 0x08, 0x04, 0x04, 0xac, 0xaa, 0xaa, 0xaa, 0x00, 0x00, 0x00, 0x00,
    0x40, 0x00, 0x00, 0x00, 0x00, 0x00, 0x00, 0x80, 0x7e, 0x77, 0x77, 0x77, 0x77, 0xf7, 0x77, 0xff,
    0x40, 0x00, 0x00, 0x00, 0x00, 0x00, 0x00, 0x80, 0xfe, 0xff, 0xff, 0xff, 0xff, 0xff, 0xff, 0xff,
    0x20, 0x00, 0x00, 0x00, 0x00, 0x00, 0x00, 0x00, 0xac, 0xaa, 0xaa, 0xaa, 0x00, 0x00, 0x00, 0x00,
    0x20, 0x00, 0x00, 0x00, 0x00, 0x00, 0x00, 0x00, 0xac, 0xaa, 0xaa, 0xaa, 0x00, 0x00, 0x00, 0x00,
    0x20, 0x00, 0x00, 0x00, 0x00, 0x00, 0x00, 0x00, 0xac, 0xaa, 0xaa, 0xaa, 0x00, 0x00, 0x00, 0x00,
    0x40, 0x00, 0x00, 0x00, 0x00, 0x00, 0x00, 0x00, 0x01, 0x88, 0x00, 0x80, 0x00, 0x00, 0x00, 0x00,
    0x40, 0x00, 0x00, 0x00, 0x00, 0x00, 0x00, 0x80, 0x7e, 0x77, 0x77, 0x77, 0x77, 0x77, 0x7f, 0x77,
    0x20, 0x80, 0x00, 0x20, 0x00, 0x08, 0x04, 0x04, 0xac, 0xaa, 0xaa, 0xaa, 0x00, 0x00, 0x00, 0x00,
    0x40, 0x40, 0x00, 0x10, 0x00, 0x04, 0x00, 0x81, 0x80, 0x88, 0x00, 0x80, 0x00, 0x00, 0x00, 0x00,
    0x40, 0x40, 0x00, 0x10, 0x00, 0x04, 0x00, 0x81, 0xc9, 0xcc, 0x44, 0xc4, 0x44, 0xc4, 0x40, 0x44,
    0xc0, 0x80, 0x20, 0x20, 0x08, 0x08, 0x02, 0x02, 0xc8, 0xcc, 0x44, 0xc4, 0x44, 0x44, 0x00, 0x44,
    0x40, 0x41, 0x40, 0x10, 0x10, 0x04, 0x04, 0x01, 0x7f, 0x77, 0x77, 0x77, 0x7f, 0x77, 0xff, 0x7f,
    0x40, 0xc1, 0x40, 0x30, 0x10, 0x0c, 0x04, 0x03, 0x48, 0xc4, 0x00, 0x44, 0x00, 0x00, 0x00, 0x00,
    0xc0, 0x81, 0x60, 0x20, 0x18, 0x08, 0x06, 0x82, 0x7e, 0x27, 0xcc, 0x7c, 0xcc, 0x7c, 0xff, 0xcf,
    0xc0, 0x81, 0x60, 0x20, 0x18, 0x08, 0x06, 0x82, 0x37, 0x33, 0xbb, 0x33, 0xbb, 0xbb, 0xff, 0xff,
    0x40, 0x82, 0x80, 0x20, 0x20, 0x08, 0x08, 0x02, 0x7f, 0x22, 0x77, 0x77, 0x7c, 0x77, 0xcf, 0xcc,
    0x40, 0xc2, 0x80, 0x30, 0x20, 0x0c, 0x08, 0x83, 0x37, 0x33, 0xbf, 0xbb, 0xff, 0xff, 0xff, 0xff,
    0xc0, 0xc2, 0xa0, 0x30, 0x28, 0x0c, 0x0a, 0x03, 0x7f, 0x72, 0xcc, 0xcc, 0xcf, 0xcc, 0xff, 0xff,
    0xc0, 0xc2, 0xa0, 0x30, 0x28, 0x0c, 0x0a, 0x03, 0x7f, 0x22, 0xcc, 0x27, 0xcc, 0x77, 0xff, 0xcc,
    0xc0, 0x02, 0xa1, 0x40, 0x28, 0x10, 0x0a, 0x04, 0x36, 0x33, 0x33, 0x33, 0xbb, 0xbb, 0xff, 0xff,
    0xc0, 0x02, 0xa1, 0x40, 0x28, 0x10, 0x0a, 0x84, 0x24, 0x22, 0x77, 0x77, 0x7c, 0x77, 0xff, 0xff,
    0xc0, 0x02, 0xa1, 0x40, 0x28, 0x10, 0x0a, 0x84, 0x24, 0x22, 0x77, 0x77, 0x77, 0x77, 0xff, 0xff,
    0xc0, 0x02, 0xa1, 0x40, 0x28, 0x10, 0x0a, 0x84, 0x24, 0x22, 0x77, 0x22, 0x77, 0x77, 0xff, 0xcc,
    0xc0, 0x02, 0xa1, 0x40, 0x28, 0x10, 0x0a, 0x84, 0x37, 0x33, 0x33, 0x33, 0xbb, 0xbb, 0xff, 0xff,
    0xc0, 0x02, 0xa1, 0x40, 0x28, 0x10, 0x0a, 0x84, 0x37, 0x33, 0x33, 0x33, 0xbb, 0xbb, 0xff, 0xff,
    0x40, 0x03, 0xc1, 0x40, 0x30, 0x10, 0x0c, 0x04, 0x2f, 0x22, 0x77, 0x77, 0xcc, 0xcc, 0xff, 0xff,
    0x40, 0x03, 0xc1, 0x40, 0x30, 0x10, 0x0c, 0x04, 0x25, 0x22, 0x77, 0x77, 0xcc, 0xcc, 0xff, 0xff,
    0x40, 0x03, 0xc1, 0x40, 0x30, 0x10, 0x0c, 0x04, 0x25, 0x22, 0x77, 0x77, 0xcc, 0xcc, 0xff, 0xff,
    0x40, 0x03, 0xc1, 0x40, 0x30, 0x10, 0x0c, 0x04, 0x25, 0x22, 0x77, 0x77, 0xcc, 0xcc, 0xff, 0xff,
    0x40, 0x03, 0xc1, 0x40, 0x30, 0x10, 0x0c, 0x04, 0x25, 0x22, 0x77, 0x77, 0xcc, 0xcc, 0xff, 0xff,
    0x40, 0x03, 0xc1, 0x40, 0x30, 0x10, 0x0c, 0x04, 0x25, 0x22, 0x77, 0x77, 0xcc, 0xcc, 0xff, 0xff,
    0x40, 0x03, 0xc1, 0x40, 0x30, 0x10, 0x0c, 0x04, 0x25, 0x22, 0x77, 0x77, 0xcc, 0xcc, 0xff, 0xff,
    0x40, 0x03, 0xc1, 0x40, 0x30, 0x10, 0x0c, 0x04, 0x25, 0x22, 0x77, 0x77, 0xcc, 0xcc, 0xff, 0xff,
    0x40, 0x03, 0xc1, 0x40, 0x30, 0x10, 0x0c, 0x04, 0x25, 0x22, 0x77, 0x77, 0xcc, 0xcc, 0xff, 0xff,
    0x40, 0x03, 0xc1, 0x40, 0x30, 0x10, 0x0c, 0x04, 0x25, 0x22, 0x77, 0x77, 0xcc, 0xcc, 0xff, 0xff,
    0x40, 0x03, 0xc1, 0x40, 0x30, 0x10, 0x0c, 0x04, 0x25, 0x22, 0x77, 0x77, 0xcc, 0xcc, 0xff, 0xff,
    0x40, 0x03, 0xc1, 0x40, 0x30, 0x10, 0x0c, 0x04, 0x25, 0x22, 0x77, 0x77, 0xcc, 0xcc, 0xff, 0xff,
    0x40, 0x03, 0xc1, 0x40, 0x30, 0x10, 0x0c, 0x04, 0x25, 0x22, 0x77, 0x77, 0xcc, 0xcc, 0xff, 0xff,
    0x40, 0x03, 0xc1, 0x40, 0x30, 0x10, 0x0c, 0x04, 0x25, 0x22, 0x77, 0x77, 0xcc, 0xcc, 0xff, 0xff,
    0x40, 0x03, 0xc1, 0x40, 0x30, 0x10, 0x0c, 0x04, 0x25, 0x22, 0x77, 0x77, 0xcc, 0xcc, 0xff, 0xff,
    0x40, 0x03, 0xc1, 0x40, 0x30, 0x10, 0x0c, 0x04, 0x25, 0x22, 0x77, 0x77, 0xcc, 0xcc, 0xff, 0xff,
    0x40, 0x03, 0xc1, 0x40, 0x30, 0x10, 0x0c, 0x04, 0x25, 0x22, 0x77, 0x77, 0xcc, 0xcc, 0xff, 0xff,
    0x40, 0x03, 0xc1, 0x40, 0x30, 0x10, 0x0c, 0x04, 0x25, 0x22, 0x77, 0x77, 0xcc, 0xcc, 0xff, 0xff,
    0x40, 0x03, 0xc1, 0x40, 0x30, 0x10, 0x0c, 0x04, 0x25, 0x22, 0x77, 0x77, 0xcc, 0xcc, 0xff, 0xff,
    0x40, 0x03, 0xc1, 0x40, 0x30, 0x10, 0x0c, 0x04, 0x25, 0x77, 0x77, 0x77, 0xcc, 0xcc, 0xff, 0xff,
    0xc0, 0x02, 0xa1, 0x40, 0x28, 0x10, 0x0a, 0x84, 0x37, 0x33, 0x33, 0x33, 0xbb, 0xbb, 0xff, 0xff,
    0xc0, 0x02, 0xa1, 0x40, 0x28, 0x10, 0x0a, 0x84, 0x37, 0x33, 0x33, 0x33, 0xbb, 0xbb, 0xff, 0xff,
    0xc0, 0x02, 0xa1, 0x40, 0x28, 0x10, 0x0a, 0x84, 0x24, 0x22, 0x72, 0x77, 0x77, 0x77, 0xfc, 0xff,
    0xc0, 0x02, 0xa1, 0x40, 0x28, 0x10, 0x0a, 0x84, 0x24, 0x22, 0x77, 0x77, 0x77, 0x77, 0xff, 0xff,
    0xc0, 0x02, 0xa1, 0x40, 0x28, 0x10, 0x0a, 0x84, 0x24, 0x72, 0x77, 0x77, 0x77, 0xcc, 0xff, 0xff,
    0xc0, 0x02, 0xa1, 0x40, 0x28, 0x10, 0x0a, 0x04, 0x36, 0x33, 0x33, 0x33, 0xbb, 0xbb, 0xff, 0xff,
    0xc0, 0xc2, 0xa0, 0x30, 0x28, 0x0c, 0x0a, 0x03, 0x75, 0x77, 0xc7, 0xcc, 0xc7, 0xcc, 0xfc, 0xff,
    0xc0, 0xc2, 0xa0, 0x30, 0x28, 0x0c, 0x0a, 0x03, 0x75, 0x77, 0xcc, 0xcc, 0xcc, 0xff, 0xff, 0xff,
    0x40, 0xc2, 0x80, 0x30, 0x20, 0x0c, 0x08, 0x83, 0x24, 0x72, 0x77, 0xcc, 0xcc, 0xcc, 0xcc, 0xfc,
    0x40, 0x82, 0x80, 0x20, 0x20, 0x08, 0x08, 0x02, 0x75, 0x77, 0x77, 0x77, 0x77, 0xcc, 0xcc, 0xff,
    0xc0, 0x81, 0x60, 0x20, 0x18, 0x08, 0x06, 0x82, 0x37, 0x33, 0xb3, 0xbb, 0xbb, 0xbb, 0xff, 0xff,
    0xc0, 0x81, 0x60, 0x20, 0x18, 0x08, 0x06, 0x02, 0x36, 0x33, 0xbb, 0xbb, 0xbb, 0xfb, 0xff, 0xff,
    0x40, 0x81, 0x40, 0x20, 0x10, 0x08, 0x04, 0x82, 0x7e, 0xf7, 0xf7, 0xff, 0xff, 0xff, 0xff, 0xff,
    0x40, 0x41, 0x40, 0x10, 0x10, 0x04, 0x04, 0x01, 0x7f, 0x77, 0x77, 0x77, 0x77, 0xff, 0xff, 0xff,
    0x40, 0x41, 0x40, 0x10, 0x10, 0x04, 0x04, 0x01, 0x36, 0xbb, 0xbb, 0xbb, 0xbb, 0xbb, 0xfb, 0xff,
    0xc0, 0x00, 0x20, 0x00, 0x08, 0x00, 0x02, 0x80, 0x37, 0xbb, 0xbb, 0xbb, 0xbb, 0xfb, 0xbb, 0xff,
    0xc0, 0x00, 0x20, 0x00, 0x08, 0x00, 0x02, 0x00, 0x7f, 0xff, 0xff, 0xff, 0xff, 0xff, 0xff, 0xff,
    0x20, 0x80, 0x00, 0x20, 0x00, 0x08, 0x04, 0x04, 0xac, 0xaa, 0xaa, 0xaa, 0x00, 0x00, 0x00, 0x00,
    0x40, 0x00, 0x00, 0x00, 0x00, 0x00, 0x00, 0x80, 0x7e, 0x77, 0x77, 0x77, 0x77, 0xf7, 0x77, 0xff,
    0x40, 0x00, 0x00, 0x00, 0x00, 0x00, 0x00, 0x80, 0xfe, 0xff, 0xff, 0xff, 0xff, 0xff, 0xff, 0xff,
    0x20, 0x00, 0x00, 0x00, 0x00, 0x00, 0x00, 0x00, 0xac, 0xaa, 0xaa, 0xaa, 0x00, 0x00, 0x00, 0x00,
    0x20, 0x00, 0x00, 0x00, 0x00, 0x00, 0x00, 0x00, 0xac, 0xaa, 0xaa, 0xaa, 0x00, 0x00, 0x00, 0x00,
    0x20, 0x00, 0x00, 0x00, 0x00, 0x00, 0x00, 0x00, 0xac, 0xaa, 0xaa, 0xaa, 0x00, 0x00, 0x00, 0x00,
    0x20, 0x00, 0x00, 0x00, 0x00, 0x00, 0x00, 0x00, 0xac, 0xaa, 0xaa, 0xaa, 0x00, 0x00, 0x00, 0x00,
    0x20, 0x00, 0x00, 0x00, 0x00, 0x00, 0x00, 0x00, 0xac, 0xaa, 0xaa, 0xaa, 0x00, 0x00, 0x00, 0x00,
    0x40, 0x00, 0x00, 0x00, 0x00, 0x00, 0x00, 0x00, 0x01, 0x88, 0x00, 0x80, 0x00, 0x00, 0x00, 0x00,
    0x40, 0x00, 0x00, 0x00, 0x00, 0x00, 0x00, 0x80, 0x7e, 0x77, 0x77, 0x77, 0x7f, 0x77, 0xff, 0x77,
    0x20, 0x80, 0x00, 0x20, 0x00, 0x08, 0x04, 0x04, 0xac, 0xaa, 0xaa, 0xaa, 0x00, 0x00, 0x00, 0x00,
    0x40, 0x40, 0x00, 0x10, 0x00, 0x04, 0x00, 0x81, 0x00, 0x80, 0x00, 0x00, 0x00, 0x00, 0x00, 0x00,
    0xc0, 0x00, 0x20, 0x00, 0x08, 0x00, 0x02, 0x00, 0x7f, 0x77, 0x7f, 0x77, 0xff, 0x77, 0xff, 0xff,
    0xc0, 0x40, 0x20, 0x10, 0x08, 0x04, 0x02, 0x81, 0x7e, 0x77, 0xff, 0xff, 0xff, 0xff, 0xff, 0xff,
    0xc0, 0x80, 0x20, 0x20, 0x08, 0x08, 0x02, 0x02, 0xc8, 0xcc, 0x44, 0xc4, 0x00, 0x40, 0x00, 0x00,
    0x40, 0x41, 0x40, 0x10, 0x10, 0x04, 0x04, 0x01, 0x36, 0x33, 0x33, 0x33, 0x3b, 0x33, 0xff, 0xff,
    0xc0, 0x80, 0x20, 0x20, 0x08, 0x08, 0x02, 0x82, 0x49, 0xcc, 0x44, 0x44, 0x44, 0x44, 0x40, 0x44,
    0x40, 0x81, 0x40, 0x20, 0x10, 0x08, 0x04, 0x82, 0x7e, 0x77, 0x7f, 0x77, 0xff, 0xff, 0xff, 0xff,
    0x40, 0xc1, 0x40, 0x30, 0x10, 0x0c, 0x04, 0x03, 0x48, 0xc4, 0x44, 0x44, 0x44, 0x44, 0x00, 0x40,
    0xc0, 0x81, 0x60, 0x20, 0x18, 0x08, 0x06, 0x82, 0x37, 0x33, 0xff, 0xbf, 0xff, 0xff, 0xff, 0xff,
    0xc0, 0x81, 0x60, 0x20, 0x18, 0x08, 0x06, 0x82, 0x37, 0x33, 0xbb, 0xbb, 0xff, 0xff, 0xff, 0xff,
    0xc0, 0x81, 0x60, 0x20, 0x18, 0x08, 0x06, 0x82, 0x37, 0x33, 0xbb, 0xbb, 0xbb, 0xbb, 0xff, 0xff,
    0x40, 0x82, 0x80, 0x20, 0x20, 0x08, 0x08, 0x02, 0x25, 0x22, 0xcc, 0xcc, 0xcc, 0xcc, 0xff, 0xcf,
    0x40, 0xc2, 0x80, 0x30, 0x20, 0x0c, 0x08, 0x03, 0x36, 0x33, 0xff, 0xff, 0xff, 0xff, 0xff, 0xff,
    0x40, 0xc2, 0x80, 0x30, 0x20, 0x0c, 0x08, 0x03, 0x36, 0x33, 0x3b, 0x33, 0xff, 0xff, 0xff, 0xff,
    0x40, 0xc2, 0x80, 0x30, 0x20, 0x0c, 0x08, 0x03, 0x36, 0x33, 0x33, 0x33, 0xff, 0xff, 0xff, 0xff,
    0x40, 0xc2, 0x80, 0x30, 0x20, 0x0c, 0x08, 0x03, 0x36, 0x33, 0x33, 0x33, 0xff, 0xff, 0xff, 0xff,
    0x40, 0xc2, 0x80, 0x30, 0x20, 0x0c, 0x08, 0x03, 0x36, 0x33, 0x33, 0x33, 0xff, 0xff, 0xff, 0xff,
    0x40, 0xc2, 0x80, 0x30, 0x20, 0x0c, 0x08, 0x03, 0x36, 0x33, 0x33, 0x33, 0xff, 0xff, 0xff, 0xff,
    0x40, 0xc2, 0x80, 0x30, 0x20, 0x0c, 0x08, 0x03, 0x36, 0x33, 0x33, 0x33, 0xff, 0xff, 0xff, 0xff,
    0x40, 0xc2, 0x80, 0x30, 0x20, 0x0c, 0x08, 0x03, 0x36, 0x33, 0x33, 0x33, 0xff, 0xff, 0xff, 0xff,
    0x40, 0xc2, 0x80, 0x30, 0x20, 0x0c, 0x08, 0x03, 0x36, 0x33, 0x33, 0x33, 0xff, 0xff, 0xff, 0xff,
    0x40, 0xc2, 0x80, 0x30, 0x20, 0x0c, 0x08, 0x03, 0x36, 0x33, 0x33, 0x33, 0xff, 0xff, 0xff, 0xff,
    0x40, 0xc2, 0x80, 0x30, 0x20, 0x0c, 0x08, 0x03, 0x36, 0x33, 0x33, 0x33, 0xff, 0xff, 0xff, 0xff,
    0x40, 0xc2, 0x80, 0x30, 0x20, 0x0c, 0x08, 0x03, 0x36, 0x33, 0x33, 0x33, 0xff, 0xff, 0xff, 0xff,
    0x40, 0xc2, 0x80, 0x30, 0x20, 0x0c, 0x08, 0x03, 0x36, 0x33, 0x33, 0x33, 0xff, 0xff, 0xff, 0xff,
    0x40, 0xc2, 0x80, 0x30, 0x20, 0x0c, 0x08, 0x03, 0x36, 0x33, 0x33, 0x33, 0xff, 0xff, 0xff, 0xff,
    0x40, 0xc2, 0x80, 0x30, 0x20, 0x0c, 0x08, 0x03, 0x36, 0x33, 0x33, 0x33, 0xff, 0xff, 0xff, 0xff,
    0x40, 0xc2, 0x80, 0x30, 0x20, 0x0c, 0x08, 0x03, 0x36, 0x33, 0x33, 0x33, 0xff, 0xff, 0xff, 0xff,
    0x40, 0xc2, 0x80, 0x30, 0x20, 0x0c, 0x08, 0x03, 0x36, 0x33, 0x33, 0x33, 0xff, 0xff, 0xff, 0xff,
    0x40, 0xc2, 0x80, 0x30, 0x20, 0x0c, 0x08, 0x03, 0x36, 0x33, 0x33, 0x33, 0xff, 0xff, 0xff, 0xff,
    0x40, 0xc2, 0x80, 0x30, 0x20, 0x0c, 0x08, 0x03, 0x36, 0x33, 0x33, 0x33, 0xff, 0xff, 0xff, 0xff,
    0x40, 0xc2, 0x80, 0x30, 0x20, 0x0c, 0x08, 0x03, 0x36, 0x33, 0x33, 0x33, 0xff, 0xff, 0xff, 0xff,
    0x40, 0xc2, 0x80, 0x30, 0x20, 0x0c, 0x08, 0x03, 0x36, 0x33, 0x33, 0x33, 0xff, 0xff, 0xff, 0xff,
    0x40, 0xc2, 0x80, 0x30, 0x20, 0x0c, 0x08, 0x03, 0x36, 0x33, 0x33, 0x33, 0xff, 0xff, 0xff, 0xff,
    0x40, 0xc2, 0x80, 0x30, 0x20, 0x0c, 0x08, 0x03, 0x36, 0x33, 0x33, 0x33, 0xff, 0xff, 0xff, 0xff,
    0x40, 0xc2, 0x80, 0x30, 0x20, 0x0c, 0x08, 0x03, 0x36, 0x33, 0x33, 0x33, 0xff, 0xff, 0xff, 0xff,
    0x40, 0xc2, 0x80, 0x30, 0x20, 0x0c, 0x08, 0x03, 0x36, 0x33, 0x33, 0x33, 0xff, 0xff, 0xff, 0xff,
    0x40, 0xc2, 0x80, 0x30, 0x20, 0x0c, 0x08, 0x03, 0x36, 0x33, 0x33, 0x33, 0xff, 0xff, 0xff, 0xff,
    0x40, 0xc2, 0x80, 0x30, 0x20, 0x0c, 0x08, 0x03, 0x36, 0x33, 0x33, 0xfb, 0xff, 0xff, 0xff, 0xff,
    0x40, 0xc2, 0x80, 0x30, 0x20, 0x0c, 0x08, 0x03, 0x36, 0x33, 0xff, 0xff, 0xff, 0xff, 0xff, 0xff,
    0x40, 0x82, 0x80, 0x20, 0x20, 0x08, 0x08, 0x02, 0x25, 0x72, 0xcc, 0xcc, 0xcc, 0xcc, 0xff, 0xff,
    0xc0, 0x81, 0x60, 0x20, 0x18, 0x08, 0x06, 0x82, 0x37, 0x33, 0xbb, 0xbb, 0xbb, 0xfb, 0xff, 0xff,
    0xc0, 0x81, 0x60, 0x20, 0x18, 0x08, 0x06, 0x82, 0x37, 0x33, 0xbb, 0xbb, 0xff, 0xff, 0xff, 0xff,
    0xc0, 0x81, 0x60, 0x20, 0x18, 0x08, 0x06, 0x82, 0x37, 0xb3, 0xff, 0xff, 0xff, 0xff, 0xff, 0xff,
    0x40, 0x81, 0x40, 0x20, 0x10, 0x08, 0x04, 0x82, 0x7e, 0x77, 0x77, 0x77, 0x77, 0xf7, 0xff, 0xff,
    0x40, 0x81, 0x40, 0x20, 0x10, 0x08, 0x04, 0x82, 0x7e, 0x77, 0x77, 0xff, 0xff, 0xff, 0xff, 0xff,
    0x40, 0x41, 0x40, 0x10, 0x10, 0x04, 0x04, 0x81, 0x74, 0x77, 0x77, 0x77, 0x77, 0x77, 0x77, 0xfc,
    0x40, 0x41, 0x40, 0x10, 0x10, 0x04, 0x04, 0x01, 0x36, 0x33, 0x33, 0x33, 0x33, 0xbb, 0xff, 0xff,
    0x40, 0x41, 0x40, 0x10, 0x10, 0x04, 0x04, 0x01, 0x36, 0xbb, 0xbb, 0xfb, 0xff, 0xff, 0xff, 0xff,
    0xc0, 0x00, 0x20, 0x00, 0x08, 0x00, 0x02, 0x80, 0x37, 0xb3, 0xbb, 0xbb, 0xbb, 0xbb, 0xbb, 0xfb,
    0xc0, 0x00, 0x20, 0x00, 0x08, 0x00, 0x02, 0x00, 0x7f, 0x77, 0x77, 0xff, 0xf7, 0xff, 0xff, 0xff,
    0x20, 0x80, 0x00, 0x20, 0x00, 0x08, 0x04, 0x04, 0xac, 0xaa, 0xaa, 0xaa, 0x00, 0x00, 0x00, 0x00,
    0x20, 0x80, 0x00, 0x20, 0x00, 0x08, 0x04, 0x04, 0xac, 0xaa, 0xaa, 0xaa, 0x00, 0x00, 0x00, 0x00,
    0x40, 0x00, 0x00, 0x00, 0x00, 0x00, 0x00, 0x80, 0x7e, 0x77, 0x77, 0x77, 0x77, 0xff, 0xf7, 0xff,
    0x40, 0x00, 0x00, 0x00, 0x00, 0x00, 0x00, 0x80, 0xfe, 0xff, 0xff, 0xff, 0xff, 0xff, 0xff, 0xff,
    0x20, 0x00, 0x00, 0x00, 0x00, 0x00, 0x00, 0x00, 0xac, 0xaa, 0xaa, 0xaa, 0x00, 0x00, 0x00, 0x00,
    0x20, 0x00, 0x00, 0x00, 0x00, 0x00, 0x00, 0x00, 0xac, 0xaa, 0xaa, 0xaa, 0x00, 0x00, 0x00, 0x00,
    0x20, 0x00, 0x00, 0x00, 0x00, 0x00, 0x00, 0x00, 0xac, 0xaa, 0xaa, 0xaa, 0x00, 0x00, 0x00, 0x00,
    0x20, 0x00, 0x00, 0x00, 0x00, 0x00, 0x00, 0x00, 0xac, 0xaa, 0xaa, 0xaa, 0x00, 0x00, 0x00, 0x00,
    0x20, 0x00, 0x00, 0x00, 0x00, 0x00, 0x00, 0x00, 0xac, 0xaa, 0xaa, 0xaa, 0x00, 0x00, 0x00, 0x00,
    0x20, 0x00, 0x00, 0x00, 0x00, 0x00, 0x00, 0x00, 0xac, 0xaa, 0xaa, 0xaa, 0x00, 0x00, 0x00, 0x00,
    0x20, 0x00, 0x00, 0x00, 0x00, 0x00, 0x00, 0x00, 0xac, 0xaa, 0xaa, 0xaa, 0x00, 0x00, 0x00, 0x00,
    0x40, 0x00, 0x00, 0x00, 0x00, 0x00, 0x00, 0x00, 0x01, 0x80, 0x00, 0x00, 0x00, 0x00, 0x00, 0x00,
    0x40, 0x00, 0x00, 0x00, 0x00, 0x00, 0x00, 0x80, 0x7e, 0x77, 0x7f, 0x77, 0xff, 0x77, 0xff, 0xff,
    0x20, 0x80, 0x00, 0x20, 0x00, 0x08, 0x04, 0x04, 0xac, 0xaa, 0xaa, 0xaa, 0x00, 0x00, 0x00, 0x00,
    0x20, 0x80, 0x00, 0x20, 0x00, 0x08, 0x04, 0x04, 0xac, 0xaa, 0xaa, 0xaa, 0x00, 0x00, 0x00, 0x00,
    0x40, 0x40, 0x00, 0x10, 0x00, 0x04, 0x00, 0x81, 0x00, 0x88, 0x00, 0x00, 0x00, 0x00, 0x00, 0x00,
    0xc0, 0x00, 0x20, 0x00, 0x08, 0x00, 0x02, 0x00, 0x7f, 0x77, 0x7f, 0x77, 0xff, 0x7f, 0xff, 0xff,
    0xc0, 0x00, 0x20, 0x00, 0x08, 0x00, 0x02, 0x00, 0x7f, 0x77, 0x77, 0x77, 0x77, 0x77, 0x7f, 0x77,
    0xc0, 0x80, 0x20, 0x20, 0x08, 0x08, 0x02, 0x02, 0x40, 0xcc, 0x40, 0x44, 0x00, 0x00, 0x00, 0x00,
    0x40, 0x41, 0x40, 0x10, 0x10, 0x04, 0x04, 0x01, 0x36, 0x33, 0x3b, 0x33, 0xff, 0xbf, 0xff, 0xff,
    0x40, 0x41, 0x40, 0x10, 0x10, 0x04, 0x04, 0x01, 0x36, 0x33, 0x33, 0x33, 0x3b, 0x33, 0xff, 0xff,
    0x40, 0x41, 0x40, 0x10, 0x10, 0x04, 0x04, 0x81, 0x7e, 0x27, 0x77, 0x77, 0x77, 0x77, 0xcf, 0xcc,
    0x40, 0x41, 0x40, 0x10, 0x10, 0x04, 0x04, 0x81, 0x37, 0x33, 0xbb, 0xbb, 0xbb, 0xbb, 0xff, 0xbf,
    0x40, 0x81, 0x40, 0x20, 0x10, 0x08, 0x04, 0x82, 0x7e, 0x77, 0x77, 0x77, 0xff, 0xff, 0xff, 0xff,
    0x40, 0x81, 0x40, 0x20, 0x10, 0x08, 0x04, 0x82, 0x7e, 0x77, 0x77, 0x77, 0xff, 0x7f, 0xff, 0xff,
    0x40, 0x81, 0x40, 0x20, 0x10, 0x08, 0x04, 0x82, 0x7e, 0x77, 0x77, 0x77, 0x77, 0x77, 0xff, 0xff,
    0x40, 0x81, 0x40, 0x20, 0x10, 0x08, 0x04, 0x82, 0x7e, 0x77, 0x77, 0x77, 0x77, 0x77, 0xff, 0xff,
    0x40, 0xc1, 0x40, 0x30, 0x10, 0x0c, 0x04, 0x03, 0xc8, 0xcc, 0x44, 0x44, 0x44, 0x44, 0x40, 0x44,
    0xc0, 0x81, 0x60, 0x20, 0x18, 0x08, 0x06, 0x02, 0x7f, 0x77, 0xff, 0xff, 0xff, 0xff, 0xff, 0xff,
    0xc0, 0x81, 0x60, 0x20, 0x18, 0x08, 0x06, 0x02, 0x7f, 0x77, 0xff, 0xff, 0xff, 0xff, 0xff, 0xff,
    0xc0, 0x81, 0x60, 0x20, 0x18, 0x08, 0x06, 0x02, 0x7f, 0x77, 0xff, 0xff, 0xff, 0xff, 0xff, 0xff,
    0xc0, 0x81, 0x60, 0x20, 0x18, 0x08, 0x06, 0x02, 0x7f, 0x77, 0xff, 0xff, 0xff, 0xff, 0xff, 0xff,
    0xc0, 0x81, 0x60, 0x20, 0x18, 0x08, 0x06, 0x02, 0x7f, 0x77, 0xff, 0xff, 0xff, 0xff, 0xff, 0xff,
    0xc0, 0x81, 0x60, 0x20, 0x18, 0x08, 0x06, 0x02, 0x7f, 0x77, 0xff, 0xff, 0xff, 0xff, 0xff, 0xff,
    0xc0, 0x81, 0x60, 0x20, 0x18, 0x08, 0x06, 0x02, 0x7f, 0x77, 0xff, 0xff, 0xff, 0xff, 0xff, 0xff,
    0xc0, 0x81, 0x60, 0x20, 0x18, 0x08, 0x06, 0x02, 0x7f, 0x77, 0xff, 0xff, 0xff, 0xff, 0xff, 0xff,
    0xc0, 0x81, 0x60, 0x20, 0x18, 0x08, 0x06, 0x02, 0x7f, 0x77, 0xff, 0xff, 0xff, 0xff, 0xff, 0xff,
    0xc0, 0x81, 0x60, 0x20, 0x18, 0x08, 0x06, 0x02, 0x7f, 0x77, 0xff, 0xff, 0xff, 0xff, 0xff, 0xff,
    0xc0, 0x81, 0x60, 0x20, 0x18, 0x08, 0x06, 0x02, 0x7f, 0x77, 0xff, 0xff, 0xff, 0xff, 0xff, 0xff,
    0xc0, 0x81, 0x60, 0x20, 0x18, 0x08, 0x06, 0x02, 0x7f, 0x77, 0xff, 0xff, 0xff, 0xff, 0xff, 0xff,
    0xc0, 0x81, 0x60, 0x20, 0x18, 0x08, 0x06, 0x02, 0x7f, 0x77, 0xff, 0xff, 0xff, 0xff, 0xff, 0xff,
    0xc0, 0x81, 0x60, 0x20, 0x18, 0x08, 0x06, 0x02, 0x7f, 0x77, 0xff, 0xff, 0xff, 0xff, 0xff, 0xff,
    0xc0, 0x81, 0x60, 0x20, 0x18, 0x08, 0x06, 0x02, 0x7f, 0x77, 0xff, 0xff, 0xff, 0xff, 0xff, 0xff,
    0xc0, 0x81, 0x60, 0x20, 0x18, 0x08, 0x06, 0x02, 0x7f, 0x77, 0xff, 0xff, 0xff, 0xff, 0xff, 0xff,
    0xc0, 0x81, 0x60, 0x20, 0x18, 0x08, 0x06, 0x02, 0x7f, 0x77, 0xff, 0xff, 0xff, 0xff, 0xff, 0xff,
    0xc0, 0x81, 0x60, 0x20, 0x18, 0x08, 0x06, 0x02, 0x7f, 0x77, 0xff, 0xff, 0xff, 0xff, 0xff, 0xff,
    0xc0, 0x81, 0x60, 0x20, 0x18, 0x08, 0x06, 0x02, 0x7f, 0x77, 0xff, 0xff, 0xff, 0xff, 0xff, 0xff,
    0xc0, 0x81, 0x60, 0x20, 0x18, 0x08, 0x06, 0x02, 0x7f, 0x77, 0xff, 0xff, 0xff, 0xff, 0xff, 0xff,
    0xc0, 0x81, 0x60, 0x20, 0x18, 0x08, 0x06, 0x02, 0x7f, 0x77, 0xff, 0xff, 0xff, 0xff, 0xff, 0xff,
    0xc0, 0x81, 0x60, 0x20, 0x18, 0x08, 0x06, 0x02, 0x7f, 0x77, 0xff, 0xff, 0xff, 0xff, 0xff, 0xff,
    0xc0, 0x81, 0x60, 0x20, 0x18, 0x08, 0x06, 0x02, 0x36, 0xbb, 0xbb, 0xbb, 0xbb, 0xbb, 0xbb, 0xff,
    0x40, 0x81, 0x40, 0x20, 0x10, 0x08, 0x04, 0x82, 0x7e, 0x77, 0x77, 0x77, 0x77, 0x77, 0xff, 0xff,
    0x40, 0x81, 0x40, 0x20, 0x10, 0x08, 0x04, 0x82, 0x7e, 0x77, 0x77, 0x77, 0x77, 0x77, 0xff, 0xff,
    0x40, 0x81, 0x40, 0x20, 0x10, 0x08, 0x04, 0x82, 0x7e, 0x77, 0x77, 0x77, 0xff, 0xff, 0xff, 0xff,
    0x40, 0x81, 0x40, 0x20, 0x10, 0x08, 0x04, 0x82, 0x7e, 0x77, 0x77, 0xf7, 0xff, 0xff, 0xff, 0xff,
    0x40, 0x41, 0x40, 0x10, 0x10, 0x04, 0x04, 0x81, 0x37, 0x33, 0xbb, 0xbb, 0xbb, 0xbb, 0xff, 0xff,
    0x40, 0x41, 0x40, 0x10, 0x10, 0x04, 0x04, 0x01, 0x36, 0x33, 0x33, 0x33, 0x33, 0x33, 0xbb, 0xff,
    0x40, 0x41, 0x40, 0x10, 0x10, 0x04, 0x04, 0x01, 0x36, 0x33, 0x33, 0x33, 0x33, 0xbb, 0xff, 0xff,
    0x40, 0x41, 0x40, 0x10, 0x10, 0x04, 0x04, 0x01, 0x36, 0x33, 0x33, 0xbb, 0xff, 0xff, 0xff, 0xff,
    0x40, 0x41, 0x40, 0x10, 0x10, 0x04, 0x04, 0x01, 0xb6, 0xff, 0xbb, 0xff, 0xff, 0xff, 0xff, 0xff,
    0xc0, 0x00, 0x20, 0x00, 0x08, 0x00, 0x02, 0x00, 0x7f, 0x77, 0x77, 0x77, 0x77, 0x77, 0x77, 0xff,
    0xc0, 0x00, 0x20, 0x00, 0x08, 0x00, 0x02, 0x00, 0x7f, 0x77, 0x77, 0xff, 0xff, 0xff, 0xff, 0xff,
    0xc0, 0x00, 0x20, 0x00, 0x08, 0x00, 0x02, 0x00, 0xff, 0xff, 0xff, 0xff, 0xff, 0xff, 0xff, 0xff,
    0x20, 0x80, 0x00, 0x20, 0x00, 0x08, 0x04, 0x04, 0xac, 0xaa, 0xaa, 0xaa, 0x00, 0x00, 0x00, 0x00,
    0x40, 0x00, 0x00, 0x00, 0x00, 0x00, 0x00, 0x80, 0x7e, 0x77, 0x77, 0x77, 0x77, 0x77, 0x77, 0xf7,
    0x40, 0x00, 0x00, 0x00, 0x00, 0x00, 0x00, 0x80, 0x7e, 0x77, 0x77, 0xff, 0xf7, 0xff, 0xff, 0xff,
    0x20, 0x00, 0x00, 0x00, 0x00, 0x00, 0x00, 0x00, 0xac, 0xaa, 0xaa, 0xaa, 0x00, 0x00, 0x00, 0x00,
    0x20, 0x00, 0x00, 0x00, 0x00, 0x00, 0x00, 0x00, 0xac, 0xaa, 0xaa, 0xaa, 0x00, 0x00, 0x00, 0x00,
    0x20, 0x00, 0x00, 0x00, 0x00, 0x00, 0x00, 0x00, 0xac, 0xaa, 0xaa, 0xaa, 0x00, 0x00, 0x00, 0x00,
    0x20, 0x00, 0x00, 0x00, 0x00, 0x00, 0x00, 0x00, 0xac, 0xaa, 0xaa, 0xaa, 0x00, 0x00, 0x00, 0x00,
    0x20, 0x00, 0x00, 0x00, 0x00, 0x00, 0x00, 0x00, 0xac, 0xaa, 0xaa, 0xaa, 0x00, 0x00, 0x00, 0x00,
};
inline constexpr std::size_t g_EndfieldM20PeakAtlasBc7Size = sizeof(g_EndfieldM20PeakAtlasBc7);

inline constexpr std::uint8_t g_EndfieldM20PeakVSCB0[] = {
    0x00, 0x00, 0x80, 0x3f, 0x00, 0x00, 0x00, 0x00, 0x00, 0x00, 0x00, 0x00, 0x00, 0x00, 0x00, 0x00,
    0x00, 0x00, 0x00, 0x00, 0x00, 0x00, 0x00, 0x00, 0x00, 0x00, 0x00, 0x00, 0x00, 0x00, 0x00, 0x00,
};
inline constexpr std::size_t g_EndfieldM20PeakVSCB0Size = sizeof(g_EndfieldM20PeakVSCB0);

inline constexpr std::uint8_t g_EndfieldM20PeakVSCB1[] = {
    0xe8, 0xfe, 0x7f, 0xbf, 0x58, 0x7c, 0xca, 0xb9, 0x06, 0xbe, 0xbc, 0xbb, 0x00, 0x00, 0x00, 0x00,
    0x00, 0x00, 0x00, 0x00, 0x2d, 0x6d, 0x7f, 0x3f, 0x46, 0x03, 0x89, 0xbd, 0x00, 0x00, 0x00, 0x00,
    0x84, 0x2a, 0xbd, 0xbb, 0xb0, 0x02, 0x89, 0x3d, 0x16, 0x6c, 0x7f, 0x3f, 0x00, 0x00, 0x00, 0x00,
    0x39, 0xda, 0x96, 0xc3, 0x4e, 0x4c, 0x8c, 0xc3, 0xb2, 0x1e, 0x9d, 0x43, 0x00, 0x00, 0x80, 0x3f,
    0xe9, 0xfe, 0x7f, 0xbf, 0x94, 0x49, 0x00, 0xae, 0x84, 0x2a, 0xbd, 0xbb, 0x00, 0x00, 0x00, 0x00,
    0x57, 0x7c, 0xca, 0xb9, 0x2d, 0x6d, 0x7f, 0x3f, 0xb0, 0x02, 0x89, 0x3d, 0x00, 0x00, 0x00, 0x00,
    0x06, 0xbe, 0xbc, 0xbb, 0x46, 0x03, 0x89, 0xbd, 0x16, 0x6c, 0x7f, 0x3f, 0x00, 0x00, 0x00, 0x00,
    0xc5, 0xff, 0x95, 0xc3, 0xc5, 0x7e, 0x96, 0x43, 0x10, 0x40, 0x94, 0xc3, 0x00, 0x00, 0x80, 0x3f,
    0x87, 0x2a, 0x4c, 0x40, 0x00, 0x00, 0x00, 0x00, 0x00, 0x00, 0x00, 0x00, 0x00, 0x00, 0x00, 0x00,
    0x00, 0x00, 0x00, 0x00, 0x23, 0x7b, 0xb5, 0xc0, 0x00, 0x00, 0x00, 0x00, 0x00, 0x00, 0x00, 0x00,
    0x72, 0x93, 0x88, 0x38, 0xec, 0xdb, 0x86, 0xb9, 0x00, 0x54, 0x03, 0x3b, 0x00, 0x00, 0x80, 0xbf,
    0x00, 0x00, 0x00, 0x00, 0x00, 0x00, 0x00, 0x00, 0xde, 0x35, 0xcd, 0x3d, 0x00, 0x00, 0x00, 0x00,
    0x2b, 0x7f, 0xa0, 0x3e, 0x00, 0x00, 0x00, 0x00, 0x00, 0x00, 0x00, 0x00, 0x00, 0x00, 0x00, 0x00,
    0x00, 0x00, 0x00, 0x00, 0x10, 0x8f, 0x34, 0xbe, 0x00, 0x00, 0x00, 0x00, 0x00, 0x00, 0x00, 0x00,
    0x00, 0x00, 0x00, 0x00, 0x00, 0x00, 0x00, 0x00, 0x00, 0x00, 0x00, 0x00, 0x15, 0xae, 0x1f, 0x41,
    0xff, 0x3f, 0xab, 0x37, 0xff, 0x3b, 0x3e, 0x38, 0x00, 0x00, 0x80, 0xbf, 0xf3, 0xd4, 0xa3, 0x3c,
    0xaa, 0x29, 0x4c, 0xc0, 0x2b, 0xa4, 0x0f, 0x3b, 0x57, 0xa6, 0x41, 0xb7, 0x06, 0xbe, 0xbc, 0x3b,
    0x4e, 0x31, 0x92, 0xb6, 0xe9, 0x12, 0xb5, 0xc0, 0x44, 0x93, 0x0c, 0xb9, 0x46, 0x03, 0x89, 0x3d,
    0x09, 0x55, 0x96, 0xbc, 0x3e, 0x63, 0xc2, 0xbe, 0x1f, 0x08, 0x03, 0x3b, 0x16, 0x6c, 0x7f, 0xbf,
    0x9b, 0x9c, 0x70, 0xc4, 0x48, 0xe8, 0xc6, 0x44, 0x42, 0xdb, 0x3a, 0x3f, 0xb2, 0x1e, 0x9d, 0xc3,
    0xaa, 0x29, 0x4c, 0xc0, 0x2b, 0xa4, 0x0f, 0x3b, 0x57, 0xa6, 0x41, 0xb7, 0x06, 0xbe, 0xbc, 0x3b,
    0x4e, 0x31, 0x92, 0xb6, 0xe9, 0x12, 0xb5, 0xc0, 0x44, 0x93, 0x0c, 0xb9, 0x46, 0x03, 0x89, 0x3d,
    0x09, 0x55, 0x96, 0xbc, 0x3e, 0x63, 0xc2, 0xbe, 0x1f, 0x08, 0x03, 0x3b, 0x16, 0x6c, 0x7f, 0xbf,
    0x00, 0x00, 0x00, 0x00, 0x00, 0x00, 0x00, 0x00, 0xde, 0x35, 0xcd, 0x3d, 0x00, 0x00, 0x00, 0x00,
    0x7c, 0x7e, 0xa0, 0xbe, 0x6d, 0xdb, 0x20, 0xad, 0x15, 0x31, 0xed, 0xba, 0x00, 0x00, 0x00, 0x00,
    0x95, 0xd0, 0x8e, 0x38, 0x82, 0x27, 0x34, 0xbe, 0xea, 0x44, 0x41, 0xbc, 0x00, 0x00, 0x00, 0x00,
    0xb7, 0x1f, 0x3b, 0xc5, 0x26, 0xbe, 0x3b, 0x45, 0x33, 0xf1, 0x38, 0xc5, 0x15, 0xae, 0x1f, 0x41,
    0x3c, 0xce, 0xbf, 0xc0, 0x3b, 0xc4, 0xc2, 0x40, 0xb5, 0xad, 0xdd, 0xc0, 0xf3, 0xd4, 0xa3, 0x3c,
    0xa8, 0x29, 0x4c, 0xc0, 0x50, 0x8b, 0x0f, 0x3b, 0xd0, 0xa7, 0x41, 0xb7, 0x06, 0xbe, 0xbc, 0x3b,
    0x00, 0x00, 0x00, 0x00, 0x0d, 0x13, 0xb5, 0xc0, 0x56, 0x94, 0x0c, 0xb9, 0x46, 0x03, 0x89, 0x3d,
    0x4e, 0xdd, 0x96, 0xbc, 0x9b, 0x41, 0xc2, 0xbe, 0x1e, 0x09, 0x03, 0x3b, 0x16, 0x6c, 0x7f, 0xbf,
    0xea, 0x9d, 0x70, 0xc4, 0xde, 0xea, 0xc6, 0x44, 0x7d, 0xdc, 0x3a, 0x3f, 0xb2, 0x1e, 0x9d, 0xc3,
    0xa8, 0x29, 0x4c, 0xc0, 0x50, 0x8b, 0x0f, 0x3b, 0xd0, 0xa7, 0x41, 0xb7, 0x06, 0xbe, 0xbc, 0x3b,
    0x00, 0x00, 0x00, 0x00, 0x0d, 0x13, 0xb5, 0xc0, 0x56, 0x94, 0x0c, 0xb9, 0x46, 0x03, 0x89, 0x3d,
    0x4e, 0xdd, 0x96, 0xbc, 0x9b, 0x41, 0xc2, 0xbe, 0x1e, 0x09, 0x03, 0x3b, 0x16, 0x6c, 0x7f, 0xbf,
    0x00, 0x00, 0x00, 0x00, 0x00, 0x00, 0x00, 0x00, 0xde, 0x35, 0xcd, 0x3d, 0x00, 0x00, 0x00, 0x00,
    0x7d, 0x7e, 0xa0, 0xbe, 0x00, 0x00, 0x00, 0x00, 0x16, 0x31, 0xed, 0xba, 0x00, 0x00, 0x00, 0x00,
    0x97, 0xd0, 0x8e, 0x38, 0x83, 0x27, 0x34, 0xbe, 0xeb, 0x44, 0x41, 0xbc, 0x00, 0x00, 0x00, 0x00,
    0xaf, 0x1f, 0x3b, 0xc5, 0x1c, 0xbe, 0x3b, 0x45, 0x2b, 0xf1, 0x38, 0xc5, 0x0d, 0xae, 0x1f, 0x41,
    0x7f, 0xcf, 0xbf, 0xc0, 0x4b, 0xc5, 0xc2, 0x40, 0x25, 0xaf, 0xdd, 0xc0, 0x2b, 0xd6, 0xa3, 0x3c,
    0x00, 0x00, 0x80, 0x3f, 0x00, 0x00, 0x00, 0x00, 0x00, 0x00, 0x00, 0x00, 0x00, 0x00, 0x00, 0x00,
    0x00, 0x00, 0x00, 0x00, 0x00, 0x00, 0x80, 0x3f, 0x00, 0x00, 0x00, 0x00, 0x00, 0x00, 0x00, 0x00,
    0x00, 0x00, 0x00, 0x00, 0x00, 0x00, 0x00, 0x00, 0x00, 0x00, 0x80, 0x3f, 0x00, 0x00, 0x00, 0x00,
    0x00, 0x00, 0x00, 0x00, 0x00, 0x00, 0x00, 0x00, 0x00, 0x00, 0x00, 0x00, 0x00, 0x00, 0x80, 0x3f,
    0xc5, 0xff, 0x95, 0xc3, 0xc4, 0x7e, 0x96, 0x43, 0x10, 0x40, 0x94, 0xc3, 0x00, 0x00, 0x00, 0x00,
    0xa3, 0x29, 0x4c, 0xc0, 0x57, 0x86, 0x0f, 0x3b, 0x57, 0xa6, 0x41, 0xb7, 0x06, 0xbe, 0xbc, 0x3b,
    0xcf, 0x27, 0x5b, 0x37, 0x14, 0x13, 0xb5, 0xc0, 0x44, 0x93, 0x0c, 0xb9, 0x46, 0x03, 0x89, 0x3d,
    0xdc, 0x75, 0x98, 0xbc, 0xe1, 0x3a, 0xc2, 0xbe, 0x1f, 0x08, 0x03, 0x3b, 0x16, 0x6c, 0x7f, 0xbf,
    0xd7, 0xa1, 0x70, 0xc4, 0x62, 0xeb, 0xc6, 0x44, 0x42, 0xdb, 0x3a, 0x3f, 0xb2, 0x1e, 0x9d, 0xc3,
    0xa3, 0x29, 0x4c, 0xc0, 0x57, 0x86, 0x0f, 0x3b, 0x57, 0xa6, 0x41, 0xb7, 0x06, 0xbe, 0xbc, 0x3b,
    0xcf, 0x27, 0x5b, 0x37, 0x14, 0x13, 0xb5, 0xc0, 0x44, 0x93, 0x0c, 0xb9, 0x46, 0x03, 0x89, 0x3d,
    0xdc, 0x75, 0x98, 0xbc, 0xe1, 0x3a, 0xc2, 0xbe, 0x1f, 0x08, 0x03, 0x3b, 0x16, 0x6c, 0x7f, 0xbf,
    0x00, 0x00, 0x00, 0x00, 0x00, 0x00, 0x00, 0x00, 0xde, 0x35, 0xcd, 0x3d, 0x00, 0x00, 0x00, 0x00,
    0xa8, 0x29, 0x4c, 0xc0, 0x50, 0x8b, 0x0f, 0x3b, 0xd0, 0xa7, 0x41, 0xb7, 0x06, 0xbe, 0xbc, 0x3b,
    0x00, 0x00, 0x00, 0x00, 0x0d, 0x13, 0xb5, 0xc0, 0x56, 0x94, 0x0c, 0xb9, 0x46, 0x03, 0x89, 0x3d,
    0x4e, 0xdd, 0x96, 0xbc, 0x9b, 0x41, 0xc2, 0xbe, 0x1e, 0x09, 0x03, 0x3b, 0x16, 0x6c, 0x7f, 0xbf,
    0xea, 0x9d, 0x70, 0xc4, 0xde, 0xea, 0xc6, 0x44, 0x7d, 0xdc, 0x3a, 0x3f, 0xb2, 0x1e, 0x9d, 0xc3,
    0xa8, 0x29, 0x4c, 0xc0, 0x50, 0x8b, 0x0f, 0x3b, 0xd0, 0xa7, 0x41, 0xb7, 0x06, 0xbe, 0xbc, 0x3b,
    0x00, 0x00, 0x00, 0x00, 0x0d, 0x13, 0xb5, 0xc0, 0x56, 0x94, 0x0c, 0xb9, 0x46, 0x03, 0x89, 0x3d,
    0x4e, 0xdd, 0x96, 0xbc, 0x9b, 0x41, 0xc2, 0xbe, 0x1e, 0x09, 0x03, 0x3b, 0x16, 0x6c, 0x7f, 0xbf,
    0x00, 0x00, 0x00, 0x00, 0x00, 0x00, 0x00, 0x80, 0xde, 0x35, 0xcd, 0x3d, 0x00, 0x00, 0x00, 0x00,
    0x7c, 0x7e, 0xa0, 0xbe, 0x6d, 0xdb, 0x20, 0xad, 0x15, 0x31, 0xed, 0xba, 0x00, 0x00, 0x00, 0x00,
    0x95, 0xd0, 0x8e, 0x38, 0x82, 0x27, 0x34, 0xbe, 0xea, 0x44, 0x41, 0xbc, 0x00, 0x00, 0x00, 0x00,
    0xb7, 0x1f, 0x3b, 0xc5, 0x26, 0xbe, 0x3b, 0x45, 0x33, 0xf1, 0x38, 0xc5, 0x15, 0xae, 0x1f, 0x41,
    0x91, 0xcd, 0xbf, 0xc0, 0xc9, 0xc3, 0xc2, 0x40, 0xbb, 0xad, 0xdd, 0xc0, 0xf3, 0xd4, 0xa3, 0x3c,
    0x7d, 0x7e, 0xa0, 0xbe, 0x00, 0x00, 0x00, 0x00, 0x16, 0x31, 0xed, 0xba, 0x00, 0x00, 0x00, 0x00,
    0x97, 0xd0, 0x8e, 0x38, 0x83, 0x27, 0x34, 0xbe, 0xeb, 0x44, 0x41, 0xbc, 0x00, 0x00, 0x00, 0x00,
    0xaf, 0x1f, 0x3b, 0xc5, 0x1c, 0xbe, 0x3b, 0x45, 0x2b, 0xf1, 0x38, 0xc5, 0x0d, 0xae, 0x1f, 0x41,
    0x7f, 0xcf, 0xbf, 0xc0, 0x4b, 0xc5, 0xc2, 0x40, 0x25, 0xaf, 0xdd, 0xc0, 0x2b, 0xd6, 0xa3, 0x3c,
    0x01, 0x00, 0x80, 0x3f, 0x00, 0x00, 0x80, 0xae, 0x00, 0x00, 0x00, 0x00, 0x00, 0x00, 0x00, 0xaf,
    0x00, 0x00, 0x80, 0xad, 0x01, 0x00, 0x80, 0x3f, 0x00, 0x00, 0x00, 0x2c, 0x00, 0x00, 0x80, 0xb0,
    0x00, 0x00, 0x00, 0x00, 0x00, 0x00, 0x00, 0x00, 0xf8, 0xff, 0x7f, 0x3f, 0x00, 0x00, 0x00, 0x00,
    0x00, 0x00, 0x00, 0x00, 0x00, 0x00, 0xc0, 0xb6, 0x00, 0x00, 0x80, 0xb0, 0x04, 0x00, 0x80, 0x3f,
    0x87, 0x3d, 0xcd, 0xbf, 0x46, 0x4d, 0x90, 0x3a, 0xd0, 0xa7, 0x41, 0xb7, 0x06, 0xbe, 0xbc, 0x3b,
    0x47, 0x3f, 0x4d, 0xae, 0xba, 0x07, 0x36, 0xc0, 0x55, 0x94, 0x0c, 0xb9, 0x45, 0x03, 0x89, 0x3d,
    0x28, 0xa9, 0x17, 0xbc, 0x19, 0x48, 0x43, 0xbe, 0x1e, 0x09, 0x03, 0x3b, 0x16, 0x6c, 0x7f, 0xbf,
    0x0a, 0xe3, 0xf1, 0xc3, 0xa5, 0xf7, 0x47, 0x44, 0x7d, 0xdc, 0x3a, 0x3f, 0xb2, 0x1e, 0x9d, 0xc3,
    0xc3, 0xa6, 0x1f, 0xbf, 0x00, 0x00, 0x00, 0x00, 0x44, 0xf2, 0x6b, 0xbb, 0x00, 0x00, 0x00, 0x00,
    0x9f, 0x10, 0x0e, 0x39, 0x5b, 0x35, 0xb3, 0xbe, 0x21, 0x41, 0xc0, 0xbc, 0x00, 0x00, 0x00, 0x00,
    0xb7, 0x1f, 0x3b, 0xc5, 0x26, 0xbe, 0x3b, 0x45, 0x33, 0xf1, 0x38, 0xc5, 0x15, 0xae, 0x1f, 0x41,
    0x88, 0xcf, 0xbf, 0xc0, 0x54, 0xc5, 0xc2, 0x40, 0x2e, 0xaf, 0xdd, 0xc0, 0x33, 0xd6, 0xa3, 0x3c,
    0xc5, 0xff, 0x95, 0xc3, 0xc4, 0x7e, 0x96, 0x43, 0x10, 0x40, 0x94, 0xc3, 0x00, 0x00, 0x00, 0x00,
};
inline constexpr std::size_t g_EndfieldM20PeakVSCB1Size = sizeof(g_EndfieldM20PeakVSCB1);

inline constexpr std::uint8_t g_EndfieldM20PeakVSCB2[] = {
    0x00, 0x00, 0x70, 0x45, 0x00, 0x00, 0x07, 0x45, 0x89, 0x88, 0x88, 0x39, 0xd6, 0xb9, 0xf2, 0x39,
    0x00, 0x00, 0x70, 0x45, 0x00, 0x00, 0x07, 0x45, 0x89, 0x88, 0x88, 0x39, 0xd6, 0xb9, 0xf2, 0x39,
    0x00, 0x80, 0xf9, 0x43, 0x00, 0x00, 0x80, 0x3f, 0x14, 0xae, 0x1f, 0x41, 0x0a, 0xd7, 0xa3, 0x3c,
    0x00, 0x00, 0x80, 0xbf, 0xcd, 0xcc, 0xcc, 0x3d, 0x00, 0x00, 0x48, 0x42, 0x0a, 0xd7, 0xa3, 0x3c,
    0x00, 0x00, 0x00, 0x00, 0x00, 0x00, 0x00, 0x00, 0x00, 0x00, 0x00, 0x00, 0x00, 0x00, 0x00, 0x00,
    0x00, 0x00, 0x70, 0x45, 0x00, 0x00, 0x07, 0x45, 0x89, 0x08, 0x80, 0x3f, 0x2c, 0x0f, 0x80, 0x3f,
    0x00, 0x00, 0x00, 0x00, 0x00, 0x00, 0x00, 0x00, 0x00, 0x00, 0x00, 0x00, 0x00, 0x00, 0x00, 0x00,
    0x00, 0x00, 0x00, 0x00, 0x00, 0x00, 0x00, 0x00, 0x00, 0x00, 0x00, 0x00, 0x00, 0x00, 0x00, 0x00,
    0x00, 0x00, 0x00, 0x00, 0x00, 0x00, 0x00, 0x00, 0x00, 0x00, 0x00, 0x00, 0x00, 0x00, 0x00, 0x00,
    0x00, 0x00, 0x00, 0x00, 0x00, 0x00, 0x00, 0x00, 0x00, 0x00, 0x00, 0x00, 0x00, 0x00, 0x00, 0x00,
    0x00, 0x00, 0x00, 0x00, 0x00, 0x00, 0x00, 0x00, 0x00, 0x00, 0x00, 0x00, 0x00, 0x00, 0x00, 0x00,
    0x00, 0x00, 0x00, 0x00, 0x00, 0x00, 0x00, 0x00, 0x00, 0x00, 0x00, 0x00, 0x00, 0x00, 0x00, 0x00,
    0x00, 0x00, 0x00, 0x00, 0x00, 0x00, 0x00, 0x00, 0x00, 0x00, 0x00, 0x00, 0x00, 0x00, 0x00, 0x00,
    0x00, 0x00, 0x00, 0x00, 0x00, 0x00, 0x00, 0x00, 0x00, 0x00, 0x00, 0x00, 0x00, 0x00, 0x00, 0x00,
    0x00, 0x00, 0x00, 0x00, 0x00, 0x00, 0x00, 0x00, 0x00, 0x00, 0x00, 0x00, 0x00, 0x00, 0x00, 0x00,
    0x00, 0x00, 0x00, 0x00, 0x00, 0x00, 0x00, 0x00, 0x00, 0x00, 0x00, 0x00, 0x00, 0x00, 0x00, 0x00,
    0x00, 0x00, 0x00, 0x00, 0x00, 0x00, 0x00, 0x00, 0x00, 0x00, 0x00, 0x00, 0x00, 0x00, 0x00, 0x00,
    0x00, 0x00, 0x00, 0x00, 0x00, 0x00, 0x00, 0x00, 0x00, 0x00, 0x00, 0x00, 0x00, 0x00, 0x00, 0x00,
    0x00, 0x00, 0x00, 0x00, 0x00, 0x00, 0x10, 0x3f, 0x00, 0x00, 0x80, 0x40, 0x00, 0x00, 0x00, 0x00,
    0x00, 0x00, 0x00, 0x3e, 0xe4, 0x38, 0x8e, 0x3e, 0x89, 0x88, 0x08, 0x38, 0x06, 0xd9, 0x06, 0x39,
    0x88, 0x04, 0xcd, 0x3f, 0xd5, 0x22, 0x00, 0x42, 0xd5, 0x22, 0x80, 0x42, 0xa4, 0x9c, 0x91, 0x3f,
    0x80, 0x73, 0x42, 0xbf, 0x26, 0xf3, 0x7c, 0x3f, 0x5e, 0xb9, 0x9b, 0xbe, 0xba, 0x58, 0x14, 0x3f,
    0xea, 0x81, 0x26, 0xbf, 0x15, 0x9a, 0x1d, 0xbe, 0x35, 0xdf, 0x73, 0xbf, 0x01, 0xa3, 0x50, 0x3f,
    0x48, 0x8a, 0x88, 0x3c, 0xed, 0xfc, 0x6f, 0x42, 0x16, 0xdb, 0x88, 0x3c, 0x3b, 0x6f, 0x6f, 0x42,
    0xd5, 0x22, 0x00, 0x42, 0xba, 0x58, 0x14, 0x3f, 0x01, 0xa3, 0x50, 0x3f, 0xa4, 0x9c, 0x91, 0x3f,
    0xc4, 0x11, 0x00, 0x42, 0x53, 0xd9, 0x10, 0x3f, 0x7e, 0x14, 0x53, 0x3f, 0xd9, 0xee, 0x8e, 0x3f,
    0x00, 0x00, 0x80, 0xbf, 0x00, 0x00, 0x00, 0x3f, 0x00, 0x00, 0x00, 0x00, 0x5c, 0x03, 0x00, 0x00,
    0x00, 0x00, 0x80, 0x3f, 0x00, 0x00, 0x80, 0x3f, 0x39, 0x8e, 0xe3, 0x3f, 0xdf, 0x35, 0xcd, 0x3d,
    0x00, 0x00, 0x00, 0x00, 0x00, 0xff, 0x00, 0x00, 0x00, 0x3f, 0x01, 0x00, 0xe0, 0x5e, 0x01, 0x00,
    0x5c, 0x50, 0x93, 0x3e, 0x5c, 0x50, 0x93, 0x3e, 0x00, 0x00, 0x80, 0x3f, 0x00, 0x00, 0x00, 0x00,
    0x00, 0x00, 0x00, 0x00, 0x00, 0x00, 0x00, 0x00, 0x00, 0x00, 0x80, 0x3f, 0x00, 0x00, 0x80, 0x3f,
    0x00, 0x00, 0xe0, 0x40, 0x00, 0x00, 0x00, 0x00, 0x00, 0x00, 0x00, 0x00, 0x00, 0x00, 0x00, 0x00,
    0x00, 0x00, 0x80, 0x3e, 0x7d, 0x37, 0x55, 0x3f, 0x00, 0x00, 0x80, 0x33, 0xff, 0xff, 0x7f, 0x3f,
    0x79, 0x9c, 0x49, 0xb3, 0x7d, 0x37, 0x55, 0xbf, 0x0a, 0x81, 0x49, 0xb3, 0x0e, 0x1c, 0x55, 0xbf,
    0xdc, 0x06, 0x86, 0xc2, 0xc2, 0xf0, 0xb1, 0x3f, 0x29, 0xb5, 0xb0, 0xc0, 0x33, 0x33, 0xb3, 0x3e,
    0x00, 0x00, 0x00, 0x00, 0x00, 0x00, 0x00, 0x00, 0x00, 0x00, 0x00, 0x00, 0x00, 0x00, 0x00, 0x00,
    0x00, 0x00, 0x00, 0x00, 0x00, 0x00, 0x00, 0x00, 0x00, 0x00, 0x00, 0x00, 0x00, 0x00, 0x00, 0x00,
    0x00, 0x00, 0x00, 0x00, 0x00, 0x00, 0x00, 0x00, 0x00, 0x00, 0x00, 0x00, 0x00, 0x00, 0x00, 0x00,
    0xe1, 0x7a, 0xd4, 0x3f, 0x00, 0x00, 0x00, 0x00, 0x00, 0x00, 0x00, 0x00, 0x00, 0x00, 0x00, 0x00,
    0x3d, 0x69, 0x87, 0xc2, 0x55, 0xdb, 0x74, 0x40, 0x9a, 0x99, 0xe7, 0xc1, 0xf4, 0xfd, 0x4a, 0x41,
    0x00, 0x00, 0x00, 0x00, 0x00, 0x00, 0x00, 0x00, 0x00, 0x00, 0x00, 0x00, 0x00, 0x00, 0x20, 0x42,
    0x00, 0x00, 0x00, 0x00, 0x00, 0x00, 0x00, 0x00, 0x00, 0x00, 0x00, 0x00, 0x00, 0x00, 0x00, 0x00,
    0x00, 0x00, 0x00, 0x00, 0x00, 0x00, 0x00, 0x00, 0x00, 0x00, 0x00, 0x00, 0x00, 0x00, 0x00, 0x00,
    0xec, 0x4c, 0x0b, 0x41, 0xf4, 0xfd, 0x4a, 0x41, 0x00, 0x00, 0x00, 0x40, 0x00, 0x00, 0x00, 0x00,
    0x00, 0x00, 0x00, 0x00, 0x00, 0x00, 0x00, 0x00, 0x00, 0x00, 0x00, 0x00, 0x00, 0x00, 0x00, 0x00,
    0x00, 0x00, 0x00, 0x00, 0x00, 0x00, 0x00, 0x00, 0x00, 0x00, 0x00, 0x00, 0x00, 0x00, 0x00, 0x00,
    0x00, 0x00, 0x00, 0x00, 0x00, 0x00, 0x00, 0x00, 0x00, 0x00, 0x00, 0x00, 0x00, 0x00, 0x00, 0x00,
    0x00, 0x00, 0x00, 0x00, 0x00, 0x00, 0x80, 0x3f, 0x00, 0x00, 0x00, 0x00, 0x00, 0x00, 0x00, 0x00,
    0x00, 0x00, 0x00, 0x00, 0x00, 0x00, 0x80, 0x3f, 0x00, 0x00, 0x00, 0x00, 0x00, 0x00, 0x00, 0x00,
    0x00, 0x00, 0x00, 0x00, 0x00, 0x00, 0x00, 0x00, 0x00, 0x00, 0x00, 0x00, 0x00, 0x00, 0x00, 0x00,
    0x00, 0x00, 0x00, 0x00, 0x00, 0x00, 0x00, 0x00, 0x00, 0x00, 0x00, 0x00, 0x00, 0x00, 0x00, 0x00,
    0x00, 0x00, 0x80, 0x3f, 0xdc, 0xac, 0x5f, 0x40, 0x00, 0x00, 0x00, 0x00, 0x00, 0x00, 0x00, 0x00,
    0x00, 0x00, 0x80, 0x3f, 0xdb, 0x0f, 0x49, 0x40, 0x00, 0x00, 0x00, 0x00, 0x00, 0x00, 0x00, 0x00,
    0x00, 0x00, 0x00, 0x00, 0x00, 0x00, 0x00, 0x00, 0x00, 0x00, 0x00, 0x00, 0x00, 0x00, 0x00, 0x00,
    0x00, 0x00, 0x00, 0x00, 0x00, 0x00, 0x00, 0x00, 0x00, 0x00, 0x00, 0x00, 0x00, 0x00, 0x00, 0x00,
    0x00, 0x00, 0x00, 0x40, 0x00, 0x00, 0x00, 0x00, 0x00, 0x00, 0x00, 0x00, 0x00, 0x00, 0x00, 0x00,
    0x00, 0x00, 0x80, 0x3e, 0x0e, 0x1c, 0x55, 0x3f, 0x00, 0x00, 0x80, 0x33, 0xff, 0xff, 0x7f, 0x3f,
    0x3d, 0x69, 0x87, 0xc2, 0x55, 0xdb, 0x74, 0x40, 0x9a, 0x99, 0xe7, 0xc1, 0xf4, 0xfd, 0x4a, 0x41,
    0x00, 0x00, 0x00, 0x00, 0x00, 0x00, 0x00, 0x00, 0x00, 0x00, 0x00, 0x00, 0x00, 0x00, 0x20, 0x42,
    0x00, 0x00, 0x00, 0x00, 0x00, 0x00, 0x00, 0x00, 0x00, 0x00, 0x00, 0x00, 0x00, 0x00, 0x00, 0x00,
    0x00, 0x00, 0x00, 0x00, 0x00, 0x00, 0x00, 0x00, 0x00, 0x00, 0x00, 0x00, 0x00, 0x00, 0x00, 0x00,
    0xec, 0x4c, 0x0b, 0x41, 0xf4, 0xfd, 0x4a, 0x41, 0x00, 0x00, 0x00, 0x40, 0x00, 0x00, 0x00, 0x00,
    0x00, 0x00, 0x00, 0x00, 0x00, 0x00, 0x00, 0x00, 0x00, 0x00, 0x00, 0x00, 0x00, 0x00, 0x00, 0x00,
    0x00, 0x00, 0x00, 0x00, 0x00, 0x00, 0x00, 0x00, 0x00, 0x00, 0x00, 0x00, 0x00, 0x00, 0x00, 0x00,
    0x00, 0x00, 0x00, 0x00, 0x00, 0x00, 0x00, 0x00, 0x00, 0x00, 0x00, 0x00, 0x00, 0x00, 0x00, 0x00,
    0x00, 0x00, 0x80, 0x3f, 0xff, 0x75, 0x5f, 0x40, 0x00, 0x00, 0x00, 0x00, 0x00, 0x00, 0x00, 0x00,
    0x00, 0x00, 0x80, 0x3f, 0xdb, 0x0f, 0x49, 0x40, 0x00, 0x00, 0x00, 0x00, 0x00, 0x00, 0x00, 0x00,
    0x00, 0x00, 0x00, 0x00, 0x00, 0x00, 0x00, 0x00, 0x00, 0x00, 0x00, 0x00, 0x00, 0x00, 0x00, 0x00,
    0x00, 0x00, 0x00, 0x00, 0x00, 0x00, 0x00, 0x00, 0x00, 0x00, 0x00, 0x00, 0x00, 0x00, 0x00, 0x00,
    0x00, 0x40, 0x86, 0xc2, 0x08, 0xc3, 0xc7, 0x3e, 0x00, 0x00, 0xb4, 0xc0, 0x00, 0x00, 0x00, 0x00,
    0x00, 0x40, 0x86, 0xc2, 0x08, 0xc3, 0xc7, 0x3e, 0x00, 0x00, 0xb4, 0xc0, 0x00, 0x00, 0x00, 0x00,
    0x00, 0x00, 0x00, 0x00, 0x00, 0x00, 0x00, 0x00, 0x00, 0x00, 0x00, 0x00, 0x00, 0x00, 0x00, 0x00,
    0x00, 0x00, 0x00, 0x00, 0x00, 0x00, 0x00, 0x00, 0x00, 0x00, 0x80, 0x3f, 0x6f, 0x12, 0x83, 0x3a,
    0xac, 0xc5, 0x27, 0x37, 0xac, 0xc5, 0x27, 0x37, 0xac, 0xc5, 0x27, 0x37, 0x00, 0x00, 0x00, 0x00,
    0x00, 0x00, 0x00, 0x00, 0x00, 0x00, 0x00, 0x00, 0x00, 0x00, 0x00, 0x00, 0x00, 0x00, 0x80, 0xbf,
    0x00, 0x00, 0x00, 0x00, 0x00, 0x00, 0x00, 0x00, 0x00, 0x00, 0x00, 0x00, 0x00, 0x00, 0x00, 0x00,
    0x00, 0x00, 0x00, 0x00, 0x00, 0x00, 0x00, 0x00, 0x00, 0x00, 0x00, 0x00, 0x00, 0xff, 0x7f, 0xc7,
    0x00, 0x00, 0x00, 0x00, 0x00, 0x00, 0x00, 0x00, 0x00, 0x00, 0x00, 0x00, 0x00, 0x00, 0x00, 0x00,
    0x00, 0x00, 0x00, 0x00, 0x00, 0x00, 0x00, 0x00, 0x00, 0x00, 0x00, 0x00, 0x00, 0x00, 0x00, 0x00,
    0x00, 0x00, 0x00, 0x00, 0x00, 0x00, 0x00, 0x00, 0x00, 0x00, 0x00, 0x00, 0x00, 0x00, 0x80, 0x3f,
    0x00, 0x00, 0x00, 0x00, 0x00, 0x00, 0x00, 0x00, 0x00, 0x00, 0x00, 0x00, 0x00, 0x00, 0x00, 0x00,
    0x00, 0x00, 0x00, 0x00, 0x00, 0x00, 0x80, 0x3f, 0x00, 0x00, 0x00, 0x00, 0x00, 0x00, 0x00, 0x00,
    0x00, 0x00, 0x00, 0x00, 0x00, 0x00, 0x00, 0x00, 0x00, 0x00, 0x00, 0x00, 0x00, 0x00, 0x80, 0x3f,
    0x00, 0x00, 0x00, 0x00, 0x00, 0x00, 0x00, 0x00, 0x00, 0x00, 0x00, 0x00, 0x00, 0x00, 0x00, 0x00,
    0x00, 0x00, 0x00, 0x00, 0x00, 0x00, 0x00, 0x00, 0x00, 0x00, 0x00, 0x00, 0x00, 0x00, 0x00, 0x00,
    0x00, 0x00, 0x00, 0x00, 0x00, 0x00, 0x00, 0x00, 0x00, 0x00, 0x00, 0x00, 0x00, 0x00, 0x00, 0x00,
    0x00, 0x00, 0x00, 0x00, 0x00, 0x00, 0x00, 0x00, 0x00, 0x00, 0x00, 0x00, 0x00, 0x00, 0x00, 0x00,
    0x00, 0x00, 0x00, 0x00, 0x00, 0x00, 0x00, 0x00, 0x00, 0x00, 0x00, 0x00, 0x00, 0x00, 0x00, 0x00,
    0x00, 0x00, 0x00, 0x00, 0x00, 0x00, 0x00, 0x00, 0x00, 0x00, 0x00, 0x00, 0x00, 0x00, 0x00, 0x00,
    0x00, 0x00, 0x00, 0x00, 0x00, 0x00, 0x00, 0x00, 0x00, 0x00, 0x00, 0x00, 0x00, 0x00, 0x00, 0x00,
    0x00, 0x00, 0x00, 0x3f, 0x00, 0x00, 0xc0, 0x3e, 0x00, 0x00, 0x00, 0x40, 0x00, 0x00, 0x40, 0xbf,
    0xae, 0x47, 0x61, 0x3f, 0x00, 0x00, 0x4a, 0xc2, 0x21, 0x77, 0x7d, 0x3f, 0x00, 0x00, 0xc8, 0x42,
    0x00, 0x00, 0x00, 0x40, 0x00, 0x00, 0x80, 0xbf, 0x00, 0x00, 0x00, 0x3f, 0x00, 0x00, 0x00, 0x3f,
    0x00, 0x00, 0x80, 0x3f, 0x00, 0x00, 0x00, 0x00, 0x00, 0x00, 0x00, 0x00, 0x00, 0x00, 0x00, 0x00,
    0x00, 0x00, 0x00, 0x00, 0x00, 0x00, 0x00, 0x00, 0x00, 0x00, 0x00, 0x00, 0x00, 0x00, 0x00, 0x00,
    0x00, 0x00, 0x80, 0x3f, 0x00, 0x00, 0x80, 0x3f, 0x00, 0x00, 0x80, 0x3f, 0x00, 0x00, 0x80, 0x3f,
    0x00, 0x00, 0x00, 0x00, 0x00, 0x00, 0x00, 0x00, 0x00, 0x00, 0x00, 0x00, 0x00, 0x00, 0x00, 0x00,
    0x00, 0x00, 0x48, 0x43, 0x00, 0x00, 0x96, 0x43, 0x00, 0x00, 0x80, 0x3f, 0x00, 0x00, 0x00, 0x00,
    0x00, 0x00, 0x80, 0x3f, 0x00, 0x00, 0x80, 0x3f, 0x00, 0x00, 0x80, 0x3f, 0x00, 0x00, 0x00, 0x00,
    0x50, 0x21, 0x00, 0x00, 0x07, 0x08, 0x06, 0x00, 0x84, 0xa4, 0x40, 0x33, 0xfa, 0x27, 0x42, 0x00,
    0x00, 0x00, 0x80, 0x3f, 0x00, 0x00, 0x80, 0x3f, 0x00, 0x00, 0x80, 0x3f, 0x00, 0x00, 0x00, 0x00,
    0x00, 0x00, 0x80, 0x3f, 0x00, 0x00, 0x80, 0x3f, 0x00, 0x00, 0x80, 0x3f, 0x00, 0x00, 0x00, 0x00,
    0x00, 0x00, 0x00, 0x00, 0x00, 0x00, 0x80, 0x3f, 0x00, 0x00, 0x00, 0x00, 0x00, 0x00, 0x00, 0x00,
    0xdc, 0x06, 0x86, 0xc2, 0xc2, 0xf0, 0xb1, 0x3f, 0x29, 0xb5, 0xb0, 0xc0, 0xd5, 0x22, 0x00, 0x42,
};
inline constexpr std::size_t g_EndfieldM20PeakVSCB2Size = sizeof(g_EndfieldM20PeakVSCB2);

inline constexpr std::uint8_t g_EndfieldM20PeakVSCB3[] = {
    0x00, 0x00, 0x80, 0x3f, 0x00, 0x00, 0x00, 0x00, 0x00, 0x00, 0x00, 0x00, 0x00, 0x00, 0x00, 0x00,
    0x00, 0x00, 0x00, 0x00, 0x00, 0x00, 0x80, 0x3f, 0x00, 0x00, 0x00, 0x00, 0x00, 0x00, 0x00, 0x00,
    0x00, 0x00, 0x00, 0x00, 0x00, 0x00, 0x00, 0x00, 0x00, 0x00, 0x80, 0x3f, 0x00, 0x00, 0x00, 0x00,
    0x00, 0x00, 0x00, 0x00, 0x00, 0x00, 0x00, 0x00, 0x00, 0x00, 0x00, 0x00, 0x00, 0x00, 0x80, 0x3f,
    0x00, 0x00, 0x7a, 0x44, 0x00, 0x00, 0x00, 0x00, 0x00, 0x00, 0x00, 0x00, 0x00, 0x00, 0x00, 0x00,
    0x00, 0x00, 0x00, 0x00, 0x00, 0x00, 0x00, 0x00, 0x01, 0x00, 0x00, 0x00, 0x00, 0x00, 0x80, 0x3f,
    0x00, 0x00, 0x80, 0x3f, 0x00, 0x00, 0x00, 0x00, 0x00, 0x00, 0x00, 0x00, 0x00, 0x00, 0x00, 0x00,
    0x00, 0x00, 0x00, 0x00, 0x00, 0x00, 0x80, 0x3f, 0x00, 0x00, 0x00, 0x00, 0x00, 0x00, 0x00, 0x00,
    0x00, 0x00, 0x00, 0x00, 0x00, 0x00, 0x00, 0x00, 0x00, 0x00, 0x80, 0x3f, 0x00, 0x00, 0x00, 0x00,
    0x00, 0x00, 0x00, 0x00, 0x00, 0x00, 0x00, 0x00, 0x00, 0x00, 0x00, 0x00, 0x00, 0x00, 0x80, 0x3f,
    0x00, 0x00, 0x00, 0x00, 0x00, 0x00, 0x80, 0x3f, 0x00, 0x00, 0x00, 0x00, 0x00, 0x00, 0x00, 0x00,
    0x05, 0x00, 0x00, 0x00, 0x00, 0x00, 0x00, 0x00, 0x00, 0x00, 0x00, 0x00, 0x00, 0x00, 0x00, 0x00,
    0x00, 0x00, 0x00, 0x00, 0x00, 0x00, 0x00, 0x00, 0x00, 0x00, 0x00, 0x00, 0x00, 0x00, 0x00, 0x00,
    0x00, 0x00, 0x00, 0x00, 0x00, 0x00, 0x00, 0x00, 0x00, 0x00, 0x00, 0x00, 0x00, 0x00, 0x00, 0x00,
    0x00, 0x00, 0x00, 0x00, 0x00, 0x00, 0x00, 0x00, 0x00, 0x00, 0x00, 0x00, 0x00, 0x00, 0x00, 0x00,
    0x00, 0x00, 0x00, 0x00, 0x00, 0x00, 0x00, 0x00, 0x00, 0x00, 0x00, 0x00, 0x00, 0x00, 0x00, 0x00,
};
inline constexpr std::size_t g_EndfieldM20PeakVSCB3Size = sizeof(g_EndfieldM20PeakVSCB3);

inline constexpr std::uint8_t g_EndfieldM20PeakVSCB4[] = {
    0x00, 0x00, 0x80, 0x3f, 0x00, 0x00, 0x00, 0x00, 0x00, 0x00, 0x80, 0x3f, 0x00, 0x00, 0x00, 0x00,
    0x00, 0x00, 0x80, 0x3f, 0x00, 0x00, 0x00, 0x00, 0x33, 0x33, 0x9a, 0x42, 0x3d, 0x0a, 0x0b, 0x41,
    0x00, 0x00, 0x00, 0x00, 0x00, 0x00, 0x80, 0x3f, 0x00, 0x00, 0x20, 0x41, 0x00, 0x00, 0x00, 0x00,
    0x00, 0x00, 0x80, 0x3f, 0xc3, 0xf5, 0x28, 0x3f, 0x00, 0x00, 0x00, 0x00, 0x00, 0x00, 0x00, 0x00,
    0x25, 0xe4, 0x95, 0x3e, 0x6d, 0xe6, 0x36, 0x3e, 0x1c, 0x22, 0x3e, 0x3d, 0x00, 0x00, 0x80, 0x3f,
    0x00, 0x00, 0x00, 0x00, 0x00, 0x00, 0x80, 0x3f, 0x00, 0x00, 0x00, 0x00, 0x00, 0x00, 0x00, 0x00,
    0x00, 0x00, 0x00, 0x00, 0x00, 0x00, 0x00, 0x00, 0x00, 0x00, 0x00, 0x00, 0x00, 0x00, 0x00, 0x00,
    0x00, 0x00, 0x80, 0x3f, 0x00, 0x00, 0x00, 0x80, 0x00, 0x00, 0x00, 0x00, 0x00, 0x00, 0x80, 0x3f,
    0x00, 0x00, 0x80, 0x3f, 0x00, 0x00, 0x00, 0x00, 0x00, 0x00, 0x00, 0x00, 0x00, 0x00, 0x00, 0x00,
    0x00, 0x00, 0x80, 0x3f, 0x9a, 0x99, 0x19, 0x3f, 0x00, 0x00, 0x00, 0x00, 0x0a, 0xd7, 0x23, 0x3e,
};
inline constexpr std::size_t g_EndfieldM20PeakVSCB4Size = sizeof(g_EndfieldM20PeakVSCB4);

inline constexpr std::uint8_t g_EndfieldM20PeakPSCB0[] = {
    0xe8, 0xfe, 0x7f, 0xbf, 0x58, 0x7c, 0xca, 0xb9, 0x06, 0xbe, 0xbc, 0xbb, 0x00, 0x00, 0x00, 0x00,
    0x00, 0x00, 0x00, 0x00, 0x2d, 0x6d, 0x7f, 0x3f, 0x46, 0x03, 0x89, 0xbd, 0x00, 0x00, 0x00, 0x00,
    0x84, 0x2a, 0xbd, 0xbb, 0xb0, 0x02, 0x89, 0x3d, 0x16, 0x6c, 0x7f, 0x3f, 0x00, 0x00, 0x00, 0x00,
    0x39, 0xda, 0x96, 0xc3, 0x4e, 0x4c, 0x8c, 0xc3, 0xb2, 0x1e, 0x9d, 0x43, 0x00, 0x00, 0x80, 0x3f,
    0xe9, 0xfe, 0x7f, 0xbf, 0x94, 0x49, 0x00, 0xae, 0x84, 0x2a, 0xbd, 0xbb, 0x00, 0x00, 0x00, 0x00,
    0x57, 0x7c, 0xca, 0xb9, 0x2d, 0x6d, 0x7f, 0x3f, 0xb0, 0x02, 0x89, 0x3d, 0x00, 0x00, 0x00, 0x00,
    0x06, 0xbe, 0xbc, 0xbb, 0x46, 0x03, 0x89, 0xbd, 0x16, 0x6c, 0x7f, 0x3f, 0x00, 0x00, 0x00, 0x00,
    0xc5, 0xff, 0x95, 0xc3, 0xc5, 0x7e, 0x96, 0x43, 0x10, 0x40, 0x94, 0xc3, 0x00, 0x00, 0x80, 0x3f,
    0x87, 0x2a, 0x4c, 0x40, 0x00, 0x00, 0x00, 0x00, 0x00, 0x00, 0x00, 0x00, 0x00, 0x00, 0x00, 0x00,
    0x00, 0x00, 0x00, 0x00, 0x23, 0x7b, 0xb5, 0xc0, 0x00, 0x00, 0x00, 0x00, 0x00, 0x00, 0x00, 0x00,
    0x72, 0x93, 0x88, 0x38, 0xec, 0xdb, 0x86, 0xb9, 0x00, 0x54, 0x03, 0x3b, 0x00, 0x00, 0x80, 0xbf,
    0x00, 0x00, 0x00, 0x00, 0x00, 0x00, 0x00, 0x00, 0xde, 0x35, 0xcd, 0x3d, 0x00, 0x00, 0x00, 0x00,
    0x2b, 0x7f, 0xa0, 0x3e, 0x00, 0x00, 0x00, 0x00, 0x00, 0x00, 0x00, 0x00, 0x00, 0x00, 0x00, 0x00,
    0x00, 0x00, 0x00, 0x00, 0x10, 0x8f, 0x34, 0xbe, 0x00, 0x00, 0x00, 0x00, 0x00, 0x00, 0x00, 0x00,
    0x00, 0x00, 0x00, 0x00, 0x00, 0x00, 0x00, 0x00, 0x00, 0x00, 0x00, 0x00, 0x15, 0xae, 0x1f, 0x41,
    0xff, 0x3f, 0xab, 0x37, 0xff, 0x3b, 0x3e, 0x38, 0x00, 0x00, 0x80, 0xbf, 0xf3, 0xd4, 0xa3, 0x3c,
    0xaa, 0x29, 0x4c, 0xc0, 0x2b, 0xa4, 0x0f, 0x3b, 0x57, 0xa6, 0x41, 0xb7, 0x06, 0xbe, 0xbc, 0x3b,
    0x4e, 0x31, 0x92, 0xb6, 0xe9, 0x12, 0xb5, 0xc0, 0x44, 0x93, 0x0c, 0xb9, 0x46, 0x03, 0x89, 0x3d,
    0x09, 0x55, 0x96, 0xbc, 0x3e, 0x63, 0xc2, 0xbe, 0x1f, 0x08, 0x03, 0x3b, 0x16, 0x6c, 0x7f, 0xbf,
    0x9b, 0x9c, 0x70, 0xc4, 0x48, 0xe8, 0xc6, 0x44, 0x42, 0xdb, 0x3a, 0x3f, 0xb2, 0x1e, 0x9d, 0xc3,
    0xaa, 0x29, 0x4c, 0xc0, 0x2b, 0xa4, 0x0f, 0x3b, 0x57, 0xa6, 0x41, 0xb7, 0x06, 0xbe, 0xbc, 0x3b,
    0x4e, 0x31, 0x92, 0xb6, 0xe9, 0x12, 0xb5, 0xc0, 0x44, 0x93, 0x0c, 0xb9, 0x46, 0x03, 0x89, 0x3d,
    0x09, 0x55, 0x96, 0xbc, 0x3e, 0x63, 0xc2, 0xbe, 0x1f, 0x08, 0x03, 0x3b, 0x16, 0x6c, 0x7f, 0xbf,
    0x00, 0x00, 0x00, 0x00, 0x00, 0x00, 0x00, 0x00, 0xde, 0x35, 0xcd, 0x3d, 0x00, 0x00, 0x00, 0x00,
    0x7c, 0x7e, 0xa0, 0xbe, 0x6d, 0xdb, 0x20, 0xad, 0x15, 0x31, 0xed, 0xba, 0x00, 0x00, 0x00, 0x00,
    0x95, 0xd0, 0x8e, 0x38, 0x82, 0x27, 0x34, 0xbe, 0xea, 0x44, 0x41, 0xbc, 0x00, 0x00, 0x00, 0x00,
    0xb7, 0x1f, 0x3b, 0xc5, 0x26, 0xbe, 0x3b, 0x45, 0x33, 0xf1, 0x38, 0xc5, 0x15, 0xae, 0x1f, 0x41,
    0x3c, 0xce, 0xbf, 0xc0, 0x3b, 0xc4, 0xc2, 0x40, 0xb5, 0xad, 0xdd, 0xc0, 0xf3, 0xd4, 0xa3, 0x3c,
};
inline constexpr std::size_t g_EndfieldM20PeakPSCB0Size = sizeof(g_EndfieldM20PeakPSCB0);

inline constexpr std::uint8_t g_EndfieldM20PeakPSCB1[] = {
    0x00, 0x00, 0x70, 0x45, 0x00, 0x00, 0x07, 0x45, 0x89, 0x88, 0x88, 0x39, 0xd6, 0xb9, 0xf2, 0x39,
    0x00, 0x00, 0x70, 0x45, 0x00, 0x00, 0x07, 0x45, 0x89, 0x88, 0x88, 0x39, 0xd6, 0xb9, 0xf2, 0x39,
    0x00, 0x80, 0xf9, 0x43, 0x00, 0x00, 0x80, 0x3f, 0x14, 0xae, 0x1f, 0x41, 0x0a, 0xd7, 0xa3, 0x3c,
    0x00, 0x00, 0x80, 0xbf, 0xcd, 0xcc, 0xcc, 0x3d, 0x00, 0x00, 0x48, 0x42, 0x0a, 0xd7, 0xa3, 0x3c,
    0x00, 0x00, 0x00, 0x00, 0x00, 0x00, 0x00, 0x00, 0x00, 0x00, 0x00, 0x00, 0x00, 0x00, 0x00, 0x00,
    0x00, 0x00, 0x70, 0x45, 0x00, 0x00, 0x07, 0x45, 0x89, 0x08, 0x80, 0x3f, 0x2c, 0x0f, 0x80, 0x3f,
    0x00, 0x00, 0x00, 0x00, 0x00, 0x00, 0x00, 0x00, 0x00, 0x00, 0x00, 0x00, 0x00, 0x00, 0x00, 0x00,
    0x00, 0x00, 0x00, 0x00, 0x00, 0x00, 0x00, 0x00, 0x00, 0x00, 0x00, 0x00, 0x00, 0x00, 0x00, 0x00,
    0x00, 0x00, 0x00, 0x00, 0x00, 0x00, 0x00, 0x00, 0x00, 0x00, 0x00, 0x00, 0x00, 0x00, 0x00, 0x00,
    0x00, 0x00, 0x00, 0x00, 0x00, 0x00, 0x00, 0x00, 0x00, 0x00, 0x00, 0x00, 0x00, 0x00, 0x00, 0x00,
    0x00, 0x00, 0x00, 0x00, 0x00, 0x00, 0x00, 0x00, 0x00, 0x00, 0x00, 0x00, 0x00, 0x00, 0x00, 0x00,
    0x00, 0x00, 0x00, 0x00, 0x00, 0x00, 0x00, 0x00, 0x00, 0x00, 0x00, 0x00, 0x00, 0x00, 0x00, 0x00,
    0x00, 0x00, 0x00, 0x00, 0x00, 0x00, 0x00, 0x00, 0x00, 0x00, 0x00, 0x00, 0x00, 0x00, 0x00, 0x00,
    0x00, 0x00, 0x00, 0x00, 0x00, 0x00, 0x00, 0x00, 0x00, 0x00, 0x00, 0x00, 0x00, 0x00, 0x00, 0x00,
    0x00, 0x00, 0x00, 0x00, 0x00, 0x00, 0x00, 0x00, 0x00, 0x00, 0x00, 0x00, 0x00, 0x00, 0x00, 0x00,
    0x00, 0x00, 0x00, 0x00, 0x00, 0x00, 0x00, 0x00, 0x00, 0x00, 0x00, 0x00, 0x00, 0x00, 0x00, 0x00,
    0x00, 0x00, 0x00, 0x00, 0x00, 0x00, 0x00, 0x00, 0x00, 0x00, 0x00, 0x00, 0x00, 0x00, 0x00, 0x00,
    0x00, 0x00, 0x00, 0x00, 0x00, 0x00, 0x00, 0x00, 0x00, 0x00, 0x00, 0x00, 0x00, 0x00, 0x00, 0x00,
    0x00, 0x00, 0x00, 0x00, 0x00, 0x00, 0x10, 0x3f, 0x00, 0x00, 0x80, 0x40, 0x00, 0x00, 0x00, 0x00,
    0x00, 0x00, 0x00, 0x3e, 0xe4, 0x38, 0x8e, 0x3e, 0x89, 0x88, 0x08, 0x38, 0x06, 0xd9, 0x06, 0x39,
    0x88, 0x04, 0xcd, 0x3f, 0xd5, 0x22, 0x00, 0x42, 0xd5, 0x22, 0x80, 0x42, 0xa4, 0x9c, 0x91, 0x3f,
    0x80, 0x73, 0x42, 0xbf, 0x26, 0xf3, 0x7c, 0x3f, 0x5e, 0xb9, 0x9b, 0xbe, 0xba, 0x58, 0x14, 0x3f,
    0xea, 0x81, 0x26, 0xbf, 0x15, 0x9a, 0x1d, 0xbe, 0x35, 0xdf, 0x73, 0xbf, 0x01, 0xa3, 0x50, 0x3f,
    0x48, 0x8a, 0x88, 0x3c, 0xed, 0xfc, 0x6f, 0x42, 0x16, 0xdb, 0x88, 0x3c, 0x3b, 0x6f, 0x6f, 0x42,
    0xd5, 0x22, 0x00, 0x42, 0xba, 0x58, 0x14, 0x3f, 0x01, 0xa3, 0x50, 0x3f, 0xa4, 0x9c, 0x91, 0x3f,
    0xc4, 0x11, 0x00, 0x42, 0x53, 0xd9, 0x10, 0x3f, 0x7e, 0x14, 0x53, 0x3f, 0xd9, 0xee, 0x8e, 0x3f,
    0x00, 0x00, 0x80, 0xbf, 0x00, 0x00, 0x00, 0x3f, 0x00, 0x00, 0x00, 0x00, 0x5c, 0x03, 0x00, 0x00,
    0x00, 0x00, 0x80, 0x3f, 0x00, 0x00, 0x80, 0x3f, 0x39, 0x8e, 0xe3, 0x3f, 0xdf, 0x35, 0xcd, 0x3d,
    0x00, 0x00, 0x00, 0x00, 0x00, 0xff, 0x00, 0x00, 0x00, 0x3f, 0x01, 0x00, 0xe0, 0x5e, 0x01, 0x00,
    0x5c, 0x50, 0x93, 0x3e, 0x5c, 0x50, 0x93, 0x3e, 0x00, 0x00, 0x80, 0x3f, 0x00, 0x00, 0x00, 0x00,
    0x00, 0x00, 0x00, 0x00, 0x00, 0x00, 0x00, 0x00, 0x00, 0x00, 0x80, 0x3f, 0x00, 0x00, 0x80, 0x3f,
    0x00, 0x00, 0xe0, 0x40, 0x00, 0x00, 0x00, 0x00, 0x00, 0x00, 0x00, 0x00, 0x00, 0x00, 0x00, 0x00,
    0x00, 0x00, 0x80, 0x3e, 0x7d, 0x37, 0x55, 0x3f, 0x00, 0x00, 0x80, 0x33, 0xff, 0xff, 0x7f, 0x3f,
    0x79, 0x9c, 0x49, 0xb3, 0x7d, 0x37, 0x55, 0xbf, 0x0a, 0x81, 0x49, 0xb3, 0x0e, 0x1c, 0x55, 0xbf,
    0xdc, 0x06, 0x86, 0xc2, 0xc2, 0xf0, 0xb1, 0x3f, 0x29, 0xb5, 0xb0, 0xc0, 0x33, 0x33, 0xb3, 0x3e,
    0x00, 0x00, 0x00, 0x00, 0x00, 0x00, 0x00, 0x00, 0x00, 0x00, 0x00, 0x00, 0x00, 0x00, 0x00, 0x00,
    0x00, 0x00, 0x00, 0x00, 0x00, 0x00, 0x00, 0x00, 0x00, 0x00, 0x00, 0x00, 0x00, 0x00, 0x00, 0x00,
    0x00, 0x00, 0x00, 0x00, 0x00, 0x00, 0x00, 0x00, 0x00, 0x00, 0x00, 0x00, 0x00, 0x00, 0x00, 0x00,
    0xe1, 0x7a, 0xd4, 0x3f, 0x00, 0x00, 0x00, 0x00, 0x00, 0x00, 0x00, 0x00, 0x00, 0x00, 0x00, 0x00,
    0x3d, 0x69, 0x87, 0xc2, 0x55, 0xdb, 0x74, 0x40, 0x9a, 0x99, 0xe7, 0xc1, 0xf4, 0xfd, 0x4a, 0x41,
    0x00, 0x00, 0x00, 0x00, 0x00, 0x00, 0x00, 0x00, 0x00, 0x00, 0x00, 0x00, 0x00, 0x00, 0x20, 0x42,
    0x00, 0x00, 0x00, 0x00, 0x00, 0x00, 0x00, 0x00, 0x00, 0x00, 0x00, 0x00, 0x00, 0x00, 0x00, 0x00,
    0x00, 0x00, 0x00, 0x00, 0x00, 0x00, 0x00, 0x00, 0x00, 0x00, 0x00, 0x00, 0x00, 0x00, 0x00, 0x00,
    0xec, 0x4c, 0x0b, 0x41, 0xf4, 0xfd, 0x4a, 0x41, 0x00, 0x00, 0x00, 0x40, 0x00, 0x00, 0x00, 0x00,
    0x00, 0x00, 0x00, 0x00, 0x00, 0x00, 0x00, 0x00, 0x00, 0x00, 0x00, 0x00, 0x00, 0x00, 0x00, 0x00,
    0x00, 0x00, 0x00, 0x00, 0x00, 0x00, 0x00, 0x00, 0x00, 0x00, 0x00, 0x00, 0x00, 0x00, 0x00, 0x00,
    0x00, 0x00, 0x00, 0x00, 0x00, 0x00, 0x00, 0x00, 0x00, 0x00, 0x00, 0x00, 0x00, 0x00, 0x00, 0x00,
    0x00, 0x00, 0x00, 0x00, 0x00, 0x00, 0x80, 0x3f, 0x00, 0x00, 0x00, 0x00, 0x00, 0x00, 0x00, 0x00,
    0x00, 0x00, 0x00, 0x00, 0x00, 0x00, 0x80, 0x3f, 0x00, 0x00, 0x00, 0x00, 0x00, 0x00, 0x00, 0x00,
    0x00, 0x00, 0x00, 0x00, 0x00, 0x00, 0x00, 0x00, 0x00, 0x00, 0x00, 0x00, 0x00, 0x00, 0x00, 0x00,
    0x00, 0x00, 0x00, 0x00, 0x00, 0x00, 0x00, 0x00, 0x00, 0x00, 0x00, 0x00, 0x00, 0x00, 0x00, 0x00,
    0x00, 0x00, 0x80, 0x3f, 0xdc, 0xac, 0x5f, 0x40, 0x00, 0x00, 0x00, 0x00, 0x00, 0x00, 0x00, 0x00,
    0x00, 0x00, 0x80, 0x3f, 0xdb, 0x0f, 0x49, 0x40, 0x00, 0x00, 0x00, 0x00, 0x00, 0x00, 0x00, 0x00,
    0x00, 0x00, 0x00, 0x00, 0x00, 0x00, 0x00, 0x00, 0x00, 0x00, 0x00, 0x00, 0x00, 0x00, 0x00, 0x00,
    0x00, 0x00, 0x00, 0x00, 0x00, 0x00, 0x00, 0x00, 0x00, 0x00, 0x00, 0x00, 0x00, 0x00, 0x00, 0x00,
    0x00, 0x00, 0x00, 0x40, 0x00, 0x00, 0x00, 0x00, 0x00, 0x00, 0x00, 0x00, 0x00, 0x00, 0x00, 0x00,
    0x00, 0x00, 0x80, 0x3e, 0x0e, 0x1c, 0x55, 0x3f, 0x00, 0x00, 0x80, 0x33, 0xff, 0xff, 0x7f, 0x3f,
    0x3d, 0x69, 0x87, 0xc2, 0x55, 0xdb, 0x74, 0x40, 0x9a, 0x99, 0xe7, 0xc1, 0xf4, 0xfd, 0x4a, 0x41,
    0x00, 0x00, 0x00, 0x00, 0x00, 0x00, 0x00, 0x00, 0x00, 0x00, 0x00, 0x00, 0x00, 0x00, 0x20, 0x42,
    0x00, 0x00, 0x00, 0x00, 0x00, 0x00, 0x00, 0x00, 0x00, 0x00, 0x00, 0x00, 0x00, 0x00, 0x00, 0x00,
    0x00, 0x00, 0x00, 0x00, 0x00, 0x00, 0x00, 0x00, 0x00, 0x00, 0x00, 0x00, 0x00, 0x00, 0x00, 0x00,
    0xec, 0x4c, 0x0b, 0x41, 0xf4, 0xfd, 0x4a, 0x41, 0x00, 0x00, 0x00, 0x40, 0x00, 0x00, 0x00, 0x00,
    0x00, 0x00, 0x00, 0x00, 0x00, 0x00, 0x00, 0x00, 0x00, 0x00, 0x00, 0x00, 0x00, 0x00, 0x00, 0x00,
    0x00, 0x00, 0x00, 0x00, 0x00, 0x00, 0x00, 0x00, 0x00, 0x00, 0x00, 0x00, 0x00, 0x00, 0x00, 0x00,
    0x00, 0x00, 0x00, 0x00, 0x00, 0x00, 0x00, 0x00, 0x00, 0x00, 0x00, 0x00, 0x00, 0x00, 0x00, 0x00,
    0x00, 0x00, 0x80, 0x3f, 0xff, 0x75, 0x5f, 0x40, 0x00, 0x00, 0x00, 0x00, 0x00, 0x00, 0x00, 0x00,
    0x00, 0x00, 0x80, 0x3f, 0xdb, 0x0f, 0x49, 0x40, 0x00, 0x00, 0x00, 0x00, 0x00, 0x00, 0x00, 0x00,
    0x00, 0x00, 0x00, 0x00, 0x00, 0x00, 0x00, 0x00, 0x00, 0x00, 0x00, 0x00, 0x00, 0x00, 0x00, 0x00,
    0x00, 0x00, 0x00, 0x00, 0x00, 0x00, 0x00, 0x00, 0x00, 0x00, 0x00, 0x00, 0x00, 0x00, 0x00, 0x00,
    0x00, 0x40, 0x86, 0xc2, 0x08, 0xc3, 0xc7, 0x3e, 0x00, 0x00, 0xb4, 0xc0, 0x00, 0x00, 0x00, 0x00,
    0x00, 0x40, 0x86, 0xc2, 0x08, 0xc3, 0xc7, 0x3e, 0x00, 0x00, 0xb4, 0xc0, 0x00, 0x00, 0x00, 0x00,
    0x00, 0x00, 0x00, 0x00, 0x00, 0x00, 0x00, 0x00, 0x00, 0x00, 0x00, 0x00, 0x00, 0x00, 0x00, 0x00,
    0x00, 0x00, 0x00, 0x00, 0x00, 0x00, 0x00, 0x00, 0x00, 0x00, 0x80, 0x3f, 0x6f, 0x12, 0x83, 0x3a,
    0xac, 0xc5, 0x27, 0x37, 0xac, 0xc5, 0x27, 0x37, 0xac, 0xc5, 0x27, 0x37, 0x00, 0x00, 0x00, 0x00,
    0x00, 0x00, 0x00, 0x00, 0x00, 0x00, 0x00, 0x00, 0x00, 0x00, 0x00, 0x00, 0x00, 0x00, 0x80, 0xbf,
    0x00, 0x00, 0x00, 0x00, 0x00, 0x00, 0x00, 0x00, 0x00, 0x00, 0x00, 0x00, 0x00, 0x00, 0x00, 0x00,
    0x00, 0x00, 0x00, 0x00, 0x00, 0x00, 0x00, 0x00, 0x00, 0x00, 0x00, 0x00, 0x00, 0xff, 0x7f, 0xc7,
    0x00, 0x00, 0x00, 0x00, 0x00, 0x00, 0x00, 0x00, 0x00, 0x00, 0x00, 0x00, 0x00, 0x00, 0x00, 0x00,
    0x00, 0x00, 0x00, 0x00, 0x00, 0x00, 0x00, 0x00, 0x00, 0x00, 0x00, 0x00, 0x00, 0x00, 0x00, 0x00,
    0x00, 0x00, 0x00, 0x00, 0x00, 0x00, 0x00, 0x00, 0x00, 0x00, 0x00, 0x00, 0x00, 0x00, 0x80, 0x3f,
    0x00, 0x00, 0x00, 0x00, 0x00, 0x00, 0x00, 0x00, 0x00, 0x00, 0x00, 0x00, 0x00, 0x00, 0x00, 0x00,
    0x00, 0x00, 0x00, 0x00, 0x00, 0x00, 0x80, 0x3f, 0x00, 0x00, 0x00, 0x00, 0x00, 0x00, 0x00, 0x00,
    0x00, 0x00, 0x00, 0x00, 0x00, 0x00, 0x00, 0x00, 0x00, 0x00, 0x00, 0x00, 0x00, 0x00, 0x80, 0x3f,
    0x00, 0x00, 0x00, 0x00, 0x00, 0x00, 0x00, 0x00, 0x00, 0x00, 0x00, 0x00, 0x00, 0x00, 0x00, 0x00,
    0x00, 0x00, 0x00, 0x00, 0x00, 0x00, 0x00, 0x00, 0x00, 0x00, 0x00, 0x00, 0x00, 0x00, 0x00, 0x00,
    0x00, 0x00, 0x00, 0x00, 0x00, 0x00, 0x00, 0x00, 0x00, 0x00, 0x00, 0x00, 0x00, 0x00, 0x00, 0x00,
    0x00, 0x00, 0x00, 0x00, 0x00, 0x00, 0x00, 0x00, 0x00, 0x00, 0x00, 0x00, 0x00, 0x00, 0x00, 0x00,
    0x00, 0x00, 0x00, 0x00, 0x00, 0x00, 0x00, 0x00, 0x00, 0x00, 0x00, 0x00, 0x00, 0x00, 0x00, 0x00,
    0x00, 0x00, 0x00, 0x00, 0x00, 0x00, 0x00, 0x00, 0x00, 0x00, 0x00, 0x00, 0x00, 0x00, 0x00, 0x00,
    0x00, 0x00, 0x00, 0x00, 0x00, 0x00, 0x00, 0x00, 0x00, 0x00, 0x00, 0x00, 0x00, 0x00, 0x00, 0x00,
    0x00, 0x00, 0x00, 0x3f, 0x00, 0x00, 0xc0, 0x3e, 0x00, 0x00, 0x00, 0x40, 0x00, 0x00, 0x40, 0xbf,
    0xae, 0x47, 0x61, 0x3f, 0x00, 0x00, 0x4a, 0xc2, 0x21, 0x77, 0x7d, 0x3f, 0x00, 0x00, 0xc8, 0x42,
    0x00, 0x00, 0x00, 0x40, 0x00, 0x00, 0x80, 0xbf, 0x00, 0x00, 0x00, 0x3f, 0x00, 0x00, 0x00, 0x3f,
    0x00, 0x00, 0x80, 0x3f, 0x00, 0x00, 0x00, 0x00, 0x00, 0x00, 0x00, 0x00, 0x00, 0x00, 0x00, 0x00,
    0x00, 0x00, 0x00, 0x00, 0x00, 0x00, 0x00, 0x00, 0x00, 0x00, 0x00, 0x00, 0x00, 0x00, 0x00, 0x00,
    0x00, 0x00, 0x80, 0x3f, 0x00, 0x00, 0x80, 0x3f, 0x00, 0x00, 0x80, 0x3f, 0x00, 0x00, 0x80, 0x3f,
    0x00, 0x00, 0x00, 0x00, 0x00, 0x00, 0x00, 0x00, 0x00, 0x00, 0x00, 0x00, 0x00, 0x00, 0x00, 0x00,
    0x00, 0x00, 0x48, 0x43, 0x00, 0x00, 0x96, 0x43, 0x00, 0x00, 0x80, 0x3f, 0x00, 0x00, 0x00, 0x00,
    0x00, 0x00, 0x80, 0x3f, 0x00, 0x00, 0x80, 0x3f, 0x00, 0x00, 0x80, 0x3f, 0x00, 0x00, 0x00, 0x00,
    0x50, 0x21, 0x00, 0x00, 0x07, 0x08, 0x06, 0x00, 0x84, 0xa4, 0x40, 0x33, 0xfa, 0x27, 0x42, 0x00,
    0x00, 0x00, 0x80, 0x3f, 0x00, 0x00, 0x80, 0x3f, 0x00, 0x00, 0x80, 0x3f, 0x00, 0x00, 0x00, 0x00,
    0x00, 0x00, 0x80, 0x3f, 0x00, 0x00, 0x80, 0x3f, 0x00, 0x00, 0x80, 0x3f, 0x00, 0x00, 0x00, 0x00,
    0x00, 0x00, 0x00, 0x00, 0x00, 0x00, 0x80, 0x3f, 0x00, 0x00, 0x00, 0x00, 0x00, 0x00, 0x00, 0x00,
    0xdc, 0x06, 0x86, 0xc2, 0xc2, 0xf0, 0xb1, 0x3f, 0x29, 0xb5, 0xb0, 0xc0, 0xd5, 0x22, 0x00, 0x42,
    0x00, 0x00, 0x80, 0x3f, 0x00, 0x00, 0x80, 0x3f, 0x00, 0x00, 0x80, 0x3f, 0x00, 0x00, 0x80, 0x3f,
};
inline constexpr std::size_t g_EndfieldM20PeakPSCB1Size = sizeof(g_EndfieldM20PeakPSCB1);

inline constexpr std::uint8_t g_EndfieldM20PeakPSCB2[] = {
    0x00, 0x00, 0x80, 0x3f, 0x00, 0x00, 0x00, 0x00, 0x00, 0x00, 0x00, 0x00, 0x00, 0x00, 0x00, 0x00,
    0x00, 0x00, 0x00, 0x00, 0x00, 0x00, 0x80, 0x3f, 0x00, 0x00, 0x00, 0x00, 0x00, 0x00, 0x00, 0x00,
    0x00, 0x00, 0x00, 0x00, 0x00, 0x00, 0x00, 0x00, 0x00, 0x00, 0x80, 0x3f, 0x00, 0x00, 0x00, 0x00,
    0x00, 0x00, 0x00, 0x00, 0x00, 0x00, 0x00, 0x00, 0x00, 0x00, 0x00, 0x00, 0x00, 0x00, 0x80, 0x3f,
    0x00, 0x00, 0x7a, 0x44, 0x00, 0x00, 0x00, 0x00, 0x00, 0x00, 0x00, 0x00, 0x00, 0x00, 0x00, 0x00,
    0x00, 0x00, 0x00, 0x00, 0x00, 0x00, 0x00, 0x00, 0x01, 0x00, 0x00, 0x00, 0x00, 0x00, 0x80, 0x3f,
    0x00, 0x00, 0x80, 0x3f, 0x00, 0x00, 0x00, 0x00, 0x00, 0x00, 0x00, 0x00, 0x00, 0x00, 0x00, 0x00,
    0x00, 0x00, 0x00, 0x00, 0x00, 0x00, 0x80, 0x3f, 0x00, 0x00, 0x00, 0x00, 0x00, 0x00, 0x00, 0x00,
    0x00, 0x00, 0x00, 0x00, 0x00, 0x00, 0x00, 0x00, 0x00, 0x00, 0x80, 0x3f, 0x00, 0x00, 0x00, 0x00,
    0x00, 0x00, 0x00, 0x00, 0x00, 0x00, 0x00, 0x00, 0x00, 0x00, 0x00, 0x00, 0x00, 0x00, 0x80, 0x3f,
    0x00, 0x00, 0x00, 0x00, 0x00, 0x00, 0x80, 0x3f, 0x00, 0x00, 0x00, 0x00, 0x00, 0x00, 0x00, 0x00,
    0x05, 0x00, 0x00, 0x00, 0x00, 0x00, 0x00, 0x00, 0x00, 0x00, 0x00, 0x00, 0x00, 0x00, 0x00, 0x00,
    0x00, 0x00, 0x00, 0x00, 0x00, 0x00, 0x00, 0x00, 0x00, 0x00, 0x00, 0x00, 0x00, 0x00, 0x00, 0x00,
    0x00, 0x00, 0x00, 0x00, 0x00, 0x00, 0x00, 0x00, 0x00, 0x00, 0x00, 0x00, 0x00, 0x00, 0x00, 0x00,
    0x00, 0x00, 0x00, 0x00, 0x00, 0x00, 0x00, 0x00, 0x00, 0x00, 0x00, 0x00, 0x00, 0x00, 0x00, 0x00,
    0x00, 0x00, 0x00, 0x00, 0x00, 0x00, 0x00, 0x00, 0x00, 0x00, 0x00, 0x00, 0x00, 0x00, 0x00, 0x00,
};
inline constexpr std::size_t g_EndfieldM20PeakPSCB2Size = sizeof(g_EndfieldM20PeakPSCB2);

inline constexpr std::uint8_t g_EndfieldM20PeakPSCB3[] = {
    0x00, 0x00, 0x80, 0x3f, 0x00, 0x00, 0x00, 0x00, 0x00, 0x00, 0x80, 0x3f, 0x00, 0x00, 0x00, 0x00,
    0x00, 0x00, 0x80, 0x3f, 0x00, 0x00, 0x00, 0x00, 0x33, 0x33, 0x9a, 0x42, 0x3d, 0x0a, 0x0b, 0x41,
    0x00, 0x00, 0x00, 0x00, 0x00, 0x00, 0x80, 0x3f, 0x00, 0x00, 0x20, 0x41, 0x00, 0x00, 0x00, 0x00,
    0x00, 0x00, 0x80, 0x3f, 0xc3, 0xf5, 0x28, 0x3f, 0x00, 0x00, 0x00, 0x00, 0x00, 0x00, 0x00, 0x00,
    0x25, 0xe4, 0x95, 0x3e, 0x6d, 0xe6, 0x36, 0x3e, 0x1c, 0x22, 0x3e, 0x3d, 0x00, 0x00, 0x80, 0x3f,
    0x00, 0x00, 0x00, 0x00, 0x00, 0x00, 0x80, 0x3f, 0x00, 0x00, 0x00, 0x00, 0x00, 0x00, 0x00, 0x00,
    0x00, 0x00, 0x00, 0x00, 0x00, 0x00, 0x00, 0x00, 0x00, 0x00, 0x00, 0x00, 0x00, 0x00, 0x00, 0x00,
    0x00, 0x00, 0x80, 0x3f, 0x00, 0x00, 0x00, 0x80, 0x00, 0x00, 0x00, 0x00, 0x00, 0x00, 0x80, 0x3f,
    0x00, 0x00, 0x80, 0x3f, 0x00, 0x00, 0x00, 0x00, 0x00, 0x00, 0x00, 0x00, 0x00, 0x00, 0x00, 0x00,
    0x00, 0x00, 0x80, 0x3f, 0x9a, 0x99, 0x19, 0x3f, 0x00, 0x00, 0x00, 0x00, 0x0a, 0xd7, 0x23, 0x3e,
    0x00, 0x00, 0x00, 0x00, 0x00, 0x00, 0x00, 0x00, 0x00, 0x00, 0x00, 0x00, 0x00, 0x00, 0x00, 0x00,
    0x33, 0x33, 0x23, 0x40, 0x00, 0x00, 0x00, 0x00, 0x00, 0x00, 0x00, 0x00, 0x00, 0x00, 0x00, 0x00,
    0x00, 0x00, 0x00, 0x00, 0x6f, 0x12, 0x83, 0x3a, 0x00, 0x00, 0x20, 0x41, 0x00, 0x00, 0xf0, 0x42,
    0x00, 0x00, 0xc8, 0x42, 0x00, 0x00, 0x00, 0x00, 0x00, 0x00, 0x00, 0x00, 0x00, 0x00, 0x00, 0x00,
    0x00, 0x00, 0x00, 0x00, 0x00, 0x00, 0x00, 0x00, 0x00, 0x00, 0x00, 0x00, 0x00, 0x00, 0x00, 0x00,
    0x00, 0x00, 0x00, 0x00, 0x00, 0x00, 0x00, 0x00, 0x00, 0x00, 0x00, 0x00, 0x00, 0x00, 0x00, 0x00,
    0x00, 0x00, 0x00, 0x00, 0x00, 0x00, 0x00, 0x00, 0x00, 0x00, 0x00, 0x00, 0x00, 0x00, 0x00, 0x00,
    0x00, 0x00, 0x00, 0x00, 0x00, 0x00, 0x00, 0x00, 0x00, 0x00, 0x00, 0x00, 0x00, 0x00, 0x80, 0x3f,
    0x00, 0x00, 0x80, 0x3f, 0x00, 0x00, 0x00, 0x00, 0x00, 0x00, 0x00, 0x00, 0x00, 0x00, 0x00, 0x00,
    0x00, 0x00, 0x80, 0x3f, 0x00, 0x00, 0x00, 0x00, 0x00, 0x00, 0x00, 0x00, 0x00, 0x00, 0x00, 0x00,
    0x00, 0x00, 0x00, 0x00, 0x00, 0x00, 0x00, 0x00, 0x00, 0x00, 0x00, 0x00, 0x00, 0x00, 0x00, 0x00,
    0x00, 0x00, 0x00, 0x00, 0x00, 0x00, 0x00, 0x00, 0x00, 0x00, 0x00, 0x00, 0x00, 0x00, 0x00, 0x00,
};
inline constexpr std::size_t g_EndfieldM20PeakPSCB3Size = sizeof(g_EndfieldM20PeakPSCB3);
