// Generated by tools/build_endminf_m21_peak_exact_capture_data.py. Do not edit.
#pragma once
#include <cstddef>
#include <cstdint>

inline constexpr bool g_EndfieldM21PeakPayloadPrepared = true;
inline constexpr float g_EndfieldM21PeakPhaseSeconds = 4.500000f;
inline constexpr std::uint32_t g_EndfieldM21PeakVertexStride = 52u;
inline constexpr std::uint32_t g_EndfieldM21PeakIndexCount = 1110u;
inline constexpr std::uint32_t g_EndfieldM21PeakVSDeclaredFloat4Counts[] = {2, 82, 104, 4094, 10};
inline constexpr std::uint32_t g_EndfieldM21PeakPSDeclaredFloat4Counts[] = {45, 105, 4085, 1, 22};

inline constexpr std::uint8_t g_EndfieldM21PeakVertexDxbc[] = {
    0x44, 0x58, 0x42, 0x43, 0x43, 0x92, 0x72, 0x7f, 0x72, 0x61, 0x2f, 0xb3, 0x5e, 0x5b, 0x59, 0x57,
    0xfe, 0xe1, 0xeb, 0xe0, 0x01, 0x00, 0x00, 0x00, 0x04, 0x24, 0x00, 0x00, 0x03, 0x00, 0x00, 0x00,
    0x2c, 0x00, 0x00, 0x00, 0x7c, 0x01, 0x00, 0x00, 0x7c, 0x02, 0x00, 0x00, 0x49, 0x53, 0x47, 0x4e,
    0x48, 0x01, 0x00, 0x00, 0x0a, 0x00, 0x00, 0x00, 0x08, 0x00, 0x00, 0x00, 0xf8, 0x00, 0x00, 0x00,
    0x00, 0x00, 0x00, 0x00, 0x00, 0x00, 0x00, 0x00, 0x03, 0x00, 0x00, 0x00, 0x00, 0x00, 0x00, 0x00,
    0x07, 0x07, 0x00, 0x00, 0x01, 0x01, 0x00, 0x00, 0x00, 0x00, 0x00, 0x00, 0x00, 0x00, 0x00, 0x00,
    0x03, 0x00, 0x00, 0x00, 0x01, 0x00, 0x00, 0x00, 0x07, 0x07, 0x00, 0x00, 0x08, 0x01, 0x00, 0x00,
    0x00, 0x00, 0x00, 0x00, 0x00, 0x00, 0x00, 0x00, 0x03, 0x00, 0x00, 0x00, 0x02, 0x00, 0x00, 0x00,
    0x0f, 0x0f, 0x00, 0x00, 0x10, 0x01, 0x00, 0x00, 0x00, 0x00, 0x00, 0x00, 0x00, 0x00, 0x00, 0x00,
    0x03, 0x00, 0x00, 0x00, 0x03, 0x00, 0x00, 0x00, 0x0f, 0x0f, 0x00, 0x00, 0x16, 0x01, 0x00, 0x00,
    0x00, 0x00, 0x00, 0x00, 0x00, 0x00, 0x00, 0x00, 0x03, 0x00, 0x00, 0x00, 0x04, 0x00, 0x00, 0x00,
    0x0f, 0x0f, 0x00, 0x00, 0x16, 0x01, 0x00, 0x00, 0x01, 0x00, 0x00, 0x00, 0x00, 0x00, 0x00, 0x00,
    0x03, 0x00, 0x00, 0x00, 0x05, 0x00, 0x00, 0x00, 0x0f, 0x0f, 0x00, 0x00, 0x16, 0x01, 0x00, 0x00,
    0x04, 0x00, 0x00, 0x00, 0x00, 0x00, 0x00, 0x00, 0x03, 0x00, 0x00, 0x00, 0x06, 0x00, 0x00, 0x00,
    0x0f, 0x07, 0x00, 0x00, 0x1f, 0x01, 0x00, 0x00, 0x00, 0x00, 0x00, 0x00, 0x00, 0x00, 0x00, 0x00,
    0x03, 0x00, 0x00, 0x00, 0x07, 0x00, 0x00, 0x00, 0x0f, 0x0f, 0x00, 0x00, 0x2c, 0x01, 0x00, 0x00,
    0x00, 0x00, 0x00, 0x00, 0x00, 0x00, 0x00, 0x00, 0x01, 0x00, 0x00, 0x00, 0x08, 0x00, 0x00, 0x00,
    0x0f, 0x0f, 0x00, 0x00, 0x39, 0x01, 0x00, 0x00, 0x00, 0x00, 0x00, 0x00, 0x08, 0x00, 0x00, 0x00,
    0x01, 0x00, 0x00, 0x00, 0x09, 0x00, 0x00, 0x00, 0x01, 0x01, 0x00, 0x00, 0x50, 0x4f, 0x53, 0x49,
    0x54, 0x49, 0x4f, 0x4e, 0x00, 0x4e, 0x4f, 0x52, 0x4d, 0x41, 0x4c, 0x00, 0x54, 0x41, 0x4e, 0x47,
    0x45, 0x4e, 0x54, 0x00, 0x43, 0x4f, 0x4c, 0x4f, 0x52, 0x00, 0x54, 0x45, 0x58, 0x43, 0x4f, 0x4f,
    0x52, 0x44, 0x00, 0x42, 0x4c, 0x45, 0x4e, 0x44, 0x57, 0x45, 0x49, 0x47, 0x48, 0x54, 0x53, 0x00,
    0x42, 0x4c, 0x45, 0x4e, 0x44, 0x49, 0x4e, 0x44, 0x49, 0x43, 0x45, 0x53, 0x00, 0x53, 0x56, 0x5f,
    0x49, 0x6e, 0x73, 0x74, 0x61, 0x6e, 0x63, 0x65, 0x49, 0x44, 0x00, 0xab, 0x4f, 0x53, 0x47, 0x4e,
    0xf8, 0x00, 0x00, 0x00, 0x09, 0x00, 0x00, 0x00, 0x08, 0x00, 0x00, 0x00, 0xe0, 0x00, 0x00, 0x00,
    0x00, 0x00, 0x00, 0x00, 0x01, 0x00, 0x00, 0x00, 0x03, 0x00, 0x00, 0x00, 0x00, 0x00, 0x00, 0x00,
    0x0f, 0x00, 0x00, 0x00, 0xec, 0x00, 0x00, 0x00, 0x00, 0x00, 0x00, 0x00, 0x00, 0x00, 0x00, 0x00,
    0x03, 0x00, 0x00, 0x00, 0x01, 0x00, 0x00, 0x00, 0x0f, 0x00, 0x00, 0x00, 0xec, 0x00, 0x00, 0x00,
    0x01, 0x00, 0x00, 0x00, 0x00, 0x00, 0x00, 0x00, 0x03, 0x00, 0x00, 0x00, 0x02, 0x00, 0x00, 0x00,
    0x0f, 0x00, 0x00, 0x00, 0xec, 0x00, 0x00, 0x00, 0x02, 0x00, 0x00, 0x00, 0x00, 0x00, 0x00, 0x00,
    0x03, 0x00, 0x00, 0x00, 0x03, 0x00, 0x00, 0x00, 0x07, 0x08, 0x00, 0x00, 0xec, 0x00, 0x00, 0x00,
    0x03, 0x00, 0x00, 0x00, 0x00, 0x00, 0x00, 0x00, 0x03, 0x00, 0x00, 0x00, 0x04, 0x00, 0x00, 0x00,
    0x0f, 0x00, 0x00, 0x00, 0xec, 0x00, 0x00, 0x00, 0x04, 0x00, 0x00, 0x00, 0x00, 0x00, 0x00, 0x00,
    0x03, 0x00, 0x00, 0x00, 0x05, 0x00, 0x00, 0x00, 0x0f, 0x00, 0x00, 0x00, 0xec, 0x00, 0x00, 0x00,
    0x05, 0x00, 0x00, 0x00, 0x00, 0x00, 0x00, 0x00, 0x03, 0x00, 0x00, 0x00, 0x06, 0x00, 0x00, 0x00,
    0x07, 0x08, 0x00, 0x00, 0xec, 0x00, 0x00, 0x00, 0x06, 0x00, 0x00, 0x00, 0x00, 0x00, 0x00, 0x00,
    0x03, 0x00, 0x00, 0x00, 0x07, 0x00, 0x00, 0x00, 0x07, 0x08, 0x00, 0x00, 0xec, 0x00, 0x00, 0x00,
    0x07, 0x00, 0x00, 0x00, 0x00, 0x00, 0x00, 0x00, 0x01, 0x00, 0x00, 0x00, 0x08, 0x00, 0x00, 0x00,
    0x01, 0x0e, 0x00, 0x00, 0x53, 0x56, 0x5f, 0x50, 0x6f, 0x73, 0x69, 0x74, 0x69, 0x6f, 0x6e, 0x00,
    0x54, 0x45, 0x58, 0x43, 0x4f, 0x4f, 0x52, 0x44, 0x00, 0xab, 0xab, 0xab, 0x53, 0x48, 0x45, 0x58,
    0x80, 0x21, 0x00, 0x00, 0x50, 0x00, 0x01, 0x00, 0x60, 0x08, 0x00, 0x00, 0x6a, 0x08, 0x00, 0x01,
    0x59, 0x00, 0x00, 0x04, 0x46, 0x8e, 0x20, 0x00, 0x00, 0x00, 0x00, 0x00, 0x02, 0x00, 0x00, 0x00,
    0x59, 0x00, 0x00, 0x04, 0x46, 0x8e, 0x20, 0x00, 0x01, 0x00, 0x00, 0x00, 0x52, 0x00, 0x00, 0x00,
    0x59, 0x00, 0x00, 0x04, 0x46, 0x8e, 0x20, 0x00, 0x02, 0x00, 0x00, 0x00, 0x68, 0x00, 0x00, 0x00,
    0x59, 0x08, 0x00, 0x04, 0x46, 0x8e, 0x20, 0x00, 0x03, 0x00, 0x00, 0x00, 0xfe, 0x0f, 0x00, 0x00,
    0x59, 0x00, 0x00, 0x04, 0x46, 0x8e, 0x20, 0x00, 0x04, 0x00, 0x00, 0x00, 0x0a, 0x00, 0x00, 0x00,
    0xa2, 0x00, 0x00, 0x04, 0x00, 0x70, 0x10, 0x00, 0x00, 0x00, 0x00, 0x00, 0x10, 0x00, 0x00, 0x00,
    0x5f, 0x00, 0x00, 0x03, 0x72, 0x10, 0x10, 0x00, 0x00, 0x00, 0x00, 0x00, 0x5f, 0x00, 0x00, 0x03,
    0x72, 0x10, 0x10, 0x00, 0x01, 0x00, 0x00, 0x00, 0x5f, 0x00, 0x00, 0x03, 0xf2, 0x10, 0x10, 0x00,
    0x02, 0x00, 0x00, 0x00, 0x5f, 0x00, 0x00, 0x03, 0xf2, 0x10, 0x10, 0x00, 0x03, 0x00, 0x00, 0x00,
    0x5f, 0x00, 0x00, 0x03, 0xf2, 0x10, 0x10, 0x00, 0x04, 0x00, 0x00, 0x00, 0x5f, 0x00, 0x00, 0x03,
    0xf2, 0x10, 0x10, 0x00, 0x05, 0x00, 0x00, 0x00, 0x5f, 0x00, 0x00, 0x03, 0x72, 0x10, 0x10, 0x00,
    0x06, 0x00, 0x00, 0x00, 0x5f, 0x00, 0x00, 0x03, 0xf2, 0x10, 0x10, 0x00, 0x07, 0x00, 0x00, 0x00,
    0x5f, 0x00, 0x00, 0x03, 0xf2, 0x10, 0x10, 0x00, 0x08, 0x00, 0x00, 0x00, 0x60, 0x00, 0x00, 0x04,
    0x12, 0x10, 0x10, 0x00, 0x09, 0x00, 0x00, 0x00, 0x08, 0x00, 0x00, 0x00, 0x67, 0x00, 0x00, 0x04,
    0xf2, 0x20, 0x10, 0x00, 0x00, 0x00, 0x00, 0x00, 0x01, 0x00, 0x00, 0x00, 0x65, 0x00, 0x00, 0x03,
    0xf2, 0x20, 0x10, 0x00, 0x01, 0x00, 0x00, 0x00, 0x65, 0x00, 0x00, 0x03, 0xf2, 0x20, 0x10, 0x00,
    0x02, 0x00, 0x00, 0x00, 0x65, 0x00, 0x00, 0x03, 0x72, 0x20, 0x10, 0x00, 0x03, 0x00, 0x00, 0x00,
    0x65, 0x00, 0x00, 0x03, 0xf2, 0x20, 0x10, 0x00, 0x04, 0x00, 0x00, 0x00, 0x65, 0x00, 0x00, 0x03,
    0xf2, 0x20, 0x10, 0x00, 0x05, 0x00, 0x00, 0x00, 0x65, 0x00, 0x00, 0x03, 0x72, 0x20, 0x10, 0x00,
    0x06, 0x00, 0x00, 0x00, 0x65, 0x00, 0x00, 0x03, 0x72, 0x20, 0x10, 0x00, 0x07, 0x00, 0x00, 0x00,
    0x65, 0x00, 0x00, 0x03, 0x12, 0x20, 0x10, 0x00, 0x08, 0x00, 0x00, 0x00, 0x68, 0x00, 0x00, 0x02,
    0x0f, 0x00, 0x00, 0x00, 0x39, 0x00, 0x00, 0x08, 0x12, 0x00, 0x10, 0x00, 0x00, 0x00, 0x00, 0x00,
    0x01, 0x40, 0x00, 0x00, 0x00, 0x00, 0x00, 0x00, 0x2a, 0x80, 0x20, 0x00, 0x04, 0x00, 0x00, 0x00,
    0x03, 0x00, 0x00, 0x00, 0x29, 0x00, 0x00, 0x07, 0x22, 0x00, 0x10, 0x00, 0x00, 0x00, 0x00, 0x00,
    0x0a, 0x10, 0x10, 0x00, 0x09, 0x00, 0x00, 0x00, 0x01, 0x40, 0x00, 0x00, 0x04, 0x00, 0x00, 0x00,
    0x00, 0x00, 0x00, 0x0e, 0xf2, 0x00, 0x10, 0x00, 0x01, 0x00, 0x00, 0x00, 0x02, 0x40, 0x00, 0x00,
    0x00, 0x00, 0x80, 0x3f, 0x00, 0x00, 0x80, 0x3f, 0x00, 0x00, 0x80, 0x3f, 0x00, 0x00, 0x80, 0x3f,
    0x46, 0x8e, 0x20, 0x86, 0x41, 0x00, 0x00, 0x00, 0x03, 0x00, 0x00, 0x00, 0x0d, 0x00, 0x00, 0x00,
    0x1a, 0x00, 0x10, 0x00, 0x00, 0x00, 0x00, 0x00, 0x38, 0x00, 0x00, 0x07, 0xf2, 0x00, 0x10, 0x00,
    0x01, 0x00, 0x00, 0x00, 0x46, 0x0e, 0x10, 0x00, 0x01, 0x00, 0x00, 0x00, 0x46, 0x1e, 0x10, 0x00,
    0x03, 0x00, 0x00, 0x00, 0x01, 0x00, 0x00, 0x07, 0x42, 0x00, 0x10, 0x00, 0x00, 0x00, 0x00, 0x00,
    0x0a, 0x10, 0x10, 0x00, 0x01, 0x00, 0x00, 0x00, 0x01, 0x40, 0x00, 0x00, 0x00, 0x00, 0x00, 0x40,
    0x4f, 0x00, 0x00, 0x07, 0x82, 0x00, 0x10, 0x00, 0x00, 0x00, 0x00, 0x00, 0x01, 0x40, 0x00, 0x00,
    0x00, 0x00, 0x00, 0x00, 0x2a, 0x00, 0x10, 0x00, 0x00, 0x00, 0x00, 0x00, 0x1f, 0x00, 0x04, 0x03,
    0x2a, 0x00, 0x10, 0x00, 0x00, 0x00, 0x00, 0x00, 0x01, 0x00, 0x00, 0x07, 0x42, 0x00, 0x10, 0x00,
    0x00, 0x00, 0x00, 0x00, 0x0a, 0x10, 0x10, 0x00, 0x01, 0x00, 0x00, 0x00, 0x01, 0x40, 0x00, 0x00,
    0xff, 0x03, 0x00, 0x00, 0x56, 0x00, 0x00, 0x05, 0x42, 0x00, 0x10, 0x00, 0x00, 0x00, 0x00, 0x00,
    0x2a, 0x00, 0x10, 0x00, 0x00, 0x00, 0x00, 0x00, 0x8a, 0x00, 0x00, 0x0f, 0x32, 0x00, 0x10, 0x00,
    0x02, 0x00, 0x00, 0x00, 0x02, 0x40, 0x00, 0x00, 0x0a, 0x00, 0x00, 0x00, 0x0a, 0x00, 0x00, 0x00,
    0x00, 0x00, 0x00, 0x00, 0x00, 0x00, 0x00, 0x00, 0x02, 0x40, 0x00, 0x00, 0x0a, 0x00, 0x00, 0x00,
    0x14, 0x00, 0x00, 0x00, 0x00, 0x00, 0x00, 0x00, 0x00, 0x00, 0x00, 0x00, 0x06, 0x10, 0x10, 0x00,
    0x01, 0x00, 0x00, 0x00, 0x56, 0x00, 0x00, 0x05, 0x32, 0x00, 0x10, 0x00, 0x02, 0x00, 0x00, 0x00,
    0x46, 0x00, 0x10, 0x00, 0x02, 0x00, 0x00, 0x00, 0x1d, 0x00, 0x00, 0x07, 0x42, 0x00, 0x10, 0x00,
    0x02, 0x00, 0x00, 0x00, 0x2a, 0x00, 0x10, 0x00, 0x00, 0x00, 0x00, 0x00, 0x01, 0x40, 0x00, 0x00,
    0x00, 0x00, 0x00, 0x44, 0x00, 0x00, 0x00, 0x07, 0x82, 0x00, 0x10, 0x00, 0x02, 0x00, 0x00, 0x00,
    0x2a, 0x00, 0x10, 0x00, 0x00, 0x00, 0x00, 0x00, 0x01, 0x40, 0x00, 0x00, 0x00, 0x00, 0x80, 0xc4,
    0x37, 0x00, 0x00, 0x09, 0x12, 0x00, 0x10, 0x00, 0x03, 0x00, 0x00, 0x00, 0x2a, 0x00, 0x10, 0x00,
    0x02, 0x00, 0x00, 0x00, 0x3a, 0x00, 0x10, 0x00, 0x02, 0x00, 0x00, 0x00, 0x2a, 0x00, 0x10, 0x00,
    0x00, 0x00, 0x00, 0x00, 0x1d, 0x00, 0x00, 0x0a, 0xc2, 0x00, 0x10, 0x00, 0x02, 0x00, 0x00, 0x00,
    0x06, 0x04, 0x10, 0x00, 0x02, 0x00, 0x00, 0x00, 0x02, 0x40, 0x00, 0x00, 0x00, 0x00, 0x00, 0x00,
    0x00, 0x00, 0x00, 0x00, 0x00, 0x00, 0x00, 0x44, 0x00, 0x00, 0x00, 0x44, 0x00, 0x00, 0x00, 0x0a,
    0x32, 0x00, 0x10, 0x00, 0x04, 0x00, 0x00, 0x00, 0x46, 0x00, 0x10, 0x00, 0x02, 0x00, 0x00, 0x00,
    0x02, 0x40, 0x00, 0x00, 0x00, 0x00, 0x80, 0xc4, 0x00, 0x00, 0x80, 0xc4, 0x00, 0x00, 0x00, 0x00,
    0x00, 0x00, 0x00, 0x00, 0x37, 0x00, 0x00, 0x09, 0x62, 0x00, 0x10, 0x00, 0x03, 0x00, 0x00, 0x00,
    0xa6, 0x0b, 0x10, 0x00, 0x02, 0x00, 0x00, 0x00, 0x06, 0x01, 0x10, 0x00, 0x04, 0x00, 0x00, 0x00,
    0x06, 0x01, 0x10, 0x00, 0x02, 0x00, 0x00, 0x00, 0x38, 0x00, 0x00, 0x0a, 0x72, 0x00, 0x10, 0x00,
    0x02, 0x00, 0x00, 0x00, 0x46, 0x02, 0x10, 0x00, 0x03, 0x00, 0x00, 0x00, 0x02, 0x40, 0x00, 0x00,
    0x20, 0x40, 0x00, 0x3b, 0x20, 0x40, 0x00, 0x3b, 0x20, 0x40, 0x00, 0x3b, 0x00, 0x00, 0x00, 0x00,
    0x00, 0x00, 0x00, 0x0b, 0x72, 0x00, 0x10, 0x00, 0x04, 0x00, 0x00, 0x00, 0x46, 0x00, 0x10, 0x80,
    0xc1, 0x00, 0x00, 0x00, 0x02, 0x00, 0x00, 0x00, 0x02, 0x40, 0x00, 0x00, 0x00, 0x00, 0x80, 0x3f,
    0x00, 0x00, 0x80, 0x3f, 0x00, 0x00, 0x80, 0x3f, 0x00, 0x00, 0x00, 0x00, 0x00, 0x00, 0x00, 0x08,
    0x42, 0x00, 0x10, 0x00, 0x05, 0x00, 0x00, 0x00, 0x1a, 0x00, 0x10, 0x80, 0xc1, 0x00, 0x00, 0x00,
    0x02, 0x00, 0x00, 0x00, 0x0a, 0x00, 0x10, 0x00, 0x04, 0x00, 0x00, 0x00, 0x31, 0x00, 0x00, 0x07,
    0x42, 0x00, 0x10, 0x00, 0x00, 0x00, 0x00, 0x00, 0x2a, 0x00, 0x10, 0x00, 0x05, 0x00, 0x00, 0x00,
    0x01, 0x40, 0x00, 0x00, 0x00, 0x00, 0x00, 0x00, 0x1d, 0x00, 0x00, 0x0a, 0x32, 0x00, 0x10, 0x00,
    0x03, 0x00, 0x00, 0x00, 0x46, 0x00, 0x10, 0x00, 0x03, 0x00, 0x00, 0x00, 0x02, 0x40, 0x00, 0x00,
    0x00, 0x00, 0x00, 0x00, 0x00, 0x00, 0x00, 0x00, 0x00, 0x00, 0x00, 0x00, 0x00, 0x00, 0x00, 0x00,
    0x37, 0x00, 0x00, 0x0f, 0x32, 0x00, 0x10, 0x00, 0x03, 0x00, 0x00, 0x00, 0x46, 0x00, 0x10, 0x00,
    0x03, 0x00, 0x00, 0x00, 0x02, 0x40, 0x00, 0x00, 0x00, 0x00, 0x80, 0x3f, 0x00, 0x00, 0x80, 0x3f,
    0x00, 0x00, 0x00, 0x00, 0x00, 0x00, 0x00, 0x00, 0x02, 0x40, 0x00, 0x00, 0x00, 0x00, 0x80, 0xbf,
    0x00, 0x00, 0x80, 0xbf, 0x00, 0x00, 0x00, 0x00, 0x00, 0x00, 0x00, 0x00, 0x38, 0x00, 0x00, 0x07,
    0x32, 0x00, 0x10, 0x00, 0x03, 0x00, 0x00, 0x00, 0x46, 0x00, 0x10, 0x00, 0x03, 0x00, 0x00, 0x00,
    0x96, 0x05, 0x10, 0x00, 0x04, 0x00, 0x00, 0x00, 0x37, 0x00, 0x00, 0x09, 0x32, 0x00, 0x10, 0x00,
    0x05, 0x00, 0x00, 0x00, 0xa6, 0x0a, 0x10, 0x00, 0x00, 0x00, 0x00, 0x00, 0x46, 0x00, 0x10, 0x00,
    0x03, 0x00, 0x00, 0x00, 0x46, 0x00, 0x10, 0x00, 0x02, 0x00, 0x00, 0x00, 0x10, 0x00, 0x00, 0x07,
    0x42, 0x00, 0x10, 0x00, 0x00, 0x00, 0x00, 0x00, 0x46, 0x02, 0x10, 0x00, 0x05, 0x00, 0x00, 0x00,
    0x46, 0x02, 0x10, 0x00, 0x05, 0x00, 0x00, 0x00, 0x44, 0x00, 0x00, 0x05, 0x42, 0x00, 0x10, 0x00,
    0x00, 0x00, 0x00, 0x00, 0x2a, 0x00, 0x10, 0x00, 0x00, 0x00, 0x00, 0x00, 0x38, 0x00, 0x00, 0x07,
    0xb2, 0x00, 0x10, 0x00, 0x02, 0x00, 0x00, 0x00, 0xa6, 0x0a, 0x10, 0x00, 0x00, 0x00, 0x00, 0x00,
    0x46, 0x08, 0x10, 0x00, 0x05, 0x00, 0x00, 0x00, 0x32, 0x00, 0x00, 0x0a, 0xb2, 0x00, 0x10, 0x00,
    0x03, 0x00, 0x00, 0x00, 0x96, 0x01, 0x10, 0x00, 0x05, 0x00, 0x00, 0x00, 0xa6, 0x0a, 0x10, 0x00,
    0x00, 0x00, 0x00, 0x00, 0x36, 0x07, 0x10, 0x80, 0x41, 0x00, 0x00, 0x00, 0x02, 0x00, 0x00, 0x00,
    0x10, 0x00, 0x00, 0x07, 0x42, 0x00, 0x10, 0x00, 0x00, 0x00, 0x00, 0x00, 0x46, 0x03, 0x10, 0x00,
    0x03, 0x00, 0x00, 0x00, 0x46, 0x03, 0x10, 0x00, 0x02, 0x00, 0x00, 0x00, 0x00, 0x00, 0x00, 0x08,
    0xb2, 0x00, 0x10, 0x00, 0x03, 0x00, 0x00, 0x00, 0xa6, 0x0a, 0x10, 0x80, 0x41, 0x00, 0x00, 0x00,
    0x00, 0x00, 0x00, 0x00, 0x46, 0x0c, 0x10, 0x00, 0x03, 0x00, 0x00, 0x00, 0x10, 0x00, 0x00, 0x07,
    0x42, 0x00, 0x10, 0x00, 0x00, 0x00, 0x00, 0x00, 0x46, 0x03, 0x10, 0x00, 0x03, 0x00, 0x00, 0x00,
    0x46, 0x03, 0x10, 0x00, 0x03, 0x00, 0x00, 0x00, 0x44, 0x00, 0x00, 0x05, 0x42, 0x00, 0x10, 0x00,
    0x00, 0x00, 0x00, 0x00, 0x2a, 0x00, 0x10, 0x00, 0x00, 0x00, 0x00, 0x00, 0x38, 0x00, 0x00, 0x07,
    0xb2, 0x00, 0x10, 0x00, 0x03, 0x00, 0x00, 0x00, 0xa6, 0x0a, 0x10, 0x00, 0x00, 0x00, 0x00, 0x00,
    0x46, 0x0c, 0x10, 0x00, 0x03, 0x00, 0x00, 0x00, 0x31, 0x00, 0x00, 0x07, 0x42, 0x00, 0x10, 0x00,
    0x00, 0x00, 0x00, 0x00, 0x2a, 0x00, 0x10, 0x00, 0x03, 0x00, 0x00, 0x00, 0x01, 0x40, 0x00, 0x00,
    0x00, 0x00, 0x00, 0x00, 0x37, 0x00, 0x00, 0x09, 0x42, 0x00, 0x10, 0x00, 0x00, 0x00, 0x00, 0x00,
    0x2a, 0x00, 0x10, 0x00, 0x00, 0x00, 0x00, 0x00, 0x01, 0x40, 0x00, 0x00, 0x00, 0x00, 0x80, 0xbf,
    0x01, 0x40, 0x00, 0x00, 0x00, 0x00, 0x80, 0x3f, 0x0f, 0x00, 0x00, 0x07, 0x42, 0x00, 0x10, 0x00,
    0x02, 0x00, 0x00, 0x00, 0xa6, 0x0a, 0x10, 0x00, 0x02, 0x00, 0x00, 0x00, 0xa6, 0x0a, 0x10, 0x00,
    0x00, 0x00, 0x00, 0x00, 0x00, 0x00, 0x00, 0x08, 0x12, 0x00, 0x10, 0x00, 0x04, 0x00, 0x00, 0x00,
    0x2a, 0x00, 0x10, 0x80, 0x41, 0x00, 0x00, 0x00, 0x02, 0x00, 0x00, 0x00, 0x01, 0x40, 0x00, 0x00,
    0x00, 0x00, 0x80, 0x3f, 0x00, 0x00, 0x00, 0x08, 0x42, 0x00, 0x10, 0x00, 0x02, 0x00, 0x00, 0x00,
    0x0a, 0x00, 0x10, 0x80, 0xc1, 0x00, 0x00, 0x00, 0x04, 0x00, 0x00, 0x00, 0x01, 0x40, 0x00, 0x00,
    0x00, 0x00, 0x80, 0x3f, 0x38, 0x00, 0x00, 0x07, 0x22, 0x00, 0x10, 0x00, 0x04, 0x00, 0x00, 0x00,
    0x2a, 0x00, 0x10, 0x00, 0x00, 0x00, 0x00, 0x00, 0x2a, 0x00, 0x10, 0x00, 0x02, 0x00, 0x00, 0x00,
    0x0f, 0x00, 0x00, 0x07, 0x42, 0x00, 0x10, 0x00, 0x00, 0x00, 0x00, 0x00, 0x46, 0x00, 0x10, 0x00,
    0x04, 0x00, 0x00, 0x00, 0x46, 0x00, 0x10, 0x00, 0x04, 0x00, 0x00, 0x00, 0x44, 0x00, 0x00, 0x05,
    0x42, 0x00, 0x10, 0x00, 0x00, 0x00, 0x00, 0x00, 0x2a, 0x00, 0x10, 0x00, 0x00, 0x00, 0x00, 0x00,
    0x38, 0x00, 0x00, 0x07, 0x32, 0x00, 0x10, 0x00, 0x04, 0x00, 0x00, 0x00, 0xa6, 0x0a, 0x10, 0x00,
    0x00, 0x00, 0x00, 0x00, 0x46, 0x00, 0x10, 0x00, 0x04, 0x00, 0x00, 0x00, 0x38, 0x00, 0x00, 0x07,
    0x72, 0x00, 0x10, 0x00, 0x05, 0x00, 0x00, 0x00, 0x36, 0x0d, 0x10, 0x00, 0x02, 0x00, 0x00, 0x00,
    0xd6, 0x04, 0x10, 0x00, 0x03, 0x00, 0x00, 0x00, 0x32, 0x00, 0x00, 0x0a, 0x72, 0x00, 0x10, 0x00,
    0x05, 0x00, 0x00, 0x00, 0xd6, 0x04, 0x10, 0x00, 0x02, 0x00, 0x00, 0x00, 0x36, 0x0d, 0x10, 0x00,
    0x03, 0x00, 0x00, 0x00, 0x46, 0x02, 0x10, 0x80, 0x41, 0x00, 0x00, 0x00, 0x05, 0x00, 0x00, 0x00,
    0x10, 0x00, 0x00, 0x07, 0x42, 0x00, 0x10, 0x00, 0x00, 0x00, 0x00, 0x00, 0x46, 0x02, 0x10, 0x00,
    0x05, 0x00, 0x00, 0x00, 0x46, 0x02, 0x10, 0x00, 0x05, 0x00, 0x00, 0x00, 0x44, 0x00, 0x00, 0x05,
    0x42, 0x00, 0x10, 0x00, 0x00, 0x00, 0x00, 0x00, 0x2a, 0x00, 0x10, 0x00, 0x00, 0x00, 0x00, 0x00,
    0x38, 0x00, 0x00, 0x07, 0x72, 0x00, 0x10, 0x00, 0x05, 0x00, 0x00, 0x00, 0xa6, 0x0a, 0x10, 0x00,
    0x00, 0x00, 0x00, 0x00, 0x46, 0x02, 0x10, 0x00, 0x05, 0x00, 0x00, 0x00, 0x38, 0x00, 0x00, 0x07,
    0xe2, 0x00, 0x10, 0x00, 0x04, 0x00, 0x00, 0x00, 0x56, 0x05, 0x10, 0x00, 0x04, 0x00, 0x00, 0x00,
    0x06, 0x09, 0x10, 0x00, 0x05, 0x00, 0x00, 0x00, 0x32, 0x00, 0x00, 0x09, 0x72, 0x00, 0x10, 0x00,
    0x03, 0x00, 0x00, 0x00, 0x06, 0x00, 0x10, 0x00, 0x04, 0x00, 0x00, 0x00, 0x46, 0x03, 0x10, 0x00,
    0x03, 0x00, 0x00, 0x00, 0x96, 0x07, 0x10, 0x00, 0x04, 0x00, 0x00, 0x00, 0x55, 0x00, 0x00, 0x07,
    0x42, 0x00, 0x10, 0x00, 0x00, 0x00, 0x00, 0x00, 0x0a, 0x10, 0x10, 0x00, 0x01, 0x00, 0x00, 0x00,
    0x01, 0x40, 0x00, 0x00, 0x1f, 0x00, 0x00, 0x00, 0x56, 0x00, 0x00, 0x05, 0x42, 0x00, 0x10, 0x00,
    0x00, 0x00, 0x00, 0x00, 0x2a, 0x00, 0x10, 0x00, 0x00, 0x00, 0x00, 0x00, 0x32, 0x00, 0x00, 0x09,
    0x82, 0x00, 0x10, 0x00, 0x03, 0x00, 0x00, 0x00, 0x2a, 0x00, 0x10, 0x00, 0x00, 0x00, 0x00, 0x00,
    0x01, 0x40, 0x00, 0x00, 0x00, 0x00, 0x00, 0x40, 0x01, 0x40, 0x00, 0x00, 0x00, 0x00, 0x80, 0xbf,
    0x12, 0x00, 0x00, 0x01, 0x36, 0x00, 0x00, 0x08, 0xf2, 0x00, 0x10, 0x00, 0x03, 0x00, 0x00, 0x00,
    0x02, 0x40, 0x00, 0x00, 0x00, 0x00, 0x00, 0x00, 0x00, 0x00, 0x00, 0x00, 0x00, 0x00, 0x00, 0x00,
    0x00, 0x00, 0x00, 0x00, 0x36, 0x00, 0x00, 0x05, 0xb2, 0x00, 0x10, 0x00, 0x02, 0x00, 0x00, 0x00,
    0x46, 0x18, 0x10, 0x00, 0x01, 0x00, 0x00, 0x00, 0x15, 0x00, 0x00, 0x01, 0x37, 0x00, 0x00, 0x09,
    0xf2, 0x00, 0x10, 0x00, 0x03, 0x00, 0x00, 0x00, 0xf6, 0x0f, 0x10, 0x00, 0x00, 0x00, 0x00, 0x00,
    0x46, 0x0e, 0x10, 0x00, 0x03, 0x00, 0x00, 0x00, 0x46, 0x1e, 0x10, 0x00, 0x02, 0x00, 0x00, 0x00,
    0x01, 0x00, 0x00, 0x0d, 0xc2, 0x00, 0x10, 0x00, 0x00, 0x00, 0x00, 0x00, 0x02, 0x40, 0x00, 0x00,
    0x00, 0x00, 0x00, 0x00, 0x00, 0x00, 0x00, 0x00, 0x20, 0x00, 0x00, 0x00, 0xcf, 0xff, 0xff, 0xff,
    0xf6, 0x8f, 0x20, 0x06, 0x03, 0x00, 0x00, 0x00, 0x04, 0x00, 0x00, 0x00, 0x1a, 0x00, 0x10, 0x00,
    0x00, 0x00, 0x00, 0x00, 0x20, 0x00, 0x00, 0x0a, 0x32, 0x00, 0x10, 0x00, 0x04, 0x00, 0x00, 0x00,
    0xe6, 0x0a, 0x10, 0x00, 0x00, 0x00, 0x00, 0x00, 0x02, 0x40, 0x00, 0x00, 0x00, 0x00, 0x00, 0x00,
    0x00, 0x00, 0x00, 0x00, 0x00, 0x00, 0x00, 0x00, 0x00, 0x00, 0x00, 0x00, 0x3c, 0x00, 0x00, 0x07,
    0x42, 0x00, 0x10, 0x00, 0x00, 0x00, 0x00, 0x00, 0x1a, 0x00, 0x10, 0x00, 0x04, 0x00, 0x00, 0x00,
    0x0a, 0x00, 0x10, 0x00, 0x04, 0x00, 0x00, 0x00, 0x1f, 0x00, 0x00, 0x03, 0x2a, 0x00, 0x10, 0x00,
    0x00, 0x00, 0x00, 0x00, 0x1e, 0x00, 0x00, 0x0d, 0x32, 0x00, 0x10, 0x00, 0x04, 0x00, 0x00, 0x00,
    0x02, 0x40, 0x00, 0x00, 0x03, 0x00, 0x00, 0x00, 0x03, 0x00, 0x00, 0x00, 0x00, 0x00, 0x00, 0x00,
    0x00, 0x00, 0x00, 0x00, 0x46, 0x80, 0x20, 0x06, 0x03, 0x00, 0x00, 0x00, 0x05, 0x00, 0x00, 0x00,
    0x1a, 0x00, 0x10, 0x00, 0x00, 0x00, 0x00, 0x00, 0x23, 0x00, 0x00, 0x0c, 0xf2, 0x00, 0x10, 0x00,
    0x05, 0x00, 0x00, 0x00, 0x46, 0x1e, 0x10, 0x00, 0x08, 0x00, 0x00, 0x00, 0x02, 0x40, 0x00, 0x00,
    0x03, 0x00, 0x00, 0x00, 0x03, 0x00, 0x00, 0x00, 0x03, 0x00, 0x00, 0x00, 0x03, 0x00, 0x00, 0x00,
    0x06, 0x00, 0x10, 0x00, 0x04, 0x00, 0x00, 0x00, 0x23, 0x00, 0x00, 0x0c, 0xf2, 0x00, 0x10, 0x00,
    0x04, 0x00, 0x00, 0x00, 0x46, 0x1e, 0x10, 0x00, 0x08, 0x00, 0x00, 0x00, 0x02, 0x40, 0x00, 0x00,
    0x03, 0x00, 0x00, 0x00, 0x03, 0x00, 0x00, 0x00, 0x03, 0x00, 0x00, 0x00, 0x03, 0x00, 0x00, 0x00,
    0x56, 0x05, 0x10, 0x00, 0x04, 0x00, 0x00, 0x00, 0x1e, 0x00, 0x00, 0x0a, 0x32, 0x00, 0x10, 0x00,
    0x06, 0x00, 0x00, 0x00, 0x06, 0x00, 0x10, 0x00, 0x05, 0x00, 0x00, 0x00, 0x02, 0x40, 0x00, 0x00,
    0x01, 0x00, 0x00, 0x00, 0x02, 0x00, 0x00, 0x00, 0x00, 0x00, 0x00, 0x00, 0x00, 0x00, 0x00, 0x00,
    0x1e, 0x00, 0x00, 0x0a, 0xc2, 0x00, 0x10, 0x00, 0x06, 0x00, 0x00, 0x00, 0x06, 0x00, 0x10, 0x00,
    0x04, 0x00, 0x00, 0x00, 0x02, 0x40, 0x00, 0x00, 0x00, 0x00, 0x00, 0x00, 0x00, 0x00, 0x00, 0x00,
    0x01, 0x00, 0x00, 0x00, 0x02, 0x00, 0x00, 0x00, 0x50, 0x00, 0x00, 0x0a, 0xc2, 0x00, 0x10, 0x00,
    0x00, 0x00, 0x00, 0x00, 0xf6, 0x0f, 0x10, 0x00, 0x00, 0x00, 0x00, 0x00, 0x02, 0x40, 0x00, 0x00,
    0x00, 0x00, 0x00, 0x00, 0x00, 0x00, 0x00, 0x00, 0x02, 0x00, 0x00, 0x00, 0x04, 0x00, 0x00, 0x00,
    0x1f, 0x00, 0x04, 0x03, 0x2a, 0x00, 0x10, 0x00, 0x00, 0x00, 0x00, 0x00, 0xa7, 0x00, 0x00, 0x8b,
    0x02, 0x83, 0x00, 0x80, 0x83, 0x99, 0x19, 0x00, 0xf2, 0x00, 0x10, 0x00, 0x07, 0x00, 0x00, 0x00,
    0x3a, 0x00, 0x10, 0x00, 0x06, 0x00, 0x00, 0x00, 0x01, 0x40, 0x00, 0x00, 0x00, 0x00, 0x00, 0x00,
    0x46, 0x7e, 0x10, 0x00, 0x00, 0x00, 0x00, 0x00, 0x1e, 0x00, 0x00, 0x0a, 0x32, 0x00, 0x10, 0x00,
    0x08, 0x00, 0x00, 0x00, 0x56, 0x05, 0x10, 0x00, 0x04, 0x00, 0x00, 0x00, 0x02, 0x40, 0x00, 0x00,
    0x02, 0x00, 0x00, 0x00, 0x01, 0x00, 0x00, 0x00, 0x00, 0x00, 0x00, 0x00, 0x00, 0x00, 0x00, 0x00,
    0xa7, 0x00, 0x00, 0x8b, 0x02, 0x83, 0x00, 0x80, 0x83, 0x99, 0x19, 0x00, 0xf2, 0x00, 0x10, 0x00,
    0x09, 0x00, 0x00, 0x00, 0x0a, 0x00, 0x10, 0x00, 0x08, 0x00, 0x00, 0x00, 0x01, 0x40, 0x00, 0x00,
    0x00, 0x00, 0x00, 0x00, 0x46, 0x7e, 0x10, 0x00, 0x00, 0x00, 0x00, 0x00, 0x38, 0x00, 0x00, 0x07,
    0xf2, 0x00, 0x10, 0x00, 0x09, 0x00, 0x00, 0x00, 0x46, 0x0e, 0x10, 0x00, 0x09, 0x00, 0x00, 0x00,
    0x56, 0x15, 0x10, 0x00, 0x07, 0x00, 0x00, 0x00, 0x32, 0x00, 0x00, 0x09, 0xf2, 0x00, 0x10, 0x00,
    0x07, 0x00, 0x00, 0x00, 0x46, 0x0e, 0x10, 0x00, 0x07, 0x00, 0x00, 0x00, 0x06, 0x10, 0x10, 0x00,
    0x07, 0x00, 0x00, 0x00, 0x46, 0x0e, 0x10, 0x00, 0x09, 0x00, 0x00, 0x00, 0xa7, 0x00, 0x00, 0x8b,
    0x02, 0x83, 0x00, 0x80, 0x83, 0x99, 0x19, 0x00, 0xf2, 0x00, 0x10, 0x00, 0x09, 0x00, 0x00, 0x00,
    0x2a, 0x00, 0x10, 0x00, 0x06, 0x00, 0x00, 0x00, 0x01, 0x40, 0x00, 0x00, 0x00, 0x00, 0x00, 0x00,
    0x46, 0x7e, 0x10, 0x00, 0x00, 0x00, 0x00, 0x00, 0xa7, 0x00, 0x00, 0x8b, 0x02, 0x83, 0x00, 0x80,
    0x83, 0x99, 0x19, 0x00, 0xf2, 0x00, 0x10, 0x00, 0x08, 0x00, 0x00, 0x00, 0x1a, 0x00, 0x10, 0x00,
    0x08, 0x00, 0x00, 0x00, 0x01, 0x40, 0x00, 0x00, 0x00, 0x00, 0x00, 0x00, 0x46, 0x7e, 0x10, 0x00,
    0x00, 0x00, 0x00, 0x00, 0x38, 0x00, 0x00, 0x07, 0xf2, 0x00, 0x10, 0x00, 0x08, 0x00, 0x00, 0x00,
    0x46, 0x0e, 0x10, 0x00, 0x08, 0x00, 0x00, 0x00, 0x56, 0x15, 0x10, 0x00, 0x07, 0x00, 0x00, 0x00,
    0x32, 0x00, 0x00, 0x09, 0xf2, 0x00, 0x10, 0x00, 0x08, 0x00, 0x00, 0x00, 0x46, 0x0e, 0x10, 0x00,
    0x09, 0x00, 0x00, 0x00, 0x06, 0x10, 0x10, 0x00, 0x07, 0x00, 0x00, 0x00, 0x46, 0x0e, 0x10, 0x00,
    0x08, 0x00, 0x00, 0x00, 0xa7, 0x00, 0x00, 0x8b, 0x02, 0x83, 0x00, 0x80, 0x83, 0x99, 0x19, 0x00,
    0xf2, 0x00, 0x10, 0x00, 0x09, 0x00, 0x00, 0x00, 0x0a, 0x00, 0x10, 0x00, 0x04, 0x00, 0x00, 0x00,
    0x01, 0x40, 0x00, 0x00, 0x00, 0x00, 0x00, 0x00, 0x46, 0x7e, 0x10, 0x00, 0x00, 0x00, 0x00, 0x00,
    0xa7, 0x00, 0x00, 0x8b, 0x02, 0x83, 0x00, 0x80, 0x83, 0x99, 0x19, 0x00, 0xf2, 0x00, 0x10, 0x00,
    0x0a, 0x00, 0x00, 0x00, 0x1a, 0x00, 0x10, 0x00, 0x04, 0x00, 0x00, 0x00, 0x01, 0x40, 0x00, 0x00,
    0x00, 0x00, 0x00, 0x00, 0x46, 0x7e, 0x10, 0x00, 0x00, 0x00, 0x00, 0x00, 0x38, 0x00, 0x00, 0x07,
    0xf2, 0x00, 0x10, 0x00, 0x0a, 0x00, 0x00, 0x00, 0x46, 0x0e, 0x10, 0x00, 0x0a, 0x00, 0x00, 0x00,
    0x56, 0x15, 0x10, 0x00, 0x07, 0x00, 0x00, 0x00, 0x32, 0x00, 0x00, 0x09, 0xf2, 0x00, 0x10, 0x00,
    0x09, 0x00, 0x00, 0x00, 0x46, 0x0e, 0x10, 0x00, 0x09, 0x00, 0x00, 0x00, 0x06, 0x10, 0x10, 0x00,
    0x07, 0x00, 0x00, 0x00, 0x46, 0x0e, 0x10, 0x00, 0x0a, 0x00, 0x00, 0x00, 0xa7, 0x00, 0x00, 0x8b,
    0x02, 0x83, 0x00, 0x80, 0x83, 0x99, 0x19, 0x00, 0xf2, 0x00, 0x10, 0x00, 0x0a, 0x00, 0x00, 0x00,
    0x1a, 0x00, 0x10, 0x00, 0x06, 0x00, 0x00, 0x00, 0x01, 0x40, 0x00, 0x00, 0x00, 0x00, 0x00, 0x00,
    0x46, 0x7e, 0x10, 0x00, 0x00, 0x00, 0x00, 0x00, 0x1e, 0x00, 0x00, 0x0a, 0x32, 0x00, 0x10, 0x00,
    0x0b, 0x00, 0x00, 0x00, 0x56, 0x05, 0x10, 0x00, 0x05, 0x00, 0x00, 0x00, 0x02, 0x40, 0x00, 0x00,
    0x02, 0x00, 0x00, 0x00, 0x01, 0x00, 0x00, 0x00, 0x00, 0x00, 0x00, 0x00, 0x00, 0x00, 0x00, 0x00,
    0xa7, 0x00, 0x00, 0x8b, 0x02, 0x83, 0x00, 0x80, 0x83, 0x99, 0x19, 0x00, 0xf2, 0x00, 0x10, 0x00,
    0x0c, 0x00, 0x00, 0x00, 0x0a, 0x00, 0x10, 0x00, 0x0b, 0x00, 0x00, 0x00, 0x01, 0x40, 0x00, 0x00,
    0x00, 0x00, 0x00, 0x00, 0x46, 0x7e, 0x10, 0x00, 0x00, 0x00, 0x00, 0x00, 0x38, 0x00, 0x00, 0x07,
    0xf2, 0x00, 0x10, 0x00, 0x0c, 0x00, 0x00, 0x00, 0x46, 0x0e, 0x10, 0x00, 0x0c, 0x00, 0x00, 0x00,
    0x56, 0x15, 0x10, 0x00, 0x07, 0x00, 0x00, 0x00, 0x32, 0x00, 0x00, 0x09, 0xf2, 0x00, 0x10, 0x00,
    0x0a, 0x00, 0x00, 0x00, 0x46, 0x0e, 0x10, 0x00, 0x0a, 0x00, 0x00, 0x00, 0x06, 0x10, 0x10, 0x00,
    0x07, 0x00, 0x00, 0x00, 0x46, 0x0e, 0x10, 0x00, 0x0c, 0x00, 0x00, 0x00, 0xa7, 0x00, 0x00, 0x8b,
    0x02, 0x83, 0x00, 0x80, 0x83, 0x99, 0x19, 0x00, 0xf2, 0x00, 0x10, 0x00, 0x0c, 0x00, 0x00, 0x00,
    0x0a, 0x00, 0x10, 0x00, 0x06, 0x00, 0x00, 0x00, 0x01, 0x40, 0x00, 0x00, 0x00, 0x00, 0x00, 0x00,
    0x46, 0x7e, 0x10, 0x00, 0x00, 0x00, 0x00, 0x00, 0xa7, 0x00, 0x00, 0x8b, 0x02, 0x83, 0x00, 0x80,
    0x83, 0x99, 0x19, 0x00, 0xf2, 0x00, 0x10, 0x00, 0x0b, 0x00, 0x00, 0x00, 0x1a, 0x00, 0x10, 0x00,
    0x0b, 0x00, 0x00, 0x00, 0x01, 0x40, 0x00, 0x00, 0x00, 0x00, 0x00, 0x00, 0x46, 0x7e, 0x10, 0x00,
    0x00, 0x00, 0x00, 0x00, 0x38, 0x00, 0x00, 0x07, 0xf2, 0x00, 0x10, 0x00, 0x0b, 0x00, 0x00, 0x00,
    0x46, 0x0e, 0x10, 0x00, 0x0b, 0x00, 0x00, 0x00, 0x56, 0x15, 0x10, 0x00, 0x07, 0x00, 0x00, 0x00,
    0x32, 0x00, 0x00, 0x09, 0xf2, 0x00, 0x10, 0x00, 0x0b, 0x00, 0x00, 0x00, 0x46, 0x0e, 0x10, 0x00,
    0x0c, 0x00, 0x00, 0x00, 0x06, 0x10, 0x10, 0x00, 0x07, 0x00, 0x00, 0x00, 0x46, 0x0e, 0x10, 0x00,
    0x0b, 0x00, 0x00, 0x00, 0xa7, 0x00, 0x00, 0x8b, 0x02, 0x83, 0x00, 0x80, 0x83, 0x99, 0x19, 0x00,
    0xf2, 0x00, 0x10, 0x00, 0x0c, 0x00, 0x00, 0x00, 0x0a, 0x00, 0x10, 0x00, 0x05, 0x00, 0x00, 0x00,
    0x01, 0x40, 0x00, 0x00, 0x00, 0x00, 0x00, 0x00, 0x46, 0x7e, 0x10, 0x00, 0x00, 0x00, 0x00, 0x00,
    0xa7, 0x00, 0x00, 0x8b, 0x02, 0x83, 0x00, 0x80, 0x83, 0x99, 0x19, 0x00, 0xf2, 0x00, 0x10, 0x00,
    0x0d, 0x00, 0x00, 0x00, 0x1a, 0x00, 0x10, 0x00, 0x05, 0x00, 0x00, 0x00, 0x01, 0x40, 0x00, 0x00,
    0x00, 0x00, 0x00, 0x00, 0x46, 0x7e, 0x10, 0x00, 0x00, 0x00, 0x00, 0x00, 0x38, 0x00, 0x00, 0x07,
    0xf2, 0x00, 0x10, 0x00, 0x0d, 0x00, 0x00, 0x00, 0x46, 0x0e, 0x10, 0x00, 0x0d, 0x00, 0x00, 0x00,
    0x56, 0x15, 0x10, 0x00, 0x07, 0x00, 0x00, 0x00, 0x32, 0x00, 0x00, 0x09, 0xf2, 0x00, 0x10, 0x00,
    0x0c, 0x00, 0x00, 0x00, 0x46, 0x0e, 0x10, 0x00, 0x0c, 0x00, 0x00, 0x00, 0x06, 0x10, 0x10, 0x00,
    0x07, 0x00, 0x00, 0x00, 0x46, 0x0e, 0x10, 0x00, 0x0d, 0x00, 0x00, 0x00, 0x12, 0x00, 0x00, 0x01,
    0xa7, 0x00, 0x00, 0x8b, 0x02, 0x83, 0x00, 0x80, 0x83, 0x99, 0x19, 0x00, 0xf2, 0x00, 0x10, 0x00,
    0x07, 0x00, 0x00, 0x00, 0x3a, 0x00, 0x10, 0x00, 0x06, 0x00, 0x00, 0x00, 0x01, 0x40, 0x00, 0x00,
    0x00, 0x00, 0x00, 0x00, 0x46, 0x7e, 0x10, 0x00, 0x00, 0x00, 0x00, 0x00, 0xa7, 0x00, 0x00, 0x8b,
    0x02, 0x83, 0x00, 0x80, 0x83, 0x99, 0x19, 0x00, 0xf2, 0x00, 0x10, 0x00, 0x08, 0x00, 0x00, 0x00,
    0x2a, 0x00, 0x10, 0x00, 0x06, 0x00, 0x00, 0x00, 0x01, 0x40, 0x00, 0x00, 0x00, 0x00, 0x00, 0x00,
    0x46, 0x7e, 0x10, 0x00, 0x00, 0x00, 0x00, 0x00, 0xa7, 0x00, 0x00, 0x8b, 0x02, 0x83, 0x00, 0x80,
    0x83, 0x99, 0x19, 0x00, 0xf2, 0x00, 0x10, 0x00, 0x09, 0x00, 0x00, 0x00, 0x0a, 0x00, 0x10, 0x00,
    0x04, 0x00, 0x00, 0x00, 0x01, 0x40, 0x00, 0x00, 0x00, 0x00, 0x00, 0x00, 0x46, 0x7e, 0x10, 0x00,
    0x00, 0x00, 0x00, 0x00, 0xa7, 0x00, 0x00, 0x8b, 0x02, 0x83, 0x00, 0x80, 0x83, 0x99, 0x19, 0x00,
    0xf2, 0x00, 0x10, 0x00, 0x0a, 0x00, 0x00, 0x00, 0x1a, 0x00, 0x10, 0x00, 0x06, 0x00, 0x00, 0x00,
    0x01, 0x40, 0x00, 0x00, 0x00, 0x00, 0x00, 0x00, 0x46, 0x7e, 0x10, 0x00, 0x00, 0x00, 0x00, 0x00,
    0xa7, 0x00, 0x00, 0x8b, 0x02, 0x83, 0x00, 0x80, 0x83, 0x99, 0x19, 0x00, 0xf2, 0x00, 0x10, 0x00,
    0x0b, 0x00, 0x00, 0x00, 0x0a, 0x00, 0x10, 0x00, 0x06, 0x00, 0x00, 0x00, 0x01, 0x40, 0x00, 0x00,
    0x00, 0x00, 0x00, 0x00, 0x46, 0x7e, 0x10, 0x00, 0x00, 0x00, 0x00, 0x00, 0xa7, 0x00, 0x00, 0x8b,
    0x02, 0x83, 0x00, 0x80, 0x83, 0x99, 0x19, 0x00, 0xf2, 0x00, 0x10, 0x00, 0x0c, 0x00, 0x00, 0x00,
    0x0a, 0x00, 0x10, 0x00, 0x05, 0x00, 0x00, 0x00, 0x01, 0x40, 0x00, 0x00, 0x00, 0x00, 0x00, 0x00,
    0x46, 0x7e, 0x10, 0x00, 0x00, 0x00, 0x00, 0x00, 0x15, 0x00, 0x00, 0x01, 0x1f, 0x00, 0x04, 0x03,
    0x3a, 0x00, 0x10, 0x00, 0x00, 0x00, 0x00, 0x00, 0x1e, 0x00, 0x00, 0x0a, 0xf2, 0x00, 0x10, 0x00,
    0x06, 0x00, 0x00, 0x00, 0xe6, 0x0e, 0x10, 0x00, 0x04, 0x00, 0x00, 0x00, 0x02, 0x40, 0x00, 0x00,
    0x02, 0x00, 0x00, 0x00, 0x02, 0x00, 0x00, 0x00, 0x01, 0x00, 0x00, 0x00, 0x01, 0x00, 0x00, 0x00,
    0xa7, 0x00, 0x00, 0x8b, 0x02, 0x83, 0x00, 0x80, 0x83, 0x99, 0x19, 0x00, 0xf2, 0x00, 0x10, 0x00,
    0x0d, 0x00, 0x00, 0x00, 0x0a, 0x00, 0x10, 0x00, 0x06, 0x00, 0x00, 0x00, 0x01, 0x40, 0x00, 0x00,
    0x00, 0x00, 0x00, 0x00, 0x46, 0x7e, 0x10, 0x00, 0x00, 0x00, 0x00, 0x00, 0xa7, 0x00, 0x00, 0x8b,
    0x02, 0x83, 0x00, 0x80, 0x83, 0x99, 0x19, 0x00, 0xf2, 0x00, 0x10, 0x00, 0x0e, 0x00, 0x00, 0x00,
    0x1a, 0x00, 0x10, 0x00, 0x06, 0x00, 0x00, 0x00, 0x01, 0x40, 0x00, 0x00, 0x00, 0x00, 0x00, 0x00,
    0x46, 0x7e, 0x10, 0x00, 0x00, 0x00, 0x00, 0x00, 0x38, 0x00, 0x00, 0x07, 0xf2, 0x00, 0x10, 0x00,
    0x0e, 0x00, 0x00, 0x00, 0x46, 0x0e, 0x10, 0x00, 0x0e, 0x00, 0x00, 0x00, 0xf6, 0x1f, 0x10, 0x00,
    0x07, 0x00, 0x00, 0x00, 0x32, 0x00, 0x00, 0x09, 0xf2, 0x00, 0x10, 0x00, 0x0d, 0x00, 0x00, 0x00,
    0x46, 0x0e, 0x10, 0x00, 0x0d, 0x00, 0x00, 0x00, 0xa6, 0x1a, 0x10, 0x00, 0x07, 0x00, 0x00, 0x00,
    0x46, 0x0e, 0x10, 0x00, 0x0e, 0x00, 0x00, 0x00, 0x00, 0x00, 0x00, 0x07, 0xf2, 0x00, 0x10, 0x00,
    0x07, 0x00, 0x00, 0x00, 0x46, 0x0e, 0x10, 0x00, 0x07, 0x00, 0x00, 0x00, 0x46, 0x0e, 0x10, 0x00,
    0x0d, 0x00, 0x00, 0x00, 0xa7, 0x00, 0x00, 0x8b, 0x02, 0x83, 0x00, 0x80, 0x83, 0x99, 0x19, 0x00,
    0xf2, 0x00, 0x10, 0x00, 0x0d, 0x00, 0x00, 0x00, 0x2a, 0x00, 0x10, 0x00, 0x06, 0x00, 0x00, 0x00,
    0x01, 0x40, 0x00, 0x00, 0x00, 0x00, 0x00, 0x00, 0x46, 0x7e, 0x10, 0x00, 0x00, 0x00, 0x00, 0x00,
    0xa7, 0x00, 0x00, 0x8b, 0x02, 0x83, 0x00, 0x80, 0x83, 0x99, 0x19, 0x00, 0xf2, 0x00, 0x10, 0x00,
    0x06, 0x00, 0x00, 0x00, 0x3a, 0x00, 0x10, 0x00, 0x06, 0x00, 0x00, 0x00, 0x01, 0x40, 0x00, 0x00,
    0x00, 0x00, 0x00, 0x00, 0x46, 0x7e, 0x10, 0x00, 0x00, 0x00, 0x00, 0x00, 0x38, 0x00, 0x00, 0x07,
    0xf2, 0x00, 0x10, 0x00, 0x06, 0x00, 0x00, 0x00, 0x46, 0x0e, 0x10, 0x00, 0x06, 0x00, 0x00, 0x00,
    0xf6, 0x1f, 0x10, 0x00, 0x07, 0x00, 0x00, 0x00, 0x32, 0x00, 0x00, 0x09, 0xf2, 0x00, 0x10, 0x00,
    0x06, 0x00, 0x00, 0x00, 0x46, 0x0e, 0x10, 0x00, 0x0d, 0x00, 0x00, 0x00, 0xa6, 0x1a, 0x10, 0x00,
    0x07, 0x00, 0x00, 0x00, 0x46, 0x0e, 0x10, 0x00, 0x06, 0x00, 0x00, 0x00, 0x00, 0x00, 0x00, 0x07,
    0xf2, 0x00, 0x10, 0x00, 0x08, 0x00, 0x00, 0x00, 0x46, 0x0e, 0x10, 0x00, 0x06, 0x00, 0x00, 0x00,
    0x46, 0x0e, 0x10, 0x00, 0x08, 0x00, 0x00, 0x00, 0xa7, 0x00, 0x00, 0x8b, 0x02, 0x83, 0x00, 0x80,
    0x83, 0x99, 0x19, 0x00, 0xf2, 0x00, 0x10, 0x00, 0x06, 0x00, 0x00, 0x00, 0x2a, 0x00, 0x10, 0x00,
    0x04, 0x00, 0x00, 0x00, 0x01, 0x40, 0x00, 0x00, 0x00, 0x00, 0x00, 0x00, 0x46, 0x7e, 0x10, 0x00,
    0x00, 0x00, 0x00, 0x00, 0xa7, 0x00, 0x00, 0x8b, 0x02, 0x83, 0x00, 0x80, 0x83, 0x99, 0x19, 0x00,
    0xf2, 0x00, 0x10, 0x00, 0x04, 0x00, 0x00, 0x00, 0x3a, 0x00, 0x10, 0x00, 0x04, 0x00, 0x00, 0x00,
    0x01, 0x40, 0x00, 0x00, 0x00, 0x00, 0x00, 0x00, 0x46, 0x7e, 0x10, 0x00, 0x00, 0x00, 0x00, 0x00,
    0x38, 0x00, 0x00, 0x07, 0xf2, 0x00, 0x10, 0x00, 0x04, 0x00, 0x00, 0x00, 0x46, 0x0e, 0x10, 0x00,
    0x04, 0x00, 0x00, 0x00, 0xf6, 0x1f, 0x10, 0x00, 0x07, 0x00, 0x00, 0x00, 0x32, 0x00, 0x00, 0x09,
    0xf2, 0x00, 0x10, 0x00, 0x04, 0x00, 0x00, 0x00, 0x46, 0x0e, 0x10, 0x00, 0x06, 0x00, 0x00, 0x00,
    0xa6, 0x1a, 0x10, 0x00, 0x07, 0x00, 0x00, 0x00, 0x46, 0x0e, 0x10, 0x00, 0x04, 0x00, 0x00, 0x00,
    0x00, 0x00, 0x00, 0x07, 0xf2, 0x00, 0x10, 0x00, 0x09, 0x00, 0x00, 0x00, 0x46, 0x0e, 0x10, 0x00,
    0x04, 0x00, 0x00, 0x00, 0x46, 0x0e, 0x10, 0x00, 0x09, 0x00, 0x00, 0x00, 0x1e, 0x00, 0x00, 0x0a,
    0xf2, 0x00, 0x10, 0x00, 0x04, 0x00, 0x00, 0x00, 0xe6, 0x0e, 0x10, 0x00, 0x05, 0x00, 0x00, 0x00,
    0x02, 0x40, 0x00, 0x00, 0x02, 0x00, 0x00, 0x00, 0x02, 0x00, 0x00, 0x00, 0x01, 0x00, 0x00, 0x00,
    0x01, 0x00, 0x00, 0x00, 0xa7, 0x00, 0x00, 0x8b, 0x02, 0x83, 0x00, 0x80, 0x83, 0x99, 0x19, 0x00,
    0xf2, 0x00, 0x10, 0x00, 0x06, 0x00, 0x00, 0x00, 0x0a, 0x00, 0x10, 0x00, 0x04, 0x00, 0x00, 0x00,
    0x01, 0x40, 0x00, 0x00, 0x00, 0x00, 0x00, 0x00, 0x46, 0x7e, 0x10, 0x00, 0x00, 0x00, 0x00, 0x00,
    0xa7, 0x00, 0x00, 0x8b, 0x02, 0x83, 0x00, 0x80, 0x83, 0x99, 0x19, 0x00, 0xf2, 0x00, 0x10, 0x00,
    0x0d, 0x00, 0x00, 0x00, 0x1a, 0x00, 0x10, 0x00, 0x04, 0x00, 0x00, 0x00, 0x01, 0x40, 0x00, 0x00,
    0x00, 0x00, 0x00, 0x00, 0x46, 0x7e, 0x10, 0x00, 0x00, 0x00, 0x00, 0x00, 0x38, 0x00, 0x00, 0x07,
    0xf2, 0x00, 0x10, 0x00, 0x0d, 0x00, 0x00, 0x00, 0x46, 0x0e, 0x10, 0x00, 0x0d, 0x00, 0x00, 0x00,
    0xf6, 0x1f, 0x10, 0x00, 0x07, 0x00, 0x00, 0x00, 0x32, 0x00, 0x00, 0x09, 0xf2, 0x00, 0x10, 0x00,
    0x06, 0x00, 0x00, 0x00, 0x46, 0x0e, 0x10, 0x00, 0x06, 0x00, 0x00, 0x00, 0xa6, 0x1a, 0x10, 0x00,
    0x07, 0x00, 0x00, 0x00, 0x46, 0x0e, 0x10, 0x00, 0x0d, 0x00, 0x00, 0x00, 0x00, 0x00, 0x00, 0x07,
    0xf2, 0x00, 0x10, 0x00, 0x0a, 0x00, 0x00, 0x00, 0x46, 0x0e, 0x10, 0x00, 0x06, 0x00, 0x00, 0x00,
    0x46, 0x0e, 0x10, 0x00, 0x0a, 0x00, 0x00, 0x00, 0xa7, 0x00, 0x00, 0x8b, 0x02, 0x83, 0x00, 0x80,
    0x83, 0x99, 0x19, 0x00, 0xf2, 0x00, 0x10, 0x00, 0x06, 0x00, 0x00, 0x00, 0x2a, 0x00, 0x10, 0x00,
    0x04, 0x00, 0x00, 0x00, 0x01, 0x40, 0x00, 0x00, 0x00, 0x00, 0x00, 0x00, 0x46, 0x7e, 0x10, 0x00,
    0x00, 0x00, 0x00, 0x00, 0xa7, 0x00, 0x00, 0x8b, 0x02, 0x83, 0x00, 0x80, 0x83, 0x99, 0x19, 0x00,
    0xf2, 0x00, 0x10, 0x00, 0x04, 0x00, 0x00, 0x00, 0x3a, 0x00, 0x10, 0x00, 0x04, 0x00, 0x00, 0x00,
    0x01, 0x40, 0x00, 0x00, 0x00, 0x00, 0x00, 0x00, 0x46, 0x7e, 0x10, 0x00, 0x00, 0x00, 0x00, 0x00,
    0x38, 0x00, 0x00, 0x07, 0xf2, 0x00, 0x10, 0x00, 0x04, 0x00, 0x00, 0x00, 0x46, 0x0e, 0x10, 0x00,
    0x04, 0x00, 0x00, 0x00, 0xf6, 0x1f, 0x10, 0x00, 0x07, 0x00, 0x00, 0x00, 0x32, 0x00, 0x00, 0x09,
    0xf2, 0x00, 0x10, 0x00, 0x04, 0x00, 0x00, 0x00, 0x46, 0x0e, 0x10, 0x00, 0x06, 0x00, 0x00, 0x00,
    0xa6, 0x1a, 0x10, 0x00, 0x07, 0x00, 0x00, 0x00, 0x46, 0x0e, 0x10, 0x00, 0x04, 0x00, 0x00, 0x00,
    0x00, 0x00, 0x00, 0x07, 0xf2, 0x00, 0x10, 0x00, 0x0b, 0x00, 0x00, 0x00, 0x46, 0x0e, 0x10, 0x00,
    0x04, 0x00, 0x00, 0x00, 0x46, 0x0e, 0x10, 0x00, 0x0b, 0x00, 0x00, 0x00, 0xa7, 0x00, 0x00, 0x8b,
    0x02, 0x83, 0x00, 0x80, 0x83, 0x99, 0x19, 0x00, 0xf2, 0x00, 0x10, 0x00, 0x04, 0x00, 0x00, 0x00,
    0x2a, 0x00, 0x10, 0x00, 0x05, 0x00, 0x00, 0x00, 0x01, 0x40, 0x00, 0x00, 0x00, 0x00, 0x00, 0x00,
    0x46, 0x7e, 0x10, 0x00, 0x00, 0x00, 0x00, 0x00, 0xa7, 0x00, 0x00, 0x8b, 0x02, 0x83, 0x00, 0x80,
    0x83, 0x99, 0x19, 0x00, 0xf2, 0x00, 0x10, 0x00, 0x05, 0x00, 0x00, 0x00, 0x3a, 0x00, 0x10, 0x00,
    0x05, 0x00, 0x00, 0x00, 0x01, 0x40, 0x00, 0x00, 0x00, 0x00, 0x00, 0x00, 0x46, 0x7e, 0x10, 0x00,
    0x00, 0x00, 0x00, 0x00, 0x38, 0x00, 0x00, 0x07, 0xf2, 0x00, 0x10, 0x00, 0x05, 0x00, 0x00, 0x00,
    0x46, 0x0e, 0x10, 0x00, 0x05, 0x00, 0x00, 0x00, 0xf6, 0x1f, 0x10, 0x00, 0x07, 0x00, 0x00, 0x00,
    0x32, 0x00, 0x00, 0x09, 0xf2, 0x00, 0x10, 0x00, 0x04, 0x00, 0x00, 0x00, 0x46, 0x0e, 0x10, 0x00,
    0x04, 0x00, 0x00, 0x00, 0xa6, 0x1a, 0x10, 0x00, 0x07, 0x00, 0x00, 0x00, 0x46, 0x0e, 0x10, 0x00,
    0x05, 0x00, 0x00, 0x00, 0x00, 0x00, 0x00, 0x07, 0xf2, 0x00, 0x10, 0x00, 0x0c, 0x00, 0x00, 0x00,
    0x46, 0x0e, 0x10, 0x00, 0x04, 0x00, 0x00, 0x00, 0x46, 0x0e, 0x10, 0x00, 0x0c, 0x00, 0x00, 0x00,
    0x15, 0x00, 0x00, 0x01, 0x10, 0x00, 0x00, 0x07, 0x42, 0x00, 0x10, 0x00, 0x00, 0x00, 0x00, 0x00,
    0x46, 0x02, 0x10, 0x00, 0x0c, 0x00, 0x00, 0x00, 0x46, 0x02, 0x10, 0x00, 0x03, 0x00, 0x00, 0x00,
    0x10, 0x00, 0x00, 0x07, 0x82, 0x00, 0x10, 0x00, 0x00, 0x00, 0x00, 0x00, 0x46, 0x02, 0x10, 0x00,
    0x0b, 0x00, 0x00, 0x00, 0x46, 0x02, 0x10, 0x00, 0x03, 0x00, 0x00, 0x00, 0x10, 0x00, 0x00, 0x07,
    0x42, 0x00, 0x10, 0x00, 0x03, 0x00, 0x00, 0x00, 0x46, 0x02, 0x10, 0x00, 0x0a, 0x00, 0x00, 0x00,
    0x46, 0x02, 0x10, 0x00, 0x03, 0x00, 0x00, 0x00, 0x36, 0x00, 0x00, 0x05, 0x72, 0x00, 0x10, 0x00,
    0x04, 0x00, 0x00, 0x00, 0x46, 0x12, 0x10, 0x00, 0x00, 0x00, 0x00, 0x00, 0x36, 0x00, 0x00, 0x05,
    0x82, 0x00, 0x10, 0x00, 0x04, 0x00, 0x00, 0x00, 0x01, 0x40, 0x00, 0x00, 0x00, 0x00, 0x80, 0x3f,
    0x11, 0x00, 0x00, 0x07, 0x42, 0x00, 0x10, 0x00, 0x02, 0x00, 0x00, 0x00, 0x46, 0x0e, 0x10, 0x00,
    0x0c, 0x00, 0x00, 0x00, 0x46, 0x0e, 0x10, 0x00, 0x04, 0x00, 0x00, 0x00, 0x11, 0x00, 0x00, 0x07,
    0x12, 0x00, 0x10, 0x00, 0x05, 0x00, 0x00, 0x00, 0x46, 0x0e, 0x10, 0x00, 0x0b, 0x00, 0x00, 0x00,
    0x46, 0x0e, 0x10, 0x00, 0x04, 0x00, 0x00, 0x00, 0x11, 0x00, 0x00, 0x07, 0x22, 0x00, 0x10, 0x00,
    0x05, 0x00, 0x00, 0x00, 0x46, 0x0e, 0x10, 0x00, 0x0a, 0x00, 0x00, 0x00, 0x46, 0x0e, 0x10, 0x00,
    0x04, 0x00, 0x00, 0x00, 0x11, 0x00, 0x00, 0x07, 0x12, 0x00, 0x10, 0x00, 0x06, 0x00, 0x00, 0x00,
    0x46, 0x0e, 0x10, 0x00, 0x09, 0x00, 0x00, 0x00, 0x46, 0x0e, 0x10, 0x00, 0x04, 0x00, 0x00, 0x00,
    0x11, 0x00, 0x00, 0x07, 0x22, 0x00, 0x10, 0x00, 0x06, 0x00, 0x00, 0x00, 0x46, 0x0e, 0x10, 0x00,
    0x08, 0x00, 0x00, 0x00, 0x46, 0x0e, 0x10, 0x00, 0x04, 0x00, 0x00, 0x00, 0x11, 0x00, 0x00, 0x07,
    0x42, 0x00, 0x10, 0x00, 0x06, 0x00, 0x00, 0x00, 0x46, 0x0e, 0x10, 0x00, 0x07, 0x00, 0x00, 0x00,
    0x46, 0x0e, 0x10, 0x00, 0x04, 0x00, 0x00, 0x00, 0x10, 0x00, 0x00, 0x07, 0x12, 0x00, 0x10, 0x00,
    0x04, 0x00, 0x00, 0x00, 0x46, 0x02, 0x10, 0x00, 0x0c, 0x00, 0x00, 0x00, 0x46, 0x03, 0x10, 0x00,
    0x02, 0x00, 0x00, 0x00, 0x10, 0x00, 0x00, 0x07, 0x22, 0x00, 0x10, 0x00, 0x04, 0x00, 0x00, 0x00,
    0x46, 0x02, 0x10, 0x00, 0x0b, 0x00, 0x00, 0x00, 0x46, 0x03, 0x10, 0x00, 0x02, 0x00, 0x00, 0x00,
    0x10, 0x00, 0x00, 0x07, 0x42, 0x00, 0x10, 0x00, 0x04, 0x00, 0x00, 0x00, 0x46, 0x02, 0x10, 0x00,
    0x0a, 0x00, 0x00, 0x00, 0x46, 0x03, 0x10, 0x00, 0x02, 0x00, 0x00, 0x00, 0x36, 0x00, 0x00, 0x05,
    0xb2, 0x00, 0x10, 0x00, 0x02, 0x00, 0x00, 0x00, 0x46, 0x08, 0x10, 0x00, 0x04, 0x00, 0x00, 0x00,
    0x36, 0x00, 0x00, 0x05, 0x32, 0x00, 0x10, 0x00, 0x03, 0x00, 0x00, 0x00, 0xe6, 0x0a, 0x10, 0x00,
    0x00, 0x00, 0x00, 0x00, 0x12, 0x00, 0x00, 0x01, 0x36, 0x00, 0x00, 0x05, 0x72, 0x00, 0x10, 0x00,
    0x06, 0x00, 0x00, 0x00, 0x46, 0x12, 0x10, 0x00, 0x06, 0x00, 0x00, 0x00, 0x36, 0x00, 0x00, 0x05,
    0x42, 0x00, 0x10, 0x00, 0x02, 0x00, 0x00, 0x00, 0x0a, 0x10, 0x10, 0x00, 0x00, 0x00, 0x00, 0x00,
    0x36, 0x00, 0x00, 0x05, 0x32, 0x00, 0x10, 0x00, 0x05, 0x00, 0x00, 0x00, 0x96, 0x15, 0x10, 0x00,
    0x00, 0x00, 0x00, 0x00, 0x15, 0x00, 0x00, 0x01, 0x38, 0x00, 0x00, 0x0a, 0x72, 0x00, 0x10, 0x00,
    0x04, 0x00, 0x00, 0x00, 0x06, 0x00, 0x10, 0x00, 0x05, 0x00, 0x00, 0x00, 0x46, 0x82, 0x20, 0x06,
    0x03, 0x00, 0x00, 0x00, 0x01, 0x00, 0x00, 0x00, 0x1a, 0x00, 0x10, 0x00, 0x00, 0x00, 0x00, 0x00,
    0x32, 0x00, 0x00, 0x0b, 0x72, 0x00, 0x10, 0x00, 0x04, 0x00, 0x00, 0x00, 0x46, 0x82, 0x20, 0x04,
    0x03, 0x00, 0x00, 0x00, 0x1a, 0x00, 0x10, 0x00, 0x00, 0x00, 0x00, 0x00, 0xa6, 0x0a, 0x10, 0x00,
    0x02, 0x00, 0x00, 0x00, 0x46, 0x02, 0x10, 0x00, 0x04, 0x00, 0x00, 0x00, 0x32, 0x00, 0x00, 0x0c,
    0x72, 0x00, 0x10, 0x00, 0x04, 0x00, 0x00, 0x00, 0x46, 0x82, 0x20, 0x06, 0x03, 0x00, 0x00, 0x00,
    0x02, 0x00, 0x00, 0x00, 0x1a, 0x00, 0x10, 0x00, 0x00, 0x00, 0x00, 0x00, 0x56, 0x05, 0x10, 0x00,
    0x05, 0x00, 0x00, 0x00, 0x46, 0x02, 0x10, 0x00, 0x04, 0x00, 0x00, 0x00, 0x00, 0x00, 0x00, 0x0a,
    0x72, 0x00, 0x10, 0x00, 0x07, 0x00, 0x00, 0x00, 0x46, 0x02, 0x10, 0x00, 0x04, 0x00, 0x00, 0x00,
    0x46, 0x82, 0x20, 0x06, 0x03, 0x00, 0x00, 0x00, 0x03, 0x00, 0x00, 0x00, 0x1a, 0x00, 0x10, 0x00,
    0x00, 0x00, 0x00, 0x00, 0x00, 0x00, 0x00, 0x09, 0x72, 0x00, 0x10, 0x00, 0x07, 0x00, 0x00, 0x00,
    0x46, 0x02, 0x10, 0x80, 0x41, 0x00, 0x00, 0x00, 0x07, 0x00, 0x00, 0x00, 0x46, 0x82, 0x20, 0x00,
    0x01, 0x00, 0x00, 0x00, 0x2c, 0x00, 0x00, 0x00, 0x10, 0x00, 0x00, 0x07, 0x42, 0x00, 0x10, 0x00,
    0x00, 0x00, 0x00, 0x00, 0x46, 0x02, 0x10, 0x00, 0x07, 0x00, 0x00, 0x00, 0x46, 0x02, 0x10, 0x00,
    0x07, 0x00, 0x00, 0x00, 0x4b, 0x00, 0x00, 0x05, 0x42, 0x00, 0x10, 0x00, 0x00, 0x00, 0x00, 0x00,
    0x2a, 0x00, 0x10, 0x00, 0x00, 0x00, 0x00, 0x00, 0x0e, 0x00, 0x00, 0x07, 0x72, 0x00, 0x10, 0x00,
    0x07, 0x00, 0x00, 0x00, 0x46, 0x02, 0x10, 0x00, 0x07, 0x00, 0x00, 0x00, 0xa6, 0x0a, 0x10, 0x00,
    0x00, 0x00, 0x00, 0x00, 0x00, 0x00, 0x00, 0x07, 0x42, 0x00, 0x10, 0x00, 0x00, 0x00, 0x00, 0x00,
    0x2a, 0x00, 0x10, 0x00, 0x00, 0x00, 0x00, 0x00, 0x01, 0x40, 0x00, 0x00, 0x00, 0x00, 0x80, 0xbf,
    0x34, 0x00, 0x00, 0x07, 0x42, 0x00, 0x10, 0x00, 0x00, 0x00, 0x00, 0x00, 0x2a, 0x00, 0x10, 0x00,
    0x00, 0x00, 0x00, 0x00, 0x01, 0x40, 0x00, 0x00, 0x00, 0x00, 0x00, 0x00, 0x33, 0x00, 0x00, 0x08,
    0x42, 0x00, 0x10, 0x00, 0x00, 0x00, 0x00, 0x00, 0x2a, 0x00, 0x10, 0x00, 0x00, 0x00, 0x00, 0x00,
    0x1a, 0x80, 0x20, 0x00, 0x04, 0x00, 0x00, 0x00, 0x03, 0x00, 0x00, 0x00, 0x00, 0x00, 0x00, 0x07,
    0x42, 0x00, 0x10, 0x00, 0x00, 0x00, 0x00, 0x00, 0x2a, 0x00, 0x10, 0x00, 0x00, 0x00, 0x00, 0x00,
    0x01, 0x40, 0x00, 0x00, 0x6f, 0x12, 0x83, 0x3a, 0x38, 0x00, 0x00, 0x07, 0x72, 0x00, 0x10, 0x00,
    0x07, 0x00, 0x00, 0x00, 0xa6, 0x0a, 0x10, 0x00, 0x00, 0x00, 0x00, 0x00, 0x46, 0x02, 0x10, 0x00,
    0x07, 0x00, 0x00, 0x00, 0x00, 0x00, 0x00, 0x09, 0x42, 0x00, 0x10, 0x00, 0x00, 0x00, 0x00, 0x00,
    0x01, 0x40, 0x00, 0x00, 0x00, 0x00, 0x80, 0x3f, 0x0a, 0x80, 0x20, 0x80, 0x41, 0x00, 0x00, 0x00,
    0x00, 0x00, 0x00, 0x00, 0x01, 0x00, 0x00, 0x00, 0x00, 0x00, 0x00, 0x0c, 0x72, 0x00, 0x10, 0x00,
    0x08, 0x00, 0x00, 0x00, 0x46, 0x82, 0x20, 0x80, 0x41, 0x00, 0x00, 0x00, 0x01, 0x00, 0x00, 0x00,
    0x2c, 0x00, 0x00, 0x00, 0x46, 0x82, 0x20, 0x06, 0x03, 0x00, 0x00, 0x00, 0x03, 0x00, 0x00, 0x00,
    0x1a, 0x00, 0x10, 0x00, 0x00, 0x00, 0x00, 0x00, 0x00, 0x00, 0x00, 0x07, 0x72, 0x00, 0x10, 0x00,
    0x04, 0x00, 0x00, 0x00, 0x46, 0x02, 0x10, 0x00, 0x04, 0x00, 0x00, 0x00, 0x46, 0x02, 0x10, 0x00,
    0x08, 0x00, 0x00, 0x00, 0x32, 0x00, 0x00, 0x09, 0x72, 0x00, 0x10, 0x00, 0x04, 0x00, 0x00, 0x00,
    0x46, 0x02, 0x10, 0x00, 0x07, 0x00, 0x00, 0x00, 0xa6, 0x0a, 0x10, 0x00, 0x00, 0x00, 0x00, 0x00,
    0x46, 0x02, 0x10, 0x00, 0x04, 0x00, 0x00, 0x00, 0x36, 0x00, 0x00, 0x07, 0x12, 0x00, 0x10, 0x00,
    0x08, 0x00, 0x00, 0x00, 0x0a, 0x80, 0x20, 0x04, 0x03, 0x00, 0x00, 0x00, 0x1a, 0x00, 0x10, 0x00,
    0x00, 0x00, 0x00, 0x00, 0x36, 0x00, 0x00, 0x08, 0x22, 0x00, 0x10, 0x00, 0x08, 0x00, 0x00, 0x00,
    0x0a, 0x80, 0x20, 0x06, 0x03, 0x00, 0x00, 0x00, 0x01, 0x00, 0x00, 0x00, 0x1a, 0x00, 0x10, 0x00,
    0x00, 0x00, 0x00, 0x00, 0x36, 0x00, 0x00, 0x08, 0x42, 0x00, 0x10, 0x00, 0x08, 0x00, 0x00, 0x00,
    0x0a, 0x80, 0x20, 0x06, 0x03, 0x00, 0x00, 0x00, 0x02, 0x00, 0x00, 0x00, 0x1a, 0x00, 0x10, 0x00,
    0x00, 0x00, 0x00, 0x00, 0x10, 0x00, 0x00, 0x07, 0x82, 0x00, 0x10, 0x00, 0x00, 0x00, 0x00, 0x00,
    0x46, 0x02, 0x10, 0x00, 0x08, 0x00, 0x00, 0x00, 0x46, 0x02, 0x10, 0x00, 0x08, 0x00, 0x00, 0x00,
    0x0e, 0x00, 0x00, 0x0a, 0x12, 0x00, 0x10, 0x00, 0x08, 0x00, 0x00, 0x00, 0x02, 0x40, 0x00, 0x00,
    0x00, 0x00, 0x80, 0x3f, 0x00, 0x00, 0x80, 0x3f, 0x00, 0x00, 0x80, 0x3f, 0x00, 0x00, 0x80, 0x3f,
    0x3a, 0x00, 0x10, 0x00, 0x00, 0x00, 0x00, 0x00, 0x36, 0x00, 0x00, 0x07, 0x12, 0x00, 0x10, 0x00,
    0x09, 0x00, 0x00, 0x00, 0x1a, 0x80, 0x20, 0x04, 0x03, 0x00, 0x00, 0x00, 0x1a, 0x00, 0x10, 0x00,
    0x00, 0x00, 0x00, 0x00, 0x36, 0x00, 0x00, 0x08, 0x22, 0x00, 0x10, 0x00, 0x09, 0x00, 0x00, 0x00,
    0x1a, 0x80, 0x20, 0x06, 0x03, 0x00, 0x00, 0x00, 0x01, 0x00, 0x00, 0x00, 0x1a, 0x00, 0x10, 0x00,
    0x00, 0x00, 0x00, 0x00, 0x36, 0x00, 0x00, 0x08, 0x42, 0x00, 0x10, 0x00, 0x09, 0x00, 0x00, 0x00,
    0x1a, 0x80, 0x20, 0x06, 0x03, 0x00, 0x00, 0x00, 0x02, 0x00, 0x00, 0x00, 0x1a, 0x00, 0x10, 0x00,
    0x00, 0x00, 0x00, 0x00, 0x10, 0x00, 0x00, 0x07, 0x82, 0x00, 0x10, 0x00, 0x00, 0x00, 0x00, 0x00,
    0x46, 0x02, 0x10, 0x00, 0x09, 0x00, 0x00, 0x00, 0x46, 0x02, 0x10, 0x00, 0x09, 0x00, 0x00, 0x00,
    0x0e, 0x00, 0x00, 0x0a, 0x22, 0x00, 0x10, 0x00, 0x08, 0x00, 0x00, 0x00, 0x02, 0x40, 0x00, 0x00,
    0x00, 0x00, 0x80, 0x3f, 0x00, 0x00, 0x80, 0x3f, 0x00, 0x00, 0x80, 0x3f, 0x00, 0x00, 0x80, 0x3f,
    0x3a, 0x00, 0x10, 0x00, 0x00, 0x00, 0x00, 0x00, 0x36, 0x00, 0x00, 0x07, 0x12, 0x00, 0x10, 0x00,
    0x09, 0x00, 0x00, 0x00, 0x2a, 0x80, 0x20, 0x04, 0x03, 0x00, 0x00, 0x00, 0x1a, 0x00, 0x10, 0x00,
    0x00, 0x00, 0x00, 0x00, 0x36, 0x00, 0x00, 0x08, 0x22, 0x00, 0x10, 0x00, 0x09, 0x00, 0x00, 0x00,
    0x2a, 0x80, 0x20, 0x06, 0x03, 0x00, 0x00, 0x00, 0x01, 0x00, 0x00, 0x00, 0x1a, 0x00, 0x10, 0x00,
    0x00, 0x00, 0x00, 0x00, 0x36, 0x00, 0x00, 0x08, 0x42, 0x00, 0x10, 0x00, 0x09, 0x00, 0x00, 0x00,
    0x2a, 0x80, 0x20, 0x06, 0x03, 0x00, 0x00, 0x00, 0x02, 0x00, 0x00, 0x00, 0x1a, 0x00, 0x10, 0x00,
    0x00, 0x00, 0x00, 0x00, 0x10, 0x00, 0x00, 0x07, 0x82, 0x00, 0x10, 0x00, 0x00, 0x00, 0x00, 0x00,
    0x46, 0x02, 0x10, 0x00, 0x09, 0x00, 0x00, 0x00, 0x46, 0x02, 0x10, 0x00, 0x09, 0x00, 0x00, 0x00,
    0x0e, 0x00, 0x00, 0x0a, 0x42, 0x00, 0x10, 0x00, 0x08, 0x00, 0x00, 0x00, 0x02, 0x40, 0x00, 0x00,
    0x00, 0x00, 0x80, 0x3f, 0x00, 0x00, 0x80, 0x3f, 0x00, 0x00, 0x80, 0x3f, 0x00, 0x00, 0x80, 0x3f,
    0x3a, 0x00, 0x10, 0x00, 0x00, 0x00, 0x00, 0x00, 0x38, 0x00, 0x00, 0x07, 0xb2, 0x00, 0x10, 0x00,
    0x02, 0x00, 0x00, 0x00, 0x46, 0x0c, 0x10, 0x00, 0x02, 0x00, 0x00, 0x00, 0x46, 0x08, 0x10, 0x00,
    0x08, 0x00, 0x00, 0x00, 0x38, 0x00, 0x00, 0x0a, 0x72, 0x00, 0x10, 0x00, 0x08, 0x00, 0x00, 0x00,
    0x56, 0x05, 0x10, 0x00, 0x02, 0x00, 0x00, 0x00, 0x46, 0x82, 0x20, 0x06, 0x03, 0x00, 0x00, 0x00,
    0x01, 0x00, 0x00, 0x00, 0x1a, 0x00, 0x10, 0x00, 0x00, 0x00, 0x00, 0x00, 0x32, 0x00, 0x00, 0x0b,
    0x72, 0x00, 0x10, 0x00, 0x08, 0x00, 0x00, 0x00, 0x46, 0x82, 0x20, 0x04, 0x03, 0x00, 0x00, 0x00,
    0x1a, 0x00, 0x10, 0x00, 0x00, 0x00, 0x00, 0x00, 0x06, 0x00, 0x10, 0x00, 0x02, 0x00, 0x00, 0x00,
    0x46, 0x02, 0x10, 0x00, 0x08, 0x00, 0x00, 0x00, 0x32, 0x00, 0x00, 0x0c, 0xb2, 0x00, 0x10, 0x00,
    0x02, 0x00, 0x00, 0x00, 0x46, 0x88, 0x20, 0x06, 0x03, 0x00, 0x00, 0x00, 0x02, 0x00, 0x00, 0x00,
    0x1a, 0x00, 0x10, 0x00, 0x00, 0x00, 0x00, 0x00, 0xf6, 0x0f, 0x10, 0x00, 0x02, 0x00, 0x00, 0x00,
    0x46, 0x08, 0x10, 0x00, 0x08, 0x00, 0x00, 0x00, 0x38, 0x00, 0x00, 0x0a, 0x72, 0x00, 0x10, 0x00,
    0x08, 0x00, 0x00, 0x00, 0x56, 0x05, 0x10, 0x00, 0x03, 0x00, 0x00, 0x00, 0x46, 0x82, 0x20, 0x06,
    0x03, 0x00, 0x00, 0x00, 0x01, 0x00, 0x00, 0x00, 0x1a, 0x00, 0x10, 0x00, 0x00, 0x00, 0x00, 0x00,
    0x32, 0x00, 0x00, 0x0b, 0x72, 0x00, 0x10, 0x00, 0x08, 0x00, 0x00, 0x00, 0x46, 0x82, 0x20, 0x04,
    0x03, 0x00, 0x00, 0x00, 0x1a, 0x00, 0x10, 0x00, 0x00, 0x00, 0x00, 0x00, 0x06, 0x00, 0x10, 0x00,
    0x03, 0x00, 0x00, 0x00, 0x46, 0x02, 0x10, 0x00, 0x08, 0x00, 0x00, 0x00, 0x32, 0x00, 0x00, 0x0c,
    0x72, 0x00, 0x10, 0x00, 0x03, 0x00, 0x00, 0x00, 0x46, 0x82, 0x20, 0x06, 0x03, 0x00, 0x00, 0x00,
    0x02, 0x00, 0x00, 0x00, 0x1a, 0x00, 0x10, 0x00, 0x00, 0x00, 0x00, 0x00, 0xa6, 0x0a, 0x10, 0x00,
    0x03, 0x00, 0x00, 0x00, 0x46, 0x02, 0x10, 0x00, 0x08, 0x00, 0x00, 0x00, 0x38, 0x00, 0x00, 0x08,
    0xf2, 0x00, 0x10, 0x00, 0x08, 0x00, 0x00, 0x00, 0x56, 0x05, 0x10, 0x00, 0x04, 0x00, 0x00, 0x00,
    0x46, 0x8e, 0x20, 0x00, 0x01, 0x00, 0x00, 0x00, 0x21, 0x00, 0x00, 0x00, 0x32, 0x00, 0x00, 0x0a,
    0xf2, 0x00, 0x10, 0x00, 0x08, 0x00, 0x00, 0x00, 0x46, 0x8e, 0x20, 0x00, 0x01, 0x00, 0x00, 0x00,
    0x20, 0x00, 0x00, 0x00, 0x06, 0x00, 0x10, 0x00, 0x04, 0x00, 0x00, 0x00, 0x46, 0x0e, 0x10, 0x00,
    0x08, 0x00, 0x00, 0x00, 0x32, 0x00, 0x00, 0x0a, 0xf2, 0x00, 0x10, 0x00, 0x08, 0x00, 0x00, 0x00,
    0x46, 0x8e, 0x20, 0x00, 0x01, 0x00, 0x00, 0x00, 0x22, 0x00, 0x00, 0x00, 0xa6, 0x0a, 0x10, 0x00,
    0x04, 0x00, 0x00, 0x00, 0x46, 0x0e, 0x10, 0x00, 0x08, 0x00, 0x00, 0x00, 0x00, 0x00, 0x00, 0x08,
    0xf2, 0x00, 0x10, 0x00, 0x08, 0x00, 0x00, 0x00, 0x46, 0x0e, 0x10, 0x00, 0x08, 0x00, 0x00, 0x00,
    0x46, 0x8e, 0x20, 0x00, 0x01, 0x00, 0x00, 0x00, 0x23, 0x00, 0x00, 0x00, 0x38, 0x00, 0x00, 0x08,
    0xc2, 0x00, 0x10, 0x00, 0x05, 0x00, 0x00, 0x00, 0xf6, 0x0f, 0x10, 0x00, 0x08, 0x00, 0x00, 0x00,
    0xa6, 0x8e, 0x20, 0x00, 0x02, 0x00, 0x00, 0x00, 0x13, 0x00, 0x00, 0x00, 0x32, 0x00, 0x00, 0x0d,
    0x32, 0x20, 0x10, 0x00, 0x00, 0x00, 0x00, 0x00, 0xe6, 0x0a, 0x10, 0x80, 0x41, 0x00, 0x00, 0x00,
    0x05, 0x00, 0x00, 0x00, 0x02, 0x40, 0x00, 0x00, 0x00, 0x00, 0x00, 0x40, 0x00, 0x00, 0x00, 0xc0,
    0x00, 0x00, 0x00, 0x00, 0x00, 0x00, 0x00, 0x00, 0x46, 0x00, 0x10, 0x00, 0x08, 0x00, 0x00, 0x00,
    0x31, 0x00, 0x00, 0x0d, 0xc2, 0x00, 0x10, 0x00, 0x05, 0x00, 0x00, 0x00, 0x06, 0x84, 0x20, 0x06,
    0x03, 0x00, 0x00, 0x00, 0x0a, 0x00, 0x00, 0x00, 0x1a, 0x00, 0x10, 0x00, 0x00, 0x00, 0x00, 0x00,
    0x02, 0x40, 0x00, 0x00, 0x00, 0x00, 0x00, 0x00, 0x00, 0x00, 0x00, 0x00, 0x00, 0x00, 0x80, 0x3f,
    0x00, 0x00, 0x80, 0x3f, 0x00, 0x00, 0x00, 0x0a, 0x72, 0x00, 0x10, 0x00, 0x09, 0x00, 0x00, 0x00,
    0x46, 0x82, 0x20, 0x00, 0x01, 0x00, 0x00, 0x00, 0x2c, 0x00, 0x00, 0x00, 0x46, 0x82, 0x20, 0x80,
    0x41, 0x00, 0x00, 0x00, 0x01, 0x00, 0x00, 0x00, 0x51, 0x00, 0x00, 0x00, 0x00, 0x00, 0x00, 0x07,
    0x72, 0x00, 0x10, 0x00, 0x04, 0x00, 0x00, 0x00, 0x46, 0x02, 0x10, 0x00, 0x04, 0x00, 0x00, 0x00,
    0x46, 0x02, 0x10, 0x00, 0x09, 0x00, 0x00, 0x00, 0x37, 0x00, 0x00, 0x09, 0x82, 0x00, 0x10, 0x00,
    0x00, 0x00, 0x00, 0x00, 0x2a, 0x00, 0x10, 0x00, 0x05, 0x00, 0x00, 0x00, 0x2a, 0x00, 0x10, 0x00,
    0x02, 0x00, 0x00, 0x00, 0x0a, 0x00, 0x10, 0x00, 0x06, 0x00, 0x00, 0x00, 0x37, 0x00, 0x00, 0x09,
    0x42, 0x00, 0x10, 0x00, 0x02, 0x00, 0x00, 0x00, 0x2a, 0x00, 0x10, 0x00, 0x05, 0x00, 0x00, 0x00,
    0x0a, 0x00, 0x10, 0x00, 0x05, 0x00, 0x00, 0x00, 0x1a, 0x00, 0x10, 0x00, 0x06, 0x00, 0x00, 0x00,
    0x37, 0x00, 0x00, 0x09, 0x82, 0x00, 0x10, 0x00, 0x04, 0x00, 0x00, 0x00, 0x2a, 0x00, 0x10, 0x00,
    0x05, 0x00, 0x00, 0x00, 0x1a, 0x00, 0x10, 0x00, 0x05, 0x00, 0x00, 0x00, 0x2a, 0x00, 0x10, 0x00,
    0x06, 0x00, 0x00, 0x00, 0x38, 0x00, 0x00, 0x0a, 0x72, 0x00, 0x10, 0x00, 0x05, 0x00, 0x00, 0x00,
    0xa6, 0x0a, 0x10, 0x00, 0x02, 0x00, 0x00, 0x00, 0x46, 0x82, 0x20, 0x06, 0x03, 0x00, 0x00, 0x00,
    0x07, 0x00, 0x00, 0x00, 0x1a, 0x00, 0x10, 0x00, 0x00, 0x00, 0x00, 0x00, 0x32, 0x00, 0x00, 0x0c,
    0x72, 0x00, 0x10, 0x00, 0x05, 0x00, 0x00, 0x00, 0x46, 0x82, 0x20, 0x06, 0x03, 0x00, 0x00, 0x00,
    0x06, 0x00, 0x00, 0x00, 0x1a, 0x00, 0x10, 0x00, 0x00, 0x00, 0x00, 0x00, 0xf6, 0x0f, 0x10, 0x00,
    0x00, 0x00, 0x00, 0x00, 0x46, 0x02, 0x10, 0x00, 0x05, 0x00, 0x00, 0x00, 0x32, 0x00, 0x00, 0x0c,
    0x72, 0x00, 0x10, 0x00, 0x05, 0x00, 0x00, 0x00, 0x46, 0x82, 0x20, 0x06, 0x03, 0x00, 0x00, 0x00,
    0x08, 0x00, 0x00, 0x00, 0x1a, 0x00, 0x10, 0x00, 0x00, 0x00, 0x00, 0x00, 0xf6, 0x0f, 0x10, 0x00,
    0x04, 0x00, 0x00, 0x00, 0x46, 0x02, 0x10, 0x00, 0x05, 0x00, 0x00, 0x00, 0x00, 0x00, 0x00, 0x0c,
    0x72, 0x00, 0x10, 0x00, 0x06, 0x00, 0x00, 0x00, 0x46, 0x82, 0x20, 0x80, 0x41, 0x00, 0x00, 0x00,
    0x01, 0x00, 0x00, 0x00, 0x51, 0x00, 0x00, 0x00, 0x46, 0x82, 0x20, 0x06, 0x03, 0x00, 0x00, 0x00,
    0x09, 0x00, 0x00, 0x00, 0x1a, 0x00, 0x10, 0x00, 0x00, 0x00, 0x00, 0x00, 0x00, 0x00, 0x00, 0x07,
    0x72, 0x00, 0x10, 0x00, 0x05, 0x00, 0x00, 0x00, 0x46, 0x02, 0x10, 0x00, 0x05, 0x00, 0x00, 0x00,
    0x46, 0x02, 0x10, 0x00, 0x06, 0x00, 0x00, 0x00, 0x32, 0x00, 0x00, 0x09, 0x72, 0x00, 0x10, 0x00,
    0x05, 0x00, 0x00, 0x00, 0x46, 0x02, 0x10, 0x00, 0x07, 0x00, 0x00, 0x00, 0xa6, 0x0a, 0x10, 0x00,
    0x00, 0x00, 0x00, 0x00, 0x46, 0x02, 0x10, 0x00, 0x05, 0x00, 0x00, 0x00, 0x38, 0x00, 0x00, 0x08,
    0x72, 0x00, 0x10, 0x00, 0x06, 0x00, 0x00, 0x00, 0x86, 0x13, 0x10, 0x00, 0x05, 0x00, 0x00, 0x00,
    0x06, 0x80, 0x20, 0x00, 0x04, 0x00, 0x00, 0x00, 0x01, 0x00, 0x00, 0x00, 0x38, 0x00, 0x00, 0x08,
    0xf2, 0x00, 0x10, 0x00, 0x07, 0x00, 0x00, 0x00, 0x06, 0x15, 0x10, 0x00, 0x05, 0x00, 0x00, 0x00,
    0x06, 0x80, 0x20, 0x00, 0x04, 0x00, 0x00, 0x00, 0x01, 0x00, 0x00, 0x00, 0x32, 0x00, 0x00, 0x0b,
    0xf2, 0x00, 0x10, 0x00, 0x07, 0x00, 0x00, 0x00, 0xa6, 0x1f, 0x10, 0x00, 0x04, 0x00, 0x00, 0x00,
    0x06, 0x80, 0x20, 0x00, 0x04, 0x00, 0x00, 0x00, 0x01, 0x00, 0x00, 0x00, 0x46, 0x0e, 0x10, 0x80,
    0x41, 0x00, 0x00, 0x00, 0x07, 0x00, 0x00, 0x00, 0x00, 0x00, 0x00, 0x07, 0xf2, 0x00, 0x10, 0x00,
    0x07, 0x00, 0x00, 0x00, 0x46, 0x0e, 0x10, 0x00, 0x07, 0x00, 0x00, 0x00, 0x06, 0x15, 0x10, 0x00,
    0x05, 0x00, 0x00, 0x00, 0x38, 0x00, 0x00, 0x08, 0xf2, 0x00, 0x10, 0x00, 0x07, 0x00, 0x00, 0x00,
    0x46, 0x0e, 0x10, 0x00, 0x07, 0x00, 0x00, 0x00, 0x56, 0x85, 0x20, 0x00, 0x04, 0x00, 0x00, 0x00,
    0x08, 0x00, 0x00, 0x00, 0x32, 0x00, 0x00, 0x0a, 0xf2, 0x00, 0x10, 0x00, 0x07, 0x00, 0x00, 0x00,
    0x06, 0x15, 0x10, 0x00, 0x04, 0x00, 0x00, 0x00, 0x06, 0x80, 0x20, 0x00, 0x04, 0x00, 0x00, 0x00,
    0x08, 0x00, 0x00, 0x00, 0x46, 0x0e, 0x10, 0x00, 0x07, 0x00, 0x00, 0x00, 0x32, 0x00, 0x00, 0x0b,
    0xf2, 0x00, 0x10, 0x00, 0x07, 0x00, 0x00, 0x00, 0x06, 0x85, 0x20, 0x00, 0x04, 0x00, 0x00, 0x00,
    0x06, 0x00, 0x00, 0x00, 0xf6, 0x8f, 0x20, 0x00, 0x02, 0x00, 0x00, 0x00, 0x67, 0x00, 0x00, 0x00,
    0x46, 0x0e, 0x10, 0x00, 0x07, 0x00, 0x00, 0x00, 0x32, 0x00, 0x00, 0x0a, 0xf2, 0x00, 0x10, 0x00,
    0x07, 0x00, 0x00, 0x00, 0xa6, 0x8f, 0x20, 0x00, 0x04, 0x00, 0x00, 0x00, 0x06, 0x00, 0x00, 0x00,
    0x06, 0x00, 0x10, 0x00, 0x06, 0x00, 0x00, 0x00, 0x46, 0x0e, 0x10, 0x00, 0x07, 0x00, 0x00, 0x00,
    0x00, 0x00, 0x00, 0x0a, 0xf2, 0x00, 0x10, 0x00, 0x07, 0x00, 0x00, 0x00, 0x46, 0x0e, 0x10, 0x00,
    0x07, 0x00, 0x00, 0x00, 0x02, 0x40, 0x00, 0x00, 0x00, 0x00, 0x00, 0xbf, 0x00, 0x00, 0x00, 0xbf,
    0x00, 0x00, 0x00, 0xbf, 0x00, 0x00, 0x00, 0xbf, 0x38, 0x00, 0x00, 0x08, 0xf2, 0x00, 0x10, 0x00,
    0x07, 0x00, 0x00, 0x00, 0x46, 0x0e, 0x10, 0x00, 0x07, 0x00, 0x00, 0x00, 0x46, 0x8e, 0x20, 0x00,
    0x04, 0x00, 0x00, 0x00, 0x07, 0x00, 0x00, 0x00, 0x00, 0x00, 0x00, 0x07, 0xc2, 0x00, 0x10, 0x00,
    0x00, 0x00, 0x00, 0x00, 0xa6, 0x0e, 0x10, 0x00, 0x07, 0x00, 0x00, 0x00, 0x06, 0x04, 0x10, 0x00,
    0x07, 0x00, 0x00, 0x00, 0x00, 0x00, 0x00, 0x0a, 0xc2, 0x00, 0x10, 0x00, 0x00, 0x00, 0x00, 0x00,
    0xa6, 0x0e, 0x10, 0x00, 0x00, 0x00, 0x00, 0x00, 0x02, 0x40, 0x00, 0x00, 0x00, 0x00, 0x00, 0x00,
    0x00, 0x00, 0x00, 0x00, 0x00, 0x00, 0x00, 0x3f, 0x00, 0x00, 0x00, 0x3f, 0x32, 0x00, 0x00, 0x0b,
    0x32, 0x20, 0x10, 0x00, 0x01, 0x00, 0x00, 0x00, 0xe6, 0x0a, 0x10, 0x00, 0x00, 0x00, 0x00, 0x00,
    0x46, 0x80, 0x20, 0x00, 0x04, 0x00, 0x00, 0x00, 0x09, 0x00, 0x00, 0x00, 0xe6, 0x8a, 0x20, 0x00,
    0x04, 0x00, 0x00, 0x00, 0x09, 0x00, 0x00, 0x00, 0x10, 0x00, 0x00, 0x07, 0x42, 0x00, 0x10, 0x00,
    0x00, 0x00, 0x00, 0x00, 0x46, 0x03, 0x10, 0x00, 0x02, 0x00, 0x00, 0x00, 0x46, 0x03, 0x10, 0x00,
    0x02, 0x00, 0x00, 0x00, 0x34, 0x00, 0x00, 0x07, 0x42, 0x00, 0x10, 0x00, 0x00, 0x00, 0x00, 0x00,
    0x2a, 0x00, 0x10, 0x00, 0x00, 0x00, 0x00, 0x00, 0x01, 0x40, 0x00, 0x00, 0x00, 0x00, 0x80, 0x00,
    0x44, 0x00, 0x00, 0x05, 0x42, 0x00, 0x10, 0x00, 0x00, 0x00, 0x00, 0x00, 0x2a, 0x00, 0x10, 0x00,
    0x00, 0x00, 0x00, 0x00, 0x38, 0x00, 0x00, 0x07, 0x72, 0x20, 0x10, 0x00, 0x03, 0x00, 0x00, 0x00,
    0xa6, 0x0a, 0x10, 0x00, 0x00, 0x00, 0x00, 0x00, 0x46, 0x03, 0x10, 0x00, 0x02, 0x00, 0x00, 0x00,
    0x10, 0x00, 0x00, 0x07, 0x42, 0x00, 0x10, 0x00, 0x00, 0x00, 0x00, 0x00, 0x46, 0x02, 0x10, 0x00,
    0x03, 0x00, 0x00, 0x00, 0x46, 0x02, 0x10, 0x00, 0x03, 0x00, 0x00, 0x00, 0x34, 0x00, 0x00, 0x07,
    0x42, 0x00, 0x10, 0x00, 0x00, 0x00, 0x00, 0x00, 0x2a, 0x00, 0x10, 0x00, 0x00, 0x00, 0x00, 0x00,
    0x01, 0x40, 0x00, 0x00, 0x00, 0x00, 0x80, 0x00, 0x44, 0x00, 0x00, 0x05, 0x42, 0x00, 0x10, 0x00,
    0x00, 0x00, 0x00, 0x00, 0x2a, 0x00, 0x10, 0x00, 0x00, 0x00, 0x00, 0x00, 0x1d, 0x00, 0x00, 0x0a,
    0x22, 0x00, 0x10, 0x00, 0x00, 0x00, 0x00, 0x00, 0x3a, 0x80, 0x20, 0x06, 0x03, 0x00, 0x00, 0x00,
    0x05, 0x00, 0x00, 0x00, 0x1a, 0x00, 0x10, 0x00, 0x00, 0x00, 0x00, 0x00, 0x01, 0x40, 0x00, 0x00,
    0x00, 0x00, 0x00, 0x00, 0x37, 0x00, 0x00, 0x09, 0x22, 0x00, 0x10, 0x00, 0x00, 0x00, 0x00, 0x00,
    0x1a, 0x00, 0x10, 0x00, 0x00, 0x00, 0x00, 0x00, 0x01, 0x40, 0x00, 0x00, 0x00, 0x00, 0x80, 0x3f,
    0x01, 0x40, 0x00, 0x00, 0x00, 0x00, 0x80, 0xbf, 0x38, 0x00, 0x00, 0x07, 0xf2, 0x20, 0x10, 0x00,
    0x04, 0x00, 0x00, 0x00, 0xa6, 0x06, 0x10, 0x00, 0x00, 0x00, 0x00, 0x00, 0x46, 0x0e, 0x10, 0x00,
    0x03, 0x00, 0x00, 0x00, 0x37, 0x00, 0x00, 0x09, 0xf2, 0x20, 0x10, 0x00, 0x05, 0x00, 0x00, 0x00,
    0x06, 0x00, 0x10, 0x00, 0x00, 0x00, 0x00, 0x00, 0x46, 0x1e, 0x10, 0x00, 0x03, 0x00, 0x00, 0x00,
    0x46, 0x0e, 0x10, 0x00, 0x01, 0x00, 0x00, 0x00, 0x37, 0x00, 0x00, 0x09, 0x72, 0x00, 0x10, 0x00,
    0x00, 0x00, 0x00, 0x00, 0xf6, 0x0f, 0x10, 0x00, 0x05, 0x00, 0x00, 0x00, 0x46, 0x02, 0x10, 0x00,
    0x04, 0x00, 0x00, 0x00, 0x46, 0x02, 0x10, 0x00, 0x05, 0x00, 0x00, 0x00, 0x38, 0x00, 0x00, 0x08,
    0x72, 0x00, 0x10, 0x00, 0x01, 0x00, 0x00, 0x00, 0x56, 0x05, 0x10, 0x00, 0x00, 0x00, 0x00, 0x00,
    0x46, 0x83, 0x20, 0x00, 0x01, 0x00, 0x00, 0x00, 0x3a, 0x00, 0x00, 0x00, 0x32, 0x00, 0x00, 0x0a,
    0xb2, 0x00, 0x10, 0x00, 0x00, 0x00, 0x00, 0x00, 0x46, 0x8c, 0x20, 0x00, 0x01, 0x00, 0x00, 0x00,
    0x39, 0x00, 0x00, 0x00, 0x06, 0x00, 0x10, 0x00, 0x00, 0x00, 0x00, 0x00, 0x46, 0x08, 0x10, 0x00,
    0x01, 0x00, 0x00, 0x00, 0x32, 0x00, 0x00, 0x0a, 0x72, 0x00, 0x10, 0x00, 0x00, 0x00, 0x00, 0x00,
    0x46, 0x83, 0x20, 0x00, 0x01, 0x00, 0x00, 0x00, 0x3b, 0x00, 0x00, 0x00, 0xa6, 0x0a, 0x10, 0x00,
    0x00, 0x00, 0x00, 0x00, 0x46, 0x03, 0x10, 0x00, 0x00, 0x00, 0x00, 0x00, 0x00, 0x00, 0x00, 0x08,
    0x72, 0x20, 0x10, 0x00, 0x07, 0x00, 0x00, 0x00, 0x46, 0x02, 0x10, 0x00, 0x00, 0x00, 0x00, 0x00,
    0x46, 0x83, 0x20, 0x00, 0x01, 0x00, 0x00, 0x00, 0x3c, 0x00, 0x00, 0x00, 0x36, 0x00, 0x00, 0x05,
    0xc2, 0x20, 0x10, 0x00, 0x00, 0x00, 0x00, 0x00, 0xa6, 0x0e, 0x10, 0x00, 0x08, 0x00, 0x00, 0x00,
    0x36, 0x00, 0x00, 0x05, 0xc2, 0x20, 0x10, 0x00, 0x01, 0x00, 0x00, 0x00, 0x56, 0x09, 0x10, 0x00,
    0x06, 0x00, 0x00, 0x00, 0x36, 0x00, 0x00, 0x05, 0xf2, 0x20, 0x10, 0x00, 0x02, 0x00, 0x00, 0x00,
    0x46, 0x1e, 0x10, 0x00, 0x05, 0x00, 0x00, 0x00, 0x36, 0x00, 0x00, 0x05, 0x72, 0x20, 0x10, 0x00,
    0x06, 0x00, 0x00, 0x00, 0x46, 0x03, 0x10, 0x00, 0x08, 0x00, 0x00, 0x00, 0x36, 0x00, 0x00, 0x05,
    0x12, 0x20, 0x10, 0x00, 0x08, 0x00, 0x00, 0x00, 0x0a, 0x10, 0x10, 0x00, 0x09, 0x00, 0x00, 0x00,
    0x3e, 0x00, 0x00, 0x01,
};
inline constexpr std::size_t g_EndfieldM21PeakVertexDxbcSize = sizeof(g_EndfieldM21PeakVertexDxbc);

inline constexpr std::uint8_t g_EndfieldM21PeakPixelDxbc[] = {
    0x44, 0x58, 0x42, 0x43, 0xa4, 0xe8, 0x24, 0x8d, 0xa6, 0x2e, 0xb6, 0x68, 0x66, 0x02, 0x03, 0x65,
    0x51, 0x32, 0xf6, 0x12, 0x01, 0x00, 0x00, 0x00, 0x7c, 0x14, 0x00, 0x00, 0x03, 0x00, 0x00, 0x00,
    0x2c, 0x00, 0x00, 0x00, 0x2c, 0x01, 0x00, 0x00, 0x78, 0x01, 0x00, 0x00, 0x49, 0x53, 0x47, 0x4e,
    0xf8, 0x00, 0x00, 0x00, 0x09, 0x00, 0x00, 0x00, 0x08, 0x00, 0x00, 0x00, 0xe0, 0x00, 0x00, 0x00,
    0x00, 0x00, 0x00, 0x00, 0x01, 0x00, 0x00, 0x00, 0x03, 0x00, 0x00, 0x00, 0x00, 0x00, 0x00, 0x00,
    0x0f, 0x07, 0x00, 0x00, 0xec, 0x00, 0x00, 0x00, 0x00, 0x00, 0x00, 0x00, 0x00, 0x00, 0x00, 0x00,
    0x03, 0x00, 0x00, 0x00, 0x01, 0x00, 0x00, 0x00, 0x0f, 0x07, 0x00, 0x00, 0xec, 0x00, 0x00, 0x00,
    0x01, 0x00, 0x00, 0x00, 0x00, 0x00, 0x00, 0x00, 0x03, 0x00, 0x00, 0x00, 0x02, 0x00, 0x00, 0x00,
    0x0f, 0x00, 0x00, 0x00, 0xec, 0x00, 0x00, 0x00, 0x02, 0x00, 0x00, 0x00, 0x00, 0x00, 0x00, 0x00,
    0x03, 0x00, 0x00, 0x00, 0x03, 0x00, 0x00, 0x00, 0x07, 0x07, 0x00, 0x00, 0xec, 0x00, 0x00, 0x00,
    0x03, 0x00, 0x00, 0x00, 0x00, 0x00, 0x00, 0x00, 0x03, 0x00, 0x00, 0x00, 0x04, 0x00, 0x00, 0x00,
    0x0f, 0x00, 0x00, 0x00, 0xec, 0x00, 0x00, 0x00, 0x04, 0x00, 0x00, 0x00, 0x00, 0x00, 0x00, 0x00,
    0x03, 0x00, 0x00, 0x00, 0x05, 0x00, 0x00, 0x00, 0x0f, 0x0f, 0x00, 0x00, 0xec, 0x00, 0x00, 0x00,
    0x05, 0x00, 0x00, 0x00, 0x00, 0x00, 0x00, 0x00, 0x03, 0x00, 0x00, 0x00, 0x06, 0x00, 0x00, 0x00,
    0x07, 0x07, 0x00, 0x00, 0xec, 0x00, 0x00, 0x00, 0x06, 0x00, 0x00, 0x00, 0x00, 0x00, 0x00, 0x00,
    0x03, 0x00, 0x00, 0x00, 0x07, 0x00, 0x00, 0x00, 0x07, 0x07, 0x00, 0x00, 0xec, 0x00, 0x00, 0x00,
    0x07, 0x00, 0x00, 0x00, 0x00, 0x00, 0x00, 0x00, 0x01, 0x00, 0x00, 0x00, 0x08, 0x00, 0x00, 0x00,
    0x01, 0x01, 0x00, 0x00, 0x53, 0x56, 0x5f, 0x50, 0x6f, 0x73, 0x69, 0x74, 0x69, 0x6f, 0x6e, 0x00,
    0x54, 0x45, 0x58, 0x43, 0x4f, 0x4f, 0x52, 0x44, 0x00, 0xab, 0xab, 0xab, 0x4f, 0x53, 0x47, 0x4e,
    0x44, 0x00, 0x00, 0x00, 0x02, 0x00, 0x00, 0x00, 0x08, 0x00, 0x00, 0x00, 0x38, 0x00, 0x00, 0x00,
    0x00, 0x00, 0x00, 0x00, 0x00, 0x00, 0x00, 0x00, 0x03, 0x00, 0x00, 0x00, 0x00, 0x00, 0x00, 0x00,
    0x0f, 0x00, 0x00, 0x00, 0x38, 0x00, 0x00, 0x00, 0x01, 0x00, 0x00, 0x00, 0x00, 0x00, 0x00, 0x00,
    0x03, 0x00, 0x00, 0x00, 0x01, 0x00, 0x00, 0x00, 0x0f, 0x00, 0x00, 0x00, 0x53, 0x56, 0x5f, 0x54,
    0x61, 0x72, 0x67, 0x65, 0x74, 0x00, 0xab, 0xab, 0x53, 0x48, 0x45, 0x58, 0xfc, 0x12, 0x00, 0x00,
    0x50, 0x00, 0x00, 0x00, 0xbf, 0x04, 0x00, 0x00, 0x6a, 0x08, 0x00, 0x01, 0x59, 0x00, 0x00, 0x04,
    0x46, 0x8e, 0x20, 0x00, 0x00, 0x00, 0x00, 0x00, 0x2d, 0x00, 0x00, 0x00, 0x59, 0x00, 0x00, 0x04,
    0x46, 0x8e, 0x20, 0x00, 0x01, 0x00, 0x00, 0x00, 0x69, 0x00, 0x00, 0x00, 0x59, 0x08, 0x00, 0x04,
    0x46, 0x8e, 0x20, 0x00, 0x02, 0x00, 0x00, 0x00, 0xf5, 0x0f, 0x00, 0x00, 0x59, 0x00, 0x00, 0x04,
    0x46, 0x8e, 0x20, 0x00, 0x03, 0x00, 0x00, 0x00, 0x01, 0x00, 0x00, 0x00, 0x59, 0x00, 0x00, 0x04,
    0x46, 0x8e, 0x20, 0x00, 0x04, 0x00, 0x00, 0x00, 0x16, 0x00, 0x00, 0x00, 0x5a, 0x00, 0x00, 0x03,
    0x00, 0x60, 0x10, 0x00, 0x00, 0x00, 0x00, 0x00, 0x58, 0x18, 0x00, 0x04, 0x00, 0x70, 0x10, 0x00,
    0x00, 0x00, 0x00, 0x00, 0x55, 0x55, 0x00, 0x00, 0x64, 0x20, 0x00, 0x04, 0x72, 0x10, 0x10, 0x00,
    0x00, 0x00, 0x00, 0x00, 0x01, 0x00, 0x00, 0x00, 0x62, 0x10, 0x00, 0x03, 0x72, 0x10, 0x10, 0x00,
    0x01, 0x00, 0x00, 0x00, 0x62, 0x10, 0x00, 0x03, 0x72, 0x10, 0x10, 0x00, 0x03, 0x00, 0x00, 0x00,
    0x62, 0x10, 0x00, 0x03, 0xf2, 0x10, 0x10, 0x00, 0x05, 0x00, 0x00, 0x00, 0x62, 0x10, 0x00, 0x03,
    0x72, 0x10, 0x10, 0x00, 0x06, 0x00, 0x00, 0x00, 0x62, 0x10, 0x00, 0x03, 0x72, 0x10, 0x10, 0x00,
    0x07, 0x00, 0x00, 0x00, 0x62, 0x08, 0x00, 0x03, 0x12, 0x10, 0x10, 0x00, 0x08, 0x00, 0x00, 0x00,
    0x65, 0x00, 0x00, 0x03, 0xf2, 0x20, 0x10, 0x00, 0x00, 0x00, 0x00, 0x00, 0x65, 0x00, 0x00, 0x03,
    0xf2, 0x20, 0x10, 0x00, 0x01, 0x00, 0x00, 0x00, 0x68, 0x00, 0x00, 0x02, 0x04, 0x00, 0x00, 0x00,
    0x38, 0x00, 0x00, 0x08, 0x32, 0x00, 0x10, 0x00, 0x00, 0x00, 0x00, 0x00, 0x46, 0x10, 0x10, 0x00,
    0x00, 0x00, 0x00, 0x00, 0xe6, 0x8a, 0x20, 0x00, 0x01, 0x00, 0x00, 0x00, 0x00, 0x00, 0x00, 0x00,
    0x32, 0x00, 0x00, 0x0f, 0x32, 0x00, 0x10, 0x00, 0x00, 0x00, 0x00, 0x00, 0x46, 0x00, 0x10, 0x00,
    0x00, 0x00, 0x00, 0x00, 0x02, 0x40, 0x00, 0x00, 0x00, 0x00, 0x00, 0x40, 0x00, 0x00, 0x00, 0x40,
    0x00, 0x00, 0x00, 0x00, 0x00, 0x00, 0x00, 0x00, 0x02, 0x40, 0x00, 0x00, 0x00, 0x00, 0x80, 0xbf,
    0x00, 0x00, 0x80, 0xbf, 0x00, 0x00, 0x00, 0x00, 0x00, 0x00, 0x00, 0x00, 0x38, 0x00, 0x00, 0x09,
    0xf2, 0x00, 0x10, 0x00, 0x01, 0x00, 0x00, 0x00, 0x56, 0x05, 0x10, 0x80, 0x41, 0x00, 0x00, 0x00,
    0x00, 0x00, 0x00, 0x00, 0x46, 0x8e, 0x20, 0x00, 0x00, 0x00, 0x00, 0x00, 0x19, 0x00, 0x00, 0x00,
    0x32, 0x00, 0x00, 0x0a, 0xf2, 0x00, 0x10, 0x00, 0x00, 0x00, 0x00, 0x00, 0x46, 0x8e, 0x20, 0x00,
    0x00, 0x00, 0x00, 0x00, 0x18, 0x00, 0x00, 0x00, 0x06, 0x00, 0x10, 0x00, 0x00, 0x00, 0x00, 0x00,
    0x46, 0x0e, 0x10, 0x00, 0x01, 0x00, 0x00, 0x00, 0x32, 0x00, 0x00, 0x0a, 0xf2, 0x00, 0x10, 0x00,
    0x00, 0x00, 0x00, 0x00, 0x46, 0x8e, 0x20, 0x00, 0x00, 0x00, 0x00, 0x00, 0x1a, 0x00, 0x00, 0x00,
    0xa6, 0x1a, 0x10, 0x00, 0x00, 0x00, 0x00, 0x00, 0x46, 0x0e, 0x10, 0x00, 0x00, 0x00, 0x00, 0x00,
    0x00, 0x00, 0x00, 0x08, 0xf2, 0x00, 0x10, 0x00, 0x00, 0x00, 0x00, 0x00, 0x46, 0x0e, 0x10, 0x00,
    0x00, 0x00, 0x00, 0x00, 0x46, 0x8e, 0x20, 0x00, 0x00, 0x00, 0x00, 0x00, 0x1b, 0x00, 0x00, 0x00,
    0x0e, 0x00, 0x00, 0x07, 0x72, 0x00, 0x10, 0x00, 0x00, 0x00, 0x00, 0x00, 0x46, 0x02, 0x10, 0x00,
    0x00, 0x00, 0x00, 0x00, 0xf6, 0x0f, 0x10, 0x00, 0x00, 0x00, 0x00, 0x00, 0x38, 0x00, 0x00, 0x08,
    0x82, 0x00, 0x10, 0x00, 0x00, 0x00, 0x00, 0x00, 0x1a, 0x00, 0x10, 0x00, 0x00, 0x00, 0x00, 0x00,
    0x2a, 0x80, 0x20, 0x00, 0x00, 0x00, 0x00, 0x00, 0x01, 0x00, 0x00, 0x00, 0x32, 0x00, 0x00, 0x0a,
    0x82, 0x00, 0x10, 0x00, 0x00, 0x00, 0x00, 0x00, 0x2a, 0x80, 0x20, 0x00, 0x00, 0x00, 0x00, 0x00,
    0x00, 0x00, 0x00, 0x00, 0x0a, 0x00, 0x10, 0x00, 0x00, 0x00, 0x00, 0x00, 0x3a, 0x00, 0x10, 0x00,
    0x00, 0x00, 0x00, 0x00, 0x32, 0x00, 0x00, 0x0a, 0x82, 0x00, 0x10, 0x00, 0x00, 0x00, 0x00, 0x00,
    0x2a, 0x80, 0x20, 0x00, 0x00, 0x00, 0x00, 0x00, 0x02, 0x00, 0x00, 0x00, 0x2a, 0x00, 0x10, 0x00,
    0x00, 0x00, 0x00, 0x00, 0x3a, 0x00, 0x10, 0x00, 0x00, 0x00, 0x00, 0x00, 0x00, 0x00, 0x00, 0x09,
    0x72, 0x00, 0x10, 0x00, 0x00, 0x00, 0x00, 0x00, 0x46, 0x02, 0x10, 0x80, 0x41, 0x00, 0x00, 0x00,
    0x00, 0x00, 0x00, 0x00, 0x46, 0x82, 0x20, 0x00, 0x00, 0x00, 0x00, 0x00, 0x2c, 0x00, 0x00, 0x00,
    0x00, 0x00, 0x00, 0x08, 0x82, 0x00, 0x10, 0x00, 0x00, 0x00, 0x00, 0x00, 0x3a, 0x00, 0x10, 0x00,
    0x00, 0x00, 0x00, 0x00, 0x2a, 0x80, 0x20, 0x00, 0x00, 0x00, 0x00, 0x00, 0x03, 0x00, 0x00, 0x00,
    0x00, 0x00, 0x00, 0x0a, 0x32, 0x00, 0x10, 0x00, 0x01, 0x00, 0x00, 0x00, 0xf6, 0x0f, 0x10, 0x80,
    0x81, 0x00, 0x00, 0x00, 0x00, 0x00, 0x00, 0x00, 0xd6, 0x85, 0x20, 0x80, 0x41, 0x00, 0x00, 0x00,
    0x04, 0x00, 0x00, 0x00, 0x0c, 0x00, 0x00, 0x00, 0x00, 0x00, 0x00, 0x0a, 0x82, 0x00, 0x10, 0x00,
    0x00, 0x00, 0x00, 0x00, 0x1a, 0x80, 0x20, 0x80, 0x41, 0x00, 0x00, 0x00, 0x04, 0x00, 0x00, 0x00,
    0x0c, 0x00, 0x00, 0x00, 0x2a, 0x80, 0x20, 0x00, 0x04, 0x00, 0x00, 0x00, 0x0c, 0x00, 0x00, 0x00,
    0x0e, 0x20, 0x00, 0x07, 0x82, 0x00, 0x10, 0x00, 0x00, 0x00, 0x00, 0x00, 0x0a, 0x00, 0x10, 0x00,
    0x01, 0x00, 0x00, 0x00, 0x3a, 0x00, 0x10, 0x00, 0x00, 0x00, 0x00, 0x00, 0x00, 0x00, 0x00, 0x0a,
    0x12, 0x00, 0x10, 0x00, 0x01, 0x00, 0x00, 0x00, 0x3a, 0x80, 0x20, 0x80, 0x41, 0x00, 0x00, 0x00,
    0x04, 0x00, 0x00, 0x00, 0x0c, 0x00, 0x00, 0x00, 0x0a, 0x80, 0x20, 0x00, 0x04, 0x00, 0x00, 0x00,
    0x0d, 0x00, 0x00, 0x00, 0x0e, 0x20, 0x00, 0x07, 0x12, 0x00, 0x10, 0x00, 0x01, 0x00, 0x00, 0x00,
    0x1a, 0x00, 0x10, 0x00, 0x01, 0x00, 0x00, 0x00, 0x0a, 0x00, 0x10, 0x00, 0x01, 0x00, 0x00, 0x00,
    0x38, 0x00, 0x00, 0x07, 0x82, 0x00, 0x10, 0x00, 0x00, 0x00, 0x00, 0x00, 0x3a, 0x00, 0x10, 0x00,
    0x00, 0x00, 0x00, 0x00, 0x0a, 0x00, 0x10, 0x00, 0x01, 0x00, 0x00, 0x00, 0x39, 0x00, 0x00, 0x08,
    0x12, 0x00, 0x10, 0x00, 0x01, 0x00, 0x00, 0x00, 0x01, 0x40, 0x00, 0x00, 0x00, 0x00, 0x00, 0x00,
    0x0a, 0x80, 0x20, 0x00, 0x04, 0x00, 0x00, 0x00, 0x0c, 0x00, 0x00, 0x00, 0x37, 0x00, 0x00, 0x09,
    0x82, 0x00, 0x10, 0x00, 0x00, 0x00, 0x00, 0x00, 0x0a, 0x00, 0x10, 0x00, 0x01, 0x00, 0x00, 0x00,
    0x3a, 0x00, 0x10, 0x00, 0x00, 0x00, 0x00, 0x00, 0x01, 0x40, 0x00, 0x00, 0x00, 0x00, 0x80, 0x3f,
    0x18, 0x00, 0x00, 0x08, 0x12, 0x00, 0x10, 0x00, 0x01, 0x00, 0x00, 0x00, 0x01, 0x40, 0x00, 0x00,
    0x00, 0x00, 0x00, 0x00, 0x3a, 0x80, 0x20, 0x00, 0x01, 0x00, 0x00, 0x00, 0x04, 0x00, 0x00, 0x00,
    0x36, 0x00, 0x00, 0x06, 0x12, 0x00, 0x10, 0x00, 0x02, 0x00, 0x00, 0x00, 0x2a, 0x80, 0x20, 0x00,
    0x00, 0x00, 0x00, 0x00, 0x00, 0x00, 0x00, 0x00, 0x36, 0x00, 0x00, 0x06, 0x22, 0x00, 0x10, 0x00,
    0x02, 0x00, 0x00, 0x00, 0x2a, 0x80, 0x20, 0x00, 0x00, 0x00, 0x00, 0x00, 0x01, 0x00, 0x00, 0x00,
    0x36, 0x00, 0x00, 0x06, 0x42, 0x00, 0x10, 0x00, 0x02, 0x00, 0x00, 0x00, 0x2a, 0x80, 0x20, 0x00,
    0x00, 0x00, 0x00, 0x00, 0x02, 0x00, 0x00, 0x00, 0x37, 0x00, 0x00, 0x09, 0x72, 0x00, 0x10, 0x00,
    0x00, 0x00, 0x00, 0x00, 0x06, 0x00, 0x10, 0x00, 0x01, 0x00, 0x00, 0x00, 0x46, 0x02, 0x10, 0x00,
    0x00, 0x00, 0x00, 0x00, 0x46, 0x02, 0x10, 0x00, 0x02, 0x00, 0x00, 0x00, 0x10, 0x00, 0x00, 0x07,
    0x12, 0x00, 0x10, 0x00, 0x01, 0x00, 0x00, 0x00, 0x46, 0x02, 0x10, 0x00, 0x00, 0x00, 0x00, 0x00,
    0x46, 0x02, 0x10, 0x00, 0x00, 0x00, 0x00, 0x00, 0x34, 0x00, 0x00, 0x07, 0x12, 0x00, 0x10, 0x00,
    0x01, 0x00, 0x00, 0x00, 0x0a, 0x00, 0x10, 0x00, 0x01, 0x00, 0x00, 0x00, 0x01, 0x40, 0x00, 0x00,
    0x77, 0xcc, 0x2b, 0x32, 0x44, 0x00, 0x00, 0x05, 0x12, 0x00, 0x10, 0x00, 0x01, 0x00, 0x00, 0x00,
    0x0a, 0x00, 0x10, 0x00, 0x01, 0x00, 0x00, 0x00, 0x38, 0x00, 0x00, 0x07, 0x72, 0x00, 0x10, 0x00,
    0x00, 0x00, 0x00, 0x00, 0x46, 0x02, 0x10, 0x00, 0x00, 0x00, 0x00, 0x00, 0x06, 0x00, 0x10, 0x00,
    0x01, 0x00, 0x00, 0x00, 0x10, 0x00, 0x00, 0x07, 0x12, 0x00, 0x10, 0x00, 0x00, 0x00, 0x00, 0x00,
    0x46, 0x02, 0x10, 0x00, 0x00, 0x00, 0x00, 0x00, 0x46, 0x12, 0x10, 0x00, 0x03, 0x00, 0x00, 0x00,
    0x00, 0x20, 0x00, 0x08, 0x12, 0x00, 0x10, 0x00, 0x00, 0x00, 0x00, 0x00, 0x0a, 0x00, 0x10, 0x00,
    0x00, 0x00, 0x00, 0x00, 0x0a, 0x80, 0x20, 0x00, 0x04, 0x00, 0x00, 0x00, 0x0b, 0x00, 0x00, 0x00,
    0x2f, 0x00, 0x00, 0x05, 0x12, 0x00, 0x10, 0x00, 0x00, 0x00, 0x00, 0x00, 0x0a, 0x00, 0x10, 0x00,
    0x00, 0x00, 0x00, 0x00, 0x38, 0x00, 0x00, 0x08, 0x12, 0x00, 0x10, 0x00, 0x00, 0x00, 0x00, 0x00,
    0x0a, 0x00, 0x10, 0x00, 0x00, 0x00, 0x00, 0x00, 0x2a, 0x80, 0x20, 0x00, 0x04, 0x00, 0x00, 0x00,
    0x0b, 0x00, 0x00, 0x00, 0x19, 0x00, 0x00, 0x05, 0x12, 0x00, 0x10, 0x00, 0x00, 0x00, 0x00, 0x00,
    0x0a, 0x00, 0x10, 0x00, 0x00, 0x00, 0x00, 0x00, 0x00, 0x00, 0x00, 0x08, 0x22, 0x00, 0x10, 0x00,
    0x00, 0x00, 0x00, 0x00, 0x0a, 0x00, 0x10, 0x80, 0x41, 0x00, 0x00, 0x00, 0x00, 0x00, 0x00, 0x00,
    0x01, 0x40, 0x00, 0x00, 0x00, 0x00, 0x80, 0x3f, 0x00, 0x00, 0x00, 0x08, 0x12, 0x00, 0x10, 0x00,
    0x00, 0x00, 0x00, 0x00, 0x1a, 0x00, 0x10, 0x80, 0x41, 0x00, 0x00, 0x00, 0x00, 0x00, 0x00, 0x00,
    0x0a, 0x00, 0x10, 0x00, 0x00, 0x00, 0x00, 0x00, 0x32, 0x00, 0x00, 0x0a, 0x12, 0x00, 0x10, 0x00,
    0x00, 0x00, 0x00, 0x00, 0x3a, 0x80, 0x20, 0x00, 0x04, 0x00, 0x00, 0x00, 0x0b, 0x00, 0x00, 0x00,
    0x0a, 0x00, 0x10, 0x00, 0x00, 0x00, 0x00, 0x00, 0x1a, 0x00, 0x10, 0x00, 0x00, 0x00, 0x00, 0x00,
    0x00, 0x00, 0x00, 0x09, 0x22, 0x00, 0x10, 0x00, 0x00, 0x00, 0x00, 0x00, 0x01, 0x40, 0x00, 0x00,
    0x00, 0x00, 0x80, 0x3f, 0x1a, 0x80, 0x20, 0x80, 0x41, 0x00, 0x00, 0x00, 0x04, 0x00, 0x00, 0x00,
    0x0b, 0x00, 0x00, 0x00, 0x32, 0x00, 0x00, 0x0a, 0x22, 0x00, 0x10, 0x00, 0x00, 0x00, 0x00, 0x00,
    0x0a, 0x00, 0x10, 0x00, 0x00, 0x00, 0x00, 0x00, 0x1a, 0x80, 0x20, 0x00, 0x04, 0x00, 0x00, 0x00,
    0x0b, 0x00, 0x00, 0x00, 0x1a, 0x00, 0x10, 0x00, 0x00, 0x00, 0x00, 0x00, 0x38, 0x00, 0x00, 0x08,
    0x12, 0x00, 0x10, 0x00, 0x00, 0x00, 0x00, 0x00, 0x0a, 0x00, 0x10, 0x00, 0x00, 0x00, 0x00, 0x00,
    0x3a, 0x80, 0x20, 0x00, 0x03, 0x00, 0x00, 0x00, 0x00, 0x00, 0x00, 0x00, 0x00, 0x00, 0x00, 0x08,
    0x42, 0x00, 0x10, 0x00, 0x00, 0x00, 0x00, 0x00, 0x2a, 0x10, 0x10, 0x00, 0x01, 0x00, 0x00, 0x00,
    0x1a, 0x80, 0x20, 0x00, 0x04, 0x00, 0x00, 0x00, 0x12, 0x00, 0x00, 0x00, 0x32, 0x00, 0x00, 0x09,
    0x42, 0x00, 0x10, 0x00, 0x00, 0x00, 0x00, 0x00, 0x2a, 0x00, 0x10, 0x00, 0x00, 0x00, 0x00, 0x00,
    0x01, 0x40, 0x00, 0x00, 0xae, 0x47, 0x01, 0x40, 0x01, 0x40, 0x00, 0x00, 0x00, 0xd7, 0x23, 0xbc,
    0x38, 0x00, 0x00, 0x09, 0x12, 0x00, 0x10, 0x00, 0x01, 0x00, 0x00, 0x00, 0x3a, 0x80, 0x20, 0x00,
    0x04, 0x00, 0x00, 0x00, 0x11, 0x00, 0x00, 0x00, 0x3a, 0x80, 0x20, 0x00, 0x04, 0x00, 0x00, 0x00,
    0x12, 0x00, 0x00, 0x00, 0x32, 0x00, 0x00, 0x0c, 0x22, 0x00, 0x10, 0x00, 0x01, 0x00, 0x00, 0x00,
    0x3a, 0x80, 0x20, 0x80, 0x41, 0x00, 0x00, 0x00, 0x04, 0x00, 0x00, 0x00, 0x11, 0x00, 0x00, 0x00,
    0x3a, 0x80, 0x20, 0x00, 0x04, 0x00, 0x00, 0x00, 0x12, 0x00, 0x00, 0x00, 0x01, 0x40, 0x00, 0x00,
    0x00, 0x00, 0x80, 0x3f, 0x00, 0x00, 0x00, 0x0c, 0xc2, 0x00, 0x10, 0x00, 0x01, 0x00, 0x00, 0x00,
    0x02, 0x40, 0x00, 0x00, 0x00, 0x00, 0x00, 0x00, 0x00, 0x00, 0x00, 0x00, 0x00, 0x00, 0x80, 0x3f,
    0x00, 0x00, 0x80, 0x3f, 0xf6, 0x8b, 0x20, 0x80, 0x41, 0x00, 0x00, 0x00, 0x04, 0x00, 0x00, 0x00,
    0x0e, 0x00, 0x00, 0x00, 0x32, 0x00, 0x00, 0x09, 0x12, 0x00, 0x10, 0x00, 0x01, 0x00, 0x00, 0x00,
    0x3a, 0x00, 0x10, 0x00, 0x01, 0x00, 0x00, 0x00, 0x0a, 0x00, 0x10, 0x00, 0x01, 0x00, 0x00, 0x00,
    0x1a, 0x00, 0x10, 0x00, 0x01, 0x00, 0x00, 0x00, 0x32, 0x00, 0x00, 0x09, 0x42, 0x00, 0x10, 0x00,
    0x00, 0x00, 0x00, 0x00, 0x0a, 0x00, 0x10, 0x00, 0x01, 0x00, 0x00, 0x00, 0x2a, 0x00, 0x10, 0x00,
    0x00, 0x00, 0x00, 0x00, 0x01, 0x40, 0x00, 0x00, 0x00, 0x00, 0x80, 0xbf, 0x38, 0x20, 0x00, 0x09,
    0x12, 0x00, 0x10, 0x00, 0x01, 0x00, 0x00, 0x00, 0x2a, 0x00, 0x10, 0x80, 0x41, 0x00, 0x00, 0x00,
    0x00, 0x00, 0x00, 0x00, 0x0a, 0x80, 0x20, 0x00, 0x04, 0x00, 0x00, 0x00, 0x12, 0x00, 0x00, 0x00,
    0x00, 0x00, 0x00, 0x08, 0x42, 0x00, 0x10, 0x00, 0x00, 0x00, 0x00, 0x00, 0x2a, 0x00, 0x10, 0x00,
    0x00, 0x00, 0x00, 0x00, 0x2a, 0x80, 0x20, 0x00, 0x04, 0x00, 0x00, 0x00, 0x12, 0x00, 0x00, 0x00,
    0x38, 0x20, 0x00, 0x08, 0x42, 0x00, 0x10, 0x00, 0x00, 0x00, 0x00, 0x00, 0x2a, 0x00, 0x10, 0x00,
    0x00, 0x00, 0x00, 0x00, 0x0a, 0x80, 0x20, 0x00, 0x04, 0x00, 0x00, 0x00, 0x12, 0x00, 0x00, 0x00,
    0x36, 0x00, 0x00, 0x05, 0x12, 0x00, 0x10, 0x00, 0x02, 0x00, 0x00, 0x00, 0x01, 0x40, 0x00, 0x00,
    0x00, 0x00, 0x80, 0x3f, 0x43, 0x00, 0x00, 0x06, 0x22, 0x00, 0x10, 0x00, 0x01, 0x00, 0x00, 0x00,
    0x2a, 0x80, 0x20, 0x00, 0x04, 0x00, 0x00, 0x00, 0x05, 0x00, 0x00, 0x00, 0x00, 0x00, 0x00, 0x08,
    0x22, 0x00, 0x10, 0x00, 0x01, 0x00, 0x00, 0x00, 0x1a, 0x00, 0x10, 0x00, 0x01, 0x00, 0x00, 0x00,
    0x0a, 0x80, 0x20, 0x00, 0x01, 0x00, 0x00, 0x00, 0x1a, 0x00, 0x00, 0x00, 0x4a, 0x00, 0x00, 0x8d,
    0xc2, 0x00, 0x00, 0x80, 0x43, 0x55, 0x15, 0x00, 0xf2, 0x00, 0x10, 0x00, 0x03, 0x00, 0x00, 0x00,
    0x46, 0x10, 0x10, 0x00, 0x01, 0x00, 0x00, 0x00, 0x46, 0x7e, 0x10, 0x00, 0x00, 0x00, 0x00, 0x00,
    0x00, 0x60, 0x10, 0x00, 0x00, 0x00, 0x00, 0x00, 0x1a, 0x00, 0x10, 0x00, 0x01, 0x00, 0x00, 0x00,
    0x36, 0x00, 0x00, 0x05, 0x82, 0x00, 0x10, 0x00, 0x02, 0x00, 0x00, 0x00, 0x0a, 0x00, 0x10, 0x00,
    0x03, 0x00, 0x00, 0x00, 0x00, 0x00, 0x00, 0x08, 0xf2, 0x00, 0x10, 0x00, 0x02, 0x00, 0x00, 0x00,
    0x06, 0x0c, 0x10, 0x00, 0x02, 0x00, 0x00, 0x00, 0x46, 0x0e, 0x10, 0x80, 0x41, 0x00, 0x00, 0x00,
    0x03, 0x00, 0x00, 0x00, 0x32, 0x00, 0x00, 0x0a, 0xf2, 0x00, 0x10, 0x00, 0x02, 0x00, 0x00, 0x00,
    0x56, 0x85, 0x20, 0x00, 0x04, 0x00, 0x00, 0x00, 0x05, 0x00, 0x00, 0x00, 0x46, 0x0e, 0x10, 0x00,
    0x02, 0x00, 0x00, 0x00, 0x46, 0x0e, 0x10, 0x00, 0x03, 0x00, 0x00, 0x00, 0x39, 0x00, 0x00, 0x08,
    0x22, 0x00, 0x10, 0x00, 0x01, 0x00, 0x00, 0x00, 0x01, 0x40, 0x00, 0x00, 0x00, 0x00, 0x00, 0x00,
    0x1a, 0x80, 0x20, 0x00, 0x04, 0x00, 0x00, 0x00, 0x01, 0x00, 0x00, 0x00, 0x37, 0x00, 0x00, 0x0c,
    0xf2, 0x00, 0x10, 0x00, 0x03, 0x00, 0x00, 0x00, 0x56, 0x05, 0x10, 0x00, 0x01, 0x00, 0x00, 0x00,
    0x02, 0x40, 0x00, 0x00, 0x00, 0x00, 0x80, 0x3f, 0x00, 0x00, 0x80, 0x3f, 0x00, 0x00, 0x80, 0x3f,
    0x00, 0x00, 0x80, 0x3f, 0x46, 0x1e, 0x10, 0x00, 0x05, 0x00, 0x00, 0x00, 0x38, 0x00, 0x00, 0x08,
    0xf2, 0x00, 0x10, 0x00, 0x03, 0x00, 0x00, 0x00, 0x46, 0x0e, 0x10, 0x00, 0x03, 0x00, 0x00, 0x00,
    0x46, 0x8e, 0x20, 0x00, 0x04, 0x00, 0x00, 0x00, 0x04, 0x00, 0x00, 0x00, 0x38, 0x00, 0x00, 0x08,
    0xf2, 0x00, 0x10, 0x00, 0x03, 0x00, 0x00, 0x00, 0x46, 0x0e, 0x10, 0x00, 0x03, 0x00, 0x00, 0x00,
    0xa6, 0x8e, 0x20, 0x00, 0x04, 0x00, 0x00, 0x00, 0x01, 0x00, 0x00, 0x00, 0x38, 0x00, 0x00, 0x07,
    0xf2, 0x00, 0x10, 0x00, 0x02, 0x00, 0x00, 0x00, 0x46, 0x0e, 0x10, 0x00, 0x02, 0x00, 0x00, 0x00,
    0x46, 0x0e, 0x10, 0x00, 0x03, 0x00, 0x00, 0x00, 0x38, 0x00, 0x00, 0x07, 0xf2, 0x00, 0x10, 0x00,
    0x02, 0x00, 0x00, 0x00, 0xa6, 0x0a, 0x10, 0x00, 0x01, 0x00, 0x00, 0x00, 0x46, 0x0e, 0x10, 0x00,
    0x02, 0x00, 0x00, 0x00, 0x38, 0x00, 0x00, 0x07, 0x12, 0x00, 0x10, 0x00, 0x01, 0x00, 0x00, 0x00,
    0x0a, 0x00, 0x10, 0x00, 0x01, 0x00, 0x00, 0x00, 0x3a, 0x00, 0x10, 0x00, 0x02, 0x00, 0x00, 0x00,
    0x39, 0x00, 0x00, 0x08, 0x22, 0x00, 0x10, 0x00, 0x01, 0x00, 0x00, 0x00, 0x01, 0x40, 0x00, 0x00,
    0x00, 0x00, 0x00, 0x00, 0x1a, 0x80, 0x20, 0x00, 0x04, 0x00, 0x00, 0x00, 0x0f, 0x00, 0x00, 0x00,
    0x37, 0x20, 0x00, 0x09, 0x12, 0x00, 0x10, 0x00, 0x01, 0x00, 0x00, 0x00, 0x1a, 0x00, 0x10, 0x00,
    0x01, 0x00, 0x00, 0x00, 0x0a, 0x00, 0x10, 0x00, 0x01, 0x00, 0x00, 0x00, 0x3a, 0x00, 0x10, 0x00,
    0x02, 0x00, 0x00, 0x00, 0x38, 0x00, 0x00, 0x07, 0x22, 0x00, 0x10, 0x00, 0x00, 0x00, 0x00, 0x00,
    0x1a, 0x00, 0x10, 0x00, 0x00, 0x00, 0x00, 0x00, 0x0a, 0x00, 0x10, 0x00, 0x01, 0x00, 0x00, 0x00,
    0x38, 0x20, 0x00, 0x07, 0x22, 0x00, 0x10, 0x00, 0x00, 0x00, 0x00, 0x00, 0x3a, 0x00, 0x10, 0x00,
    0x00, 0x00, 0x00, 0x00, 0x1a, 0x00, 0x10, 0x00, 0x00, 0x00, 0x00, 0x00, 0x29, 0x00, 0x00, 0x07,
    0x82, 0x00, 0x10, 0x00, 0x00, 0x00, 0x00, 0x00, 0x0a, 0x10, 0x10, 0x00, 0x08, 0x00, 0x00, 0x00,
    0x01, 0x40, 0x00, 0x00, 0x04, 0x00, 0x00, 0x00, 0x00, 0x00, 0x00, 0x0b, 0x12, 0x00, 0x10, 0x00,
    0x01, 0x00, 0x00, 0x00, 0x01, 0x40, 0x00, 0x00, 0x00, 0x00, 0x80, 0x3f, 0x1a, 0x80, 0x20, 0x86,
    0x41, 0x00, 0x00, 0x00, 0x02, 0x00, 0x00, 0x00, 0x04, 0x00, 0x00, 0x00, 0x3a, 0x00, 0x10, 0x00,
    0x00, 0x00, 0x00, 0x00, 0x38, 0x00, 0x00, 0x07, 0x22, 0x00, 0x10, 0x00, 0x00, 0x00, 0x00, 0x00,
    0x1a, 0x00, 0x10, 0x00, 0x00, 0x00, 0x00, 0x00, 0x0a, 0x00, 0x10, 0x00, 0x01, 0x00, 0x00, 0x00,
    0x0f, 0x00, 0x00, 0x0a, 0x12, 0x00, 0x10, 0x00, 0x01, 0x00, 0x00, 0x00, 0x46, 0x10, 0x10, 0x00,
    0x00, 0x00, 0x00, 0x00, 0x02, 0x40, 0x00, 0x00, 0x43, 0x71, 0x89, 0x3d, 0x90, 0x45, 0xbf, 0x3b,
    0x00, 0x00, 0x00, 0x00, 0x00, 0x00, 0x00, 0x00, 0x1a, 0x00, 0x00, 0x05, 0x12, 0x00, 0x10, 0x00,
    0x01, 0x00, 0x00, 0x00, 0x0a, 0x00, 0x10, 0x00, 0x01, 0x00, 0x00, 0x00, 0x38, 0x00, 0x00, 0x07,
    0x12, 0x00, 0x10, 0x00, 0x01, 0x00, 0x00, 0x00, 0x0a, 0x00, 0x10, 0x00, 0x01, 0x00, 0x00, 0x00,
    0x01, 0x40, 0x00, 0x00, 0x82, 0xee, 0x53, 0x42, 0x1a, 0x00, 0x00, 0x05, 0x12, 0x00, 0x10, 0x00,
    0x01, 0x00, 0x00, 0x00, 0x0a, 0x00, 0x10, 0x00, 0x01, 0x00, 0x00, 0x00, 0x1d, 0x00, 0x00, 0x0a,
    0x42, 0x00, 0x10, 0x00, 0x01, 0x00, 0x00, 0x00, 0x0a, 0x80, 0x20, 0x06, 0x02, 0x00, 0x00, 0x00,
    0x04, 0x00, 0x00, 0x00, 0x3a, 0x00, 0x10, 0x00, 0x00, 0x00, 0x00, 0x00, 0x01, 0x40, 0x00, 0x00,
    0x00, 0x00, 0x00, 0x00, 0x37, 0x00, 0x00, 0x0a, 0x12, 0x00, 0x10, 0x00, 0x01, 0x00, 0x00, 0x00,
    0x2a, 0x00, 0x10, 0x00, 0x01, 0x00, 0x00, 0x00, 0x0a, 0x00, 0x10, 0x00, 0x01, 0x00, 0x00, 0x00,
    0x0a, 0x00, 0x10, 0x80, 0x41, 0x00, 0x00, 0x00, 0x01, 0x00, 0x00, 0x00, 0x00, 0x00, 0x00, 0x0b,
    0x82, 0x00, 0x10, 0x00, 0x00, 0x00, 0x00, 0x00, 0x0a, 0x00, 0x10, 0x80, 0x41, 0x00, 0x00, 0x00,
    0x01, 0x00, 0x00, 0x00, 0x0a, 0x80, 0x20, 0x06, 0x02, 0x00, 0x00, 0x00, 0x04, 0x00, 0x00, 0x00,
    0x3a, 0x00, 0x10, 0x00, 0x00, 0x00, 0x00, 0x00, 0x31, 0x00, 0x00, 0x07, 0x82, 0x00, 0x10, 0x00,
    0x00, 0x00, 0x00, 0x00, 0x01, 0x40, 0x00, 0x00, 0x00, 0x00, 0x00, 0x00, 0x3a, 0x00, 0x10, 0x00,
    0x00, 0x00, 0x00, 0x00, 0x00, 0x00, 0x00, 0x0c, 0x52, 0x00, 0x10, 0x00, 0x01, 0x00, 0x00, 0x00,
    0x02, 0x40, 0x00, 0x00, 0x00, 0x00, 0x80, 0x3f, 0x00, 0x00, 0x00, 0x00, 0x00, 0x00, 0x80, 0x3f,
    0x00, 0x00, 0x00, 0x00, 0x06, 0x81, 0x20, 0x80, 0x41, 0x00, 0x00, 0x00, 0x04, 0x00, 0x00, 0x00,
    0x00, 0x00, 0x00, 0x00, 0x37, 0x00, 0x00, 0x09, 0x82, 0x00, 0x10, 0x00, 0x00, 0x00, 0x00, 0x00,
    0x3a, 0x00, 0x10, 0x00, 0x00, 0x00, 0x00, 0x00, 0x01, 0x40, 0x00, 0x00, 0x00, 0x00, 0x80, 0x3f,
    0x0a, 0x00, 0x10, 0x00, 0x01, 0x00, 0x00, 0x00, 0x32, 0x00, 0x00, 0x0a, 0x12, 0x00, 0x10, 0x00,
    0x01, 0x00, 0x00, 0x00, 0x1a, 0x00, 0x10, 0x80, 0x41, 0x00, 0x00, 0x00, 0x00, 0x00, 0x00, 0x00,
    0x3a, 0x00, 0x10, 0x00, 0x00, 0x00, 0x00, 0x00, 0x01, 0x40, 0x00, 0x00, 0x00, 0x00, 0x80, 0x3f,
    0x38, 0x00, 0x00, 0x07, 0x22, 0x00, 0x10, 0x00, 0x00, 0x00, 0x00, 0x00, 0x3a, 0x00, 0x10, 0x00,
    0x00, 0x00, 0x00, 0x00, 0x1a, 0x00, 0x10, 0x00, 0x00, 0x00, 0x00, 0x00, 0x38, 0x00, 0x00, 0x08,
    0x72, 0x00, 0x10, 0x00, 0x03, 0x00, 0x00, 0x00, 0xa6, 0x0a, 0x10, 0x00, 0x00, 0x00, 0x00, 0x00,
    0x46, 0x82, 0x20, 0x00, 0x04, 0x00, 0x00, 0x00, 0x15, 0x00, 0x00, 0x00, 0x32, 0x00, 0x00, 0x0b,
    0x72, 0x00, 0x10, 0x00, 0x03, 0x00, 0x00, 0x00, 0x46, 0x02, 0x10, 0x00, 0x03, 0x00, 0x00, 0x00,
    0xa6, 0x8a, 0x20, 0x00, 0x04, 0x00, 0x00, 0x00, 0x01, 0x00, 0x00, 0x00, 0x46, 0x02, 0x10, 0x80,
    0x41, 0x00, 0x00, 0x00, 0x02, 0x00, 0x00, 0x00, 0x32, 0x00, 0x00, 0x09, 0x72, 0x00, 0x10, 0x00,
    0x03, 0x00, 0x00, 0x00, 0xa6, 0x0a, 0x10, 0x00, 0x00, 0x00, 0x00, 0x00, 0x46, 0x02, 0x10, 0x00,
    0x03, 0x00, 0x00, 0x00, 0x46, 0x02, 0x10, 0x00, 0x02, 0x00, 0x00, 0x00, 0x37, 0x00, 0x00, 0x09,
    0x72, 0x00, 0x10, 0x00, 0x02, 0x00, 0x00, 0x00, 0x56, 0x05, 0x10, 0x00, 0x01, 0x00, 0x00, 0x00,
    0x46, 0x02, 0x10, 0x00, 0x03, 0x00, 0x00, 0x00, 0x46, 0x02, 0x10, 0x00, 0x02, 0x00, 0x00, 0x00,
    0x00, 0x00, 0x00, 0x09, 0x72, 0x00, 0x10, 0x00, 0x03, 0x00, 0x00, 0x00, 0x46, 0x02, 0x10, 0x80,
    0x41, 0x00, 0x00, 0x00, 0x02, 0x00, 0x00, 0x00, 0x46, 0x82, 0x20, 0x00, 0x03, 0x00, 0x00, 0x00,
    0x00, 0x00, 0x00, 0x00, 0x32, 0x00, 0x00, 0x09, 0xd2, 0x00, 0x10, 0x00, 0x00, 0x00, 0x00, 0x00,
    0x06, 0x00, 0x10, 0x00, 0x00, 0x00, 0x00, 0x00, 0x06, 0x09, 0x10, 0x00, 0x03, 0x00, 0x00, 0x00,
    0x06, 0x09, 0x10, 0x00, 0x02, 0x00, 0x00, 0x00, 0x00, 0x00, 0x00, 0x09, 0x72, 0x00, 0x10, 0x00,
    0x02, 0x00, 0x00, 0x00, 0x86, 0x03, 0x10, 0x00, 0x00, 0x00, 0x00, 0x00, 0x56, 0x85, 0x20, 0x80,
    0x41, 0x00, 0x00, 0x00, 0x04, 0x00, 0x00, 0x00, 0x02, 0x00, 0x00, 0x00, 0x34, 0x00, 0x00, 0x0a,
    0x72, 0x00, 0x10, 0x00, 0x02, 0x00, 0x00, 0x00, 0x46, 0x02, 0x10, 0x00, 0x02, 0x00, 0x00, 0x00,
    0x02, 0x40, 0x00, 0x00, 0x00, 0x00, 0x00, 0x00, 0x00, 0x00, 0x00, 0x00, 0x00, 0x00, 0x00, 0x00,
    0x00, 0x00, 0x00, 0x00, 0x32, 0x00, 0x00, 0x0a, 0xd2, 0x00, 0x10, 0x00, 0x00, 0x00, 0x00, 0x00,
    0x06, 0x09, 0x10, 0x00, 0x02, 0x00, 0x00, 0x00, 0xa6, 0x8a, 0x20, 0x00, 0x04, 0x00, 0x00, 0x00,
    0x02, 0x00, 0x00, 0x00, 0x06, 0x0e, 0x10, 0x00, 0x00, 0x00, 0x00, 0x00, 0x00, 0x00, 0x00, 0x09,
    0x22, 0x00, 0x10, 0x00, 0x01, 0x00, 0x00, 0x00, 0x01, 0x40, 0x00, 0x00, 0x00, 0x00, 0x80, 0x3f,
    0x0a, 0x80, 0x20, 0x80, 0x41, 0x00, 0x00, 0x00, 0x04, 0x00, 0x00, 0x00, 0x03, 0x00, 0x00, 0x00,
    0x32, 0x00, 0x00, 0x0b, 0x22, 0x00, 0x10, 0x00, 0x01, 0x00, 0x00, 0x00, 0x1a, 0x80, 0x20, 0x00,
    0x01, 0x00, 0x00, 0x00, 0x1b, 0x00, 0x00, 0x00, 0x0a, 0x80, 0x20, 0x00, 0x04, 0x00, 0x00, 0x00,
    0x03, 0x00, 0x00, 0x00, 0x1a, 0x00, 0x10, 0x00, 0x01, 0x00, 0x00, 0x00, 0x38, 0x00, 0x00, 0x07,
    0xd2, 0x00, 0x10, 0x00, 0x00, 0x00, 0x00, 0x00, 0x06, 0x0e, 0x10, 0x00, 0x00, 0x00, 0x00, 0x00,
    0x56, 0x05, 0x10, 0x00, 0x01, 0x00, 0x00, 0x00, 0x34, 0x00, 0x00, 0x0a, 0xd2, 0x00, 0x10, 0x00,
    0x00, 0x00, 0x00, 0x00, 0x06, 0x0e, 0x10, 0x00, 0x00, 0x00, 0x00, 0x00, 0x02, 0x40, 0x00, 0x00,
    0x00, 0x00, 0x00, 0x00, 0x00, 0x00, 0x00, 0x00, 0x00, 0x00, 0x00, 0x00, 0x00, 0x00, 0x00, 0x00,
    0x33, 0x00, 0x00, 0x0a, 0xd2, 0x00, 0x10, 0x00, 0x00, 0x00, 0x00, 0x00, 0x06, 0x0e, 0x10, 0x00,
    0x00, 0x00, 0x00, 0x00, 0x02, 0x40, 0x00, 0x00, 0x00, 0x00, 0x7a, 0x44, 0x00, 0x00, 0x00, 0x00,
    0x00, 0x00, 0x7a, 0x44, 0x00, 0x00, 0x7a, 0x44, 0x32, 0x00, 0x00, 0x09, 0xb2, 0x00, 0x10, 0x00,
    0x01, 0x00, 0x00, 0x00, 0x86, 0x0c, 0x10, 0x00, 0x00, 0x00, 0x00, 0x00, 0x56, 0x05, 0x10, 0x00,
    0x00, 0x00, 0x00, 0x00, 0x06, 0x00, 0x10, 0x00, 0x01, 0x00, 0x00, 0x00, 0x38, 0x00, 0x00, 0x07,
    0x72, 0x00, 0x10, 0x00, 0x02, 0x00, 0x00, 0x00, 0x56, 0x05, 0x10, 0x00, 0x00, 0x00, 0x00, 0x00,
    0x86, 0x03, 0x10, 0x00, 0x00, 0x00, 0x00, 0x00, 0x10, 0x00, 0x00, 0x0a, 0x12, 0x00, 0x10, 0x00,
    0x00, 0x00, 0x00, 0x00, 0x86, 0x03, 0x10, 0x00, 0x00, 0x00, 0x00, 0x00, 0x02, 0x40, 0x00, 0x00,
    0xed, 0xc6, 0x59, 0x3e, 0x37, 0x14, 0x37, 0x3f, 0x7d, 0xd0, 0x93, 0x3d, 0x00, 0x00, 0x00, 0x00,
    0x38, 0x00, 0x00, 0x07, 0x12, 0x00, 0x10, 0x00, 0x00, 0x00, 0x00, 0x00, 0x1a, 0x00, 0x10, 0x00,
    0x00, 0x00, 0x00, 0x00, 0x0a, 0x00, 0x10, 0x00, 0x00, 0x00, 0x00, 0x00, 0x38, 0x00, 0x00, 0x07,
    0x22, 0x00, 0x10, 0x00, 0x00, 0x00, 0x00, 0x00, 0x2a, 0x00, 0x10, 0x00, 0x01, 0x00, 0x00, 0x00,
    0x1a, 0x00, 0x10, 0x00, 0x00, 0x00, 0x00, 0x00, 0x34, 0x00, 0x00, 0x07, 0x12, 0x00, 0x10, 0x00,
    0x00, 0x00, 0x00, 0x00, 0x1a, 0x00, 0x10, 0x00, 0x00, 0x00, 0x00, 0x00, 0x0a, 0x00, 0x10, 0x00,
    0x00, 0x00, 0x00, 0x00, 0x36, 0x00, 0x00, 0x05, 0x82, 0x20, 0x10, 0x00, 0x00, 0x00, 0x00, 0x00,
    0x1a, 0x00, 0x10, 0x00, 0x00, 0x00, 0x00, 0x00, 0x38, 0x20, 0x00, 0x07, 0x12, 0x00, 0x10, 0x00,
    0x00, 0x00, 0x00, 0x00, 0x0a, 0x00, 0x10, 0x00, 0x00, 0x00, 0x00, 0x00, 0x01, 0x40, 0x00, 0x00,
    0x00, 0x00, 0x20, 0x41, 0x31, 0x00, 0x00, 0x07, 0x12, 0x00, 0x10, 0x00, 0x00, 0x00, 0x00, 0x00,
    0x01, 0x40, 0x00, 0x00, 0x00, 0x00, 0x00, 0x3f, 0x0a, 0x00, 0x10, 0x00, 0x00, 0x00, 0x00, 0x00,
    0x01, 0x00, 0x00, 0x07, 0x12, 0x00, 0x10, 0x00, 0x00, 0x00, 0x00, 0x00, 0x0a, 0x00, 0x10, 0x00,
    0x00, 0x00, 0x00, 0x00, 0x01, 0x40, 0x00, 0x00, 0x00, 0x00, 0x80, 0x3f, 0x18, 0x00, 0x00, 0x08,
    0x22, 0x00, 0x10, 0x00, 0x00, 0x00, 0x00, 0x00, 0x01, 0x40, 0x00, 0x00, 0x00, 0x00, 0x00, 0x40,
    0x1a, 0x80, 0x20, 0x00, 0x04, 0x00, 0x00, 0x00, 0x00, 0x00, 0x00, 0x00, 0x37, 0x00, 0x00, 0x09,
    0xe2, 0x00, 0x10, 0x00, 0x00, 0x00, 0x00, 0x00, 0x56, 0x05, 0x10, 0x00, 0x00, 0x00, 0x00, 0x00,
    0x06, 0x0d, 0x10, 0x00, 0x01, 0x00, 0x00, 0x00, 0x06, 0x09, 0x10, 0x00, 0x02, 0x00, 0x00, 0x00,
    0x10, 0x00, 0x00, 0x0a, 0x12, 0x00, 0x10, 0x00, 0x01, 0x00, 0x00, 0x00, 0x96, 0x07, 0x10, 0x00,
    0x00, 0x00, 0x00, 0x00, 0x02, 0x40, 0x00, 0x00, 0xed, 0xc6, 0x59, 0x3e, 0x37, 0x14, 0x37, 0x3f,
    0x7d, 0xd0, 0x93, 0x3d, 0x00, 0x00, 0x00, 0x00, 0x00, 0x00, 0x00, 0x08, 0xe2, 0x00, 0x10, 0x00,
    0x01, 0x00, 0x00, 0x00, 0x56, 0x0e, 0x10, 0x00, 0x00, 0x00, 0x00, 0x00, 0x06, 0x00, 0x10, 0x80,
    0x41, 0x00, 0x00, 0x00, 0x01, 0x00, 0x00, 0x00, 0x32, 0x00, 0x00, 0x0a, 0x72, 0x00, 0x10, 0x00,
    0x01, 0x00, 0x00, 0x00, 0xf6, 0x8f, 0x20, 0x00, 0x01, 0x00, 0x00, 0x00, 0x68, 0x00, 0x00, 0x00,
    0x96, 0x07, 0x10, 0x00, 0x01, 0x00, 0x00, 0x00, 0x06, 0x00, 0x10, 0x00, 0x01, 0x00, 0x00, 0x00,
    0x38, 0x00, 0x00, 0x08, 0x72, 0x00, 0x10, 0x00, 0x01, 0x00, 0x00, 0x00, 0x46, 0x02, 0x10, 0x00,
    0x01, 0x00, 0x00, 0x00, 0x46, 0x82, 0x20, 0x00, 0x01, 0x00, 0x00, 0x00, 0x68, 0x00, 0x00, 0x00,
    0x00, 0x00, 0x00, 0x09, 0x82, 0x00, 0x10, 0x00, 0x01, 0x00, 0x00, 0x00, 0x01, 0x40, 0x00, 0x00,
    0x00, 0x00, 0x80, 0x3f, 0x3a, 0x80, 0x20, 0x80, 0x41, 0x00, 0x00, 0x00, 0x04, 0x00, 0x00, 0x00,
    0x02, 0x00, 0x00, 0x00, 0x38, 0x00, 0x00, 0x07, 0xe2, 0x00, 0x10, 0x00, 0x00, 0x00, 0x00, 0x00,
    0x56, 0x0e, 0x10, 0x00, 0x00, 0x00, 0x00, 0x00, 0xf6, 0x0f, 0x10, 0x00, 0x01, 0x00, 0x00, 0x00,
    0x32, 0x00, 0x00, 0x0a, 0x72, 0x20, 0x10, 0x00, 0x00, 0x00, 0x00, 0x00, 0x46, 0x02, 0x10, 0x00,
    0x01, 0x00, 0x00, 0x00, 0xf6, 0x8f, 0x20, 0x00, 0x04, 0x00, 0x00, 0x00, 0x02, 0x00, 0x00, 0x00,
    0x96, 0x07, 0x10, 0x00, 0x00, 0x00, 0x00, 0x00, 0x38, 0x00, 0x00, 0x09, 0x22, 0x00, 0x10, 0x00,
    0x00, 0x00, 0x00, 0x00, 0x0a, 0x80, 0x20, 0x00, 0x04, 0x00, 0x00, 0x00, 0x00, 0x00, 0x00, 0x00,
    0x2a, 0x80, 0x20, 0x00, 0x04, 0x00, 0x00, 0x00, 0x00, 0x00, 0x00, 0x00, 0x38, 0x00, 0x00, 0x07,
    0x82, 0x20, 0x10, 0x00, 0x01, 0x00, 0x00, 0x00, 0x0a, 0x00, 0x10, 0x00, 0x00, 0x00, 0x00, 0x00,
    0x1a, 0x00, 0x10, 0x00, 0x00, 0x00, 0x00, 0x00, 0x34, 0x00, 0x00, 0x07, 0x12, 0x00, 0x10, 0x00,
    0x00, 0x00, 0x00, 0x00, 0x2a, 0x10, 0x10, 0x00, 0x06, 0x00, 0x00, 0x00, 0x01, 0x40, 0x00, 0x00,
    0x77, 0xcc, 0x2b, 0x32, 0x0e, 0x00, 0x00, 0x07, 0x32, 0x00, 0x10, 0x00, 0x00, 0x00, 0x00, 0x00,
    0x46, 0x10, 0x10, 0x00, 0x06, 0x00, 0x00, 0x00, 0x06, 0x00, 0x10, 0x00, 0x00, 0x00, 0x00, 0x00,
    0x34, 0x00, 0x00, 0x07, 0x42, 0x00, 0x10, 0x00, 0x00, 0x00, 0x00, 0x00, 0x2a, 0x10, 0x10, 0x00,
    0x07, 0x00, 0x00, 0x00, 0x01, 0x40, 0x00, 0x00, 0x77, 0xcc, 0x2b, 0x32, 0x0e, 0x00, 0x00, 0x07,
    0xc2, 0x00, 0x10, 0x00, 0x00, 0x00, 0x00, 0x00, 0x06, 0x14, 0x10, 0x00, 0x07, 0x00, 0x00, 0x00,
    0xa6, 0x0a, 0x10, 0x00, 0x00, 0x00, 0x00, 0x00, 0x00, 0x00, 0x00, 0x08, 0x32, 0x00, 0x10, 0x00,
    0x00, 0x00, 0x00, 0x00, 0xe6, 0x0a, 0x10, 0x80, 0x41, 0x00, 0x00, 0x00, 0x00, 0x00, 0x00, 0x00,
    0x46, 0x00, 0x10, 0x00, 0x00, 0x00, 0x00, 0x00, 0x36, 0x00, 0x00, 0x06, 0x42, 0x00, 0x10, 0x00,
    0x00, 0x00, 0x00, 0x00, 0x1a, 0x00, 0x10, 0x80, 0x41, 0x00, 0x00, 0x00, 0x00, 0x00, 0x00, 0x00,
    0x31, 0x00, 0x00, 0x0a, 0x32, 0x00, 0x10, 0x00, 0x01, 0x00, 0x00, 0x00, 0x02, 0x40, 0x00, 0x00,
    0x00, 0x00, 0x00, 0x00, 0x00, 0x00, 0x00, 0x00, 0x00, 0x00, 0x00, 0x00, 0x00, 0x00, 0x00, 0x00,
    0x86, 0x00, 0x10, 0x00, 0x00, 0x00, 0x00, 0x00, 0x31, 0x00, 0x00, 0x0a, 0xc2, 0x00, 0x10, 0x00,
    0x00, 0x00, 0x00, 0x00, 0x06, 0x08, 0x10, 0x00, 0x00, 0x00, 0x00, 0x00, 0x02, 0x40, 0x00, 0x00,
    0x00, 0x00, 0x00, 0x00, 0x00, 0x00, 0x00, 0x00, 0x00, 0x00, 0x00, 0x00, 0x00, 0x00, 0x00, 0x00,
    0x38, 0x00, 0x00, 0x0a, 0x32, 0x00, 0x10, 0x00, 0x00, 0x00, 0x00, 0x00, 0x46, 0x00, 0x10, 0x00,
    0x00, 0x00, 0x00, 0x00, 0x02, 0x40, 0x00, 0x00, 0x00, 0x00, 0x00, 0x3f, 0x00, 0x00, 0x00, 0xbf,
    0x00, 0x00, 0x00, 0x00, 0x00, 0x00, 0x00, 0x00, 0x4b, 0x00, 0x00, 0x06, 0x32, 0x00, 0x10, 0x00,
    0x00, 0x00, 0x00, 0x00, 0x46, 0x00, 0x10, 0x80, 0x81, 0x00, 0x00, 0x00, 0x00, 0x00, 0x00, 0x00,
    0x4b, 0x00, 0x00, 0x05, 0x32, 0x00, 0x10, 0x00, 0x00, 0x00, 0x00, 0x00, 0x46, 0x00, 0x10, 0x00,
    0x00, 0x00, 0x00, 0x00, 0x1e, 0x00, 0x00, 0x08, 0xc2, 0x00, 0x10, 0x00, 0x00, 0x00, 0x00, 0x00,
    0x06, 0x04, 0x10, 0x80, 0x41, 0x00, 0x00, 0x00, 0x01, 0x00, 0x00, 0x00, 0xa6, 0x0e, 0x10, 0x00,
    0x00, 0x00, 0x00, 0x00, 0x2b, 0x00, 0x00, 0x05, 0xc2, 0x00, 0x10, 0x00, 0x00, 0x00, 0x00, 0x00,
    0xa6, 0x0e, 0x10, 0x00, 0x00, 0x00, 0x00, 0x00, 0x38, 0x00, 0x00, 0x07, 0x32, 0x00, 0x10, 0x00,
    0x00, 0x00, 0x00, 0x00, 0xe6, 0x0a, 0x10, 0x00, 0x00, 0x00, 0x00, 0x00, 0x46, 0x00, 0x10, 0x00,
    0x00, 0x00, 0x00, 0x00, 0x32, 0x00, 0x00, 0x0f, 0x32, 0x00, 0x10, 0x00, 0x00, 0x00, 0x00, 0x00,
    0x46, 0x00, 0x10, 0x00, 0x00, 0x00, 0x00, 0x00, 0x02, 0x40, 0x00, 0x00, 0x00, 0x00, 0x00, 0x3f,
    0x00, 0x00, 0x00, 0x3f, 0x00, 0x00, 0x00, 0x00, 0x00, 0x00, 0x00, 0x00, 0x02, 0x40, 0x00, 0x00,
    0x00, 0x00, 0x00, 0x3f, 0x00, 0x00, 0x00, 0x3f, 0x00, 0x00, 0x00, 0x00, 0x00, 0x00, 0x00, 0x00,
    0x00, 0x00, 0x00, 0x0a, 0x42, 0x00, 0x10, 0x00, 0x00, 0x00, 0x00, 0x00, 0x0a, 0x80, 0x20, 0x80,
    0x41, 0x00, 0x00, 0x00, 0x04, 0x00, 0x00, 0x00, 0x00, 0x00, 0x00, 0x00, 0x3a, 0x80, 0x20, 0x00,
    0x04, 0x00, 0x00, 0x00, 0x00, 0x00, 0x00, 0x00, 0x00, 0x20, 0x00, 0x07, 0x42, 0x00, 0x10, 0x00,
    0x00, 0x00, 0x00, 0x00, 0x2a, 0x00, 0x10, 0x00, 0x00, 0x00, 0x00, 0x00, 0x01, 0x40, 0x00, 0x00,
    0x00, 0x00, 0x80, 0x3f, 0x31, 0x00, 0x00, 0x07, 0x42, 0x00, 0x10, 0x00, 0x00, 0x00, 0x00, 0x00,
    0x01, 0x40, 0x00, 0x00, 0x00, 0x00, 0x00, 0x3f, 0x2a, 0x00, 0x10, 0x00, 0x00, 0x00, 0x00, 0x00,
    0x01, 0x00, 0x00, 0x07, 0x32, 0x00, 0x10, 0x00, 0x00, 0x00, 0x00, 0x00, 0x46, 0x00, 0x10, 0x00,
    0x00, 0x00, 0x00, 0x00, 0xa6, 0x0a, 0x10, 0x00, 0x00, 0x00, 0x00, 0x00, 0x33, 0x00, 0x00, 0x0a,
    0x32, 0x20, 0x10, 0x00, 0x01, 0x00, 0x00, 0x00, 0x46, 0x00, 0x10, 0x00, 0x00, 0x00, 0x00, 0x00,
    0x02, 0x40, 0x00, 0x00, 0x00, 0x00, 0x80, 0x3f, 0x00, 0x00, 0x80, 0x3f, 0x00, 0x00, 0x00, 0x00,
    0x00, 0x00, 0x00, 0x00, 0x36, 0x00, 0x00, 0x05, 0x42, 0x20, 0x10, 0x00, 0x01, 0x00, 0x00, 0x00,
    0x01, 0x40, 0x00, 0x00, 0x00, 0x00, 0x80, 0x3f, 0x3e, 0x00, 0x00, 0x01,
};
inline constexpr std::size_t g_EndfieldM21PeakPixelDxbcSize = sizeof(g_EndfieldM21PeakPixelDxbc);

inline constexpr std::uint8_t g_EndfieldM21PeakVertices[] = {
    0x8c, 0x29, 0x96, 0xc3, 0x09, 0x9c, 0x96, 0x43, 0x3b, 0xe3, 0x95, 0xc3, 0xb6, 0xb0, 0xfb, 0x3e,
    0x44, 0x73, 0x33, 0x3f, 0x5b, 0x46, 0x04, 0x3f, 0xe4, 0x06, 0x0b, 0x3f, 0x23, 0x44, 0x5e, 0x3e,
    0x3f, 0xa7, 0x4f, 0xbf, 0x00, 0x00, 0x80, 0xbf, 0x9f, 0x9f, 0x9f, 0xff, 0xf6, 0xb4, 0x13, 0x3f,
    0xb0, 0xcb, 0x04, 0x3f, 0x01, 0x29, 0x96, 0xc3, 0xfd, 0x9b, 0x96, 0x43, 0x4f, 0xe3, 0x95, 0xc3,
    0xb6, 0xb0, 0xfb, 0x3e, 0x44, 0x73, 0x33, 0x3f, 0x5b, 0x46, 0x04, 0x3f, 0xe4, 0x06, 0x0b, 0x3f,
    0x23, 0x44, 0x5e, 0x3e, 0x3f, 0xa7, 0x4f, 0xbf, 0x00, 0x00, 0x80, 0xbf, 0x9f, 0x9f, 0x9f, 0xff,
    0xd5, 0xb2, 0x19, 0x3f, 0xbc, 0x58, 0x08, 0x3f, 0x34, 0x29, 0x96, 0xc3, 0x40, 0x9c, 0x96, 0x43,
    0x7a, 0xe3, 0x95, 0xc3, 0xb6, 0xb0, 0xfb, 0x3e, 0x44, 0x73, 0x33, 0x3f, 0x5b, 0x46, 0x04, 0x3f,
    0xe4, 0x06, 0x0b, 0x3f, 0x29, 0x44, 0x5e, 0x3e, 0x3f, 0xa7, 0x4f, 0xbf, 0x00, 0x00, 0x80, 0xbf,
    0x9f, 0x9f, 0x9f, 0xff, 0xec, 0x50, 0x19, 0x3f, 0xbd, 0xfe, 0x04, 0x3f, 0xe4, 0x28, 0x96, 0xc3,
    0x93, 0x9b, 0x96, 0x43, 0xf8, 0xe3, 0x95, 0xc3, 0x90, 0x2b, 0x2c, 0x3d, 0xd8, 0xf8, 0x6b, 0xbf,
    0x53, 0x5b, 0xc5, 0x3e, 0xbc, 0x6e, 0x0f, 0x3f, 0x2f, 0x6a, 0x98, 0xbe, 0xac, 0xe0, 0x45, 0xbf,
    0x00, 0x00, 0x80, 0xbf, 0x9f, 0x9f, 0x9f, 0xff, 0x41, 0x7d, 0x27, 0x3f, 0x81, 0x96, 0x0a, 0x3f,
    0x09, 0x29, 0x96, 0xc3, 0xb8, 0x9b, 0x96, 0x43, 0x8c, 0xe3, 0x95, 0xc3, 0x90, 0x2b, 0x2c, 0x3d,
    0xd8, 0xf8, 0x6b, 0xbf, 0x53, 0x5b, 0xc5, 0x3e, 0xbc, 0x6e, 0x0f, 0x3f, 0x2f, 0x6a, 0x98, 0xbe,
    0xac, 0xe0, 0x45, 0xbf, 0x00, 0x00, 0x80, 0xbf, 0x9f, 0x9f, 0x9f, 0xff, 0xb4, 0xe7, 0x1e, 0x3f,
    0xbb, 0x63, 0x09, 0x3f, 0x7c, 0x29, 0x96, 0xc3, 0xb6, 0x9b, 0x96, 0x43, 0x87, 0xe3, 0x95, 0xc3,
    0x90, 0x2b, 0x2c, 0x3d, 0xd8, 0xf8, 0x6b, 0xbf, 0x53, 0x5b, 0xc5, 0x3e, 0xbc, 0x6e, 0x0f, 0x3f,
    0x30, 0x6a, 0x98, 0xbe, 0xac, 0xe0, 0x45, 0xbf, 0x00, 0x00, 0x80, 0xbf, 0x9f, 0x9f, 0x9f, 0xff,
    0xdc, 0x84, 0x17, 0x3f, 0x50, 0xc6, 0x0c, 0x3f, 0x33, 0x29, 0x96, 0xc3, 0x03, 0x9c, 0x96, 0x43,
    0x45, 0xe4, 0x95, 0xc3, 0x3e, 0x73, 0x43, 0xbf, 0x31, 0x8d, 0x84, 0x3e, 0xff, 0x77, 0x17, 0xbf,
    0xc9, 0xef, 0x1e, 0x3f, 0x7a, 0x58, 0x2b, 0x3d, 0x9a, 0x66, 0x48, 0xbf, 0x00, 0x00, 0x80, 0xbf,
    0x9f, 0x9f, 0x9f, 0xff, 0x23, 0x12, 0x25, 0x3f, 0x20, 0x42, 0xfc, 0x3e, 0x7a, 0x29, 0x96, 0xc3,
    0xf4, 0x9b, 0x96, 0x43, 0x23, 0xe4, 0x95, 0xc3, 0x3d, 0x73, 0x43, 0xbf, 0x32, 0x8d, 0x84, 0x3e,
    0xff, 0x77, 0x17, 0xbf, 0xc8, 0xef, 0x1e, 0x3f, 0x7c, 0x58, 0x2b, 0x3d, 0x9b, 0x66, 0x48, 0xbf,
    0x00, 0x00, 0x80, 0xbf, 0x9f, 0x9f, 0x9f, 0xff, 0x03, 0x24, 0x1e, 0x3f, 0xa6, 0xee, 0xfa, 0x3e,
    0x9a, 0x29, 0x96, 0xc3, 0x4d, 0x9c, 0x96, 0x43, 0xcd, 0xe3, 0x95, 0xc3, 0x3e, 0x73, 0x43, 0xbf,
    0x30, 0x8d, 0x84, 0x3e, 0xff, 0x77, 0x17, 0xbf, 0xc8, 0xef, 0x1e, 0x3f, 0x77, 0x58, 0x2b, 0x3d,
    0x9b, 0x66, 0x48, 0xbf, 0x00, 0x00, 0x80, 0xbf, 0x9f, 0x9f, 0x9f, 0xff, 0x87, 0xfe, 0x19, 0x3f,
    0x5e, 0x81, 0x00, 0x3f, 0xe4, 0x28, 0x96, 0xc3, 0x93, 0x9b, 0x96, 0x43, 0xf8, 0xe3, 0x95, 0xc3,
    0x32, 0x29, 0x00, 0xbf, 0xaa, 0x7f, 0x4c, 0xbf, 0x94, 0xc6, 0xaa, 0xbe, 0x31, 0xac, 0x4f, 0x3f,
    0x95, 0xcc, 0x98, 0xbe, 0xad, 0xba, 0x00, 0xbf, 0x00, 0x00, 0x80, 0xbf, 0x9f, 0x9f, 0x9f, 0xff,
    0x9b, 0x39, 0x28, 0x3f, 0xd8, 0x80, 0xf0, 0x3e, 0x54, 0x29, 0x96, 0xc3, 0xa2, 0x9b, 0x96, 0x43,
    0xc4, 0xe3, 0x95, 0xc3, 0x32, 0x29, 0x00, 0xbf, 0xaa, 0x7f, 0x4c, 0xbf, 0x94, 0xc6, 0xaa, 0xbe,
    0x31, 0xac, 0x4f, 0x3f, 0x97, 0xcc, 0x98, 0xbe, 0xad, 0xba, 0x00, 0xbf, 0x00, 0x00, 0x80, 0xbf,
    0x9f, 0x9f, 0x9f, 0xff, 0x43, 0x75, 0x1b, 0x3f, 0x6b, 0x82, 0xf0, 0x3e, 0x33, 0x29, 0x96, 0xc3,
    0x03, 0x9c, 0x96, 0x43, 0x45, 0xe4, 0x95, 0xc3, 0x32, 0x29, 0x00, 0xbf, 0xaa, 0x7f, 0x4c, 0xbf,
    0x94, 0xc6, 0xaa, 0xbe, 0x31, 0xac, 0x4f, 0x3f, 0x96, 0xcc, 0x98, 0xbe, 0xad, 0xba, 0x00, 0xbf,
    0x00, 0x00, 0x80, 0xbf, 0x9f, 0x9f, 0x9f, 0xff, 0x23, 0x12, 0x25, 0x3f, 0x20, 0x42, 0xfc, 0x3e,
    0x33, 0x29, 0x96, 0xc3, 0x03, 0x9c, 0x96, 0x43, 0x45, 0xe4, 0x95, 0xc3, 0x00, 0x39, 0xb3, 0x3d,
    0x84, 0xc8, 0x6b, 0x3f, 0xc1, 0x52, 0xc2, 0xbe, 0xbb, 0xa1, 0x0d, 0x3f, 0x6e, 0x3a, 0xb9, 0xbe,
    0x64, 0x17, 0x40, 0xbf, 0x00, 0x00, 0x80, 0xbf, 0x9f, 0x9f, 0x9f, 0xff, 0x23, 0x12, 0x25, 0x3f,
    0x20, 0x42, 0xfc, 0x3e, 0x0f, 0x29, 0x96, 0xc3, 0x63, 0x9c, 0x96, 0x43, 0xd9, 0xe3, 0x95, 0xc3,
    0x00, 0x39, 0xb3, 0x3d, 0x84, 0xc8, 0x6b, 0x3f, 0xc1, 0x52, 0xc2, 0xbe, 0xb9, 0xa1, 0x0d, 0x3f,
    0x6f, 0x3a, 0xb9, 0xbe, 0x63, 0x17, 0x40, 0xbf, 0x00, 0x00, 0x80, 0xbf, 0x9f, 0x9f, 0x9f, 0xff,
    0x39, 0x7c, 0x1e, 0x3f, 0xa0, 0xff, 0x02, 0x3f, 0xcf, 0x28, 0x96, 0xc3, 0x1c, 0x9c, 0x96, 0x43,
    0x2b, 0xe4, 0x95, 0xc3, 0x0c, 0x39, 0xb3, 0x3d, 0x84, 0xc8, 0x6b, 0x3f, 0xbf, 0x52, 0xc2, 0xbe,
    0xba, 0xa1, 0x0d, 0x3f, 0x6f, 0x3a, 0xb9, 0xbe, 0x63, 0x17, 0x40, 0xbf, 0x00, 0x00, 0x80, 0xbf,
    0x9f, 0x9f, 0x9f, 0xff, 0x91, 0x47, 0x28, 0x3f, 0x43, 0xe6, 0x02, 0x3f, 0x09, 0x29, 0x96, 0xc3,
    0xb8, 0x9b, 0x96, 0x43, 0x8c, 0xe3, 0x95, 0xc3, 0xb4, 0x65, 0x4c, 0x3f, 0x49, 0xe0, 0x47, 0xbe,
    0xa2, 0xcf, 0x11, 0x3f, 0xca, 0xef, 0x05, 0x3f, 0xf3, 0x14, 0x79, 0xbe, 0x7f, 0x17, 0x51, 0xbf,
    0x00, 0x00, 0x80, 0xbf, 0x9f, 0x9f, 0x9f, 0xff, 0xb4, 0xe7, 0x1e, 0x3f, 0xbb, 0x63, 0x09, 0x3f,
    0xbe, 0x28, 0x96, 0xc3, 0x9b, 0x9b, 0x96, 0x43, 0x0a, 0xe4, 0x95, 0xc3, 0xb4, 0x65, 0x4c, 0x3f,
    0x49, 0xe0, 0x47, 0xbe, 0xa2, 0xcf, 0x11, 0x3f, 0xca, 0xef, 0x05, 0x3f, 0xf3, 0x14, 0x79, 0xbe,
    0x7f, 0x17, 0x51, 0xbf, 0x00, 0x00, 0x80, 0xbf, 0x9f, 0x9f, 0x9f, 0xff, 0xd5, 0x04, 0x29, 0x3f,
    0x2d, 0x27, 0x09, 0x3f, 0xe8, 0x28, 0x96, 0xc3, 0xf6, 0x9b, 0x96, 0x43, 0xb0, 0xe3, 0x95, 0xc3,
    0xb4, 0x65, 0x4c, 0x3f, 0x49, 0xe0, 0x47, 0xbe, 0xa2, 0xcf, 0x11, 0x3f, 0xc9, 0xef, 0x05, 0x3f,
    0xf1, 0x14, 0x79, 0xbe, 0x80, 0x17, 0x51, 0xbf, 0x00, 0x00, 0x80, 0xbf, 0x9f, 0x9f, 0x9f, 0xff,
    0xe5, 0x9d, 0x23, 0x3f, 0xac, 0xe5, 0x06, 0x3f, 0x33, 0x29, 0x96, 0xc3, 0x03, 0x9c, 0x96, 0x43,
    0x45, 0xe4, 0x95, 0xc3, 0x9b, 0xef, 0x0e, 0x3e, 0x32, 0x45, 0x41, 0x3f, 0x91, 0x07, 0x24, 0xbf,
    0x29, 0x1c, 0x10, 0x3f, 0x7a, 0xc4, 0x17, 0xbf, 0x85, 0x6d, 0x13, 0xbf, 0x00, 0x00, 0x80, 0xbf,
    0x9f, 0x9f, 0x9f, 0xff, 0x23, 0x12, 0x25, 0x3f, 0x20, 0x42, 0xfc, 0x3e, 0xcf, 0x28, 0x96, 0xc3,
    0x1c, 0x9c, 0x96, 0x43, 0x2b, 0xe4, 0x95, 0xc3, 0x9d, 0xef, 0x0e, 0x3e, 0x32, 0x45, 0x41, 0x3f,
    0x90, 0x07, 0x24, 0xbf, 0x29, 0x1c, 0x10, 0x3f, 0x79, 0xc4, 0x17, 0xbf, 0x85, 0x6d, 0x13, 0xbf,
    0x00, 0x00, 0x80, 0xbf, 0x9f, 0x9f, 0x9f, 0xff, 0x91, 0x47, 0x28, 0x3f, 0x43, 0xe6, 0x02, 0x3f,
    0xd9, 0x28, 0x96, 0xc3, 0xd3, 0x9b, 0x96, 0x43, 0x67, 0xe4, 0x95, 0xc3, 0x9b, 0xef, 0x0e, 0x3e,
    0x32, 0x45, 0x41, 0x3f, 0x90, 0x07, 0x24, 0xbf, 0x28, 0x1c, 0x10, 0x3f, 0x7b, 0xc4, 0x17, 0xbf,
    0x85, 0x6d, 0x13, 0xbf, 0x00, 0x00, 0x80, 0xbf, 0x9f, 0x9f, 0x9f, 0xff, 0x90, 0x86, 0x2b, 0x3f,
    0x79, 0x22, 0x00, 0x3f, 0xa0, 0x29, 0x96, 0xc3, 0x20, 0x9c, 0x96, 0x43, 0x43, 0xe3, 0x95, 0xc3,
    0xc5, 0xd6, 0x70, 0xbf, 0xda, 0x81, 0x98, 0x3e, 0xaa, 0xcb, 0x25, 0xbe, 0xb9, 0x1e, 0xa2, 0x3e,
    0x57, 0xf0, 0x19, 0x3f, 0x51, 0xcc, 0x3b, 0xbf, 0x00, 0x00, 0x80, 0xbf, 0x9f, 0x9f, 0x9f, 0xff,
    0x8c, 0xf7, 0x13, 0x3f, 0x39, 0x7b, 0x03, 0x3f, 0x9a, 0x29, 0x96, 0xc3, 0x4d, 0x9c, 0x96, 0x43,
    0xcd, 0xe3, 0x95, 0xc3, 0xc5, 0xd6, 0x70, 0xbf, 0xda, 0x81, 0x98, 0x3e, 0xa2, 0xcb, 0x25, 0xbe,
    0xb7, 0x1e, 0xa2, 0x3e, 0x58, 0xf0, 0x19, 0x3f, 0x51, 0xcc, 0x3b, 0xbf, 0x00, 0x00, 0x80, 0xbf,
    0x9f, 0x9f, 0x9f, 0xff, 0x87, 0xfe, 0x19, 0x3f, 0x5e, 0x81, 0x00, 0x3f, 0xb6, 0x29, 0x96, 0xc3,
    0xfc, 0x9b, 0x96, 0x43, 0xb7, 0xe3, 0x95, 0xc3, 0xc5, 0xd6, 0x70, 0xbf, 0xdb, 0x81, 0x98, 0x3e,
    0xa7, 0xcb, 0x25, 0xbe, 0xb7, 0x1e, 0xa2, 0x3e, 0x58, 0xf0, 0x19, 0x3f, 0x51, 0xcc, 0x3b, 0xbf,
    0x00, 0x00, 0x80, 0xbf, 0x9f, 0x9f, 0x9f, 0xff, 0xc5, 0x3b, 0x18, 0x3f, 0x2d, 0xcf, 0xfb, 0x3e,
    0x8c, 0x29, 0x96, 0xc3, 0x09, 0x9c, 0x96, 0x43, 0x3b, 0xe3, 0x95, 0xc3, 0x81, 0x42, 0xde, 0xbc,
    0xfa, 0xa3, 0x42, 0xbf, 0x1a, 0x24, 0x26, 0x3f, 0x46, 0xd2, 0x7a, 0x3f, 0xba, 0x4d, 0xde, 0x3d,
    0x6a, 0x29, 0x2c, 0x3e, 0x00, 0x00, 0x80, 0xbf, 0x9f, 0x9f, 0x9f, 0xff, 0xf6, 0xb4, 0x13, 0x3f,
    0xb0, 0xcb, 0x04, 0x3f, 0x7c, 0x29, 0x96, 0xc3, 0xb6, 0x9b, 0x96, 0x43, 0x87, 0xe3, 0x95, 0xc3,
    0x61, 0x42, 0xde, 0xbc, 0xfb, 0xa3, 0x42, 0xbf, 0x19, 0x24, 0x26, 0x3f, 0x46, 0xd2, 0x7a, 0x3f,
    0xc2, 0x4d, 0xde, 0x3d, 0x66, 0x29, 0x2c, 0x3e, 0x00, 0x00, 0x80, 0xbf, 0x9f, 0x9f, 0x9f, 0xff,
    0xdc, 0x84, 0x17, 0x3f, 0x50, 0xc6, 0x0c, 0x3f, 0x01, 0x29, 0x96, 0xc3, 0xfd, 0x9b, 0x96, 0x43,
    0x4f, 0xe3, 0x95, 0xc3, 0x70, 0x42, 0xde, 0xbc, 0xfb, 0xa3, 0x42, 0xbf, 0x19, 0x24, 0x26, 0x3f,
    0x46, 0xd2, 0x7a, 0x3f, 0xb9, 0x4d, 0xde, 0x3d, 0x66, 0x29, 0x2c, 0x3e, 0x00, 0x00, 0x80, 0xbf,
    0x9f, 0x9f, 0x9f, 0xff, 0xd5, 0xb2, 0x19, 0x3f, 0xbc, 0x58, 0x08, 0x3f, 0x7c, 0x29, 0x96, 0xc3,
    0xb6, 0x9b, 0x96, 0x43, 0x87, 0xe3, 0x95, 0xc3, 0x90, 0xd3, 0x42, 0xbf, 0x2c, 0xf1, 0x25, 0xbf,
    0x37, 0x28, 0xcf, 0x3c, 0x2e, 0xba, 0xc9, 0xbe, 0xf2, 0x9f, 0xdc, 0x3e, 0xbc, 0xd4, 0x4f, 0xbf,
    0x00, 0x00, 0x80, 0xbf, 0x9f, 0x9f, 0x9f, 0xff, 0x62, 0xa1, 0x16, 0x3f, 0x1a, 0x14, 0xf5, 0x3e,
    0xaa, 0x29, 0x96, 0xc3, 0x04, 0x9c, 0x96, 0x43, 0x4d, 0xe3, 0x95, 0xc3, 0x8f, 0xd3, 0x42, 0xbf,
    0x2d, 0xf1, 0x25, 0xbf, 0x50, 0x28, 0xcf, 0x3c, 0x2e, 0xba, 0xc9, 0xbe, 0xf2, 0x9f, 0xdc, 0x3e,
    0xbc, 0xd4, 0x4f, 0xbf, 0x00, 0x00, 0x80, 0xbf, 0x9f, 0x9f, 0x9f, 0xff, 0x5d, 0x6f, 0x13, 0x3f,
    0x9a, 0x5e, 0x02, 0x3f, 0xb6, 0x29, 0x96, 0xc3, 0xfc, 0x9b, 0x96, 0x43, 0xb7, 0xe3, 0x95, 0xc3,
    0x90, 0xd3, 0x42, 0xbf, 0x2c, 0xf1, 0x25, 0xbf, 0x37, 0x28, 0xcf, 0x3c, 0x2e, 0xba, 0xc9, 0xbe,
    0xf2, 0x9f, 0xdc, 0x3e, 0xbc, 0xd4, 0x4f, 0xbf, 0x00, 0x00, 0x80, 0xbf, 0x9f, 0x9f, 0x9f, 0xff,
    0xc5, 0x3b, 0x18, 0x3f, 0x2d, 0xcf, 0xfb, 0x3e, 0x54, 0x29, 0x96, 0xc3, 0xa2, 0x9b, 0x96, 0x43,
    0xc4, 0xe3, 0x95, 0xc3, 0xd7, 0x3b, 0x20, 0xbf, 0x79, 0x9f, 0x32, 0xbf, 0xba, 0x61, 0xb2, 0xbe,
    0x93, 0xc6, 0x3c, 0x3f, 0xcf, 0xa0, 0xc4, 0xbe, 0x24, 0x3f, 0x0e, 0xbf, 0x00, 0x00, 0x80, 0xbf,
    0x9f, 0x9f, 0x9f, 0xff, 0x43, 0x75, 0x1b, 0x3f, 0x6b, 0x82, 0xf0, 0x3e, 0x7a, 0x29, 0x96, 0xc3,
    0xf4, 0x9b, 0x96, 0x43, 0x23, 0xe4, 0x95, 0xc3, 0xd7, 0x3b, 0x20, 0xbf, 0x79, 0x9f, 0x32, 0xbf,
    0xba, 0x61, 0xb2, 0xbe, 0x93, 0xc6, 0x3c, 0x3f, 0xcf, 0xa0, 0xc4, 0xbe, 0x24, 0x3f, 0x0e, 0xbf,
    0x00, 0x00, 0x80, 0xbf, 0x9f, 0x9f, 0x9f, 0xff, 0x03, 0x24, 0x1e, 0x3f, 0xa6, 0xee, 0xfa, 0x3e,
    0x33, 0x29, 0x96, 0xc3, 0x03, 0x9c, 0x96, 0x43, 0x45, 0xe4, 0x95, 0xc3, 0xd7, 0x3b, 0x20, 0xbf,
    0x79, 0x9f, 0x32, 0xbf, 0xba, 0x61, 0xb2, 0xbe, 0x93, 0xc6, 0x3c, 0x3f, 0xcf, 0xa0, 0xc4, 0xbe,
    0x24, 0x3f, 0x0e, 0xbf, 0x00, 0x00, 0x80, 0xbf, 0x9f, 0x9f, 0x9f, 0xff, 0x23, 0x12, 0x25, 0x3f,
    0x20, 0x42, 0xfc, 0x3e, 0x9a, 0x29, 0x96, 0xc3, 0x4d, 0x9c, 0x96, 0x43, 0xcd, 0xe3, 0x95, 0xc3,
    0x77, 0xa8, 0x8b, 0x3d, 0x87, 0xe8, 0x6b, 0x3f, 0x6f, 0xbd, 0xc3, 0xbe, 0xac, 0x02, 0x5b, 0x3f,
    0xa1, 0x97, 0x80, 0xbe, 0xdc, 0xd4, 0xe7, 0xbe, 0x00, 0x00, 0x80, 0xbf, 0x9f, 0x9f, 0x9f, 0xff,
    0x87, 0xfe, 0x19, 0x3f, 0x5e, 0x81, 0x00, 0x3f, 0x0f, 0x29, 0x96, 0xc3, 0x63, 0x9c, 0x96, 0x43,
    0xd9, 0xe3, 0x95, 0xc3, 0x7a, 0xa8, 0x8b, 0x3d, 0x87, 0xe8, 0x6b, 0x3f, 0x6d, 0xbd, 0xc3, 0xbe,
    0xac, 0x02, 0x5b, 0x3f, 0xa1, 0x97, 0x80, 0xbe, 0xdc, 0xd4, 0xe7, 0xbe, 0x00, 0x00, 0x80, 0xbf,
    0x9f, 0x9f, 0x9f, 0xff, 0x39, 0x7c, 0x1e, 0x3f, 0xa0, 0xff, 0x02, 0x3f, 0x33, 0x29, 0x96, 0xc3,
    0x03, 0x9c, 0x96, 0x43, 0x45, 0xe4, 0x95, 0xc3, 0x77, 0xa8, 0x8b, 0x3d, 0x87, 0xe8, 0x6b, 0x3f,
    0x6f, 0xbd, 0xc3, 0xbe, 0xab, 0x02, 0x5b, 0x3f, 0xa2, 0x97, 0x80, 0xbe, 0xdc, 0xd4, 0xe7, 0xbe,
    0x00, 0x00, 0x80, 0xbf, 0x9f, 0x9f, 0x9f, 0xff, 0x23, 0x12, 0x25, 0x3f, 0x20, 0x42, 0xfc, 0x3e,
    0x34, 0x29, 0x96, 0xc3, 0x40, 0x9c, 0x96, 0x43, 0x7a, 0xe3, 0x95, 0xc3, 0xbf, 0xc3, 0x86, 0x3e,
    0x8d, 0x11, 0x72, 0x3f, 0x6e, 0xe5, 0x43, 0x3e, 0x3c, 0x36, 0x13, 0x3f, 0x7d, 0x64, 0xb2, 0x3b,
    0x32, 0x6f, 0x51, 0xbf, 0x00, 0x00, 0x80, 0xbf, 0x9f, 0x9f, 0x9f, 0xff, 0xec, 0x50, 0x19, 0x3f,
    0xbd, 0xfe, 0x04, 0x3f, 0x9a, 0x29, 0x96, 0xc3, 0x4d, 0x9c, 0x96, 0x43, 0xcd, 0xe3, 0x95, 0xc3,
    0xbe, 0xc3, 0x86, 0x3e, 0x8c, 0x11, 0x72, 0x3f, 0x6e, 0xe5, 0x43, 0x3e, 0x3c, 0x36, 0x13, 0x3f,
    0x7d, 0x64, 0xb2, 0x3b, 0x32, 0x6f, 0x51, 0xbf, 0x00, 0x00, 0x80, 0xbf, 0x9f, 0x9f, 0x9f, 0xff,
    0x87, 0xfe, 0x19, 0x3f, 0x5e, 0x81, 0x00, 0x3f, 0xa0, 0x29, 0x96, 0xc3, 0x20, 0x9c, 0x96, 0x43,
    0x43, 0xe3, 0x95, 0xc3, 0xbf, 0xc3, 0x86, 0x3e, 0x8d, 0x11, 0x72, 0x3f, 0x6e, 0xe5, 0x43, 0x3e,
    0x3b, 0x36, 0x13, 0x3f, 0x20, 0x64, 0xb2, 0x3b, 0x32, 0x6f, 0x51, 0xbf, 0x00, 0x00, 0x80, 0xbf,
    0x9f, 0x9f, 0x9f, 0xff, 0x8c, 0xf7, 0x13, 0x3f, 0x39, 0x7b, 0x03, 0x3f, 0x0f, 0x29, 0x96, 0xc3,
    0x63, 0x9c, 0x96, 0x43, 0xd9, 0xe3, 0x95, 0xc3, 0xe7, 0x2d, 0x20, 0x3f, 0x4d, 0x82, 0x40, 0x3f,
    0x7f, 0x5f, 0x54, 0x3e, 0x0b, 0xc6, 0x2f, 0x3f, 0x61, 0x3a, 0xcf, 0xbe, 0xc7, 0x9b, 0x1a, 0xbf,
    0x00, 0x00, 0x80, 0xbf, 0x9f, 0x9f, 0x9f, 0xff, 0x39, 0x7c, 0x1e, 0x3f, 0xa0, 0xff, 0x02, 0x3f,
    0xe8, 0x28, 0x96, 0xc3, 0xf6, 0x9b, 0x96, 0x43, 0xb0, 0xe3, 0x95, 0xc3, 0xe7, 0x2d, 0x20, 0x3f,
    0x4d, 0x82, 0x40, 0x3f, 0x7f, 0x5f, 0x54, 0x3e, 0x0b, 0xc6, 0x2f, 0x3f, 0x61, 0x3a, 0xcf, 0xbe,
    0xc7, 0x9b, 0x1a, 0xbf, 0x00, 0x00, 0x80, 0xbf, 0x9f, 0x9f, 0x9f, 0xff, 0xe5, 0x9d, 0x23, 0x3f,
    0xac, 0xe5, 0x06, 0x3f, 0xcf, 0x28, 0x96, 0xc3, 0x1c, 0x9c, 0x96, 0x43, 0x2b, 0xe4, 0x95, 0xc3,
    0xe7, 0x2d, 0x20, 0x3f, 0x4d, 0x82, 0x40, 0x3f, 0x7f, 0x5f, 0x54, 0x3e, 0x0b, 0xc6, 0x2f, 0x3f,
    0x61, 0x3a, 0xcf, 0xbe, 0xc7, 0x9b, 0x1a, 0xbf, 0x00, 0x00, 0x80, 0xbf, 0x9f, 0x9f, 0x9f, 0xff,
    0x91, 0x47, 0x28, 0x3f, 0x43, 0xe6, 0x02, 0x3f, 0xcf, 0x28, 0x96, 0xc3, 0x1c, 0x9c, 0x96, 0x43,
    0x2b, 0xe4, 0x95, 0xc3, 0xf3, 0x84, 0x6c, 0x3f, 0xaa, 0x8b, 0xc2, 0x3e, 0x82, 0x44, 0x38, 0xbd,
    0xa9, 0xd0, 0x73, 0x3e, 0xda, 0xb8, 0x29, 0xbf, 0x55, 0xb3, 0x35, 0xbf, 0x00, 0x00, 0x80, 0xbf,
    0x9f, 0x9f, 0x9f, 0xff, 0x91, 0x47, 0x28, 0x3f, 0x43, 0xe6, 0x02, 0x3f, 0xb4, 0x28, 0x96, 0xc3,
    0xdd, 0x9b, 0x96, 0x43, 0x01, 0xe4, 0x95, 0xc3, 0xf3, 0x84, 0x6c, 0x3f, 0xab, 0x8b, 0xc2, 0x3e,
    0x7e, 0x44, 0x38, 0xbd, 0xa9, 0xd0, 0x73, 0x3e, 0xda, 0xb8, 0x29, 0xbf, 0x55, 0xb3, 0x35, 0xbf,
    0x00, 0x00, 0x80, 0xbf, 0x9f, 0x9f, 0x9f, 0xff, 0x5f, 0x95, 0x27, 0x3f, 0xd2, 0x36, 0x06, 0x3f,
    0xa6, 0x28, 0x96, 0xc3, 0xb5, 0x9b, 0x96, 0x43, 0x2d, 0xe4, 0x95, 0xc3, 0xf3, 0x84, 0x6c, 0x3f,
    0xac, 0x8b, 0xc2, 0x3e, 0x73, 0x44, 0x38, 0xbd, 0xac, 0xd0, 0x73, 0x3e, 0xd9, 0xb8, 0x29, 0xbf,
    0x55, 0xb3, 0x35, 0xbf, 0x00, 0x00, 0x80, 0xbf, 0x9f, 0x9f, 0x9f, 0xff, 0x82, 0x39, 0x2a, 0x3f,
    0xbe, 0x33, 0x06, 0x3f, 0xe4, 0x28, 0x96, 0xc3, 0x93, 0x9b, 0x96, 0x43, 0xf8, 0xe3, 0x95, 0xc3,
    0xf6, 0x4c, 0xe7, 0xbe, 0x1a, 0x68, 0x4d, 0xbf, 0xea, 0xb0, 0xc7, 0xbe, 0x92, 0x17, 0x5f, 0x3f,
    0xff, 0x1f, 0xfb, 0xbe, 0xed, 0xb8, 0xbe, 0xb9, 0x00, 0x00, 0x80, 0xbf, 0x9f, 0x9f, 0x9f, 0xff,
    0x9b, 0x39, 0x28, 0x3f, 0xd8, 0x80, 0xf0, 0x3e, 0x33, 0x29, 0x96, 0xc3, 0x03, 0x9c, 0x96, 0x43,
    0x45, 0xe4, 0x95, 0xc3, 0xf6, 0x4c, 0xe7, 0xbe, 0x1a, 0x68, 0x4d, 0xbf, 0xea, 0xb0, 0xc7, 0xbe,
    0x92, 0x17, 0x5f, 0x3f, 0xff, 0x1f, 0xfb, 0xbe, 0xaf, 0xb8, 0xbe, 0xb9, 0x00, 0x00, 0x80, 0xbf,
    0x9f, 0x9f, 0x9f, 0xff, 0x23, 0x12, 0x25, 0x3f, 0x20, 0x42, 0xfc, 0x3e, 0xd9, 0x28, 0x96, 0xc3,
    0xd3, 0x9b, 0x96, 0x43, 0x67, 0xe4, 0x95, 0xc3, 0xf5, 0x4c, 0xe7, 0xbe, 0x1a, 0x68, 0x4d, 0xbf,
    0xea, 0xb0, 0xc7, 0xbe, 0x92, 0x17, 0x5f, 0x3f, 0xff, 0x1f, 0xfb, 0xbe, 0x69, 0xb9, 0xbe, 0xb9,
    0x00, 0x00, 0x80, 0xbf, 0x9f, 0x9f, 0x9f, 0xff, 0x90, 0x86, 0x2b, 0x3f, 0x79, 0x22, 0x00, 0x3f,
    0xa6, 0x28, 0x96, 0xc3, 0xb5, 0x9b, 0x96, 0x43, 0x2d, 0xe4, 0x95, 0xc3, 0x12, 0xf2, 0x6c, 0x3f,
    0xad, 0xbb, 0xb6, 0x3e, 0xa1, 0x4d, 0x01, 0xbe, 0xa0, 0xb9, 0x92, 0x3e, 0x9f, 0xe2, 0x60, 0xbf,
    0xce, 0xc2, 0xc3, 0xbe, 0x00, 0x00, 0x80, 0xbf, 0x9f, 0x9f, 0x9f, 0xff, 0x82, 0x39, 0x2a, 0x3f,
    0xbe, 0x33, 0x06, 0x3f, 0xd9, 0x28, 0x96, 0xc3, 0xd3, 0x9b, 0x96, 0x43, 0x67, 0xe4, 0x95, 0xc3,
    0x12, 0xf2, 0x6c, 0x3f, 0xad, 0xbb, 0xb6, 0x3e, 0xa1, 0x4d, 0x01, 0xbe, 0x9f, 0xb9, 0x92, 0x3e,
    0x9f, 0xe2, 0x60, 0xbf, 0xcd, 0xc2, 0xc3, 0xbe, 0x00, 0x00, 0x80, 0xbf, 0x9f, 0x9f, 0x9f, 0xff,
    0x90, 0x86, 0x2b, 0x3f, 0x79, 0x22, 0x00, 0x3f, 0xcf, 0x28, 0x96, 0xc3, 0x1c, 0x9c, 0x96, 0x43,
    0x2b, 0xe4, 0x95, 0xc3, 0x13, 0xf2, 0x6c, 0x3f, 0xad, 0xbb, 0xb6, 0x3e, 0xa3, 0x4d, 0x01, 0xbe,
    0x9f, 0xb9, 0x92, 0x3e, 0x9f, 0xe2, 0x60, 0xbf, 0xcd, 0xc2, 0xc3, 0xbe, 0x00, 0x00, 0x80, 0xbf,
    0x9f, 0x9f, 0x9f, 0xff, 0x91, 0x47, 0x28, 0x3f, 0x43, 0xe6, 0x02, 0x3f, 0xbe, 0x28, 0x96, 0xc3,
    0x9b, 0x9b, 0x96, 0x43, 0x0a, 0xe4, 0x95, 0xc3, 0x9f, 0x97, 0x8c, 0x3d, 0xc7, 0x6e, 0x74, 0xbf,
    0x2f, 0x0d, 0x94, 0xbe, 0xf4, 0xdc, 0x7d, 0x3f, 0xfd, 0xb0, 0xc6, 0x3d, 0xce, 0xee, 0xad, 0xbd,
    0x00, 0x00, 0x80, 0xbf, 0x9f, 0x9f, 0x9f, 0xff, 0xe4, 0x13, 0x2a, 0x3f, 0xc9, 0x72, 0xf2, 0x3e,
    0xe4, 0x28, 0x96, 0xc3, 0x93, 0x9b, 0x96, 0x43, 0xf8, 0xe3, 0x95, 0xc3, 0x9f, 0x97, 0x8c, 0x3d,
    0xc7, 0x6e, 0x74, 0xbf, 0x2f, 0x0d, 0x94, 0xbe, 0xf4, 0xdc, 0x7d, 0x3f, 0xfd, 0xb0, 0xc6, 0x3d,
    0xce, 0xee, 0xad, 0xbd, 0x00, 0x00, 0x80, 0xbf, 0x9f, 0x9f, 0x9f, 0xff, 0x9b, 0x39, 0x28, 0x3f,
    0xd8, 0x80, 0xf0, 0x3e, 0xd9, 0x28, 0x96, 0xc3, 0xd3, 0x9b, 0x96, 0x43, 0x67, 0xe4, 0x95, 0xc3,
    0xa6, 0x97, 0x8c, 0x3d, 0xc7, 0x6e, 0x74, 0xbf, 0x2f, 0x0d, 0x94, 0xbe, 0xf4, 0xdc, 0x7d, 0x3f,
    0x04, 0xb1, 0xc6, 0x3d, 0xc8, 0xee, 0xad, 0xbd, 0x00, 0x00, 0x80, 0xbf, 0x9f, 0x9f, 0x9f, 0xff,
    0x90, 0x86, 0x2b, 0x3f, 0x79, 0x22, 0x00, 0x3f, 0xbe, 0x28, 0x96, 0xc3, 0x9b, 0x9b, 0x96, 0x43,
    0x0a, 0xe4, 0x95, 0xc3, 0x7a, 0x3a, 0xce, 0x3e, 0x3d, 0xa4, 0x44, 0xbf, 0x78, 0xd6, 0xfe, 0x3e,
    0x84, 0xe2, 0x01, 0x3f, 0xcb, 0xcb, 0x87, 0xbe, 0x0f, 0xe5, 0x51, 0xbf, 0x00, 0x00, 0x80, 0xbf,
    0x9f, 0x9f, 0x9f, 0xff, 0xd5, 0x04, 0x29, 0x3f, 0x2d, 0x27, 0x09, 0x3f, 0x09, 0x29, 0x96, 0xc3,
    0xb8, 0x9b, 0x96, 0x43, 0x8c, 0xe3, 0x95, 0xc3, 0x78, 0x3a, 0xce, 0x3e, 0x3e, 0xa4, 0x44, 0xbf,
    0x78, 0xd6, 0xfe, 0x3e, 0x84, 0xe2, 0x01, 0x3f, 0xcb, 0xcb, 0x87, 0xbe, 0x0f, 0xe5, 0x51, 0xbf,
    0x00, 0x00, 0x80, 0xbf, 0x9f, 0x9f, 0x9f, 0xff, 0xb4, 0xe7, 0x1e, 0x3f, 0xbb, 0x63, 0x09, 0x3f,
    0xe4, 0x28, 0x96, 0xc3, 0x93, 0x9b, 0x96, 0x43, 0xf8, 0xe3, 0x95, 0xc3, 0x7a, 0x3a, 0xce, 0x3e,
    0x3d, 0xa4, 0x44, 0xbf, 0x78, 0xd6, 0xfe, 0x3e, 0x85, 0xe2, 0x01, 0x3f, 0xcb, 0xcb, 0x87, 0xbe,
    0x0e, 0xe5, 0x51, 0xbf, 0x00, 0x00, 0x80, 0xbf, 0x9f, 0x9f, 0x9f, 0xff, 0x41, 0x7d, 0x27, 0x3f,
    0x81, 0x96, 0x0a, 0x3f, 0x34, 0x29, 0x96, 0xc3, 0x40, 0x9c, 0x96, 0x43, 0x7a, 0xe3, 0x95, 0xc3,
    0xd0, 0x59, 0x8d, 0x3e, 0x2e, 0xb4, 0x71, 0x3f, 0x65, 0x2f, 0x38, 0x3e, 0xb3, 0x6f, 0x3d, 0x3f,
    0xd7, 0x08, 0xb7, 0xbd, 0x29, 0xaa, 0x2a, 0xbf, 0x00, 0x00, 0x80, 0xbf, 0x9f, 0x9f, 0x9f, 0xff,
    0xec, 0x50, 0x19, 0x3f, 0xbd, 0xfe, 0x04, 0x3f, 0x0f, 0x29, 0x96, 0xc3, 0x63, 0x9c, 0x96, 0x43,
    0xd9, 0xe3, 0x95, 0xc3, 0xd1, 0x59, 0x8d, 0x3e, 0x2e, 0xb4, 0x71, 0x3f, 0x63, 0x2f, 0x38, 0x3e,
    0xb2, 0x6f, 0x3d, 0x3f, 0xe5, 0x08, 0xb7, 0xbd, 0x29, 0xaa, 0x2a, 0xbf, 0x00, 0x00, 0x80, 0xbf,
    0x9f, 0x9f, 0x9f, 0xff, 0x39, 0x7c, 0x1e, 0x3f, 0xa0, 0xff, 0x02, 0x3f, 0x9a, 0x29, 0x96, 0xc3,
    0x4d, 0x9c, 0x96, 0x43, 0xcd, 0xe3, 0x95, 0xc3, 0xd1, 0x59, 0x8d, 0x3e, 0x2e, 0xb4, 0x71, 0x3f,
    0x64, 0x2f, 0x38, 0x3e, 0xb2, 0x6f, 0x3d, 0x3f, 0xd5, 0x08, 0xb7, 0xbd, 0x2a, 0xaa, 0x2a, 0xbf,
    0x00, 0x00, 0x80, 0xbf, 0x9f, 0x9f, 0x9f, 0xff, 0x87, 0xfe, 0x19, 0x3f, 0x5e, 0x81, 0x00, 0x3f,
    0x09, 0x29, 0x96, 0xc3, 0xb8, 0x9b, 0x96, 0x43, 0x8c, 0xe3, 0x95, 0xc3, 0x11, 0xea, 0xc2, 0x3d,
    0x05, 0x76, 0x59, 0xbf, 0x70, 0xdd, 0x04, 0x3f, 0x25, 0x41, 0x86, 0x3e, 0xa9, 0x8f, 0xf6, 0xbe,
    0x71, 0x15, 0x56, 0xbf, 0x00, 0x00, 0x80, 0xbf, 0x9f, 0x9f, 0x9f, 0xff, 0xb4, 0xe7, 0x1e, 0x3f,
    0xbb, 0x63, 0x09, 0x3f, 0x01, 0x29, 0x96, 0xc3, 0xfd, 0x9b, 0x96, 0x43, 0x4f, 0xe3, 0x95, 0xc3,
    0x11, 0xea, 0xc2, 0x3d, 0x05, 0x76, 0x59, 0xbf, 0x70, 0xdd, 0x04, 0x3f, 0x26, 0x41, 0x86, 0x3e,
    0xaa, 0x8f, 0xf6, 0xbe, 0x70, 0x15, 0x56, 0xbf, 0x00, 0x00, 0x80, 0xbf, 0x9f, 0x9f, 0x9f, 0xff,
    0xd5, 0xb2, 0x19, 0x3f, 0xbc, 0x58, 0x08, 0x3f, 0x7c, 0x29, 0x96, 0xc3, 0xb6, 0x9b, 0x96, 0x43,
    0x87, 0xe3, 0x95, 0xc3, 0x11, 0xea, 0xc2, 0x3d, 0x05, 0x76, 0x59, 0xbf, 0x70, 0xdd, 0x04, 0x3f,
    0x27, 0x41, 0x86, 0x3e, 0xa8, 0x8f, 0xf6, 0xbe, 0x70, 0x15, 0x56, 0xbf, 0x00, 0x00, 0x80, 0xbf,
    0x9f, 0x9f, 0x9f, 0xff, 0xdc, 0x84, 0x17, 0x3f, 0x50, 0xc6, 0x0c, 0x3f, 0x01, 0x29, 0x96, 0xc3,
    0xfd, 0x9b, 0x96, 0x43, 0x4f, 0xe3, 0x95, 0xc3, 0x0a, 0x65, 0x4c, 0x3f, 0x24, 0x43, 0x46, 0xbe,
    0xce, 0xf3, 0x11, 0x3f, 0xad, 0x5c, 0xbb, 0x3e, 0xa4, 0x8c, 0x18, 0xbf, 0xb3, 0xff, 0x36, 0xbf,
    0x00, 0x00, 0x80, 0xbf, 0x9f, 0x9f, 0x9f, 0xff, 0xd5, 0xb2, 0x19, 0x3f, 0xbc, 0x58, 0x08, 0x3f,
    0x09, 0x29, 0x96, 0xc3, 0xb8, 0x9b, 0x96, 0x43, 0x8c, 0xe3, 0x95, 0xc3, 0x0a, 0x65, 0x4c, 0x3f,
    0x22, 0x43, 0x46, 0xbe, 0xcd, 0xf3, 0x11, 0x3f, 0xb0, 0x5c, 0xbb, 0x3e, 0xa4, 0x8c, 0x18, 0xbf,
    0xb2, 0xff, 0x36, 0xbf, 0x00, 0x00, 0x80, 0xbf, 0x9f, 0x9f, 0x9f, 0xff, 0xb4, 0xe7, 0x1e, 0x3f,
    0xbb, 0x63, 0x09, 0x3f, 0xe8, 0x28, 0x96, 0xc3, 0xf6, 0x9b, 0x96, 0x43, 0xb0, 0xe3, 0x95, 0xc3,
    0x0a, 0x65, 0x4c, 0x3f, 0x24, 0x43, 0x46, 0xbe, 0xce, 0xf3, 0x11, 0x3f, 0xae, 0x5c, 0xbb, 0x3e,
    0xa4, 0x8c, 0x18, 0xbf, 0xb3, 0xff, 0x36, 0xbf, 0x00, 0x00, 0x80, 0xbf, 0x9f, 0x9f, 0x9f, 0xff,
    0xe5, 0x9d, 0x23, 0x3f, 0xac, 0xe5, 0x06, 0x3f, 0x54, 0x29, 0x96, 0xc3, 0xa2, 0x9b, 0x96, 0x43,
    0xc4, 0xe3, 0x95, 0xc3, 0x6d, 0x2f, 0xb7, 0xbd, 0xd2, 0x4a, 0x76, 0xbf, 0xc0, 0xef, 0x83, 0x3e,
    0xb0, 0xf3, 0x16, 0x3f, 0x85, 0xf2, 0x84, 0xbe, 0x52, 0xc8, 0x43, 0xbf, 0x00, 0x00, 0x80, 0xbf,
    0x9f, 0x9f, 0x9f, 0xff, 0xb4, 0xe6, 0x1b, 0x3f, 0x57, 0x0a, 0x0d, 0x3f, 0xe4, 0x28, 0x96, 0xc3,
    0x93, 0x9b, 0x96, 0x43, 0xf8, 0xe3, 0x95, 0xc3, 0x65, 0x2f, 0xb7, 0xbd, 0xd2, 0x4a, 0x76, 0xbf,
    0xc1, 0xef, 0x83, 0x3e, 0xb0, 0xf3, 0x16, 0x3f, 0x85, 0xf2, 0x84, 0xbe, 0x52, 0xc8, 0x43, 0xbf,
    0x00, 0x00, 0x80, 0xbf, 0x9f, 0x9f, 0x9f, 0xff, 0x41, 0x7d, 0x27, 0x3f, 0x81, 0x96, 0x0a, 0x3f,
    0x7c, 0x29, 0x96, 0xc3, 0xb6, 0x9b, 0x96, 0x43, 0x87, 0xe3, 0x95, 0xc3, 0x65, 0x2f, 0xb7, 0xbd,
    0xd2, 0x4a, 0x76, 0xbf, 0xc1, 0xef, 0x83, 0x3e, 0xb0, 0xf3, 0x16, 0x3f, 0x85, 0xf2, 0x84, 0xbe,
    0x52, 0xc8, 0x43, 0xbf, 0x00, 0x00, 0x80, 0xbf, 0x9f, 0x9f, 0x9f, 0xff, 0xdc, 0x84, 0x17, 0x3f,
    0x50, 0xc6, 0x0c, 0x3f, 0x7c, 0x29, 0x96, 0xc3, 0xb6, 0x9b, 0x96, 0x43, 0x87, 0xe3, 0x95, 0xc3,
    0x0b, 0xa3, 0x29, 0xbf, 0xa7, 0x6d, 0x37, 0xbf, 0xe6, 0x30, 0x5f, 0xbe, 0x3a, 0xff, 0x9e, 0x3b,
    0x48, 0xe6, 0x92, 0x3e, 0xd9, 0x3b, 0x75, 0xbf, 0x00, 0x00, 0x80, 0xbf, 0x9f, 0x9f, 0x9f, 0xff,
    0x62, 0xa1, 0x16, 0x3f, 0x1a, 0x14, 0xf5, 0x3e, 0xb6, 0x29, 0x96, 0xc3, 0xfc, 0x9b, 0x96, 0x43,
    0xb7, 0xe3, 0x95, 0xc3, 0x0b, 0xa3, 0x29, 0xbf, 0xa7, 0x6d, 0x37, 0xbf, 0xe6, 0x30, 0x5f, 0xbe,
    0x71, 0xff, 0x9e, 0x3b, 0x47, 0xe6, 0x92, 0x3e, 0xd9, 0x3b, 0x75, 0xbf, 0x00, 0x00, 0x80, 0xbf,
    0x9f, 0x9f, 0x9f, 0xff, 0xc5, 0x3b, 0x18, 0x3f, 0x2d, 0xcf, 0xfb, 0x3e, 0x54, 0x29, 0x96, 0xc3,
    0xa2, 0x9b, 0x96, 0x43, 0xc4, 0xe3, 0x95, 0xc3, 0x0b, 0xa3, 0x29, 0xbf, 0xa7, 0x6d, 0x37, 0xbf,
    0xe6, 0x30, 0x5f, 0xbe, 0x78, 0xff, 0x9e, 0x3b, 0x47, 0xe6, 0x92, 0x3e, 0xd9, 0x3b, 0x75, 0xbf,
    0x00, 0x00, 0x80, 0xbf, 0x9f, 0x9f, 0x9f, 0xff, 0x43, 0x75, 0x1b, 0x3f, 0x6b, 0x82, 0xf0, 0x3e,
    0xa6, 0x28, 0x96, 0xc3, 0xb5, 0x9b, 0x96, 0x43, 0x2d, 0xe4, 0x95, 0xc3, 0xc6, 0x86, 0x05, 0x3f,
    0xfb, 0x6b, 0x52, 0xbf, 0x40, 0x3e, 0x6a, 0xbe, 0x27, 0xa4, 0x4d, 0x3f, 0x70, 0x3e, 0x10, 0x3f,
    0x5b, 0xa4, 0x45, 0xbe, 0x00, 0x00, 0x80, 0xbf, 0x9f, 0x9f, 0x9f, 0xff, 0x47, 0xaa, 0x2b, 0x3f,
    0x12, 0x4f, 0xf6, 0x3e, 0xbe, 0x28, 0x96, 0xc3, 0x9b, 0x9b, 0x96, 0x43, 0x0a, 0xe4, 0x95, 0xc3,
    0xc6, 0x86, 0x05, 0x3f, 0xfb, 0x6b, 0x52, 0xbf, 0x41, 0x3e, 0x6a, 0xbe, 0x27, 0xa4, 0x4d, 0x3f,
    0x70, 0x3e, 0x10, 0x3f, 0x5f, 0xa4, 0x45, 0xbe, 0x00, 0x00, 0x80, 0xbf, 0x9f, 0x9f, 0x9f, 0xff,
    0xe4, 0x13, 0x2a, 0x3f, 0xc9, 0x72, 0xf2, 0x3e, 0xd9, 0x28, 0x96, 0xc3, 0xd3, 0x9b, 0x96, 0x43,
    0x67, 0xe4, 0x95, 0xc3, 0xc6, 0x86, 0x05, 0x3f, 0xfb, 0x6b, 0x52, 0xbf, 0x44, 0x3e, 0x6a, 0xbe,
    0x28, 0xa4, 0x4d, 0x3f, 0x70, 0x3e, 0x10, 0x3f, 0x5d, 0xa4, 0x45, 0xbe, 0x00, 0x00, 0x80, 0xbf,
    0x9f, 0x9f, 0x9f, 0xff, 0x90, 0x86, 0x2b, 0x3f, 0x79, 0x22, 0x00, 0x3f, 0xb4, 0x28, 0x96, 0xc3,
    0xdd, 0x9b, 0x96, 0x43, 0x01, 0xe4, 0x95, 0xc3, 0x69, 0xb1, 0x5c, 0x3f, 0xd6, 0x74, 0x48, 0xbe,
    0x5d, 0x53, 0xef, 0x3e, 0x29, 0xf4, 0x70, 0x3e, 0xf0, 0x8b, 0x29, 0xbf, 0x37, 0x1a, 0x36, 0xbf,
    0x00, 0x00, 0x80, 0xbf, 0x9f, 0x9f, 0x9f, 0xff, 0x5f, 0x95, 0x27, 0x3f, 0xd2, 0x36, 0x06, 0x3f,
    0xbe, 0x28, 0x96, 0xc3, 0x9b, 0x9b, 0x96, 0x43, 0x0a, 0xe4, 0x95, 0xc3, 0x6a, 0xb1, 0x5c, 0x3f,
    0xd5, 0x74, 0x48, 0xbe, 0x5d, 0x53, 0xef, 0x3e, 0x29, 0xf4, 0x70, 0x3e, 0xf0, 0x8b, 0x29, 0xbf,
    0x37, 0x1a, 0x36, 0xbf, 0x00, 0x00, 0x80, 0xbf, 0x9f, 0x9f, 0x9f, 0xff, 0xd5, 0x04, 0x29, 0x3f,
    0x2d, 0x27, 0x09, 0x3f, 0xa6, 0x28, 0x96, 0xc3, 0xb5, 0x9b, 0x96, 0x43, 0x2d, 0xe4, 0x95, 0xc3,
    0x69, 0xb1, 0x5c, 0x3f, 0xd6, 0x74, 0x48, 0xbe, 0x5d, 0x53, 0xef, 0x3e, 0x29, 0xf4, 0x70, 0x3e,
    0xf0, 0x8b, 0x29, 0xbf, 0x37, 0x1a, 0x36, 0xbf, 0x00, 0x00, 0x80, 0xbf, 0x9f, 0x9f, 0x9f, 0xff,
    0x82, 0x39, 0x2a, 0x3f, 0xbe, 0x33, 0x06, 0x3f, 0x7a, 0x29, 0x96, 0xc3, 0xf4, 0x9b, 0x96, 0x43,
    0x23, 0xe4, 0x95, 0xc3, 0xa4, 0x9c, 0x28, 0xbf, 0xcd, 0x03, 0x2e, 0xbf, 0xc9, 0x39, 0xa5, 0xbe,
    0xaf, 0x45, 0xe2, 0x3e, 0xaf, 0xef, 0x19, 0xbb, 0x98, 0xa4, 0x65, 0xbf, 0x00, 0x00, 0x80, 0xbf,
    0x9f, 0x9f, 0x9f, 0xff, 0x03, 0x24, 0x1e, 0x3f, 0xa6, 0xee, 0xfa, 0x3e, 0x54, 0x29, 0x96, 0xc3,
    0xa2, 0x9b, 0x96, 0x43, 0xc4, 0xe3, 0x95, 0xc3, 0xa4, 0x9c, 0x28, 0xbf, 0xcd, 0x03, 0x2e, 0xbf,
    0xc9, 0x39, 0xa5, 0xbe, 0xaf, 0x45, 0xe2, 0x3e, 0xbe, 0xef, 0x19, 0xbb, 0x98, 0xa4, 0x65, 0xbf,
    0x00, 0x00, 0x80, 0xbf, 0x9f, 0x9f, 0x9f, 0xff, 0x43, 0x75, 0x1b, 0x3f, 0x6b, 0x82, 0xf0, 0x3e,
    0xb6, 0x29, 0x96, 0xc3, 0xfc, 0x9b, 0x96, 0x43, 0xb7, 0xe3, 0x95, 0xc3, 0xa5, 0x9c, 0x28, 0xbf,
    0xcd, 0x03, 0x2e, 0xbf, 0xc9, 0x39, 0xa5, 0xbe, 0xaf, 0x45, 0xe2, 0x3e, 0x98, 0xef, 0x19, 0xbb,
    0x98, 0xa4, 0x65, 0xbf, 0x00, 0x00, 0x80, 0xbf, 0x9f, 0x9f, 0x9f, 0xff, 0xc5, 0x3b, 0x18, 0x3f,
    0x2d, 0xcf, 0xfb, 0x3e, 0x9a, 0x29, 0x96, 0xc3, 0x4d, 0x9c, 0x96, 0x43, 0xcd, 0xe3, 0x95, 0xc3,
    0x21, 0x3b, 0x56, 0xbf, 0xf1, 0xb1, 0x19, 0x3e, 0xce, 0xc6, 0x06, 0xbf, 0x5a, 0x7f, 0x09, 0x3f,
    0x2d, 0xb9, 0x1f, 0x3d, 0xc3, 0xb5, 0x57, 0xbf, 0x00, 0x00, 0x80, 0xbf, 0x9f, 0x9f, 0x9f, 0xff,
    0x87, 0xfe, 0x19, 0x3f, 0x5e, 0x81, 0x00, 0x3f, 0x7a, 0x29, 0x96, 0xc3, 0xf4, 0x9b, 0x96, 0x43,
    0x23, 0xe4, 0x95, 0xc3, 0x21, 0x3b, 0x56, 0xbf, 0xf3, 0xb1, 0x19, 0x3e, 0xce, 0xc6, 0x06, 0xbf,
    0x5a, 0x7f, 0x09, 0x3f, 0x2a, 0xb9, 0x1f, 0x3d, 0xc3, 0xb5, 0x57, 0xbf, 0x00, 0x00, 0x80, 0xbf,
    0x9f, 0x9f, 0x9f, 0xff, 0x03, 0x24, 0x1e, 0x3f, 0xa6, 0xee, 0xfa, 0x3e, 0xb6, 0x29, 0x96, 0xc3,
    0xfc, 0x9b, 0x96, 0x43, 0xb7, 0xe3, 0x95, 0xc3, 0x21, 0x3b, 0x56, 0xbf, 0xf3, 0xb1, 0x19, 0x3e,
    0xce, 0xc6, 0x06, 0xbf, 0x5a, 0x7f, 0x09, 0x3f, 0x25, 0xb9, 0x1f, 0x3d, 0xc4, 0xb5, 0x57, 0xbf,
    0x00, 0x00, 0x80, 0xbf, 0x9f, 0x9f, 0x9f, 0xff, 0xc5, 0x3b, 0x18, 0x3f, 0x2d, 0xcf, 0xfb, 0x3e,
    0xa0, 0x29, 0x96, 0xc3, 0x20, 0x9c, 0x96, 0x43, 0x43, 0xe3, 0x95, 0xc3, 0x2e, 0xc3, 0x6b, 0xbf,
    0x24, 0x81, 0xb1, 0x3e, 0x02, 0x37, 0x36, 0xbe, 0xd0, 0xb8, 0xc6, 0x3e, 0xf6, 0x75, 0x46, 0x3f,
    0x1e, 0x29, 0xff, 0xbe, 0x00, 0x00, 0x80, 0xbf, 0x9f, 0x9f, 0x9f, 0xff, 0x8c, 0xf7, 0x13, 0x3f,
    0x39, 0x7b, 0x03, 0x3f, 0xb6, 0x29, 0x96, 0xc3, 0xfc, 0x9b, 0x96, 0x43, 0xb7, 0xe3, 0x95, 0xc3,
    0x2e, 0xc3, 0x6b, 0xbf, 0x24, 0x81, 0xb1, 0x3e, 0x02, 0x37, 0x36, 0xbe, 0xd3, 0xb8, 0xc6, 0x3e,
    0xf6, 0x75, 0x46, 0x3f, 0x1d, 0x29, 0xff, 0xbe, 0x00, 0x00, 0x80, 0xbf, 0x9f, 0x9f, 0x9f, 0xff,
    0xc5, 0x3b, 0x18, 0x3f, 0x2d, 0xcf, 0xfb, 0x3e, 0xaa, 0x29, 0x96, 0xc3, 0x04, 0x9c, 0x96, 0x43,
    0x4d, 0xe3, 0x95, 0xc3, 0x2e, 0xc3, 0x6b, 0xbf, 0x24, 0x81, 0xb1, 0x3e, 0x02, 0x37, 0x36, 0xbe,
    0xd1, 0xb8, 0xc6, 0x3e, 0xf6, 0x75, 0x46, 0x3f, 0x1e, 0x29, 0xff, 0xbe, 0x00, 0x00, 0x80, 0xbf,
    0x9f, 0x9f, 0x9f, 0xff, 0x5d, 0x6f, 0x13, 0x3f, 0x9a, 0x5e, 0x02, 0x3f, 0x8c, 0x29, 0x96, 0xc3,
    0x09, 0x9c, 0x96, 0x43, 0x3b, 0xe3, 0x95, 0xc3, 0xc0, 0x09, 0x5e, 0xbe, 0x5f, 0xc5, 0x47, 0xbf,
    0x75, 0x27, 0x16, 0x3f, 0x67, 0x51, 0x75, 0x3f, 0x54, 0x58, 0x63, 0xbd, 0x5d, 0x92, 0x8f, 0x3e,
    0x00, 0x00, 0x80, 0xbf, 0x9f, 0x9f, 0x9f, 0xff, 0xf6, 0xb4, 0x13, 0x3f, 0xb0, 0xcb, 0x04, 0x3f,
    0xaa, 0x29, 0x96, 0xc3, 0x04, 0x9c, 0x96, 0x43, 0x4d, 0xe3, 0x95, 0xc3, 0xbd, 0x09, 0x5e, 0xbe,
    0x5e, 0xc5, 0x47, 0xbf, 0x77, 0x27, 0x16, 0x3f, 0x67, 0x51, 0x75, 0x3f, 0x35, 0x58, 0x63, 0xbd,
    0x5c, 0x92, 0x8f, 0x3e, 0x00, 0x00, 0x80, 0xbf, 0x9f, 0x9f, 0x9f, 0xff, 0x0b, 0x7b, 0x12, 0x3f,
    0x2a, 0xa7, 0x05, 0x3f, 0x7c, 0x29, 0x96, 0xc3, 0xb6, 0x9b, 0x96, 0x43, 0x87, 0xe3, 0x95, 0xc3,
    0xc0, 0x09, 0x5e, 0xbe, 0x5f, 0xc5, 0x47, 0xbf, 0x75, 0x27, 0x16, 0x3f, 0x67, 0x51, 0x75, 0x3f,
    0x54, 0x58, 0x63, 0xbd, 0x5d, 0x92, 0x8f, 0x3e, 0x00, 0x00, 0x80, 0xbf, 0x9f, 0x9f, 0x9f, 0xff,
    0xdc, 0x84, 0x17, 0x3f, 0x50, 0xc6, 0x0c, 0x3f, 0x34, 0x29, 0x96, 0xc3, 0x40, 0x9c, 0x96, 0x43,
    0x7a, 0xe3, 0x95, 0xc3, 0xb8, 0x2c, 0x08, 0x3f, 0xd9, 0x90, 0x25, 0x3f, 0x1b, 0xee, 0x0b, 0x3f,
    0xb3, 0xdc, 0x08, 0x3f, 0x66, 0xf2, 0x79, 0x3e, 0xa4, 0x1f, 0x4f, 0xbf, 0x00, 0x00, 0x80, 0xbf,
    0x9f, 0x9f, 0x9f, 0xff, 0xec, 0x50, 0x19, 0x3f, 0xbd, 0xfe, 0x04, 0x3f, 0xa0, 0x29, 0x96, 0xc3,
    0x20, 0x9c, 0x96, 0x43, 0x43, 0xe3, 0x95, 0xc3, 0xb8, 0x2c, 0x08, 0x3f, 0xd9, 0x90, 0x25, 0x3f,
    0x1b, 0xee, 0x0b, 0x3f, 0xb3, 0xdc, 0x08, 0x3f, 0x66, 0xf2, 0x79, 0x3e, 0xa4, 0x1f, 0x4f, 0xbf,
    0x00, 0x00, 0x80, 0xbf, 0x9f, 0x9f, 0x9f, 0xff, 0x8c, 0xf7, 0x13, 0x3f, 0x39, 0x7b, 0x03, 0x3f,
    0x8c, 0x29, 0x96, 0xc3, 0x09, 0x9c, 0x96, 0x43, 0x3b, 0xe3, 0x95, 0xc3, 0xb8, 0x2c, 0x08, 0x3f,
    0xd8, 0x90, 0x25, 0x3f, 0x1c, 0xee, 0x0b, 0x3f, 0xb3, 0xdc, 0x08, 0x3f, 0x6a, 0xf2, 0x79, 0x3e,
    0xa4, 0x1f, 0x4f, 0xbf, 0x00, 0x00, 0x80, 0xbf, 0x9f, 0x9f, 0x9f, 0xff, 0xf6, 0xb4, 0x13, 0x3f,
    0xb0, 0xcb, 0x04, 0x3f, 0x8c, 0x29, 0x96, 0xc3, 0x09, 0x9c, 0x96, 0x43, 0x3b, 0xe3, 0x95, 0xc3,
    0x94, 0x1a, 0xf5, 0xbe, 0x08, 0xef, 0x47, 0xbe, 0xb8, 0x21, 0x5b, 0x3f, 0x1a, 0xbc, 0x39, 0xbe,
    0xe4, 0xd5, 0x79, 0x3f, 0x86, 0x25, 0xf8, 0x3d, 0x00, 0x00, 0x80, 0xbf, 0x9f, 0x9f, 0x9f, 0xff,
    0xf6, 0xb4, 0x13, 0x3f, 0xb0, 0xcb, 0x04, 0x3f, 0xa0, 0x29, 0x96, 0xc3, 0x20, 0x9c, 0x96, 0x43,
    0x43, 0xe3, 0x95, 0xc3, 0x94, 0x1a, 0xf5, 0xbe, 0x08, 0xef, 0x47, 0xbe, 0xb8, 0x21, 0x5b, 0x3f,
    0x1a, 0xbc, 0x39, 0xbe, 0xe4, 0xd5, 0x79, 0x3f, 0x86, 0x25, 0xf8, 0x3d, 0x00, 0x00, 0x80, 0xbf,
    0x9f, 0x9f, 0x9f, 0xff, 0x8c, 0xf7, 0x13, 0x3f, 0x39, 0x7b, 0x03, 0x3f, 0xaa, 0x29, 0x96, 0xc3,
    0x04, 0x9c, 0x96, 0x43, 0x4d, 0xe3, 0x95, 0xc3, 0x94, 0x1a, 0xf5, 0xbe, 0x08, 0xef, 0x47, 0xbe,
    0xb8, 0x21, 0x5b, 0x3f, 0x16, 0xbc, 0x39, 0xbe, 0xe5, 0xd5, 0x79, 0x3f, 0x99, 0x25, 0xf8, 0x3d,
    0x00, 0x00, 0x80, 0xbf, 0x9f, 0x9f, 0x9f, 0xff, 0x5d, 0x6f, 0x13, 0x3f, 0x9a, 0x5e, 0x02, 0x3f,
    0xcf, 0x28, 0x96, 0xc3, 0x1c, 0x9c, 0x96, 0x43, 0x2b, 0xe4, 0x95, 0xc3, 0xba, 0x95, 0x2d, 0x3f,
    0x1c, 0xfd, 0x33, 0x3f, 0x04, 0x65, 0x5b, 0x3e, 0xd9, 0x51, 0x19, 0x3f, 0x48, 0x15, 0xb8, 0xbe,
    0xd7, 0x2f, 0x37, 0xbf, 0x00, 0x00, 0x80, 0xbf, 0x9f, 0x9f, 0x9f, 0xff, 0x91, 0x47, 0x28, 0x3f,
    0x43, 0xe6, 0x02, 0x3f, 0xe8, 0x28, 0x96, 0xc3, 0xf6, 0x9b, 0x96, 0x43, 0xb0, 0xe3, 0x95, 0xc3,
    0xba, 0x95, 0x2d, 0x3f, 0x1c, 0xfd, 0x33, 0x3f, 0x04, 0x65, 0x5b, 0x3e, 0xd9, 0x51, 0x19, 0x3f,
    0x48, 0x15, 0xb8, 0xbe, 0xd7, 0x2f, 0x37, 0xbf, 0x00, 0x00, 0x80, 0xbf, 0x9f, 0x9f, 0x9f, 0xff,
    0xe5, 0x9d, 0x23, 0x3f, 0xac, 0xe5, 0x06, 0x3f, 0xb4, 0x28, 0x96, 0xc3, 0xdd, 0x9b, 0x96, 0x43,
    0x01, 0xe4, 0x95, 0xc3, 0xba, 0x95, 0x2d, 0x3f, 0x1c, 0xfd, 0x33, 0x3f, 0x04, 0x65, 0x5b, 0x3e,
    0xd9, 0x51, 0x19, 0x3f, 0x48, 0x15, 0xb8, 0xbe, 0xd7, 0x2f, 0x37, 0xbf, 0x00, 0x00, 0x80, 0xbf,
    0x9f, 0x9f, 0x9f, 0xff, 0x5f, 0x95, 0x27, 0x3f, 0xd2, 0x36, 0x06, 0x3f, 0xe8, 0x28, 0x96, 0xc3,
    0xf6, 0x9b, 0x96, 0x43, 0xb0, 0xe3, 0x95, 0xc3, 0x47, 0x81, 0x4b, 0x3f, 0xb5, 0xbd, 0x4c, 0xbe,
    0x8a, 0xa2, 0x12, 0x3f, 0xaf, 0xcb, 0xf1, 0x3e, 0xc5, 0x08, 0xc7, 0xbe, 0x36, 0x86, 0x4a, 0xbf,
    0x00, 0x00, 0x80, 0xbf, 0x9f, 0x9f, 0x9f, 0xff, 0xe5, 0x9d, 0x23, 0x3f, 0xac, 0xe5, 0x06, 0x3f,
    0xbe, 0x28, 0x96, 0xc3, 0x9b, 0x9b, 0x96, 0x43, 0x0a, 0xe4, 0x95, 0xc3, 0x47, 0x81, 0x4b, 0x3f,
    0xb4, 0xbd, 0x4c, 0xbe, 0x8a, 0xa2, 0x12, 0x3f, 0xaf, 0xcb, 0xf1, 0x3e, 0xc4, 0x08, 0xc7, 0xbe,
    0x36, 0x86, 0x4a, 0xbf, 0x00, 0x00, 0x80, 0xbf, 0x9f, 0x9f, 0x9f, 0xff, 0xd5, 0x04, 0x29, 0x3f,
    0x2d, 0x27, 0x09, 0x3f, 0xb4, 0x28, 0x96, 0xc3, 0xdd, 0x9b, 0x96, 0x43, 0x01, 0xe4, 0x95, 0xc3,
    0x47, 0x81, 0x4b, 0x3f, 0xb5, 0xbd, 0x4c, 0xbe, 0x8a, 0xa2, 0x12, 0x3f, 0xaf, 0xcb, 0xf1, 0x3e,
    0xc5, 0x08, 0xc7, 0xbe, 0x36, 0x86, 0x4a, 0xbf, 0x00, 0x00, 0x80, 0xbf, 0x9f, 0x9f, 0x9f, 0xff,
    0x5f, 0x95, 0x27, 0x3f, 0xd2, 0x36, 0x06, 0x3f, 0x34, 0x29, 0x96, 0xc3, 0x40, 0x9c, 0x96, 0x43,
    0x7a, 0xe3, 0x95, 0xc3, 0xa7, 0x31, 0x21, 0x3f, 0x9d, 0xa0, 0x33, 0x3f, 0xeb, 0xb8, 0xaa, 0x3e,
    0x6b, 0x97, 0x21, 0x3f, 0xf0, 0xf7, 0x58, 0xbe, 0xad, 0x00, 0x3f, 0xbf, 0x00, 0x00, 0x80, 0xbf,
    0x9f, 0x9f, 0x9f, 0xff, 0xec, 0x50, 0x19, 0x3f, 0xbd, 0xfe, 0x04, 0x3f, 0x01, 0x29, 0x96, 0xc3,
    0xfd, 0x9b, 0x96, 0x43, 0x4f, 0xe3, 0x95, 0xc3, 0xa7, 0x31, 0x21, 0x3f, 0x9d, 0xa0, 0x33, 0x3f,
    0xeb, 0xb8, 0xaa, 0x3e, 0x6b, 0x97, 0x21, 0x3f, 0xf0, 0xf7, 0x58, 0xbe, 0xad, 0x00, 0x3f, 0xbf,
    0x00, 0x00, 0x80, 0xbf, 0x9f, 0x9f, 0x9f, 0xff, 0xd5, 0xb2, 0x19, 0x3f, 0xbc, 0x58, 0x08, 0x3f,
    0xe8, 0x28, 0x96, 0xc3, 0xf6, 0x9b, 0x96, 0x43, 0xb0, 0xe3, 0x95, 0xc3, 0xa7, 0x31, 0x21, 0x3f,
    0x9d, 0xa0, 0x33, 0x3f, 0xeb, 0xb8, 0xaa, 0x3e, 0x6b, 0x97, 0x21, 0x3f, 0xf0, 0xf7, 0x58, 0xbe,
    0xad, 0x00, 0x3f, 0xbf, 0x00, 0x00, 0x80, 0xbf, 0x9f, 0x9f, 0x9f, 0xff, 0xe5, 0x9d, 0x23, 0x3f,
    0xac, 0xe5, 0x06, 0x3f, 0x0f, 0x29, 0x96, 0xc3, 0x63, 0x9c, 0x96, 0x43, 0xd9, 0xe3, 0x95, 0xc3,
    0x14, 0x9c, 0x1f, 0x3f, 0x5f, 0xb5, 0x36, 0x3f, 0x56, 0x71, 0xa3, 0x3e, 0x5f, 0xa7, 0x1d, 0x3f,
    0x57, 0x77, 0x49, 0xbe, 0x63, 0x4e, 0x43, 0xbf, 0x00, 0x00, 0x80, 0xbf, 0x9f, 0x9f, 0x9f, 0xff,
    0x39, 0x7c, 0x1e, 0x3f, 0xa0, 0xff, 0x02, 0x3f, 0xe9, 0x1a, 0x96, 0xc3, 0x1c, 0x8e, 0x96, 0x43,
    0xb7, 0xd0, 0x95, 0xc3, 0x49, 0x7b, 0x09, 0xbf, 0x86, 0x57, 0x02, 0xbf, 0xfc, 0x2d, 0x2c, 0xbf,
    0x3f, 0x95, 0xd9, 0xbe, 0x13, 0x1f, 0x5a, 0x3f, 0x5d, 0x81, 0x9c, 0xbe, 0x00, 0x00, 0x80, 0xbf,
    0xbc, 0xbc, 0xbc, 0xff, 0xf6, 0xb4, 0x13, 0x3f, 0xb0, 0xcb, 0x04, 0x3f, 0xd1, 0x1b, 0x96, 0xc3,
    0x5f, 0x8e, 0x96, 0x43, 0xae, 0xd0, 0x95, 0xc3, 0x49, 0x7b, 0x09, 0xbf, 0x86, 0x57, 0x02, 0xbf,
    0xfc, 0x2d, 0x2c, 0xbf, 0x3f, 0x95, 0xd9, 0xbe, 0x13, 0x1f, 0x5a, 0x3f, 0x5d, 0x81, 0x9c, 0xbe,
    0x00, 0x00, 0x80, 0xbf, 0xbc, 0xbc, 0xbc, 0xff, 0xd5, 0xb2, 0x19, 0x3f, 0xbc, 0x58, 0x08, 0x3f,
    0x6d, 0x1b, 0x96, 0xc3, 0x93, 0x8e, 0x96, 0x43, 0x23, 0xd1, 0x95, 0xc3, 0x49, 0x7b, 0x09, 0xbf,
    0x86, 0x57, 0x02, 0xbf, 0xfc, 0x2d, 0x2c, 0xbf, 0x3f, 0x95, 0xd9, 0xbe, 0x13, 0x1f, 0x5a, 0x3f,
    0x61, 0x81, 0x9c, 0xbe, 0x00, 0x00, 0x80, 0xbf, 0xbc, 0xbc, 0xbc, 0xff, 0xec, 0x50, 0x19, 0x3f,
    0xbd, 0xfe, 0x04, 0x3f, 0xe0, 0x1b, 0x96, 0xc3, 0x93, 0x8f, 0x96, 0x43, 0x15, 0xd0, 0x95, 0xc3,
    0xe0, 0x91, 0xef, 0xbd, 0x78, 0xf5, 0x95, 0xbe, 0x51, 0xef, 0x72, 0x3f, 0x8a, 0xd8, 0xeb, 0xbe,
    0x9c, 0xce, 0x5c, 0x3f, 0x6c, 0x74, 0x56, 0x3e, 0x00, 0x00, 0x80, 0xbf, 0xbc, 0xbc, 0xbc, 0xff,
    0x41, 0x7d, 0x27, 0x3f, 0x81, 0x96, 0x0a, 0x3f, 0xb8, 0x1b, 0x96, 0xc3, 0xcf, 0x8e, 0x96, 0x43,
    0x41, 0xd0, 0x95, 0xc3, 0xe0, 0x91, 0xef, 0xbd, 0x78, 0xf5, 0x95, 0xbe, 0x51, 0xef, 0x72, 0x3f,
    0x8a, 0xd8, 0xeb, 0xbe, 0x9c, 0xce, 0x5c, 0x3f, 0x6c, 0x74, 0x56, 0x3e, 0x00, 0x00, 0x80, 0xbf,
    0xbc, 0xbc, 0xbc, 0xff, 0xb4, 0xe7, 0x1e, 0x3f, 0xbb, 0x63, 0x09, 0x3f, 0xf8, 0x1a, 0x96, 0xc3,
    0xad, 0x8e, 0x96, 0x43, 0x36, 0xd0, 0x95, 0xc3, 0xe0, 0x91, 0xef, 0xbd, 0x78, 0xf5, 0x95, 0xbe,
    0x51, 0xef, 0x72, 0x3f, 0x88, 0xd8, 0xeb, 0xbe, 0x9c, 0xce, 0x5c, 0x3f, 0x6c, 0x74, 0x56, 0x3e,
    0x00, 0x00, 0x80, 0xbf, 0xbc, 0xbc, 0xbc, 0xff, 0xdc, 0x84, 0x17, 0x3f, 0x50, 0xc6, 0x0c, 0x3f,
    0x44, 0x1b, 0x96, 0xc3, 0xf2, 0x8f, 0x96, 0x43, 0xd9, 0xd0, 0x95, 0xc3, 0xf2, 0x76, 0x57, 0x3f,
    0xda, 0xa8, 0xec, 0x3e, 0x93, 0xf4, 0x8e, 0xbe, 0x3f, 0xa9, 0x02, 0xbf, 0xbe, 0x8b, 0x59, 0x3f,
    0xff, 0xe7, 0x06, 0xbe, 0x00, 0x00, 0x80, 0xbf, 0xbc, 0xbc, 0xbc, 0xff, 0x23, 0x12, 0x25, 0x3f,
    0x20, 0x42, 0xfc, 0x3e, 0xd4, 0x1a, 0x96, 0xc3, 0xac, 0x8f, 0x96, 0x43, 0xb6, 0xd0, 0x95, 0xc3,
    0xf2, 0x76, 0x57, 0x3f, 0xda, 0xa8, 0xec, 0x3e, 0x94, 0xf4, 0x8e, 0xbe, 0x3e, 0xa9, 0x02, 0xbf,
    0xc0, 0x8b, 0x59, 0x3f, 0xff, 0xe7, 0x06, 0xbe, 0x00, 0x00, 0x80, 0xbf, 0xbc, 0xbc, 0xbc, 0xff,
    0x03, 0x24, 0x1e, 0x3f, 0xa6, 0xee, 0xfa, 0x3e, 0xad, 0x1a, 0x96, 0xc3, 0x05, 0x8f, 0x96, 0x43,
    0x3e, 0xd1, 0x95, 0xc3, 0xf4, 0x76, 0x57, 0x3f, 0xda, 0xa8, 0xec, 0x3e, 0x92, 0xf4, 0x8e, 0xbe,
    0x3f, 0xa9, 0x02, 0xbf, 0xc0, 0x8b, 0x59, 0x3f, 0xfd, 0xe7, 0x06, 0xbe, 0x00, 0x00, 0x80, 0xbf,
    0xbc, 0xbc, 0xbc, 0xff, 0x87, 0xfe, 0x19, 0x3f, 0x5e, 0x81, 0x00, 0x3f, 0xe0, 0x1b, 0x96, 0xc3,
    0x93, 0x8f, 0x96, 0x43, 0x15, 0xd0, 0x95, 0xc3, 0x45, 0xe8, 0x04, 0x3f, 0xd6, 0xf3, 0xab, 0x3e,
    0x21, 0x32, 0x49, 0x3f, 0x9a, 0xbc, 0x3e, 0xbf, 0x21, 0xdd, 0x20, 0x3f, 0x04, 0x07, 0x65, 0x3e,
    0x00, 0x00, 0x80, 0xbf, 0xbc, 0xbc, 0xbc, 0xff, 0x9b, 0x39, 0x28, 0x3f, 0xd8, 0x80, 0xf0, 0x3e,
    0x2d, 0x1b, 0x96, 0xc3, 0x1f, 0x8f, 0x96, 0x43, 0x1f, 0xd0, 0x95, 0xc3, 0x45, 0xe8, 0x04, 0x3f,
    0xd6, 0xf3, 0xab, 0x3e, 0x21, 0x32, 0x49, 0x3f, 0x9a, 0xbc, 0x3e, 0xbf, 0x21, 0xdd, 0x20, 0x3f,
    0x04, 0x07, 0x65, 0x3e, 0x00, 0x00, 0x80, 0xbf, 0xbc, 0xbc, 0xbc, 0xff, 0x43, 0x75, 0x1b, 0x3f,
    0x6b, 0x82, 0xf0, 0x3e, 0x44, 0x1b, 0x96, 0xc3, 0xf2, 0x8f, 0x96, 0x43, 0xd9, 0xd0, 0x95, 0xc3,
    0x45, 0xe8, 0x04, 0x3f, 0xd6, 0xf3, 0xab, 0x3e, 0x21, 0x32, 0x49, 0x3f, 0x9a, 0xbc, 0x3e, 0xbf,
    0x21, 0xdd, 0x20, 0x3f, 0x03, 0x07, 0x65, 0x3e, 0x00, 0x00, 0x80, 0xbf, 0xbc, 0xbc, 0xbc, 0xff,
    0x23, 0x12, 0x25, 0x3f, 0x20, 0x42, 0xfc, 0x3e, 0x44, 0x1b, 0x96, 0xc3, 0xf2, 0x8f, 0x96, 0x43,
    0xd9, 0xd0, 0x95, 0xc3, 0x37, 0xa4, 0x47, 0xbc, 0xe9, 0x97, 0x9b, 0x3e, 0x71, 0xdf, 0x73, 0xbf,
    0x98, 0xac, 0xea, 0xbe, 0x26, 0x53, 0x58, 0x3f, 0xe6, 0x04, 0x8d, 0x3e, 0x00, 0x00, 0x80, 0xbf,
    0xbc, 0xbc, 0xbc, 0xff, 0x23, 0x12, 0x25, 0x3f, 0x20, 0x42, 0xfc, 0x3e, 0x96, 0x1b, 0x96, 0xc3,
    0x35, 0x8f, 0x96, 0x43, 0x6e, 0xd1, 0x95, 0xc3, 0x37, 0xa4, 0x47, 0xbc, 0xe9, 0x97, 0x9b, 0x3e,
    0x71, 0xdf, 0x73, 0xbf, 0x97, 0xac, 0xea, 0xbe, 0x26, 0x53, 0x58, 0x3f, 0xe7, 0x04, 0x8d, 0x3e,
    0x00, 0x00, 0x80, 0xbf, 0xbc, 0xbc, 0xbc, 0xff, 0x39, 0x7c, 0x1e, 0x3f, 0xa0, 0xff, 0x02, 0x3f,
    0xf2, 0x1b, 0x96, 0xc3, 0xd8, 0x8f, 0x96, 0x43, 0x06, 0xd1, 0x95, 0xc3, 0xa1, 0xa4, 0x47, 0xbc,
    0xe8, 0x97, 0x9b, 0x3e, 0x73, 0xdf, 0x73, 0xbf, 0x98, 0xac, 0xea, 0xbe, 0x26, 0x53, 0x58, 0x3f,
    0xe7, 0x04, 0x8d, 0x3e, 0x00, 0x00, 0x80, 0xbf, 0xbc, 0xbc, 0xbc, 0xff, 0x91, 0x47, 0x28, 0x3f,
    0x43, 0xe6, 0x02, 0x3f, 0xb8, 0x1b, 0x96, 0xc3, 0xcf, 0x8e, 0x96, 0x43, 0x41, 0xd0, 0x95, 0xc3,
    0xaa, 0x26, 0x5f, 0xbf, 0x25, 0x14, 0xe2, 0xbe, 0x00, 0xb0, 0x59, 0x3e, 0xd7, 0x52, 0xd5, 0xbe,
    0xf2, 0x67, 0x65, 0x3f, 0x0a, 0x92, 0x1c, 0x3e, 0x00, 0x00, 0x80, 0xbf, 0xbc, 0xbc, 0xbc, 0xff,
    0xb4, 0xe7, 0x1e, 0x3f, 0xbb, 0x63, 0x09, 0x3f, 0x1b, 0x1c, 0x96, 0xc3, 0xb8, 0x8f, 0x96, 0x43,
    0x28, 0xd0, 0x95, 0xc3, 0xaa, 0x26, 0x5f, 0xbf, 0x25, 0x14, 0xe2, 0xbe, 0x00, 0xb0, 0x59, 0x3e,
    0xd7, 0x52, 0xd5, 0xbe, 0xf2, 0x67, 0x65, 0x3f, 0x0a, 0x92, 0x1c, 0x3e, 0x00, 0x00, 0x80, 0xbf,
    0xbc, 0xbc, 0xbc, 0xff, 0xd5, 0x04, 0x29, 0x3f, 0x2d, 0x27, 0x09, 0x3f, 0xe5, 0x1b, 0x96, 0xc3,
    0x0a, 0x8f, 0x96, 0x43, 0xb3, 0xd0, 0x95, 0xc3, 0xaa, 0x26, 0x5f, 0xbf, 0x25, 0x14, 0xe2, 0xbe,
    0x00, 0xb0, 0x59, 0x3e, 0xd7, 0x52, 0xd5, 0xbe, 0xf3, 0x67, 0x65, 0x3f, 0x08, 0x92, 0x1c, 0x3e,
    0x00, 0x00, 0x80, 0xbf, 0xbc, 0xbc, 0xbc, 0xff, 0xe5, 0x9d, 0x23, 0x3f, 0xac, 0xe5, 0x06, 0x3f,
    0x44, 0x1b, 0x96, 0xc3, 0xf2, 0x8f, 0x96, 0x43, 0xd9, 0xd0, 0x95, 0xc3, 0x05, 0x7f, 0x09, 0xbd,
    0x11, 0x5b, 0x15, 0x3f, 0xe6, 0xbc, 0x4f, 0xbf, 0xfd, 0x87, 0xfe, 0xbe, 0x75, 0xd2, 0x31, 0x3f,
    0xa7, 0x1c, 0x05, 0x3f, 0x00, 0x00, 0x80, 0xbf, 0xbc, 0xbc, 0xbc, 0xff, 0x23, 0x12, 0x25, 0x3f,
    0x20, 0x42, 0xfc, 0x3e, 0xf2, 0x1b, 0x96, 0xc3, 0xd8, 0x8f, 0x96, 0x43, 0x06, 0xd1, 0x95, 0xc3,
    0x19, 0x7f, 0x09, 0xbd, 0x0f, 0x5b, 0x15, 0x3f, 0xe7, 0xbc, 0x4f, 0xbf, 0xfd, 0x87, 0xfe, 0xbe,
    0x75, 0xd2, 0x31, 0x3f, 0xa6, 0x1c, 0x05, 0x3f, 0x00, 0x00, 0x80, 0xbf, 0xbc, 0xbc, 0xbc, 0xff,
    0x91, 0x47, 0x28, 0x3f, 0x43, 0xe6, 0x02, 0x3f, 0xd7, 0x1b, 0x96, 0xc3, 0x46, 0x90, 0x96, 0x43,
    0x92, 0xd0, 0x95, 0xc3, 0x0c, 0x7f, 0x09, 0xbd, 0x10, 0x5b, 0x15, 0x3f, 0xe8, 0xbc, 0x4f, 0xbf,
    0xfb, 0x87, 0xfe, 0xbe, 0x74, 0xd2, 0x31, 0x3f, 0xa7, 0x1c, 0x05, 0x3f, 0x00, 0x00, 0x80, 0xbf,
    0xbc, 0xbc, 0xbc, 0xff, 0x90, 0x86, 0x2b, 0x3f, 0x79, 0x22, 0x00, 0x3f, 0xc5, 0x1a, 0x96, 0xc3,
    0x23, 0x8e, 0x96, 0x43, 0xdd, 0xd0, 0x95, 0xc3, 0x9d, 0x21, 0x76, 0x3f, 0x7c, 0x13, 0x3a, 0x3c,
    0x43, 0xab, 0x8c, 0xbe, 0x8f, 0x92, 0x4d, 0xbe, 0x1b, 0x37, 0x36, 0x3f, 0x92, 0x50, 0x2c, 0xbf,
    0x00, 0x00, 0x80, 0xbf, 0xbc, 0xbc, 0xbc, 0xff, 0x8c, 0xf7, 0x13, 0x3f, 0x39, 0x7b, 0x03, 0x3f,
    0xad, 0x1a, 0x96, 0xc3, 0x05, 0x8f, 0x96, 0x43, 0x3e, 0xd1, 0x95, 0xc3, 0x9f, 0x21, 0x76, 0x3f,
    0x27, 0x13, 0x3a, 0x3c, 0x42, 0xab, 0x8c, 0xbe, 0x89, 0x92, 0x4d, 0xbe, 0x1b, 0x37, 0x36, 0x3f,
    0x93, 0x50, 0x2c, 0xbf, 0x00, 0x00, 0x80, 0xbf, 0xbc, 0xbc, 0xbc, 0xff, 0x87, 0xfe, 0x19, 0x3f,
    0x5e, 0x81, 0x00, 0x3f, 0x87, 0x1a, 0x96, 0xc3, 0xe7, 0x8e, 0x96, 0x43, 0xaf, 0xd0, 0x95, 0xc3,
    0x9f, 0x21, 0x76, 0x3f, 0x5c, 0x13, 0x3a, 0x3c, 0x42, 0xab, 0x8c, 0xbe, 0x89, 0x92, 0x4d, 0xbe,
    0x1b, 0x37, 0x36, 0x3f, 0x93, 0x50, 0x2c, 0xbf, 0x00, 0x00, 0x80, 0xbf, 0xbc, 0xbc, 0xbc, 0xff,
    0xc5, 0x3b, 0x18, 0x3f, 0x2d, 0xcf, 0xfb, 0x3e, 0xe9, 0x1a, 0x96, 0xc3, 0x1c, 0x8e, 0x96, 0x43,
    0xb7, 0xd0, 0x95, 0xc3, 0xc1, 0xf9, 0xa1, 0xbd, 0x58, 0x96, 0x13, 0xbf, 0x41, 0x31, 0x50, 0x3f,
    0xfb, 0x7d, 0x7d, 0xbf, 0x59, 0xa2, 0x47, 0xbd, 0x63, 0xfd, 0x05, 0xbe, 0x00, 0x00, 0x80, 0xbf,
    0xbc, 0xbc, 0xbc, 0xff, 0xf6, 0xb4, 0x13, 0x3f, 0xb0, 0xcb, 0x04, 0x3f, 0xf8, 0x1a, 0x96, 0xc3,
    0xad, 0x8e, 0x96, 0x43, 0x36, 0xd0, 0x95, 0xc3, 0xcb, 0xf9, 0xa1, 0xbd, 0x58, 0x96, 0x13, 0xbf,
    0x41, 0x31, 0x50, 0x3f, 0xfb, 0x7d, 0x7d, 0xbf, 0x4c, 0xa2, 0x47, 0xbd, 0x63, 0xfd, 0x05, 0xbe,
    0x00, 0x00, 0x80, 0xbf, 0xbc, 0xbc, 0xbc, 0xff, 0xdc, 0x84, 0x17, 0x3f, 0x50, 0xc6, 0x0c, 0x3f,
    0xd1, 0x1b, 0x96, 0xc3, 0x5f, 0x8e, 0x96, 0x43, 0xae, 0xd0, 0x95, 0xc3, 0xc7, 0xf9, 0xa1, 0xbd,
    0x58, 0x96, 0x13, 0xbf, 0x41, 0x31, 0x50, 0x3f, 0xfc, 0x7d, 0x7d, 0xbf, 0x52, 0xa2, 0x47, 0xbd,
    0x63, 0xfd, 0x05, 0xbe, 0x00, 0x00, 0x80, 0xbf, 0xbc, 0xbc, 0xbc, 0xff, 0xd5, 0xb2, 0x19, 0x3f,
    0xbc, 0x58, 0x08, 0x3f, 0xf8, 0x1a, 0x96, 0xc3, 0xad, 0x8e, 0x96, 0x43, 0x36, 0xd0, 0x95, 0xc3,
    0x38, 0xd0, 0x3b, 0x3f, 0xa9, 0x97, 0x86, 0xbd, 0x10, 0x25, 0x2d, 0x3f, 0x40, 0x5e, 0x02, 0x3f,
    0xdc, 0x50, 0x36, 0x3f, 0x28, 0x65, 0xf7, 0xbe, 0x00, 0x00, 0x80, 0xbf, 0xbc, 0xbc, 0xbc, 0xff,
    0x62, 0xa1, 0x16, 0x3f, 0x1a, 0x14, 0xf5, 0x3e, 0xb3, 0x1a, 0x96, 0xc3, 0x36, 0x8e, 0x96, 0x43,
    0xae, 0xd0, 0x95, 0xc3, 0x37, 0xd0, 0x3b, 0x3f, 0xa9, 0x97, 0x86, 0xbd, 0x10, 0x25, 0x2d, 0x3f,
    0x3f, 0x5e, 0x02, 0x3f, 0xdb, 0x50, 0x36, 0x3f, 0x24, 0x65, 0xf7, 0xbe, 0x00, 0x00, 0x80, 0xbf,
    0xbc, 0xbc, 0xbc, 0xff, 0x5d, 0x6f, 0x13, 0x3f, 0x9a, 0x5e, 0x02, 0x3f, 0x87, 0x1a, 0x96, 0xc3,
    0xe7, 0x8e, 0x96, 0x43, 0xaf, 0xd0, 0x95, 0xc3, 0x38, 0xd0, 0x3b, 0x3f, 0xa9, 0x97, 0x86, 0xbd,
    0x10, 0x25, 0x2d, 0x3f, 0x3f, 0x5e, 0x02, 0x3f, 0xdb, 0x50, 0x36, 0x3f, 0x24, 0x65, 0xf7, 0xbe,
    0x00, 0x00, 0x80, 0xbf, 0xbc, 0xbc, 0xbc, 0xff, 0xc5, 0x3b, 0x18, 0x3f, 0x2d, 0xcf, 0xfb, 0x3e,
    0x2d, 0x1b, 0x96, 0xc3, 0x1f, 0x8f, 0x96, 0x43, 0x1f, 0xd0, 0x95, 0xc3, 0x2a, 0xdf, 0x25, 0x3f,
    0x31, 0x87, 0xa6, 0x3e, 0x9b, 0x52, 0x30, 0x3f, 0xd6, 0xcc, 0x2a, 0xbf, 0x7e, 0xb8, 0x2d, 0x3f,
    0x51, 0x48, 0x9d, 0x3e, 0x00, 0x00, 0x80, 0xbf, 0xbc, 0xbc, 0xbc, 0xff, 0x43, 0x75, 0x1b, 0x3f,
    0x6b, 0x82, 0xf0, 0x3e, 0xd4, 0x1a, 0x96, 0xc3, 0xac, 0x8f, 0x96, 0x43, 0xb6, 0xd0, 0x95, 0xc3,
    0x2a, 0xdf, 0x25, 0x3f, 0x31, 0x87, 0xa6, 0x3e, 0x9b, 0x52, 0x30, 0x3f, 0xd6, 0xcc, 0x2a, 0xbf,
    0x7e, 0xb8, 0x2d, 0x3f, 0x51, 0x48, 0x9d, 0x3e, 0x00, 0x00, 0x80, 0xbf, 0xbc, 0xbc, 0xbc, 0xff,
    0x03, 0x24, 0x1e, 0x3f, 0xa6, 0xee, 0xfa, 0x3e, 0x44, 0x1b, 0x96, 0xc3, 0xf2, 0x8f, 0x96, 0x43,
    0xd9, 0xd0, 0x95, 0xc3, 0x2a, 0xdf, 0x25, 0x3f, 0x31, 0x87, 0xa6, 0x3e, 0x9b, 0x52, 0x30, 0x3f,
    0xd6, 0xcc, 0x2a, 0xbf, 0x7e, 0xb8, 0x2d, 0x3f, 0x51, 0x48, 0x9d, 0x3e, 0x00, 0x00, 0x80, 0xbf,
    0xbc, 0xbc, 0xbc, 0xff, 0x23, 0x12, 0x25, 0x3f, 0x20, 0x42, 0xfc, 0x3e, 0xad, 0x1a, 0x96, 0xc3,
    0x05, 0x8f, 0x96, 0x43, 0x3e, 0xd1, 0x95, 0xc3, 0x0d, 0x62, 0xf0, 0x3b, 0x2a, 0xb0, 0x9b, 0x3e,
    0xd5, 0xde, 0x73, 0xbf, 0x41, 0x59, 0x4b, 0xbf, 0x3d, 0x99, 0x14, 0x3f, 0xe0, 0x77, 0x37, 0x3e,
    0x00, 0x00, 0x80, 0xbf, 0xbc, 0xbc, 0xbc, 0xff, 0x87, 0xfe, 0x19, 0x3f, 0x5e, 0x81, 0x00, 0x3f,
    0x96, 0x1b, 0x96, 0xc3, 0x35, 0x8f, 0x96, 0x43, 0x6e, 0xd1, 0x95, 0xc3, 0xa4, 0x61, 0xf0, 0x3b,
    0x2a, 0xb0, 0x9b, 0x3e, 0xd5, 0xde, 0x73, 0xbf, 0x41, 0x59, 0x4b, 0xbf, 0x3d, 0x99, 0x14, 0x3f,
    0xe0, 0x77, 0x37, 0x3e, 0x00, 0x00, 0x80, 0xbf, 0xbc, 0xbc, 0xbc, 0xff, 0x39, 0x7c, 0x1e, 0x3f,
    0xa0, 0xff, 0x02, 0x3f, 0x44, 0x1b, 0x96, 0xc3, 0xf2, 0x8f, 0x96, 0x43, 0xd9, 0xd0, 0x95, 0xc3,
    0x0d, 0x62, 0xf0, 0x3b, 0x2c, 0xb0, 0x9b, 0x3e, 0xd5, 0xde, 0x73, 0xbf, 0x41, 0x59, 0x4b, 0xbf,
    0x3d, 0x99, 0x14, 0x3f, 0xe1, 0x77, 0x37, 0x3e, 0x00, 0x00, 0x80, 0xbf, 0xbc, 0xbc, 0xbc, 0xff,
    0x23, 0x12, 0x25, 0x3f, 0x20, 0x42, 0xfc, 0x3e, 0x6d, 0x1b, 0x96, 0xc3, 0x93, 0x8e, 0x96, 0x43,
    0x23, 0xd1, 0x95, 0xc3, 0x2b, 0xbf, 0x85, 0xbe, 0x08, 0xff, 0x74, 0xbe, 0x7c, 0x66, 0x6f, 0xbf,
    0x86, 0x2f, 0xec, 0xbe, 0x77, 0xc7, 0x61, 0x3f, 0x2f, 0x36, 0xc6, 0xbd, 0x00, 0x00, 0x80, 0xbf,
    0xbc, 0xbc, 0xbc, 0xff, 0xec, 0x50, 0x19, 0x3f, 0xbd, 0xfe, 0x04, 0x3f, 0xad, 0x1a, 0x96, 0xc3,
    0x05, 0x8f, 0x96, 0x43, 0x3e, 0xd1, 0x95, 0xc3, 0x2a, 0xbf, 0x85, 0xbe, 0x08, 0xff, 0x74, 0xbe,
    0x7c, 0x66, 0x6f, 0xbf, 0x86, 0x2f, 0xec, 0xbe, 0x77, 0xc7, 0x61, 0x3f, 0x2f, 0x36, 0xc6, 0xbd,
    0x00, 0x00, 0x80, 0xbf, 0xbc, 0xbc, 0xbc, 0xff, 0x87, 0xfe, 0x19, 0x3f, 0x5e, 0x81, 0x00, 0x3f,
    0xc5, 0x1a, 0x96, 0xc3, 0x23, 0x8e, 0x96, 0x43, 0xdd, 0xd0, 0x95, 0xc3, 0x2b, 0xbf, 0x85, 0xbe,
    0x08, 0xff, 0x74, 0xbe, 0x7c, 0x66, 0x6f, 0xbf, 0x84, 0x2f, 0xec, 0xbe, 0x77, 0xc7, 0x61, 0x3f,
    0x28, 0x36, 0xc6, 0xbd, 0x00, 0x00, 0x80, 0xbf, 0xbc, 0xbc, 0xbc, 0xff, 0x8c, 0xf7, 0x13, 0x3f,
    0x39, 0x7b, 0x03, 0x3f, 0x96, 0x1b, 0x96, 0xc3, 0x35, 0x8f, 0x96, 0x43, 0x6e, 0xd1, 0x95, 0xc3,
    0xf7, 0xab, 0x20, 0xbf, 0x4e, 0x74, 0x43, 0xbe, 0xa7, 0x37, 0x41, 0xbf, 0x74, 0x6b, 0x1c, 0xbf,
    0x74, 0xb7, 0x38, 0x3f, 0x8f, 0xb7, 0xa6, 0x3e, 0x00, 0x00, 0x80, 0xbf, 0xbc, 0xbc, 0xbc, 0xff,
    0x39, 0x7c, 0x1e, 0x3f, 0xa0, 0xff, 0x02, 0x3f, 0xe5, 0x1b, 0x96, 0xc3, 0x0a, 0x8f, 0x96, 0x43,
    0xb3, 0xd0, 0x95, 0xc3, 0xf7, 0xab, 0x20, 0xbf, 0x4e, 0x74, 0x43, 0xbe, 0xa7, 0x37, 0x41, 0xbf,
    0x74, 0x6b, 0x1c, 0xbf, 0x74, 0xb7, 0x38, 0x3f, 0x8f, 0xb7, 0xa6, 0x3e, 0x00, 0x00, 0x80, 0xbf,
    0xbc, 0xbc, 0xbc, 0xff, 0xe5, 0x9d, 0x23, 0x3f, 0xac, 0xe5, 0x06, 0x3f, 0xf2, 0x1b, 0x96, 0xc3,
    0xd8, 0x8f, 0x96, 0x43, 0x06, 0xd1, 0x95, 0xc3, 0xf7, 0xab, 0x20, 0xbf, 0x4e, 0x74, 0x43, 0xbe,
    0xa7, 0x37, 0x41, 0xbf, 0x74, 0x6b, 0x1c, 0xbf, 0x74, 0xb7, 0x38, 0x3f, 0x8f, 0xb7, 0xa6, 0x3e,
    0x00, 0x00, 0x80, 0xbf, 0xbc, 0xbc, 0xbc, 0xff, 0x91, 0x47, 0x28, 0x3f, 0x43, 0xe6, 0x02, 0x3f,
    0xf2, 0x1b, 0x96, 0xc3, 0xd8, 0x8f, 0x96, 0x43, 0x06, 0xd1, 0x95, 0xc3, 0x07, 0x44, 0x66, 0xbf,
    0xe9, 0x5c, 0x05, 0x3e, 0xb1, 0x8f, 0xd5, 0xbe, 0xa5, 0x38, 0x23, 0xbe, 0x4c, 0x7e, 0x4a, 0x3f,
    0x3a, 0x38, 0x17, 0x3f, 0x00, 0x00, 0x80, 0xbf, 0xbc, 0xbc, 0xbc, 0xff, 0x91, 0x47, 0x28, 0x3f,
    0x43, 0xe6, 0x02, 0x3f, 0x2b, 0x1c, 0x96, 0xc3, 0xa1, 0x8f, 0x96, 0x43, 0x97, 0xd0, 0x95, 0xc3,
    0x05, 0x44, 0x66, 0xbf, 0xe8, 0x5c, 0x05, 0x3e, 0xb1, 0x8f, 0xd5, 0xbe, 0xa5, 0x38, 0x23, 0xbe,
    0x4c, 0x7e, 0x4a, 0x3f, 0x3a, 0x38, 0x17, 0x3f, 0x00, 0x00, 0x80, 0xbf, 0xbc, 0xbc, 0xbc, 0xff,
    0x5f, 0x95, 0x27, 0x3f, 0xd2, 0x36, 0x06, 0x3f, 0x3c, 0x1c, 0x96, 0xc3, 0xf4, 0x8f, 0x96, 0x43,
    0x59, 0xd0, 0x95, 0xc3, 0x05, 0x44, 0x66, 0xbf, 0xe4, 0x5c, 0x05, 0x3e, 0xb3, 0x8f, 0xd5, 0xbe,
    0xa7, 0x38, 0x23, 0xbe, 0x4c, 0x7e, 0x4a, 0x3f, 0x3a, 0x38, 0x17, 0x3f, 0x00, 0x00, 0x80, 0xbf,
    0xbc, 0xbc, 0xbc, 0xff, 0x82, 0x39, 0x2a, 0x3f, 0xbe, 0x33, 0x06, 0x3f, 0xe0, 0x1b, 0x96, 0xc3,
    0x93, 0x8f, 0x96, 0x43, 0x15, 0xd0, 0x95, 0xc3, 0xbf, 0xcd, 0xf4, 0x3e, 0x9f, 0xe9, 0xcb, 0x3e,
    0x7a, 0x65, 0x48, 0x3f, 0x45, 0x58, 0x60, 0xbf, 0x9c, 0xe1, 0x20, 0x3e, 0x0c, 0x22, 0xe9, 0x3e,
    0x00, 0x00, 0x80, 0xbf, 0xbc, 0xbc, 0xbc, 0xff, 0x9b, 0x39, 0x28, 0x3f, 0xd8, 0x80, 0xf0, 0x3e,
    0x44, 0x1b, 0x96, 0xc3, 0xf2, 0x8f, 0x96, 0x43, 0xd9, 0xd0, 0x95, 0xc3, 0xbf, 0xcd, 0xf4, 0x3e,
    0x9f, 0xe9, 0xcb, 0x3e, 0x7a, 0x65, 0x48, 0x3f, 0x45, 0x58, 0x60, 0xbf, 0x9c, 0xe1, 0x20, 0x3e,
    0x0c, 0x22, 0xe9, 0x3e, 0x00, 0x00, 0x80, 0xbf, 0xbc, 0xbc, 0xbc, 0xff, 0x23, 0x12, 0x25, 0x3f,
    0x20, 0x42, 0xfc, 0x3e, 0xd7, 0x1b, 0x96, 0xc3, 0x46, 0x90, 0x96, 0x43, 0x92, 0xd0, 0x95, 0xc3,
    0xbf, 0xcd, 0xf4, 0x3e, 0x9f, 0xe9, 0xcb, 0x3e, 0x7a, 0x65, 0x48, 0x3f, 0x45, 0x58, 0x60, 0xbf,
    0x9c, 0xe1, 0x20, 0x3e, 0x0d, 0x22, 0xe9, 0x3e, 0x00, 0x00, 0x80, 0xbf, 0xbc, 0xbc, 0xbc, 0xff,
    0x90, 0x86, 0x2b, 0x3f, 0x79, 0x22, 0x00, 0x3f, 0x3c, 0x1c, 0x96, 0xc3, 0xf4, 0x8f, 0x96, 0x43,
    0x59, 0xd0, 0x95, 0xc3, 0x89, 0x16, 0x64, 0xbf, 0x86, 0xe4, 0x59, 0x3e, 0x86, 0x5f, 0xcd, 0xbe,
    0xa1, 0x4e, 0x83, 0xbe, 0x83, 0x81, 0xfc, 0x3e, 0xfe, 0xcd, 0x54, 0x3f, 0x00, 0x00, 0x80, 0xbf,
    0xbc, 0xbc, 0xbc, 0xff, 0x82, 0x39, 0x2a, 0x3f, 0xbe, 0x33, 0x06, 0x3f, 0xd7, 0x1b, 0x96, 0xc3,
    0x46, 0x90, 0x96, 0x43, 0x92, 0xd0, 0x95, 0xc3, 0x89, 0x16, 0x64, 0xbf, 0x86, 0xe4, 0x59, 0x3e,
    0x86, 0x5f, 0xcd, 0xbe, 0x9f, 0x4e, 0x83, 0xbe, 0x81, 0x81, 0xfc, 0x3e, 0xfe, 0xcd, 0x54, 0x3f,
    0x00, 0x00, 0x80, 0xbf, 0xbc, 0xbc, 0xbc, 0xff, 0x90, 0x86, 0x2b, 0x3f, 0x79, 0x22, 0x00, 0x3f,
    0xf2, 0x1b, 0x96, 0xc3, 0xd8, 0x8f, 0x96, 0x43, 0x06, 0xd1, 0x95, 0xc3, 0x89, 0x16, 0x64, 0xbf,
    0x89, 0xe4, 0x59, 0x3e, 0x85, 0x5f, 0xcd, 0xbe, 0x9f, 0x4e, 0x83, 0xbe, 0x81, 0x81, 0xfc, 0x3e,
    0xfe, 0xcd, 0x54, 0x3f, 0x00, 0x00, 0x80, 0xbf, 0xbc, 0xbc, 0xbc, 0xff, 0x91, 0x47, 0x28, 0x3f,
    0x43, 0xe6, 0x02, 0x3f, 0x1b, 0x1c, 0x96, 0xc3, 0xb8, 0x8f, 0x96, 0x43, 0x28, 0xd0, 0x95, 0xc3,
    0x31, 0xcc, 0x60, 0xbd, 0xdd, 0x6b, 0xc2, 0x3e, 0x6e, 0x68, 0x6c, 0x3f, 0x47, 0x01, 0x78, 0xbf,
    0xfa, 0x9e, 0x50, 0x3e, 0xb0, 0xbd, 0x10, 0xbe, 0x00, 0x00, 0x80, 0xbf, 0xbc, 0xbc, 0xbc, 0xff,
    0xe4, 0x13, 0x2a, 0x3f, 0xc9, 0x72, 0xf2, 0x3e, 0xe0, 0x1b, 0x96, 0xc3, 0x93, 0x8f, 0x96, 0x43,
    0x15, 0xd0, 0x95, 0xc3, 0x31, 0xcc, 0x60, 0xbd, 0xdd, 0x6b, 0xc2, 0x3e, 0x6e, 0x68, 0x6c, 0x3f,
    0x47, 0x01, 0x78, 0xbf, 0xfa, 0x9e, 0x50, 0x3e, 0xb0, 0xbd, 0x10, 0xbe, 0x00, 0x00, 0x80, 0xbf,
    0xbc, 0xbc, 0xbc, 0xff, 0x9b, 0x39, 0x28, 0x3f, 0xd8, 0x80, 0xf0, 0x3e, 0xd7, 0x1b, 0x96, 0xc3,
    0x46, 0x90, 0x96, 0x43, 0x92, 0xd0, 0x95, 0xc3, 0x3e, 0xcc, 0x60, 0xbd, 0xde, 0x6b, 0xc2, 0x3e,
    0x6d, 0x68, 0x6c, 0x3f, 0x47, 0x01, 0x78, 0xbf, 0xf6, 0x9e, 0x50, 0x3e, 0xb5, 0xbd, 0x10, 0xbe,
    0x00, 0x00, 0x80, 0xbf, 0xbc, 0xbc, 0xbc, 0xff, 0x90, 0x86, 0x2b, 0x3f, 0x79, 0x22, 0x00, 0x3f,
    0x1b, 0x1c, 0x96, 0xc3, 0xb8, 0x8f, 0x96, 0x43, 0x28, 0xd0, 0x95, 0xc3, 0xa6, 0x72, 0xf8, 0xbe,
    0x15, 0xcf, 0xbd, 0xbe, 0xb2, 0xb9, 0x4a, 0x3f, 0xc5, 0x60, 0xcd, 0xbe, 0x29, 0x2d, 0x66, 0x3f,
    0xb2, 0x52, 0x33, 0x3e, 0x00, 0x00, 0x80, 0xbf, 0xbc, 0xbc, 0xbc, 0xff, 0xd5, 0x04, 0x29, 0x3f,
    0x2d, 0x27, 0x09, 0x3f, 0xb8, 0x1b, 0x96, 0xc3, 0xcf, 0x8e, 0x96, 0x43, 0x41, 0xd0, 0x95, 0xc3,
    0xa4, 0x72, 0xf8, 0xbe, 0x15, 0xcf, 0xbd, 0xbe, 0xb2, 0xb9, 0x4a, 0x3f, 0xc5, 0x60, 0xcd, 0xbe,
    0x29, 0x2d, 0x66, 0x3f, 0xb3, 0x52, 0x33, 0x3e, 0x00, 0x00, 0x80, 0xbf, 0xbc, 0xbc, 0xbc, 0xff,
    0xb4, 0xe7, 0x1e, 0x3f, 0xbb, 0x63, 0x09, 0x3f, 0xe0, 0x1b, 0x96, 0xc3, 0x93, 0x8f, 0x96, 0x43,
    0x15, 0xd0, 0x95, 0xc3, 0xa6, 0x72, 0xf8, 0xbe, 0x15, 0xcf, 0xbd, 0xbe, 0xb2, 0xb9, 0x4a, 0x3f,
    0xc6, 0x60, 0xcd, 0xbe, 0x29, 0x2d, 0x66, 0x3f, 0xb3, 0x52, 0x33, 0x3e, 0x00, 0x00, 0x80, 0xbf,
    0xbc, 0xbc, 0xbc, 0xff, 0x41, 0x7d, 0x27, 0x3f, 0x81, 0x96, 0x0a, 0x3f, 0x6d, 0x1b, 0x96, 0xc3,
    0x93, 0x8e, 0x96, 0x43, 0x23, 0xd1, 0x95, 0xc3, 0x35, 0x84, 0x8b, 0xbe, 0xf6, 0x97, 0x67, 0xbe,
    0x31, 0x69, 0x6f, 0xbf, 0x43, 0xb4, 0x25, 0xbf, 0x18, 0x22, 0x43, 0x3f, 0xd3, 0xb7, 0x8b, 0x3b,
    0x00, 0x00, 0x80, 0xbf, 0xbc, 0xbc, 0xbc, 0xff, 0xec, 0x50, 0x19, 0x3f, 0xbd, 0xfe, 0x04, 0x3f,
    0x96, 0x1b, 0x96, 0xc3, 0x35, 0x8f, 0x96, 0x43, 0x6e, 0xd1, 0x95, 0xc3, 0x36, 0x84, 0x8b, 0xbe,
    0xf4, 0x97, 0x67, 0xbe, 0x31, 0x69, 0x6f, 0xbf, 0x42, 0xb4, 0x25, 0xbf, 0x19, 0x22, 0x43, 0x3f,
    0xa6, 0xb8, 0x8b, 0x3b, 0x00, 0x00, 0x80, 0xbf, 0xbc, 0xbc, 0xbc, 0xff, 0x39, 0x7c, 0x1e, 0x3f,
    0xa0, 0xff, 0x02, 0x3f, 0xad, 0x1a, 0x96, 0xc3, 0x05, 0x8f, 0x96, 0x43, 0x3e, 0xd1, 0x95, 0xc3,
    0x36, 0x84, 0x8b, 0xbe, 0xf6, 0x97, 0x67, 0xbe, 0x31, 0x69, 0x6f, 0xbf, 0x42, 0xb4, 0x25, 0xbf,
    0x17, 0x22, 0x43, 0x3f, 0x84, 0xb7, 0x8b, 0x3b, 0x00, 0x00, 0x80, 0xbf, 0xbc, 0xbc, 0xbc, 0xff,
    0x87, 0xfe, 0x19, 0x3f, 0x5e, 0x81, 0x00, 0x3f, 0xb8, 0x1b, 0x96, 0xc3, 0xcf, 0x8e, 0x96, 0x43,
    0x41, 0xd0, 0x95, 0xc3, 0xf1, 0xdb, 0x3d, 0xbe, 0x8b, 0x42, 0xd9, 0xbe, 0xdb, 0xe5, 0x62, 0x3f,
    0x42, 0xa4, 0x25, 0xbe, 0x1c, 0x20, 0x67, 0x3f, 0x86, 0xfb, 0xcb, 0x3e, 0x00, 0x00, 0x80, 0xbf,
    0xbc, 0xbc, 0xbc, 0xff, 0xb4, 0xe7, 0x1e, 0x3f, 0xbb, 0x63, 0x09, 0x3f, 0xd1, 0x1b, 0x96, 0xc3,
    0x5f, 0x8e, 0x96, 0x43, 0xae, 0xd0, 0x95, 0xc3, 0xf1, 0xdb, 0x3d, 0xbe, 0x8b, 0x42, 0xd9, 0xbe,
    0xdb, 0xe5, 0x62, 0x3f, 0x43, 0xa4, 0x25, 0xbe, 0x1c, 0x20, 0x67, 0x3f, 0x8a, 0xfb, 0xcb, 0x3e,
    0x00, 0x00, 0x80, 0xbf, 0xbc, 0xbc, 0xbc, 0xff, 0xd5, 0xb2, 0x19, 0x3f, 0xbc, 0x58, 0x08, 0x3f,
    0xf8, 0x1a, 0x96, 0xc3, 0xad, 0x8e, 0x96, 0x43, 0x36, 0xd0, 0x95, 0xc3, 0xf1, 0xdb, 0x3d, 0xbe,
    0x88, 0x42, 0xd9, 0xbe, 0xdb, 0xe5, 0x62, 0x3f, 0x43, 0xa4, 0x25, 0xbe, 0x1c, 0x20, 0x67, 0x3f,
    0x87, 0xfb, 0xcb, 0x3e, 0x00, 0x00, 0x80, 0xbf, 0xbc, 0xbc, 0xbc, 0xff, 0xdc, 0x84, 0x17, 0x3f,
    0x50, 0xc6, 0x0c, 0x3f, 0xd1, 0x1b, 0x96, 0xc3, 0x5f, 0x8e, 0x96, 0x43, 0xae, 0xd0, 0x95, 0xc3,
    0x13, 0x28, 0x5f, 0xbf, 0x33, 0x6e, 0xe2, 0xbe, 0x0f, 0x21, 0x58, 0x3e, 0x8e, 0x37, 0x91, 0xbe,
    0xc8, 0x7b, 0x4e, 0x3f, 0xc9, 0xc5, 0x04, 0x3f, 0x00, 0x00, 0x80, 0xbf, 0xbc, 0xbc, 0xbc, 0xff,
    0xd5, 0xb2, 0x19, 0x3f, 0xbc, 0x58, 0x08, 0x3f, 0xb8, 0x1b, 0x96, 0xc3, 0xcf, 0x8e, 0x96, 0x43,
    0x41, 0xd0, 0x95, 0xc3, 0x13, 0x28, 0x5f, 0xbf, 0x33, 0x6e, 0xe2, 0xbe, 0x0d, 0x21, 0x58, 0x3e,
    0x92, 0x37, 0x91, 0xbe, 0xc8, 0x7b, 0x4e, 0x3f, 0xc8, 0xc5, 0x04, 0x3f, 0x00, 0x00, 0x80, 0xbf,
    0xbc, 0xbc, 0xbc, 0xff, 0xb4, 0xe7, 0x1e, 0x3f, 0xbb, 0x63, 0x09, 0x3f, 0xe5, 0x1b, 0x96, 0xc3,
    0x0a, 0x8f, 0x96, 0x43, 0xb3, 0xd0, 0x95, 0xc3, 0x13, 0x28, 0x5f, 0xbf, 0x33, 0x6e, 0xe2, 0xbe,
    0x0f, 0x21, 0x58, 0x3e, 0x91, 0x37, 0x91, 0xbe, 0xc8, 0x7b, 0x4e, 0x3f, 0xc9, 0xc5, 0x04, 0x3f,
    0x00, 0x00, 0x80, 0xbf, 0xbc, 0xbc, 0xbc, 0xff, 0xe5, 0x9d, 0x23, 0x3f, 0xac, 0xe5, 0x06, 0x3f,
    0x2d, 0x1b, 0x96, 0xc3, 0x1f, 0x8f, 0x96, 0x43, 0x1f, 0xd0, 0x95, 0xc3, 0xd6, 0xd9, 0xee, 0x3c,
    0x9e, 0x78, 0x38, 0xbe, 0x7c, 0xb3, 0x7b, 0x3f, 0xf3, 0xc9, 0xfa, 0xbe, 0xe7, 0xd7, 0x5a, 0x3f,
    0x89, 0x43, 0x2f, 0x3e, 0x00, 0x00, 0x80, 0xbf, 0xbc, 0xbc, 0xbc, 0xff, 0xb4, 0xe6, 0x1b, 0x3f,
    0x57, 0x0a, 0x0d, 0x3f, 0xe0, 0x1b, 0x96, 0xc3, 0x93, 0x8f, 0x96, 0x43, 0x15, 0xd0, 0x95, 0xc3,
    0xae, 0xd9, 0xee, 0x3c, 0xa2, 0x78, 0x38, 0xbe, 0x7c, 0xb3, 0x7b, 0x3f, 0xf3, 0xc9, 0xfa, 0xbe,
    0xe7, 0xd7, 0x5a, 0x3f, 0x89, 0x43, 0x2f, 0x3e, 0x00, 0x00, 0x80, 0xbf, 0xbc, 0xbc, 0xbc, 0xff,
    0x41, 0x7d, 0x27, 0x3f, 0x81, 0x96, 0x0a, 0x3f, 0xf8, 0x1a, 0x96, 0xc3, 0xad, 0x8e, 0x96, 0x43,
    0x36, 0xd0, 0x95, 0xc3, 0xae, 0xd9, 0xee, 0x3c, 0xa2, 0x78, 0x38, 0xbe, 0x7c, 0xb3, 0x7b, 0x3f,
    0xf3, 0xc9, 0xfa, 0xbe, 0xe7, 0xd7, 0x5a, 0x3f, 0x89, 0x43, 0x2f, 0x3e, 0x00, 0x00, 0x80, 0xbf,
    0xbc, 0xbc, 0xbc, 0xff, 0xdc, 0x84, 0x17, 0x3f, 0x50, 0xc6, 0x0c, 0x3f, 0xf8, 0x1a, 0x96, 0xc3,
    0xad, 0x8e, 0x96, 0x43, 0x36, 0xd0, 0x95, 0xc3, 0xdd, 0xa3, 0x2a, 0x3f, 0x8d, 0xfd, 0x45, 0x3e,
    0xd3, 0x4d, 0x38, 0x3f, 0x87, 0xb7, 0x04, 0x3e, 0x3e, 0xc7, 0x6b, 0x3f, 0x14, 0x15, 0xbc, 0xbe,
    0x00, 0x00, 0x80, 0xbf, 0xbc, 0xbc, 0xbc, 0xff, 0x62, 0xa1, 0x16, 0x3f, 0x1a, 0x14, 0xf5, 0x3e,
    0x87, 0x1a, 0x96, 0xc3, 0xe7, 0x8e, 0x96, 0x43, 0xaf, 0xd0, 0x95, 0xc3, 0xdd, 0xa3, 0x2a, 0x3f,
    0x8c, 0xfd, 0x45, 0x3e, 0xd3, 0x4d, 0x38, 0x3f, 0x84, 0xb7, 0x04, 0x3e, 0x40, 0xc7, 0x6b, 0x3f,
    0x13, 0x15, 0xbc, 0xbe, 0x00, 0x00, 0x80, 0xbf, 0xbc, 0xbc, 0xbc, 0xff, 0xc5, 0x3b, 0x18, 0x3f,
    0x2d, 0xcf, 0xfb, 0x3e, 0x2d, 0x1b, 0x96, 0xc3, 0x1f, 0x8f, 0x96, 0x43, 0x1f, 0xd0, 0x95, 0xc3,
    0xdd, 0xa3, 0x2a, 0x3f, 0x8d, 0xfd, 0x45, 0x3e, 0xd3, 0x4d, 0x38, 0x3f, 0x83, 0xb7, 0x04, 0x3e,
    0x40, 0xc7, 0x6b, 0x3f, 0x13, 0x15, 0xbc, 0xbe, 0x00, 0x00, 0x80, 0xbf, 0xbc, 0xbc, 0xbc, 0xff,
    0x43, 0x75, 0x1b, 0x3f, 0x6b, 0x82, 0xf0, 0x3e, 0x3c, 0x1c, 0x96, 0xc3, 0xf4, 0x8f, 0x96, 0x43,
    0x59, 0xd0, 0x95, 0xc3, 0xa9, 0x17, 0x02, 0xbf, 0xdc, 0xdb, 0xbb, 0x3e, 0xee, 0x78, 0x47, 0x3f,
    0x34, 0x6a, 0x41, 0xbf, 0xc7, 0x42, 0x7a, 0x3e, 0x60, 0x9a, 0x1b, 0xbf, 0x00, 0x00, 0x80, 0xbf,
    0xbc, 0xbc, 0xbc, 0xff, 0x47, 0xaa, 0x2b, 0x3f, 0x12, 0x4f, 0xf6, 0x3e, 0x1b, 0x1c, 0x96, 0xc3,
    0xb8, 0x8f, 0x96, 0x43, 0x28, 0xd0, 0x95, 0xc3, 0xa9, 0x17, 0x02, 0xbf, 0xdd, 0xdb, 0xbb, 0x3e,
    0xf1, 0x78, 0x47, 0x3f, 0x35, 0x6a, 0x41, 0xbf, 0xca, 0x42, 0x7a, 0x3e, 0x60, 0x9a, 0x1b, 0xbf,
    0x00, 0x00, 0x80, 0xbf, 0xbc, 0xbc, 0xbc, 0xff, 0xe4, 0x13, 0x2a, 0x3f, 0xc9, 0x72, 0xf2, 0x3e,
    0xd7, 0x1b, 0x96, 0xc3, 0x46, 0x90, 0x96, 0x43, 0x92, 0xd0, 0x95, 0xc3, 0xa9, 0x17, 0x02, 0xbf,
    0xde, 0xdb, 0xbb, 0x3e, 0xf0, 0x78, 0x47, 0x3f, 0x35, 0x6a, 0x41, 0xbf, 0xc5, 0x42, 0x7a, 0x3e,
    0x60, 0x9a, 0x1b, 0xbf, 0x00, 0x00, 0x80, 0xbf, 0xbc, 0xbc, 0xbc, 0xff, 0x90, 0x86, 0x2b, 0x3f,
    0x79, 0x22, 0x00, 0x3f, 0x2b, 0x1c, 0x96, 0xc3, 0xa1, 0x8f, 0x96, 0x43, 0x97, 0xd0, 0x95, 0xc3,
    0xb4, 0xd6, 0x6b, 0xbf, 0x1c, 0x2f, 0xaa, 0xbe, 0x6d, 0xe6, 0x4e, 0x3e, 0x9d, 0x27, 0x20, 0xbe,
    0x27, 0xc8, 0x4a, 0x3f, 0xb1, 0x09, 0x17, 0x3f, 0x00, 0x00, 0x80, 0xbf, 0xbc, 0xbc, 0xbc, 0xff,
    0x5f, 0x95, 0x27, 0x3f, 0xd2, 0x36, 0x06, 0x3f, 0x1b, 0x1c, 0x96, 0xc3, 0xb8, 0x8f, 0x96, 0x43,
    0x28, 0xd0, 0x95, 0xc3, 0xb4, 0xd6, 0x6b, 0xbf, 0x1b, 0x2f, 0xaa, 0xbe, 0x6b, 0xe6, 0x4e, 0x3e,
    0x9d, 0x27, 0x20, 0xbe, 0x27, 0xc8, 0x4a, 0x3f, 0xb1, 0x09, 0x17, 0x3f, 0x00, 0x00, 0x80, 0xbf,
    0xbc, 0xbc, 0xbc, 0xff, 0xd5, 0x04, 0x29, 0x3f, 0x2d, 0x27, 0x09, 0x3f, 0x3c, 0x1c, 0x96, 0xc3,
    0xf4, 0x8f, 0x96, 0x43, 0x59, 0xd0, 0x95, 0xc3, 0xb4, 0xd6, 0x6b, 0xbf, 0x1c, 0x2f, 0xaa, 0xbe,
    0x6d, 0xe6, 0x4e, 0x3e, 0x9d, 0x27, 0x20, 0xbe, 0x27, 0xc8, 0x4a, 0x3f, 0xb1, 0x09, 0x17, 0x3f,
    0x00, 0x00, 0x80, 0xbf, 0xbc, 0xbc, 0xbc, 0xff, 0x82, 0x39, 0x2a, 0x3f, 0xbe, 0x33, 0x06, 0x3f,
    0xd4, 0x1a, 0x96, 0xc3, 0xac, 0x8f, 0x96, 0x43, 0xb6, 0xd0, 0x95, 0xc3, 0x65, 0x6c, 0x2d, 0x3f,
    0x8c, 0x8a, 0x96, 0x3e, 0x7d, 0x9c, 0x2c, 0x3f, 0x3e, 0x69, 0xa3, 0xbe, 0x5e, 0x7f, 0x71, 0x3f,
    0x3e, 0xc2, 0xb9, 0xbd, 0x00, 0x00, 0x80, 0xbf, 0xbc, 0xbc, 0xbc, 0xff, 0x03, 0x24, 0x1e, 0x3f,
    0xa6, 0xee, 0xfa, 0x3e, 0x2d, 0x1b, 0x96, 0xc3, 0x1f, 0x8f, 0x96, 0x43, 0x1f, 0xd0, 0x95, 0xc3,
    0x65, 0x6c, 0x2d, 0x3f, 0x8c, 0x8a, 0x96, 0x3e, 0x7d, 0x9c, 0x2c, 0x3f, 0x3e, 0x69, 0xa3, 0xbe,
    0x5e, 0x7f, 0x71, 0x3f, 0x3d, 0xc2, 0xb9, 0xbd, 0x00, 0x00, 0x80, 0xbf, 0xbc, 0xbc, 0xbc, 0xff,
    0x43, 0x75, 0x1b, 0x3f, 0x6b, 0x82, 0xf0, 0x3e, 0x87, 0x1a, 0x96, 0xc3, 0xe7, 0x8e, 0x96, 0x43,
    0xaf, 0xd0, 0x95, 0xc3, 0x65, 0x6c, 0x2d, 0x3f, 0x8d, 0x8a, 0x96, 0x3e, 0x7d, 0x9c, 0x2c, 0x3f,
    0x3e, 0x69, 0xa3, 0xbe, 0x5e, 0x7f, 0x71, 0x3f, 0x3e, 0xc2, 0xb9, 0xbd, 0x00, 0x00, 0x80, 0xbf,
    0xbc, 0xbc, 0xbc, 0xff, 0xc5, 0x3b, 0x18, 0x3f, 0x2d, 0xcf, 0xfb, 0x3e, 0xad, 0x1a, 0x96, 0xc3,
    0x05, 0x8f, 0x96, 0x43, 0x3e, 0xd1, 0x95, 0xc3, 0x17, 0x21, 0x67, 0x3f, 0x45, 0xcc, 0xcb, 0x3e,
    0xa8, 0x76, 0x26, 0xbe, 0xf4, 0xd1, 0xd6, 0xbe, 0x52, 0xf3, 0x65, 0x3f, 0x4e, 0xfa, 0x05, 0xbe,
    0x00, 0x00, 0x80, 0xbf, 0xbc, 0xbc, 0xbc, 0xff, 0x87, 0xfe, 0x19, 0x3f, 0x5e, 0x81, 0x00, 0x3f,
    0xd4, 0x1a, 0x96, 0xc3, 0xac, 0x8f, 0x96, 0x43, 0xb6, 0xd0, 0x95, 0xc3, 0x17, 0x21, 0x67, 0x3f,
    0x45, 0xcc, 0xcb, 0x3e, 0xa9, 0x76, 0x26, 0xbe, 0xf3, 0xd1, 0xd6, 0xbe, 0x51, 0xf3, 0x65, 0x3f,
    0x4e, 0xfa, 0x05, 0xbe, 0x00, 0x00, 0x80, 0xbf, 0xbc, 0xbc, 0xbc, 0xff, 0x03, 0x24, 0x1e, 0x3f,
    0xa6, 0xee, 0xfa, 0x3e, 0x87, 0x1a, 0x96, 0xc3, 0xe7, 0x8e, 0x96, 0x43, 0xaf, 0xd0, 0x95, 0xc3,
    0x17, 0x21, 0x67, 0x3f, 0x45, 0xcc, 0xcb, 0x3e, 0xa9, 0x76, 0x26, 0xbe, 0xf3, 0xd1, 0xd6, 0xbe,
    0x51, 0xf3, 0x65, 0x3f, 0x4c, 0xfa, 0x05, 0xbe, 0x00, 0x00, 0x80, 0xbf, 0xbc, 0xbc, 0xbc, 0xff,
    0xc5, 0x3b, 0x18, 0x3f, 0x2d, 0xcf, 0xfb, 0x3e, 0xc5, 0x1a, 0x96, 0xc3, 0x23, 0x8e, 0x96, 0x43,
    0xdd, 0xd0, 0x95, 0xc3, 0x62, 0xf9, 0x71, 0x3f, 0x45, 0x17, 0xd0, 0x3c, 0xe5, 0xa3, 0xa6, 0xbe,
    0xe1, 0xa7, 0x98, 0xbe, 0xa3, 0x49, 0xf2, 0x3e, 0x74, 0x36, 0x54, 0xbf, 0x00, 0x00, 0x80, 0xbf,
    0xbc, 0xbc, 0xbc, 0xff, 0x8c, 0xf7, 0x13, 0x3f, 0x39, 0x7b, 0x03, 0x3f, 0x87, 0x1a, 0x96, 0xc3,
    0xe7, 0x8e, 0x96, 0x43, 0xaf, 0xd0, 0x95, 0xc3, 0x62, 0xf9, 0x71, 0x3f, 0x45, 0x17, 0xd0, 0x3c,
    0xe5, 0xa3, 0xa6, 0xbe, 0xe4, 0xa7, 0x98, 0xbe, 0xa3, 0x49, 0xf2, 0x3e, 0x74, 0x36, 0x54, 0xbf,
    0x00, 0x00, 0x80, 0xbf, 0xbc, 0xbc, 0xbc, 0xff, 0xc5, 0x3b, 0x18, 0x3f, 0x2d, 0xcf, 0xfb, 0x3e,
    0xb3, 0x1a, 0x96, 0xc3, 0x36, 0x8e, 0x96, 0x43, 0xae, 0xd0, 0x95, 0xc3, 0x62, 0xf9, 0x71, 0x3f,
    0x45, 0x17, 0xd0, 0x3c, 0xe5, 0xa3, 0xa6, 0xbe, 0xe1, 0xa7, 0x98, 0xbe, 0xa3, 0x49, 0xf2, 0x3e,
    0x74, 0x36, 0x54, 0xbf, 0x00, 0x00, 0x80, 0xbf, 0xbc, 0xbc, 0xbc, 0xff, 0x5d, 0x6f, 0x13, 0x3f,
    0x9a, 0x5e, 0x02, 0x3f, 0xe9, 0x1a, 0x96, 0xc3, 0x1c, 0x8e, 0x96, 0x43, 0xb7, 0xd0, 0x95, 0xc3,
    0x53, 0xd5, 0xee, 0x3d, 0xc2, 0xa2, 0x09, 0xbf, 0x3c, 0xc7, 0x55, 0x3f, 0xbf, 0xf3, 0x7c, 0xbf,
    0xb1, 0x4e, 0x17, 0xbe, 0xe2, 0x88, 0x2f, 0x3d, 0x00, 0x00, 0x80, 0xbf, 0xbc, 0xbc, 0xbc, 0xff,
    0xf6, 0xb4, 0x13, 0x3f, 0xb0, 0xcb, 0x04, 0x3f, 0xb3, 0x1a, 0x96, 0xc3, 0x36, 0x8e, 0x96, 0x43,
    0xae, 0xd0, 0x95, 0xc3, 0x48, 0xd5, 0xee, 0x3d, 0xc3, 0xa2, 0x09, 0xbf, 0x3b, 0xc7, 0x55, 0x3f,
    0xbf, 0xf3, 0x7c, 0xbf, 0xaf, 0x4e, 0x17, 0xbe, 0xc7, 0x88, 0x2f, 0x3d, 0x00, 0x00, 0x80, 0xbf,
    0xbc, 0xbc, 0xbc, 0xff, 0x0b, 0x7b, 0x12, 0x3f, 0x2a, 0xa7, 0x05, 0x3f, 0xf8, 0x1a, 0x96, 0xc3,
    0xad, 0x8e, 0x96, 0x43, 0x36, 0xd0, 0x95, 0xc3, 0x53, 0xd5, 0xee, 0x3d, 0xc2, 0xa2, 0x09, 0xbf,
    0x3c, 0xc7, 0x55, 0x3f, 0xbf, 0xf3, 0x7c, 0xbf, 0xb1, 0x4e, 0x17, 0xbe, 0xe2, 0x88, 0x2f, 0x3d,
    0x00, 0x00, 0x80, 0xbf, 0xbc, 0xbc, 0xbc, 0xff, 0xdc, 0x84, 0x17, 0x3f, 0x50, 0xc6, 0x0c, 0x3f,
    0x6d, 0x1b, 0x96, 0xc3, 0x93, 0x8e, 0x96, 0x43, 0x23, 0xd1, 0x95, 0xc3, 0x98, 0x18, 0x15, 0xbf,
    0xad, 0x52, 0x07, 0xbf, 0x58, 0x18, 0x1e, 0xbf, 0x98, 0x11, 0xd5, 0xbe, 0x1e, 0xb3, 0x58, 0x3f,
    0x16, 0x08, 0xaa, 0xbe, 0x00, 0x00, 0x80, 0xbf, 0xbc, 0xbc, 0xbc, 0xff, 0xec, 0x50, 0x19, 0x3f,
    0xbd, 0xfe, 0x04, 0x3f, 0xc5, 0x1a, 0x96, 0xc3, 0x23, 0x8e, 0x96, 0x43, 0xdd, 0xd0, 0x95, 0xc3,
    0x98, 0x18, 0x15, 0xbf, 0xad, 0x52, 0x07, 0xbf, 0x58, 0x18, 0x1e, 0xbf, 0x98, 0x11, 0xd5, 0xbe,
    0x1e, 0xb3, 0x58, 0x3f, 0x16, 0x08, 0xaa, 0xbe, 0x00, 0x00, 0x80, 0xbf, 0xbc, 0xbc, 0xbc, 0xff,
    0x8c, 0xf7, 0x13, 0x3f, 0x39, 0x7b, 0x03, 0x3f, 0xe9, 0x1a, 0x96, 0xc3, 0x1c, 0x8e, 0x96, 0x43,
    0xb7, 0xd0, 0x95, 0xc3, 0x98, 0x18, 0x15, 0xbf, 0xad, 0x52, 0x07, 0xbf, 0x58, 0x18, 0x1e, 0xbf,
    0x99, 0x11, 0xd5, 0xbe, 0x1e, 0xb3, 0x58, 0x3f, 0x17, 0x08, 0xaa, 0xbe, 0x00, 0x00, 0x80, 0xbf,
    0xbc, 0xbc, 0xbc, 0xff, 0xf6, 0xb4, 0x13, 0x3f, 0xb0, 0xcb, 0x04, 0x3f, 0xe9, 0x1a, 0x96, 0xc3,
    0x1c, 0x8e, 0x96, 0x43, 0xb7, 0xd0, 0x95, 0xc3, 0x59, 0x30, 0xb6, 0x3e, 0xee, 0xd1, 0x63, 0xbf,
    0x00, 0x18, 0x92, 0x3e, 0x68, 0xee, 0x41, 0x3e, 0x62, 0xd9, 0x6b, 0xbe, 0xa0, 0x5a, 0x74, 0xbf,
    0x00, 0x00, 0x80, 0xbf, 0xbc, 0xbc, 0xbc, 0xff, 0xf6, 0xb4, 0x13, 0x3f, 0xb0, 0xcb, 0x04, 0x3f,
    0xc5, 0x1a, 0x96, 0xc3, 0x23, 0x8e, 0x96, 0x43, 0xdd, 0xd0, 0x95, 0xc3, 0x59, 0x30, 0xb6, 0x3e,
    0xee, 0xd1, 0x63, 0xbf, 0x00, 0x18, 0x92, 0x3e, 0x68, 0xee, 0x41, 0x3e, 0x62, 0xd9, 0x6b, 0xbe,
    0xa0, 0x5a, 0x74, 0xbf, 0x00, 0x00, 0x80, 0xbf, 0xbc, 0xbc, 0xbc, 0xff, 0x8c, 0xf7, 0x13, 0x3f,
    0x39, 0x7b, 0x03, 0x3f, 0xb3, 0x1a, 0x96, 0xc3, 0x36, 0x8e, 0x96, 0x43, 0xae, 0xd0, 0x95, 0xc3,
    0x59, 0x30, 0xb6, 0x3e, 0xee, 0xd1, 0x63, 0xbf, 0x01, 0x18, 0x92, 0x3e, 0x63, 0xee, 0x41, 0x3e,
    0x6a, 0xd9, 0x6b, 0xbe, 0xa0, 0x5a, 0x74, 0xbf, 0x00, 0x00, 0x80, 0xbf, 0xbc, 0xbc, 0xbc, 0xff,
    0x5d, 0x6f, 0x13, 0x3f, 0x9a, 0x5e, 0x02, 0x3f, 0xf2, 0x1b, 0x96, 0xc3, 0xd8, 0x8f, 0x96, 0x43,
    0x06, 0xd1, 0x95, 0xc3, 0x50, 0x84, 0x2e, 0xbf, 0x3d, 0xf7, 0x3e, 0xbe, 0x05, 0x1c, 0x35, 0xbf,
    0x06, 0x15, 0x02, 0xbf, 0xbc, 0xfe, 0x50, 0x3f, 0x6d, 0x82, 0x8c, 0x3e, 0x00, 0x00, 0x80, 0xbf,
    0xbc, 0xbc, 0xbc, 0xff, 0x91, 0x47, 0x28, 0x3f, 0x43, 0xe6, 0x02, 0x3f, 0xe5, 0x1b, 0x96, 0xc3,
    0x0a, 0x8f, 0x96, 0x43, 0xb3, 0xd0, 0x95, 0xc3, 0x50, 0x84, 0x2e, 0xbf, 0x3d, 0xf7, 0x3e, 0xbe,
    0x05, 0x1c, 0x35, 0xbf, 0x07, 0x15, 0x02, 0xbf, 0xbb, 0xfe, 0x50, 0x3f, 0x6c, 0x82, 0x8c, 0x3e,
    0x00, 0x00, 0x80, 0xbf, 0xbc, 0xbc, 0xbc, 0xff, 0xe5, 0x9d, 0x23, 0x3f, 0xac, 0xe5, 0x06, 0x3f,
    0x2b, 0x1c, 0x96, 0xc3, 0xa1, 0x8f, 0x96, 0x43, 0x97, 0xd0, 0x95, 0xc3, 0x50, 0x84, 0x2e, 0xbf,
    0x3d, 0xf7, 0x3e, 0xbe, 0x05, 0x1c, 0x35, 0xbf, 0x06, 0x15, 0x02, 0xbf, 0xbb, 0xfe, 0x50, 0x3f,
    0x6d, 0x82, 0x8c, 0x3e, 0x00, 0x00, 0x80, 0xbf, 0xbc, 0xbc, 0xbc, 0xff, 0x5f, 0x95, 0x27, 0x3f,
    0xd2, 0x36, 0x06, 0x3f, 0xe5, 0x1b, 0x96, 0xc3, 0x0a, 0x8f, 0x96, 0x43, 0xb3, 0xd0, 0x95, 0xc3,
    0x76, 0x68, 0x5e, 0xbf, 0x50, 0xb8, 0xe3, 0xbe, 0x5c, 0xf2, 0x5e, 0x3e, 0xc6, 0x2f, 0xbf, 0xbe,
    0x90, 0x8e, 0x60, 0x3f, 0x2b, 0x8f, 0x9a, 0x3e, 0x00, 0x00, 0x80, 0xbf, 0xbc, 0xbc, 0xbc, 0xff,
    0xe5, 0x9d, 0x23, 0x3f, 0xac, 0xe5, 0x06, 0x3f, 0x1b, 0x1c, 0x96, 0xc3, 0xb8, 0x8f, 0x96, 0x43,
    0x28, 0xd0, 0x95, 0xc3, 0x76, 0x68, 0x5e, 0xbf, 0x50, 0xb8, 0xe3, 0xbe, 0x59, 0xf2, 0x5e, 0x3e,
    0xc9, 0x2f, 0xbf, 0xbe, 0x90, 0x8e, 0x60, 0x3f, 0x2b, 0x8f, 0x9a, 0x3e, 0x00, 0x00, 0x80, 0xbf,
    0xbc, 0xbc, 0xbc, 0xff, 0xd5, 0x04, 0x29, 0x3f, 0x2d, 0x27, 0x09, 0x3f, 0x2b, 0x1c, 0x96, 0xc3,
    0xa1, 0x8f, 0x96, 0x43, 0x97, 0xd0, 0x95, 0xc3, 0x76, 0x68, 0x5e, 0xbf, 0x50, 0xb8, 0xe3, 0xbe,
    0x5c, 0xf2, 0x5e, 0x3e, 0xc6, 0x2f, 0xbf, 0xbe, 0x90, 0x8e, 0x60, 0x3f, 0x2b, 0x8f, 0x9a, 0x3e,
    0x00, 0x00, 0x80, 0xbf, 0xbc, 0xbc, 0xbc, 0xff, 0x5f, 0x95, 0x27, 0x3f, 0xd2, 0x36, 0x06, 0x3f,
    0x6d, 0x1b, 0x96, 0xc3, 0x93, 0x8e, 0x96, 0x43, 0x23, 0xd1, 0x95, 0xc3, 0x1c, 0x4a, 0x26, 0xbf,
    0x08, 0xe5, 0x9e, 0xbe, 0x57, 0xaf, 0x31, 0xbf, 0x51, 0x3f, 0x08, 0xbf, 0xdf, 0x68, 0x56, 0x3f,
    0xeb, 0x21, 0xfd, 0x3d, 0x00, 0x00, 0x80, 0xbf, 0xbc, 0xbc, 0xbc, 0xff, 0xec, 0x50, 0x19, 0x3f,
    0xbd, 0xfe, 0x04, 0x3f, 0xd1, 0x1b, 0x96, 0xc3, 0x5f, 0x8e, 0x96, 0x43, 0xae, 0xd0, 0x95, 0xc3,
    0x1c, 0x4a, 0x26, 0xbf, 0x08, 0xe5, 0x9e, 0xbe, 0x57, 0xaf, 0x31, 0xbf, 0x51, 0x3f, 0x08, 0xbf,
    0xdf, 0x68, 0x56, 0x3f, 0xeb, 0x21, 0xfd, 0x3d, 0x00, 0x00, 0x80, 0xbf, 0xbc, 0xbc, 0xbc, 0xff,
    0xd5, 0xb2, 0x19, 0x3f, 0xbc, 0x58, 0x08, 0x3f, 0xe5, 0x1b, 0x96, 0xc3, 0x0a, 0x8f, 0x96, 0x43,
    0xb3, 0xd0, 0x95, 0xc3, 0x1c, 0x4a, 0x26, 0xbf, 0x08, 0xe5, 0x9e, 0xbe, 0x57, 0xaf, 0x31, 0xbf,
    0x51, 0x3f, 0x08, 0xbf, 0xdf, 0x68, 0x56, 0x3f, 0xeb, 0x21, 0xfd, 0x3d, 0x00, 0x00, 0x80, 0xbf,
    0xbc, 0xbc, 0xbc, 0xff, 0xe5, 0x9d, 0x23, 0x3f, 0xac, 0xe5, 0x06, 0x3f, 0x96, 0x1b, 0x96, 0xc3,
    0x35, 0x8f, 0x96, 0x43, 0x6e, 0xd1, 0x95, 0xc3, 0x18, 0x28, 0x24, 0xbf, 0xb2, 0xaa, 0x98, 0xbe,
    0x99, 0x00, 0x35, 0xbf, 0x76, 0xac, 0x03, 0xbf, 0x98, 0xcd, 0x59, 0x3f, 0x93, 0x86, 0xdc, 0x3d,
    0x00, 0x00, 0x80, 0xbf, 0xbc, 0xbc, 0xbc, 0xff, 0x39, 0x7c, 0x1e, 0x3f, 0xa0, 0xff, 0x02, 0x3f,
    0xd0, 0x34, 0x96, 0xc3, 0x64, 0xa3, 0x96, 0x43, 0xed, 0xd0, 0x95, 0xc3, 0x86, 0xba, 0x92, 0xbe,
    0xe1, 0xd1, 0x47, 0xbf, 0x9a, 0x37, 0x0e, 0x3f, 0xc5, 0xd4, 0xd5, 0xbe, 0x01, 0xa7, 0x1f, 0x3f,
    0xc9, 0x29, 0x29, 0x3f, 0x00, 0x00, 0x80, 0x3f, 0xbc, 0xbc, 0xbc, 0xff, 0x41, 0x9e, 0xed, 0x3e,
    0x2f, 0xa4, 0x33, 0x3e, 0x35, 0x36, 0x96, 0xc3, 0xf1, 0xa3, 0x96, 0x43, 0xe0, 0xd0, 0x95, 0xc3,
    0x86, 0xba, 0x92, 0xbe, 0xe1, 0xd1, 0x47, 0xbf, 0x9a, 0x37, 0x0e, 0x3f, 0xc4, 0xd4, 0xd5, 0xbe,
    0x01, 0xa7, 0x1f, 0x3f, 0xc9, 0x29, 0x29, 0x3f, 0x00, 0x00, 0x80, 0x3f, 0xbc, 0xbc, 0xbc, 0xff,
    0x65, 0x1b, 0xf0, 0x3e, 0xdd, 0x40, 0x51, 0x3e, 0xe3, 0x35, 0x96, 0xc3, 0x68, 0xa3, 0x96, 0x43,
    0x75, 0xd1, 0x95, 0xc3, 0x84, 0xba, 0x92, 0xbe, 0xe1, 0xd1, 0x47, 0xbf, 0x9a, 0x37, 0x0e, 0x3f,
    0xc6, 0xd4, 0xd5, 0xbe, 0x00, 0xa7, 0x1f, 0x3f, 0xca, 0x29, 0x29, 0x3f, 0x00, 0x00, 0x80, 0x3f,
    0xbc, 0xbc, 0xbc, 0xff, 0x67, 0xf1, 0xe2, 0x3e, 0xb5, 0x35, 0x52, 0x3e, 0xf5, 0x33, 0x96, 0xc3,
    0xde, 0xa2, 0x96, 0x43, 0xbc, 0xd2, 0x95, 0xc3, 0xe6, 0xdb, 0xb1, 0x3e, 0xa8, 0xa3, 0x57, 0xbf,
    0xc0, 0xf8, 0xd2, 0x3e, 0x86, 0xb1, 0x23, 0x3f, 0x14, 0xc1, 0x08, 0x3f, 0xef, 0x8e, 0x0d, 0x3f,
    0x00, 0x00, 0x80, 0x3f, 0xbc, 0xbc, 0xbc, 0xff, 0xde, 0x57, 0xdd, 0x3e, 0xac, 0x8e, 0xdc, 0x3d,
    0xe4, 0x33, 0x96, 0xc3, 0x48, 0xa3, 0x96, 0x43, 0xf1, 0xd1, 0x95, 0xc3, 0xe7, 0xdb, 0xb1, 0x3e,
    0xa7, 0xa3, 0x57, 0xbf, 0xc0, 0xf8, 0xd2, 0x3e, 0x86, 0xb1, 0x23, 0x3f, 0x14, 0xc1, 0x08, 0x3f,
    0xef, 0x8e, 0x0d, 0x3f, 0x00, 0x00, 0x80, 0x3f, 0xbc, 0xbc, 0xbc, 0xff, 0xbf, 0xb6, 0xee, 0x3e,
    0xae, 0x9a, 0x07, 0x3e, 0x20, 0x35, 0x96, 0xc3, 0xd6, 0xa2, 0x96, 0x43, 0xd0, 0xd1, 0x95, 0xc3,
    0xe7, 0xdb, 0xb1, 0x3e, 0xa7, 0xa3, 0x57, 0xbf, 0xc0, 0xf8, 0xd2, 0x3e, 0x86, 0xb1, 0x23, 0x3f,
    0x14, 0xc1, 0x08, 0x3f, 0xef, 0x8e, 0x0d, 0x3f, 0x00, 0x00, 0x80, 0x3f, 0xbc, 0xbc, 0xbc, 0xff,
    0xee, 0xec, 0xdb, 0x3e, 0xb7, 0x9b, 0x30, 0x3e, 0xe4, 0x33, 0x96, 0xc3, 0x48, 0xa3, 0x96, 0x43,
    0xf1, 0xd1, 0x95, 0xc3, 0x71, 0x62, 0x3f, 0x3f, 0x46, 0x4d, 0x9a, 0x3e, 0xed, 0x82, 0x17, 0x3f,
    0x41, 0x36, 0xcb, 0xbd, 0x86, 0x8a, 0x6e, 0x3f, 0xf5, 0xc2, 0xb2, 0xbe, 0x00, 0x00, 0x80, 0x3f,
    0xbc, 0xbc, 0xbc, 0xff, 0xbf, 0xb6, 0xee, 0x3e, 0xae, 0x9a, 0x07, 0x3e, 0x61, 0x33, 0x96, 0xc3,
    0x8e, 0xa3, 0x96, 0x43, 0xbb, 0xd2, 0x95, 0xc3, 0x71, 0x62, 0x3f, 0x3f, 0x46, 0x4d, 0x9a, 0x3e,
    0xec, 0x82, 0x17, 0x3f, 0x41, 0x36, 0xcb, 0xbd, 0x86, 0x8a, 0x6e, 0x3f, 0xf5, 0xc2, 0xb2, 0xbe,
    0x00, 0x00, 0x80, 0x3f, 0xbc, 0xbc, 0xbc, 0xff, 0xdb, 0x16, 0xf5, 0x3e, 0xdd, 0xb1, 0xd8, 0x3d,
    0xbc, 0x34, 0x96, 0xc3, 0x0b, 0xa4, 0x96, 0x43, 0x44, 0xd1, 0x95, 0xc3, 0x71, 0x62, 0x3f, 0x3f,
    0x46, 0x4d, 0x9a, 0x3e, 0xec, 0x82, 0x17, 0x3f, 0x41, 0x36, 0xcb, 0xbd, 0x86, 0x8a, 0x6e, 0x3f,
    0xf5, 0xc2, 0xb2, 0xbe, 0x00, 0x00, 0x80, 0x3f, 0xbc, 0xbc, 0xbc, 0xff, 0x3c, 0xdc, 0xf6, 0x3e,
    0x87, 0xdf, 0x2d, 0x3e, 0xbc, 0x34, 0x96, 0xc3, 0x0b, 0xa4, 0x96, 0x43, 0x44, 0xd1, 0x95, 0xc3,
    0x1c, 0x9e, 0x4f, 0x3e, 0x83, 0x2b, 0xdc, 0x3e, 0xdd, 0x37, 0x61, 0x3f, 0x92, 0xc4, 0x6a, 0xbe,
    0x6e, 0xf0, 0x64, 0x3f, 0x3e, 0xc1, 0xc4, 0xbe, 0x00, 0x00, 0x80, 0x3f, 0xbc, 0xbc, 0xbc, 0xff,
    0x3c, 0xdc, 0xf6, 0x3e, 0x87, 0xdf, 0x2d, 0x3e, 0x35, 0x36, 0x96, 0xc3, 0xf1, 0xa3, 0x96, 0x43,
    0xe0, 0xd0, 0x95, 0xc3, 0x20, 0x9e, 0x4f, 0x3e, 0x83, 0x2b, 0xdc, 0x3e, 0xdd, 0x37, 0x61, 0x3f,
    0x92, 0xc4, 0x6a, 0xbe, 0x6e, 0xf0, 0x64, 0x3f, 0x3e, 0xc1, 0xc4, 0xbe, 0x00, 0x00, 0x80, 0x3f,
    0xbc, 0xbc, 0xbc, 0xff, 0x65, 0x1b, 0xf0, 0x3e, 0xdd, 0x40, 0x51, 0x3e, 0xd0, 0x34, 0x96, 0xc3,
    0x64, 0xa3, 0x96, 0x43, 0xed, 0xd0, 0x95, 0xc3, 0x1c, 0x9e, 0x4f, 0x3e, 0x83, 0x2b, 0xdc, 0x3e,
    0xdd, 0x37, 0x61, 0x3f, 0x90, 0xc4, 0x6a, 0xbe, 0x6e, 0xf0, 0x64, 0x3f, 0x3e, 0xc1, 0xc4, 0xbe,
    0x00, 0x00, 0x80, 0x3f, 0xbc, 0xbc, 0xbc, 0xff, 0x41, 0x9e, 0xed, 0x3e, 0x2f, 0xa4, 0x33, 0x3e,
    0x14, 0x35, 0x96, 0xc3, 0xd6, 0xa2, 0x96, 0x43, 0x0a, 0xd2, 0x95, 0xc3, 0xf9, 0xc1, 0xda, 0xbe,
    0xdb, 0x30, 0x0f, 0xbf, 0x10, 0xd9, 0x35, 0xbf, 0x8b, 0x9c, 0xe6, 0x3c, 0xd8, 0x23, 0x4b, 0xbf,
    0x3d, 0x9f, 0x1b, 0x3f, 0x00, 0x00, 0x80, 0x3f, 0xbc, 0xbc, 0xbc, 0xff, 0xed, 0x82, 0xd9, 0x3e,
    0xf3, 0xc9, 0x2a, 0x3e, 0x9e, 0x35, 0x96, 0xc3, 0x59, 0xa3, 0x96, 0x43, 0x1e, 0xd2, 0x95, 0xc3,
    0xf9, 0xc1, 0xda, 0xbe, 0xdc, 0x30, 0x0f, 0xbf, 0x10, 0xd9, 0x35, 0xbf, 0x8f, 0x9c, 0xe6, 0x3c,
    0xd8, 0x23, 0x4b, 0xbf, 0x3d, 0x9f, 0x1b, 0x3f, 0x00, 0x00, 0x80, 0x3f, 0xbc, 0xbc, 0xbc, 0xff,
    0xc8, 0x95, 0xd2, 0x3e, 0x58, 0xe1, 0x46, 0x3e, 0xf5, 0x33, 0x96, 0xc3, 0xde, 0xa2, 0x96, 0x43,
    0xbc, 0xd2, 0x95, 0xc3, 0xf9, 0xc1, 0xda, 0xbe, 0xdb, 0x30, 0x0f, 0xbf, 0x10, 0xd9, 0x35, 0xbf,
    0x84, 0x9c, 0xe6, 0x3c, 0xd8, 0x23, 0x4b, 0xbf, 0x3e, 0x9f, 0x1b, 0x3f, 0x00, 0x00, 0x80, 0x3f,
    0xbc, 0xbc, 0xbc, 0xff, 0xde, 0x57, 0xdd, 0x3e, 0xac, 0x8e, 0xdc, 0x3d, 0x9e, 0x35, 0x96, 0xc3,
    0x59, 0xa3, 0x96, 0x43, 0x1e, 0xd2, 0x95, 0xc3, 0x29, 0x70, 0x55, 0xbf, 0x7b, 0x92, 0x9a, 0xbe,
    0xde, 0xb3, 0xec, 0xbe, 0xca, 0x41, 0x48, 0xbe, 0xed, 0x1d, 0x1f, 0xbf, 0xba, 0x31, 0x42, 0x3f,
    0x00, 0x00, 0x80, 0x3f, 0xbc, 0xbc, 0xbc, 0xff, 0xc8, 0x95, 0xd2, 0x3e, 0x58, 0xe1, 0x46, 0x3e,
    0xae, 0x35, 0x96, 0xc3, 0x11, 0xa3, 0x96, 0x43, 0xd2, 0xd1, 0x95, 0xc3, 0x29, 0x70, 0x55, 0xbf,
    0x7b, 0x92, 0x9a, 0xbe, 0xdd, 0xb3, 0xec, 0xbe, 0xc7, 0x41, 0x48, 0xbe, 0xec, 0x1d, 0x1f, 0xbf,
    0xb9, 0x31, 0x42, 0x3f, 0x00, 0x00, 0x80, 0x3f, 0xbc, 0xbc, 0xbc, 0xff, 0x6e, 0x32, 0xda, 0x3e,
    0x60, 0xe4, 0x45, 0x3e, 0x03, 0x36, 0x96, 0xc3, 0x8f, 0xa3, 0x96, 0x43, 0x8a, 0xd1, 0x95, 0xc3,
    0x29, 0x70, 0x55, 0xbf, 0x7b, 0x92, 0x9a, 0xbe, 0xdd, 0xb3, 0xec, 0xbe, 0xc7, 0x41, 0x48, 0xbe,
    0xec, 0x1d, 0x1f, 0xbf, 0xb9, 0x31, 0x42, 0x3f, 0x00, 0x00, 0x80, 0x3f, 0xbc, 0xbc, 0xbc, 0xff,
    0x92, 0x3b, 0xe4, 0x3e, 0x45, 0x2e, 0x58, 0x3e, 0xfc, 0x33, 0x96, 0xc3, 0xfa, 0xa2, 0x96, 0x43,
    0xd5, 0xd2, 0x95, 0xc3, 0xdc, 0x9f, 0xd1, 0xbe, 0xac, 0x12, 0x77, 0x3d, 0x9c, 0x0c, 0x69, 0xbf,
    0x43, 0x6c, 0xe6, 0xbe, 0x12, 0x9e, 0x61, 0xbf, 0xa7, 0x76, 0x13, 0x3e, 0x00, 0x00, 0x80, 0x3f,
    0xbc, 0xbc, 0xbc, 0xff, 0xfe, 0x2a, 0x04, 0x3f, 0x31, 0x7c, 0xe4, 0x3d, 0x3d, 0x35, 0x96, 0xc3,
    0x78, 0xa3, 0x96, 0x43, 0x3d, 0xd2, 0x95, 0xc3, 0xde, 0x9f, 0xd1, 0xbe, 0xa0, 0x12, 0x77, 0x3d,
    0x9c, 0x0c, 0x69, 0xbf, 0x40, 0x6c, 0xe6, 0xbe, 0x13, 0x9e, 0x61, 0xbf, 0xac, 0x76, 0x13, 0x3e,
    0x00, 0x00, 0x80, 0x3f, 0xbc, 0xbc, 0xbc, 0xff, 0xf0, 0xfc, 0x06, 0x3f, 0xc1, 0xe1, 0x35, 0x3e,
    0x01, 0x33, 0x96, 0xc3, 0x70, 0xa3, 0x96, 0x43, 0x3f, 0xd3, 0x95, 0xc3, 0xdd, 0x9f, 0xd1, 0xbe,
    0x93, 0x12, 0x77, 0x3d, 0x9c, 0x0c, 0x69, 0xbf, 0x43, 0x6c, 0xe6, 0xbe, 0x13, 0x9e, 0x61, 0xbf,
    0xb0, 0x76, 0x13, 0x3e, 0x00, 0x00, 0x80, 0x3f, 0xbc, 0xbc, 0xbc, 0xff, 0x63, 0x7e, 0xf6, 0x3e,
    0xe5, 0x61, 0xa1, 0x3d, 0x14, 0x35, 0x96, 0xc3, 0xd6, 0xa2, 0x96, 0x43, 0x0a, 0xd2, 0x95, 0xc3,
    0x8b, 0xf1, 0xed, 0xbe, 0x73, 0x3f, 0x17, 0xbf, 0x2e, 0xd6, 0x28, 0xbf, 0x06, 0x88, 0x4e, 0xbe,
    0x84, 0x95, 0x27, 0xbf, 0x55, 0x82, 0x3a, 0x3f, 0x00, 0x00, 0x80, 0x3f, 0xbc, 0xbc, 0xbc, 0xff,
    0xed, 0x82, 0xd9, 0x3e, 0xf3, 0xc9, 0x2a, 0x3e, 0xae, 0x35, 0x96, 0xc3, 0x11, 0xa3, 0x96, 0x43,
    0xd2, 0xd1, 0x95, 0xc3, 0x8b, 0xf1, 0xed, 0xbe, 0x73, 0x3f, 0x17, 0xbf, 0x2e, 0xd6, 0x28, 0xbf,
    0x0a, 0x88, 0x4e, 0xbe, 0x84, 0x95, 0x27, 0xbf, 0x56, 0x82, 0x3a, 0x3f, 0x00, 0x00, 0x80, 0x3f,
    0xbc, 0xbc, 0xbc, 0xff, 0x6e, 0x32, 0xda, 0x3e, 0x60, 0xe4, 0x45, 0x3e, 0x9e, 0x35, 0x96, 0xc3,
    0x59, 0xa3, 0x96, 0x43, 0x1e, 0xd2, 0x95, 0xc3, 0x8b, 0xf1, 0xed, 0xbe, 0x73, 0x3f, 0x17, 0xbf,
    0x2e, 0xd6, 0x28, 0xbf, 0x06, 0x88, 0x4e, 0xbe, 0x84, 0x95, 0x27, 0xbf, 0x55, 0x82, 0x3a, 0x3f,
    0x00, 0x00, 0x80, 0x3f, 0xbc, 0xbc, 0xbc, 0xff, 0xc8, 0x95, 0xd2, 0x3e, 0x58, 0xe1, 0x46, 0x3e,
    0xe3, 0x35, 0x96, 0xc3, 0x68, 0xa3, 0x96, 0x43, 0x75, 0xd1, 0x95, 0xc3, 0xfc, 0xca, 0x98, 0xbe,
    0x48, 0xfb, 0x41, 0xbf, 0xf0, 0x8f, 0x14, 0x3f, 0x16, 0x4f, 0xb8, 0x3e, 0x10, 0x91, 0xf2, 0x3e,
    0x89, 0xc0, 0x4d, 0x3f, 0x00, 0x00, 0x80, 0x3f, 0xbc, 0xbc, 0xbc, 0xff, 0x67, 0xf1, 0xe2, 0x3e,
    0xb5, 0x35, 0x52, 0x3e, 0x20, 0x35, 0x96, 0xc3, 0xd6, 0xa2, 0x96, 0x43, 0xd0, 0xd1, 0x95, 0xc3,
    0xfe, 0xca, 0x98, 0xbe, 0x48, 0xfb, 0x41, 0xbf, 0xf2, 0x8f, 0x14, 0x3f, 0x16, 0x4f, 0xb8, 0x3e,
    0x10, 0x91, 0xf2, 0x3e, 0x89, 0xc0, 0x4d, 0x3f, 0x00, 0x00, 0x80, 0x3f, 0xbc, 0xbc, 0xbc, 0xff,
    0xee, 0xec, 0xdb, 0x3e, 0xb7, 0x9b, 0x30, 0x3e, 0xd0, 0x34, 0x96, 0xc3, 0x64, 0xa3, 0x96, 0x43,
    0xed, 0xd0, 0x95, 0xc3, 0xfc, 0xca, 0x98, 0xbe, 0x48, 0xfb, 0x41, 0xbf, 0xf0, 0x8f, 0x14, 0x3f,
    0x16, 0x4f, 0xb8, 0x3e, 0x10, 0x91, 0xf2, 0x3e, 0x89, 0xc0, 0x4d, 0x3f, 0x00, 0x00, 0x80, 0x3f,
    0xbc, 0xbc, 0xbc, 0xff, 0x41, 0x9e, 0xed, 0x3e, 0x2f, 0xa4, 0x33, 0x3e, 0xbc, 0x34, 0x96, 0xc3,
    0x0b, 0xa4, 0x96, 0x43, 0x44, 0xd1, 0x95, 0xc3, 0x48, 0xa5, 0x14, 0x3c, 0x0a, 0x4b, 0x68, 0x3f,
    0x00, 0x22, 0xd7, 0x3e, 0x8b, 0xa4, 0x45, 0x3e, 0x47, 0x48, 0xd2, 0x3e, 0x64, 0x1f, 0x64, 0xbf,
    0x00, 0x00, 0x80, 0x3f, 0xbc, 0xbc, 0xbc, 0xff, 0x3c, 0xdc, 0xf6, 0x3e, 0x87, 0xdf, 0x2d, 0x3e,
    0xe5, 0x34, 0x96, 0xc3, 0x1a, 0xa4, 0x96, 0x43, 0x62, 0xd1, 0x95, 0xc3, 0x47, 0xa5, 0x14, 0x3c,
    0x09, 0x4b, 0x68, 0x3f, 0xfd, 0x21, 0xd7, 0x3e, 0x8a, 0xa4, 0x45, 0x3e, 0x45, 0x48, 0xd2, 0x3e,
    0x65, 0x1f, 0x64, 0xbf, 0x00, 0x00, 0x80, 0x3f, 0xbc, 0xbc, 0xbc, 0xff, 0x49, 0x9d, 0xf8, 0x3e,
    0xc0, 0x03, 0x33, 0x3e, 0x22, 0x36, 0x96, 0xc3, 0xf2, 0xa3, 0x96, 0x43, 0x06, 0xd1, 0x95, 0xc3,
    0x48, 0xa5, 0x14, 0x3c, 0x0a, 0x4b, 0x68, 0x3f, 0x00, 0x22, 0xd7, 0x3e, 0x8c, 0xa4, 0x45, 0x3e,
    0x45, 0x48, 0xd2, 0x3e, 0x65, 0x1f, 0x64, 0xbf, 0x00, 0x00, 0x80, 0x3f, 0xbc, 0xbc, 0xbc, 0xff,
    0x18, 0xb1, 0xef, 0x3e, 0x74, 0x79, 0x53, 0x3e, 0xfc, 0x33, 0x96, 0xc3, 0xfa, 0xa2, 0x96, 0x43,
    0xd5, 0xd2, 0x95, 0xc3, 0x0a, 0x81, 0xb5, 0xbe, 0x83, 0xb8, 0x4f, 0x3e, 0x70, 0xac, 0x69, 0xbf,
    0x58, 0x5f, 0xd2, 0xbe, 0x7b, 0x22, 0x69, 0xbf, 0xac, 0x58, 0x2f, 0xbd, 0x00, 0x00, 0x80, 0x3f,
    0xbc, 0xbc, 0xbc, 0xff, 0xfe, 0x2a, 0x04, 0x3f, 0x31, 0x7c, 0xe4, 0x3d, 0x9e, 0x35, 0x96, 0xc3,
    0x59, 0xa3, 0x96, 0x43, 0x1e, 0xd2, 0x95, 0xc3, 0x0a, 0x81, 0xb5, 0xbe, 0x7f, 0xb8, 0x4f, 0x3e,
    0x70, 0xac, 0x69, 0xbf, 0x58, 0x5f, 0xd2, 0xbe, 0x7b, 0x22, 0x69, 0xbf, 0xb3, 0x58, 0x2f, 0xbd,
    0x00, 0x00, 0x80, 0x3f, 0xbc, 0xbc, 0xbc, 0xff, 0xf6, 0x26, 0x0a, 0x3f, 0x28, 0xd7, 0x44, 0x3e,
    0x3d, 0x35, 0x96, 0xc3, 0x78, 0xa3, 0x96, 0x43, 0x3d, 0xd2, 0x95, 0xc3, 0x0a, 0x81, 0xb5, 0xbe,
    0x7f, 0xb8, 0x4f, 0x3e, 0x70, 0xac, 0x69, 0xbf, 0x58, 0x5f, 0xd2, 0xbe, 0x7b, 0x22, 0x69, 0xbf,
    0xac, 0x58, 0x2f, 0xbd, 0x00, 0x00, 0x80, 0x3f, 0xbc, 0xbc, 0xbc, 0xff, 0xf0, 0xfc, 0x06, 0x3f,
    0xc1, 0xe1, 0x35, 0x3e, 0x9e, 0x35, 0x96, 0xc3, 0x59, 0xa3, 0x96, 0x43, 0x1e, 0xd2, 0x95, 0xc3,
    0x96, 0xb2, 0xcf, 0xbe, 0x9d, 0x0e, 0x14, 0x3f, 0x26, 0x31, 0x35, 0xbf, 0x11, 0x26, 0x5a, 0x3e,
    0xde, 0x75, 0x31, 0xbf, 0xf5, 0x43, 0x30, 0xbf, 0x00, 0x00, 0x80, 0x3f, 0xbc, 0xbc, 0xbc, 0xff,
    0x40, 0x4d, 0x05, 0x3f, 0x0d, 0xff, 0x49, 0x3e, 0x0d, 0x36, 0x96, 0xc3, 0xbb, 0xa3, 0x96, 0x43,
    0x8f, 0xd1, 0x95, 0xc3, 0x97, 0xb2, 0xcf, 0xbe, 0x9d, 0x0e, 0x14, 0x3f, 0x26, 0x31, 0x35, 0xbf,
    0x11, 0x26, 0x5a, 0x3e, 0xde, 0x75, 0x31, 0xbf, 0xf5, 0x43, 0x30, 0xbf, 0x00, 0x00, 0x80, 0x3f,
    0xbc, 0xbc, 0xbc, 0xff, 0xff, 0xea, 0xf9, 0x3e, 0x25, 0x7a, 0x59, 0x3e, 0x3d, 0x35, 0x96, 0xc3,
    0x78, 0xa3, 0x96, 0x43, 0x3d, 0xd2, 0x95, 0xc3, 0x97, 0xb2, 0xcf, 0xbe, 0x9d, 0x0e, 0x14, 0x3f,
    0x26, 0x31, 0x35, 0xbf, 0x11, 0x26, 0x5a, 0x3e, 0xde, 0x75, 0x31, 0xbf, 0xf5, 0x43, 0x30, 0xbf,
    0x00, 0x00, 0x80, 0x3f, 0xbc, 0xbc, 0xbc, 0xff, 0xf0, 0xfc, 0x06, 0x3f, 0xc1, 0xe1, 0x35, 0x3e,
    0x61, 0x33, 0x96, 0xc3, 0x8e, 0xa3, 0x96, 0x43, 0xbb, 0xd2, 0x95, 0xc3, 0x1a, 0xfd, 0x33, 0x3f,
    0x02, 0xb7, 0x1a, 0x3f, 0x64, 0xde, 0xbf, 0x3e, 0x8b, 0x1d, 0x61, 0xbe, 0xd2, 0x96, 0x2f, 0x3f,
    0x47, 0x96, 0x31, 0xbf, 0x00, 0x00, 0x80, 0x3f, 0xbc, 0xbc, 0xbc, 0xff, 0xdb, 0x16, 0xf5, 0x3e,
    0xdd, 0xb1, 0xd8, 0x3d, 0x7d, 0x32, 0x96, 0xc3, 0x0a, 0xa3, 0x96, 0x43, 0x91, 0xd3, 0x95, 0xc3,
    0x1a, 0xfd, 0x33, 0x3f, 0x02, 0xb7, 0x1a, 0x3f, 0x65, 0xde, 0xbf, 0x3e, 0x8b, 0x1d, 0x61, 0xbe,
    0xd2, 0x96, 0x2f, 0x3f, 0x47, 0x96, 0x31, 0xbf, 0x00, 0x00, 0x80, 0x3f, 0xbc, 0xbc, 0xbc, 0xff,
    0xd6, 0x6e, 0xf3, 0x3e, 0x05, 0x8b, 0x43, 0x3d, 0x01, 0x33, 0x96, 0xc3, 0x70, 0xa3, 0x96, 0x43,
    0x3f, 0xd3, 0x95, 0xc3, 0x1a, 0xfd, 0x33, 0x3f, 0x02, 0xb7, 0x1a, 0x3f, 0x65, 0xde, 0xbf, 0x3e,
    0x8b, 0x1d, 0x61, 0xbe, 0xd2, 0x96, 0x2f, 0x3f, 0x47, 0x96, 0x31, 0xbf, 0x00, 0x00, 0x80, 0x3f,
    0xbc, 0xbc, 0xbc, 0xff, 0x63, 0x7e, 0xf6, 0x3e, 0xe5, 0x61, 0xa1, 0x3d, 0xfc, 0x33, 0x96, 0xc3,
    0xfa, 0xa2, 0x96, 0x43, 0xd5, 0xd2, 0x95, 0xc3, 0x6e, 0x04, 0xe1, 0xbe, 0x2a, 0xaa, 0x14, 0x3e,
    0xaa, 0xed, 0x62, 0xbf, 0xe9, 0xed, 0xe1, 0xbe, 0x4c, 0xfb, 0x64, 0xbf, 0x96, 0x08, 0x94, 0x3d,
    0x00, 0x00, 0x80, 0x3f, 0xbc, 0xbc, 0xbc, 0xff, 0xfe, 0x2a, 0x04, 0x3f, 0x31, 0x7c, 0xe4, 0x3d,
    0x01, 0x33, 0x96, 0xc3, 0x70, 0xa3, 0x96, 0x43, 0x3f, 0xd3, 0x95, 0xc3, 0x6e, 0x04, 0xe1, 0xbe,
    0x2a, 0xaa, 0x14, 0x3e, 0xaa, 0xed, 0x62, 0xbf, 0xee, 0xed, 0xe1, 0xbe, 0x4b, 0xfb, 0x64, 0xbf,
    0x96, 0x08, 0x94, 0x3d, 0x00, 0x00, 0x80, 0x3f, 0xbc, 0xbc, 0xbc, 0xff, 0x63, 0x7e, 0xf6, 0x3e,
    0xe5, 0x61, 0xa1, 0x3d, 0x7d, 0x32, 0x96, 0xc3, 0x0a, 0xa3, 0x96, 0x43, 0x91, 0xd3, 0x95, 0xc3,
    0x6f, 0x04, 0xe1, 0xbe, 0x2a, 0xaa, 0x14, 0x3e, 0xab, 0xed, 0x62, 0xbf, 0xe9, 0xed, 0xe1, 0xbe,
    0x4c, 0xfb, 0x64, 0xbf, 0x96, 0x08, 0x94, 0x3d, 0x00, 0x00, 0x80, 0x3f, 0xbc, 0xbc, 0xbc, 0xff,
    0xd6, 0x6e, 0xf3, 0x3e, 0x05, 0x8b, 0x43, 0x3d, 0x14, 0x35, 0x96, 0xc3, 0xd6, 0xa2, 0x96, 0x43,
    0x0a, 0xd2, 0x95, 0xc3, 0x09, 0x84, 0xdf, 0x3c, 0x8e, 0xe7, 0x7f, 0xbf, 0x9d, 0x25, 0xa6, 0x3a,
    0x59, 0xd8, 0xb2, 0x3e, 0x39, 0xad, 0x2f, 0x3c, 0xc4, 0xdb, 0x6f, 0x3f, 0x00, 0x00, 0x80, 0x3f,
    0xbc, 0xbc, 0xbc, 0xff, 0xed, 0x82, 0xd9, 0x3e, 0xf3, 0xc9, 0x2a, 0x3e, 0xf5, 0x33, 0x96, 0xc3,
    0xde, 0xa2, 0x96, 0x43, 0xbc, 0xd2, 0x95, 0xc3, 0x1f, 0x84, 0xdf, 0x3c, 0x8e, 0xe7, 0x7f, 0xbf,
    0x42, 0x28, 0xa6, 0x3a, 0x59, 0xd8, 0xb2, 0x3e, 0x56, 0xad, 0x2f, 0x3c, 0xc4, 0xdb, 0x6f, 0x3f,
    0x00, 0x00, 0x80, 0x3f, 0xbc, 0xbc, 0xbc, 0xff, 0xde, 0x57, 0xdd, 0x3e, 0xac, 0x8e, 0xdc, 0x3d,
    0x20, 0x35, 0x96, 0xc3, 0xd6, 0xa2, 0x96, 0x43, 0xd0, 0xd1, 0x95, 0xc3, 0x10, 0x84, 0xdf, 0x3c,
    0x8e, 0xe7, 0x7f, 0xbf, 0x7e, 0x26, 0xa6, 0x3a, 0x59, 0xd8, 0xb2, 0x3e, 0x56, 0xad, 0x2f, 0x3c,
    0xc4, 0xdb, 0x6f, 0x3f, 0x00, 0x00, 0x80, 0x3f, 0xbc, 0xbc, 0xbc, 0xff, 0xee, 0xec, 0xdb, 0x3e,
    0xb7, 0x9b, 0x30, 0x3e, 0xae, 0x35, 0x96, 0xc3, 0x11, 0xa3, 0x96, 0x43, 0xd2, 0xd1, 0x95, 0xc3,
    0xd1, 0x43, 0xc5, 0xbe, 0x52, 0x2c, 0x6b, 0xbf, 0x56, 0x1c, 0xb3, 0xbd, 0xe0, 0xec, 0xca, 0x3e,
    0xd5, 0x29, 0x80, 0xbe, 0x56, 0x21, 0x62, 0x3f, 0x00, 0x00, 0x80, 0x3f, 0xbc, 0xbc, 0xbc, 0xff,
    0x6e, 0x32, 0xda, 0x3e, 0x60, 0xe4, 0x45, 0x3e, 0x14, 0x35, 0x96, 0xc3, 0xd6, 0xa2, 0x96, 0x43,
    0x0a, 0xd2, 0x95, 0xc3, 0xcf, 0x43, 0xc5, 0xbe, 0x53, 0x2c, 0x6b, 0xbf, 0x50, 0x1c, 0xb3, 0xbd,
    0xe2, 0xec, 0xca, 0x3e, 0xd4, 0x29, 0x80, 0xbe, 0x57, 0x21, 0x62, 0x3f, 0x00, 0x00, 0x80, 0x3f,
    0xbc, 0xbc, 0xbc, 0xff, 0xed, 0x82, 0xd9, 0x3e, 0xf3, 0xc9, 0x2a, 0x3e, 0x20, 0x35, 0x96, 0xc3,
    0xd6, 0xa2, 0x96, 0x43, 0xd0, 0xd1, 0x95, 0xc3, 0xd0, 0x43, 0xc5, 0xbe, 0x52, 0x2c, 0x6b, 0xbf,
    0x4c, 0x1c, 0xb3, 0xbd, 0xe2, 0xec, 0xca, 0x3e, 0xd4, 0x29, 0x80, 0xbe, 0x57, 0x21, 0x62, 0x3f,
    0x00, 0x00, 0x80, 0x3f, 0xbc, 0xbc, 0xbc, 0xff, 0xee, 0xec, 0xdb, 0x3e, 0xb7, 0x9b, 0x30, 0x3e,
    0x03, 0x36, 0x96, 0xc3, 0x8f, 0xa3, 0x96, 0x43, 0x8a, 0xd1, 0x95, 0xc3, 0x14, 0x9c, 0x4a, 0xbf,
    0xd3, 0xe7, 0x19, 0xbf, 0xa3, 0x0c, 0xe2, 0x3d, 0x7a, 0x26, 0xcb, 0xbe, 0xd9, 0x85, 0x24, 0x3f,
    0x24, 0xc8, 0x27, 0x3f, 0x00, 0x00, 0x80, 0x3f, 0xbc, 0xbc, 0xbc, 0xff, 0x92, 0x3b, 0xe4, 0x3e,
    0x45, 0x2e, 0x58, 0x3e, 0xe3, 0x35, 0x96, 0xc3, 0x68, 0xa3, 0x96, 0x43, 0x75, 0xd1, 0x95, 0xc3,
    0x14, 0x9c, 0x4a, 0xbf, 0xd2, 0xe7, 0x19, 0xbf, 0x9b, 0x0c, 0xe2, 0x3d, 0x7b, 0x26, 0xcb, 0xbe,
    0xd9, 0x85, 0x24, 0x3f, 0x24, 0xc8, 0x27, 0x3f, 0x00, 0x00, 0x80, 0x3f, 0xbc, 0xbc, 0xbc, 0xff,
    0x67, 0xf1, 0xe2, 0x3e, 0xb5, 0x35, 0x52, 0x3e, 0x35, 0x36, 0x96, 0xc3, 0xf1, 0xa3, 0x96, 0x43,
    0xe0, 0xd0, 0x95, 0xc3, 0x14, 0x9c, 0x4a, 0xbf, 0xd3, 0xe7, 0x19, 0xbf, 0xa3, 0x0c, 0xe2, 0x3d,
    0x79, 0x26, 0xcb, 0xbe, 0xdb, 0x85, 0x24, 0x3f, 0x24, 0xc8, 0x27, 0x3f, 0x00, 0x00, 0x80, 0x3f,
    0xbc, 0xbc, 0xbc, 0xff, 0x65, 0x1b, 0xf0, 0x3e, 0xdd, 0x40, 0x51, 0x3e, 0x0d, 0x36, 0x96, 0xc3,
    0xbb, 0xa3, 0x96, 0x43, 0x8f, 0xd1, 0x95, 0xc3, 0xf4, 0x1c, 0x67, 0xbe, 0x0c, 0x0c, 0x64, 0x3f,
    0xc0, 0xe9, 0xc9, 0xbe, 0x69, 0x12, 0xe2, 0x3e, 0xa8, 0xdb, 0x88, 0xbe, 0x62, 0x43, 0x5b, 0xbf,
    0x00, 0x00, 0x80, 0x3f, 0xbc, 0xbc, 0xbc, 0xff, 0xff, 0xea, 0xf9, 0x3e, 0x25, 0x7a, 0x59, 0x3e,
    0x22, 0x36, 0x96, 0xc3, 0xf2, 0xa3, 0x96, 0x43, 0x06, 0xd1, 0x95, 0xc3, 0xf4, 0x1c, 0x67, 0xbe,
    0x0c, 0x0c, 0x64, 0x3f, 0xc0, 0xe9, 0xc9, 0xbe, 0x69, 0x12, 0xe2, 0x3e, 0xa9, 0xdb, 0x88, 0xbe,
    0x62, 0x43, 0x5b, 0xbf, 0x00, 0x00, 0x80, 0x3f, 0xbc, 0xbc, 0xbc, 0xff, 0x18, 0xb1, 0xef, 0x3e,
    0x74, 0x79, 0x53, 0x3e, 0xe5, 0x34, 0x96, 0xc3, 0x1a, 0xa4, 0x96, 0x43, 0x62, 0xd1, 0x95, 0xc3,
    0xf4, 0x1c, 0x67, 0xbe, 0x0c, 0x0c, 0x64, 0x3f, 0xc0, 0xe9, 0xc9, 0xbe, 0x69, 0x12, 0xe2, 0x3e,
    0xa8, 0xdb, 0x88, 0xbe, 0x62, 0x43, 0x5b, 0xbf, 0x00, 0x00, 0x80, 0x3f, 0xbc, 0xbc, 0xbc, 0xff,
    0x49, 0x9d, 0xf8, 0x3e, 0xc0, 0x03, 0x33, 0x3e, 0xae, 0x35, 0x96, 0xc3, 0x11, 0xa3, 0x96, 0x43,
    0xd2, 0xd1, 0x95, 0xc3, 0x0e, 0x9d, 0x4a, 0xbf, 0x7f, 0xe5, 0x19, 0xbf, 0xb0, 0x39, 0xe2, 0x3d,
    0x55, 0xba, 0xcf, 0x3d, 0xb2, 0xde, 0x48, 0x3d, 0xc3, 0x5e, 0x7e, 0x3f, 0x00, 0x00, 0x80, 0x3f,
    0xbc, 0xbc, 0xbc, 0xff, 0x6e, 0x32, 0xda, 0x3e, 0x60, 0xe4, 0x45, 0x3e, 0xe3, 0x35, 0x96, 0xc3,
    0x68, 0xa3, 0x96, 0x43, 0x75, 0xd1, 0x95, 0xc3, 0x0e, 0x9d, 0x4a, 0xbf, 0x7e, 0xe5, 0x19, 0xbf,
    0xb0, 0x39, 0xe2, 0x3d, 0x4b, 0xba, 0xcf, 0x3d, 0x9b, 0xde, 0x48, 0x3d, 0xc1, 0x5e, 0x7e, 0x3f,
    0x00, 0x00, 0x80, 0x3f, 0xbc, 0xbc, 0xbc, 0xff, 0x67, 0xf1, 0xe2, 0x3e, 0xb5, 0x35, 0x52, 0x3e,
    0x03, 0x36, 0x96, 0xc3, 0x8f, 0xa3, 0x96, 0x43, 0x8a, 0xd1, 0x95, 0xc3, 0x0e, 0x9d, 0x4a, 0xbf,
    0x7e, 0xe5, 0x19, 0xbf, 0xb0, 0x39, 0xe2, 0x3d, 0x4b, 0xba, 0xcf, 0x3d, 0xaf, 0xde, 0x48, 0x3d,
    0xc1, 0x5e, 0x7e, 0x3f, 0x00, 0x00, 0x80, 0x3f, 0xbc, 0xbc, 0xbc, 0xff, 0x92, 0x3b, 0xe4, 0x3e,
    0x45, 0x2e, 0x58, 0x3e, 0xe3, 0x35, 0x96, 0xc3, 0x68, 0xa3, 0x96, 0x43, 0x75, 0xd1, 0x95, 0xc3,
    0xbc, 0x36, 0xac, 0xbe, 0xba, 0x0d, 0x47, 0xbf, 0x14, 0x03, 0x08, 0x3f, 0x11, 0x1a, 0x84, 0x3e,
    0x60, 0xd8, 0xee, 0x3e, 0x37, 0x97, 0x58, 0x3f, 0x00, 0x00, 0x80, 0x3f, 0xbc, 0xbc, 0xbc, 0xff,
    0x67, 0xf1, 0xe2, 0x3e, 0xb5, 0x35, 0x52, 0x3e, 0xae, 0x35, 0x96, 0xc3, 0x11, 0xa3, 0x96, 0x43,
    0xd2, 0xd1, 0x95, 0xc3, 0xbc, 0x36, 0xac, 0xbe, 0xba, 0x0d, 0x47, 0xbf, 0x13, 0x03, 0x08, 0x3f,
    0x11, 0x1a, 0x84, 0x3e, 0x62, 0xd8, 0xee, 0x3e, 0x37, 0x97, 0x58, 0x3f, 0x00, 0x00, 0x80, 0x3f,
    0xbc, 0xbc, 0xbc, 0xff, 0x6e, 0x32, 0xda, 0x3e, 0x60, 0xe4, 0x45, 0x3e, 0x20, 0x35, 0x96, 0xc3,
    0xd6, 0xa2, 0x96, 0x43, 0xd0, 0xd1, 0x95, 0xc3, 0xbc, 0x36, 0xac, 0xbe, 0xba, 0x0d, 0x47, 0xbf,
    0x14, 0x03, 0x08, 0x3f, 0x12, 0x1a, 0x84, 0x3e, 0x5f, 0xd8, 0xee, 0x3e, 0x37, 0x97, 0x58, 0x3f,
    0x00, 0x00, 0x80, 0x3f, 0xbc, 0xbc, 0xbc, 0xff, 0xee, 0xec, 0xdb, 0x3e, 0xb7, 0x9b, 0x30, 0x3e,
    0x22, 0x36, 0x96, 0xc3, 0xf2, 0xa3, 0x96, 0x43, 0x06, 0xd1, 0x95, 0xc3, 0xc5, 0xc6, 0x5a, 0xbf,
    0xd5, 0x94, 0x99, 0x3e, 0x08, 0x09, 0xd9, 0xbe, 0x1e, 0x9f, 0xb1, 0x3d, 0x6a, 0x24, 0x63, 0x3f,
    0x8f, 0xf1, 0xe7, 0x3e, 0x00, 0x00, 0x80, 0x3f, 0xbc, 0xbc, 0xbc, 0xff, 0x18, 0xb1, 0xef, 0x3e,
    0x74, 0x79, 0x53, 0x3e, 0x03, 0x36, 0x96, 0xc3, 0x8f, 0xa3, 0x96, 0x43, 0x8a, 0xd1, 0x95, 0xc3,
    0xc4, 0xc6, 0x5a, 0xbf, 0xd4, 0x94, 0x99, 0x3e, 0x07, 0x09, 0xd9, 0xbe, 0x0f, 0x9f, 0xb1, 0x3d,
    0x6a, 0x24, 0x63, 0x3f, 0x8c, 0xf1, 0xe7, 0x3e, 0x00, 0x00, 0x80, 0x3f, 0xbc, 0xbc, 0xbc, 0xff,
    0x92, 0x3b, 0xe4, 0x3e, 0x45, 0x2e, 0x58, 0x3e, 0x35, 0x36, 0x96, 0xc3, 0xf1, 0xa3, 0x96, 0x43,
    0xe0, 0xd0, 0x95, 0xc3, 0xc4, 0xc6, 0x5a, 0xbf, 0xd5, 0x94, 0x99, 0x3e, 0x0a, 0x09, 0xd9, 0xbe,
    0x0f, 0x9f, 0xb1, 0x3d, 0x6a, 0x24, 0x63, 0x3f, 0x8c, 0xf1, 0xe7, 0x3e, 0x00, 0x00, 0x80, 0x3f,
    0xbc, 0xbc, 0xbc, 0xff, 0x65, 0x1b, 0xf0, 0x3e, 0xdd, 0x40, 0x51, 0x3e, 0xbc, 0x34, 0x96, 0xc3,
    0x0b, 0xa4, 0x96, 0x43, 0x44, 0xd1, 0x95, 0xc3, 0x24, 0xc5, 0x8e, 0xbd, 0x89, 0x60, 0x7f, 0x3f,
    0x4e, 0x0c, 0x6e, 0x3a, 0x98, 0x2d, 0x32, 0x3f, 0xcd, 0xe4, 0x49, 0x3d, 0x12, 0x62, 0x37, 0xbf,
    0x00, 0x00, 0x80, 0x3f, 0xbc, 0xbc, 0xbc, 0xff, 0x3c, 0xdc, 0xf6, 0x3e, 0x87, 0xdf, 0x2d, 0x3e,
    0x22, 0x36, 0x96, 0xc3, 0xf2, 0xa3, 0x96, 0x43, 0x06, 0xd1, 0x95, 0xc3, 0x21, 0xc5, 0x8e, 0xbd,
    0x89, 0x60, 0x7f, 0x3f, 0x4e, 0x0c, 0x6e, 0x3a, 0x98, 0x2d, 0x32, 0x3f, 0xc5, 0xe4, 0x49, 0x3d,
    0x11, 0x62, 0x37, 0xbf, 0x00, 0x00, 0x80, 0x3f, 0xbc, 0xbc, 0xbc, 0xff, 0x18, 0xb1, 0xef, 0x3e,
    0x74, 0x79, 0x53, 0x3e, 0x35, 0x36, 0x96, 0xc3, 0xf1, 0xa3, 0x96, 0x43, 0xe0, 0xd0, 0x95, 0xc3,
    0x22, 0xc5, 0x8e, 0xbd, 0x89, 0x60, 0x7f, 0x3f, 0x12, 0x0e, 0x6e, 0x3a, 0x98, 0x2d, 0x32, 0x3f,
    0xcd, 0xe4, 0x49, 0x3d, 0x12, 0x62, 0x37, 0xbf, 0x00, 0x00, 0x80, 0x3f, 0xbc, 0xbc, 0xbc, 0xff,
    0x65, 0x1b, 0xf0, 0x3e, 0xdd, 0x40, 0x51, 0x3e, 0xbc, 0x34, 0x96, 0xc3, 0x0b, 0xa4, 0x96, 0x43,
    0x44, 0xd1, 0x95, 0xc3, 0xcf, 0x32, 0x3b, 0x3f, 0xff, 0x99, 0x78, 0x3e, 0xf0, 0x2f, 0x23, 0x3f,
    0xac, 0x21, 0x7f, 0xbd, 0x42, 0x52, 0x74, 0x3f, 0x65, 0x84, 0x95, 0xbe, 0x00, 0x00, 0x80, 0x3f,
    0xbc, 0xbc, 0xbc, 0xff, 0x3c, 0xdc, 0xf6, 0x3e, 0x87, 0xdf, 0x2d, 0x3e, 0xd0, 0x34, 0x96, 0xc3,
    0x64, 0xa3, 0x96, 0x43, 0xed, 0xd0, 0x95, 0xc3, 0xcf, 0x32, 0x3b, 0x3f, 0xff, 0x99, 0x78, 0x3e,
    0xf0, 0x2f, 0x23, 0x3f, 0xaa, 0x21, 0x7f, 0xbd, 0x41, 0x52, 0x74, 0x3f, 0x63, 0x84, 0x95, 0xbe,
    0x00, 0x00, 0x80, 0x3f, 0xbc, 0xbc, 0xbc, 0xff, 0x41, 0x9e, 0xed, 0x3e, 0x2f, 0xa4, 0x33, 0x3e,
    0xe4, 0x33, 0x96, 0xc3, 0x48, 0xa3, 0x96, 0x43, 0xf1, 0xd1, 0x95, 0xc3, 0xcf, 0x32, 0x3b, 0x3f,
    0xff, 0x99, 0x78, 0x3e, 0xf0, 0x2f, 0x23, 0x3f, 0xaf, 0x21, 0x7f, 0xbd, 0x42, 0x52, 0x74, 0x3f,
    0x65, 0x84, 0x95, 0xbe, 0x00, 0x00, 0x80, 0x3f, 0xbc, 0xbc, 0xbc, 0xff, 0xbf, 0xb6, 0xee, 0x3e,
    0xae, 0x9a, 0x07, 0x3e, 0x87, 0x32, 0x96, 0xc3, 0xf6, 0xa2, 0x96, 0x43, 0x7c, 0xd3, 0x95, 0xc3,
    0xc2, 0x37, 0x9b, 0xbe, 0x1a, 0x18, 0x2f, 0xbf, 0x09, 0xde, 0x29, 0xbf, 0xc8, 0xcf, 0x17, 0x3f,
    0xf5, 0x32, 0x2e, 0xbf, 0x26, 0x66, 0xdc, 0x3e, 0x00, 0x00, 0x80, 0x3f, 0xbc, 0xbc, 0xbc, 0xff,
    0x43, 0x57, 0xf2, 0x3e, 0x15, 0xc9, 0x57, 0x3d, 0xf5, 0x33, 0x96, 0xc3, 0xde, 0xa2, 0x96, 0x43,
    0xbc, 0xd2, 0x95, 0xc3, 0xc3, 0x37, 0x9b, 0xbe, 0x18, 0x18, 0x2f, 0xbf, 0x0a, 0xde, 0x29, 0xbf,
    0xc8, 0xcf, 0x17, 0x3f, 0xf6, 0x32, 0x2e, 0xbf, 0x24, 0x66, 0xdc, 0x3e, 0x00, 0x00, 0x80, 0x3f,
    0xbc, 0xbc, 0xbc, 0xff, 0xde, 0x57, 0xdd, 0x3e, 0xac, 0x8e, 0xdc, 0x3d, 0xfc, 0x33, 0x96, 0xc3,
    0xfa, 0xa2, 0x96, 0x43, 0xd5, 0xd2, 0x95, 0xc3, 0xc1, 0x37, 0x9b, 0xbe, 0x1a, 0x18, 0x2f, 0xbf,
    0x0a, 0xde, 0x29, 0xbf, 0xc7, 0xcf, 0x17, 0x3f, 0xf6, 0x32, 0x2e, 0xbf, 0x24, 0x66, 0xdc, 0x3e,
    0x00, 0x00, 0x80, 0x3f, 0xbc, 0xbc, 0xbc, 0xff, 0xa8, 0xc6, 0xdb, 0x3e, 0x7f, 0xbc, 0xd7, 0x3d,
    0xfc, 0x33, 0x96, 0xc3, 0xfa, 0xa2, 0x96, 0x43, 0xd5, 0xd2, 0x95, 0xc3, 0x4d, 0x41, 0xd8, 0xbe,
    0x74, 0x65, 0x2b, 0xbf, 0xf5, 0x6b, 0x1c, 0xbf, 0x3f, 0xda, 0xe9, 0x3e, 0x0e, 0x4e, 0x3d, 0xbf,
    0xe9, 0x33, 0xfd, 0x3e, 0x00, 0x00, 0x80, 0x3f, 0xbc, 0xbc, 0xbc, 0xff, 0xa8, 0xc6, 0xdb, 0x3e,
    0x7f, 0xbc, 0xd7, 0x3d, 0xf5, 0x33, 0x96, 0xc3, 0xde, 0xa2, 0x96, 0x43, 0xbc, 0xd2, 0x95, 0xc3,
    0x4c, 0x41, 0xd8, 0xbe, 0x74, 0x65, 0x2b, 0xbf, 0xf5, 0x6b, 0x1c, 0xbf, 0x3f, 0xda, 0xe9, 0x3e,
    0x0d, 0x4e, 0x3d, 0xbf, 0xed, 0x33, 0xfd, 0x3e, 0x00, 0x00, 0x80, 0x3f, 0xbc, 0xbc, 0xbc, 0xff,
    0xde, 0x57, 0xdd, 0x3e, 0xac, 0x8e, 0xdc, 0x3d, 0x9e, 0x35, 0x96, 0xc3, 0x59, 0xa3, 0x96, 0x43,
    0x1e, 0xd2, 0x95, 0xc3, 0x4c, 0x41, 0xd8, 0xbe, 0x74, 0x65, 0x2b, 0xbf, 0xf5, 0x6b, 0x1c, 0xbf,
    0x3f, 0xda, 0xe9, 0x3e, 0x0d, 0x4e, 0x3d, 0xbf, 0xed, 0x33, 0xfd, 0x3e, 0x00, 0x00, 0x80, 0x3f,
    0xbc, 0xbc, 0xbc, 0xff, 0xc8, 0x95, 0xd2, 0x3e, 0x58, 0xe1, 0x46, 0x3e, 0xd0, 0x34, 0x96, 0xc3,
    0x64, 0xa3, 0x96, 0x43, 0xed, 0xd0, 0x95, 0xc3, 0x55, 0x0b, 0xb2, 0x3e, 0x6f, 0x55, 0x58, 0xbf,
    0x2e, 0xf3, 0xcf, 0x3e, 0xbd, 0x7f, 0xb7, 0x3e, 0x0b, 0x25, 0x05, 0x3f, 0x71, 0x78, 0x46, 0x3f,
    0x00, 0x00, 0x80, 0x3f, 0xbc, 0xbc, 0xbc, 0xff, 0x41, 0x9e, 0xed, 0x3e, 0x2f, 0xa4, 0x33, 0x3e,
    0x20, 0x35, 0x96, 0xc3, 0xd6, 0xa2, 0x96, 0x43, 0xd0, 0xd1, 0x95, 0xc3, 0x54, 0x0b, 0xb2, 0x3e,
    0x6f, 0x55, 0x58, 0xbf, 0x2a, 0xf3, 0xcf, 0x3e, 0xbd, 0x7f, 0xb7, 0x3e, 0x0c, 0x25, 0x05, 0x3f,
    0x71, 0x78, 0x46, 0x3f, 0x00, 0x00, 0x80, 0x3f, 0xbc, 0xbc, 0xbc, 0xff, 0xee, 0xec, 0xdb, 0x3e,
    0xb7, 0x9b, 0x30, 0x3e, 0xe4, 0x33, 0x96, 0xc3, 0x48, 0xa3, 0x96, 0x43, 0xf1, 0xd1, 0x95, 0xc3,
    0x56, 0x0b, 0xb2, 0x3e, 0x6f, 0x55, 0x58, 0xbf, 0x2e, 0xf3, 0xcf, 0x3e, 0xbd, 0x7f, 0xb7, 0x3e,
    0x0b, 0x25, 0x05, 0x3f, 0x71, 0x78, 0x46, 0x3f, 0x00, 0x00, 0x80, 0x3f, 0xbc, 0xbc, 0xbc, 0xff,
    0xbf, 0xb6, 0xee, 0x3e, 0xae, 0x9a, 0x07, 0x3e, 0x87, 0x32, 0x96, 0xc3, 0xf6, 0xa2, 0x96, 0x43,
    0x7c, 0xd3, 0x95, 0xc3, 0x20, 0xf3, 0x3f, 0x3f, 0x44, 0x35, 0x84, 0x3e, 0x2a, 0xf4, 0x1b, 0x3f,
    0x60, 0xc2, 0xd6, 0xbe, 0x7d, 0xc6, 0x65, 0x3f, 0xd7, 0x13, 0x0b, 0x3e, 0x00, 0x00, 0x80, 0x3f,
    0xbc, 0xbc, 0xbc, 0xff, 0x43, 0x57, 0xf2, 0x3e, 0x15, 0xc9, 0x57, 0x3d, 0x7d, 0x32, 0x96, 0xc3,
    0x0a, 0xa3, 0x96, 0x43, 0x91, 0xd3, 0x95, 0xc3, 0x20, 0xf3, 0x3f, 0x3f, 0x44, 0x35, 0x84, 0x3e,
    0x2a, 0xf4, 0x1b, 0x3f, 0x60, 0xc2, 0xd6, 0xbe, 0x7d, 0xc6, 0x65, 0x3f, 0xd7, 0x13, 0x0b, 0x3e,
    0x00, 0x00, 0x80, 0x3f, 0xbc, 0xbc, 0xbc, 0xff, 0xd6, 0x6e, 0xf3, 0x3e, 0x05, 0x8b, 0x43, 0x3d,
    0xe4, 0x33, 0x96, 0xc3, 0x48, 0xa3, 0x96, 0x43, 0xf1, 0xd1, 0x95, 0xc3, 0x20, 0xf3, 0x3f, 0x3f,
    0x45, 0x35, 0x84, 0x3e, 0x2a, 0xf4, 0x1b, 0x3f, 0x5f, 0xc2, 0xd6, 0xbe, 0x7d, 0xc6, 0x65, 0x3f,
    0xd7, 0x13, 0x0b, 0x3e, 0x00, 0x00, 0x80, 0x3f, 0xbc, 0xbc, 0xbc, 0xff, 0xbf, 0xb6, 0xee, 0x3e,
    0xae, 0x9a, 0x07, 0x3e, 0x87, 0x32, 0x96, 0xc3, 0xf6, 0xa2, 0x96, 0x43, 0x7c, 0xd3, 0x95, 0xc3,
    0x33, 0xf9, 0xa9, 0xbe, 0x08, 0xee, 0x18, 0xbf, 0x62, 0xe2, 0x3a, 0xbf, 0x69, 0x0e, 0x45, 0x3f,
    0x85, 0x6f, 0x1e, 0xbf, 0x47, 0x26, 0x20, 0x3e, 0x00, 0x00, 0x80, 0x3f, 0xbc, 0xbc, 0xbc, 0xff,
    0x43, 0x57, 0xf2, 0x3e, 0x15, 0xc9, 0x57, 0x3d, 0xfc, 0x33, 0x96, 0xc3, 0xfa, 0xa2, 0x96, 0x43,
    0xd5, 0xd2, 0x95, 0xc3, 0x33, 0xf9, 0xa9, 0xbe, 0x08, 0xee, 0x18, 0xbf, 0x62, 0xe2, 0x3a, 0xbf,
    0x69, 0x0e, 0x45, 0x3f, 0x84, 0x6f, 0x1e, 0xbf, 0x44, 0x26, 0x20, 0x3e, 0x00, 0x00, 0x80, 0x3f,
    0xbc, 0xbc, 0xbc, 0xff, 0xa8, 0xc6, 0xdb, 0x3e, 0x7f, 0xbc, 0xd7, 0x3d, 0x7d, 0x32, 0x96, 0xc3,
    0x0a, 0xa3, 0x96, 0x43, 0x91, 0xd3, 0x95, 0xc3, 0x33, 0xf9, 0xa9, 0xbe, 0x08, 0xee, 0x18, 0xbf,
    0x62, 0xe2, 0x3a, 0xbf, 0x69, 0x0e, 0x45, 0x3f, 0x85, 0x6f, 0x1e, 0xbf, 0x47, 0x26, 0x20, 0x3e,
    0x00, 0x00, 0x80, 0x3f, 0xbc, 0xbc, 0xbc, 0xff, 0xd6, 0x6e, 0xf3, 0x3e, 0x05, 0x8b, 0x43, 0x3d,
    0x87, 0x32, 0x96, 0xc3, 0xf6, 0xa2, 0x96, 0x43, 0x7c, 0xd3, 0x95, 0xc3, 0x33, 0xa7, 0x8f, 0x3e,
    0xfd, 0x1d, 0x5c, 0xbf, 0x31, 0x68, 0xda, 0x3e, 0x02, 0xdd, 0x3c, 0x3f, 0x5a, 0x79, 0xf4, 0x3e,
    0x79, 0x55, 0xf4, 0x3e, 0x00, 0x00, 0x80, 0x3f, 0xbc, 0xbc, 0xbc, 0xff, 0x43, 0x57, 0xf2, 0x3e,
    0x15, 0xc9, 0x57, 0x3d, 0xe4, 0x33, 0x96, 0xc3, 0x48, 0xa3, 0x96, 0x43, 0xf1, 0xd1, 0x95, 0xc3,
    0x33, 0xa7, 0x8f, 0x3e, 0xfd, 0x1d, 0x5c, 0xbf, 0x31, 0x68, 0xda, 0x3e, 0x02, 0xdd, 0x3c, 0x3f,
    0x5c, 0x79, 0xf4, 0x3e, 0x7b, 0x55, 0xf4, 0x3e, 0x00, 0x00, 0x80, 0x3f, 0xbc, 0xbc, 0xbc, 0xff,
    0xbf, 0xb6, 0xee, 0x3e, 0xae, 0x9a, 0x07, 0x3e, 0xf5, 0x33, 0x96, 0xc3, 0xde, 0xa2, 0x96, 0x43,
    0xbc, 0xd2, 0x95, 0xc3, 0x33, 0xa7, 0x8f, 0x3e, 0xfd, 0x1d, 0x5c, 0xbf, 0x31, 0x68, 0xda, 0x3e,
    0x02, 0xdd, 0x3c, 0x3f, 0x5c, 0x79, 0xf4, 0x3e, 0x7b, 0x55, 0xf4, 0x3e, 0x00, 0x00, 0x80, 0x3f,
    0xbc, 0xbc, 0xbc, 0xff, 0xde, 0x57, 0xdd, 0x3e, 0xac, 0x8e, 0xdc, 0x3d, 0x74, 0x33, 0x96, 0xc3,
    0x97, 0xa3, 0x96, 0x43, 0xcb, 0xd2, 0x95, 0xc3, 0x7a, 0xf2, 0xab, 0x3e, 0xac, 0x21, 0x71, 0x3f,
    0x00, 0xd8, 0xba, 0x3a, 0x4e, 0x99, 0x6e, 0xbe, 0xd9, 0x24, 0xad, 0x3d, 0xd7, 0x02, 0x78, 0xbf,
    0x00, 0x00, 0x80, 0x3f, 0xbc, 0xbc, 0xbc, 0xff, 0x79, 0xe9, 0xf6, 0x3e, 0xf2, 0x09, 0xd9, 0x3d,
    0xe5, 0x34, 0x96, 0xc3, 0x1a, 0xa4, 0x96, 0x43, 0x62, 0xd1, 0x95, 0xc3, 0x7a, 0xf2, 0xab, 0x3e,
    0xad, 0x21, 0x71, 0x3f, 0x01, 0xd8, 0xba, 0x3a, 0x52, 0x99, 0x6e, 0xbe, 0xd3, 0x24, 0xad, 0x3d,
    0xd7, 0x02, 0x78, 0xbf, 0x00, 0x00, 0x80, 0x3f, 0xbc, 0xbc, 0xbc, 0xff, 0x49, 0x9d, 0xf8, 0x3e,
    0xc0, 0x03, 0x33, 0x3e, 0xbc, 0x34, 0x96, 0xc3, 0x0b, 0xa4, 0x96, 0x43, 0x44, 0xd1, 0x95, 0xc3,
    0x7a, 0xf2, 0xab, 0x3e, 0xad, 0x21, 0x71, 0x3f, 0x01, 0xd8, 0xba, 0x3a, 0x52, 0x99, 0x6e, 0xbe,
    0xd3, 0x24, 0xad, 0x3d, 0xd7, 0x02, 0x78, 0xbf, 0x00, 0x00, 0x80, 0x3f, 0xbc, 0xbc, 0xbc, 0xff,
    0x3c, 0xdc, 0xf6, 0x3e, 0x87, 0xdf, 0x2d, 0x3e, 0x22, 0x36, 0x96, 0xc3, 0xf2, 0xa3, 0x96, 0x43,
    0x06, 0xd1, 0x95, 0xc3, 0x56, 0x79, 0x78, 0xbf, 0xc3, 0xc2, 0x70, 0xbe, 0xe0, 0xf3, 0x52, 0xbd,
    0xfe, 0x2a, 0x5d, 0xbe, 0xbf, 0xa0, 0x41, 0x3f, 0xa8, 0x12, 0x1e, 0x3f, 0x00, 0x00, 0x80, 0x3f,
    0xbc, 0xbc, 0xbc, 0xff, 0x18, 0xb1, 0xef, 0x3e, 0x74, 0x79, 0x53, 0x3e, 0x0d, 0x36, 0x96, 0xc3,
    0xbb, 0xa3, 0x96, 0x43, 0x8f, 0xd1, 0x95, 0xc3, 0x59, 0x79, 0x78, 0xbf, 0xc2, 0xc2, 0x70, 0xbe,
    0xc7, 0xf3, 0x52, 0xbd, 0xfa, 0x2a, 0x5d, 0xbe, 0xc0, 0xa0, 0x41, 0x3f, 0xa8, 0x12, 0x1e, 0x3f,
    0x00, 0x00, 0x80, 0x3f, 0xbc, 0xbc, 0xbc, 0xff, 0xb8, 0x77, 0xe5, 0x3e, 0x92, 0xcf, 0x5b, 0x3e,
    0x03, 0x36, 0x96, 0xc3, 0x8f, 0xa3, 0x96, 0x43, 0x8a, 0xd1, 0x95, 0xc3, 0x56, 0x79, 0x78, 0xbf,
    0xc3, 0xc2, 0x70, 0xbe, 0xe0, 0xf3, 0x52, 0xbd, 0xfa, 0x2a, 0x5d, 0xbe, 0xc0, 0xa0, 0x41, 0x3f,
    0xa8, 0x12, 0x1e, 0x3f, 0x00, 0x00, 0x80, 0x3f, 0xbc, 0xbc, 0xbc, 0xff, 0x92, 0x3b, 0xe4, 0x3e,
    0x45, 0x2e, 0x58, 0x3e, 0x0d, 0x36, 0x96, 0xc3, 0xbb, 0xa3, 0x96, 0x43, 0x8f, 0xd1, 0x95, 0xc3,
    0x39, 0xaf, 0x56, 0xbf, 0x4c, 0x98, 0x7c, 0xbe, 0xc9, 0xaa, 0xf8, 0xbe, 0x2c, 0x92, 0x63, 0xbe,
    0xe7, 0xb9, 0x28, 0xbf, 0x68, 0xee, 0x37, 0x3f, 0x00, 0x00, 0x80, 0x3f, 0xbc, 0xbc, 0xbc, 0xff,
    0xb8, 0x77, 0xe5, 0x3e, 0x92, 0xcf, 0x5b, 0x3e, 0x9e, 0x35, 0x96, 0xc3, 0x59, 0xa3, 0x96, 0x43,
    0x1e, 0xd2, 0x95, 0xc3, 0x39, 0xaf, 0x56, 0xbf, 0x4a, 0x98, 0x7c, 0xbe, 0xc9, 0xaa, 0xf8, 0xbe,
    0x2c, 0x92, 0x63, 0xbe, 0xe7, 0xb9, 0x28, 0xbf, 0x68, 0xee, 0x37, 0x3f, 0x00, 0x00, 0x80, 0x3f,
    0xbc, 0xbc, 0xbc, 0xff, 0xc8, 0x95, 0xd2, 0x3e, 0x58, 0xe1, 0x46, 0x3e, 0x03, 0x36, 0x96, 0xc3,
    0x8f, 0xa3, 0x96, 0x43, 0x8a, 0xd1, 0x95, 0xc3, 0x39, 0xaf, 0x56, 0xbf, 0x4a, 0x98, 0x7c, 0xbe,
    0xc9, 0xaa, 0xf8, 0xbe, 0x2a, 0x92, 0x63, 0xbe, 0xe8, 0xb9, 0x28, 0xbf, 0x67, 0xee, 0x37, 0x3f,
    0x00, 0x00, 0x80, 0x3f, 0xbc, 0xbc, 0xbc, 0xff, 0x92, 0x3b, 0xe4, 0x3e, 0x45, 0x2e, 0x58, 0x3e,
    0x3d, 0x35, 0x96, 0xc3, 0x78, 0xa3, 0x96, 0x43, 0x3d, 0xd2, 0x95, 0xc3, 0x23, 0x94, 0x57, 0xbe,
    0x08, 0x60, 0x58, 0x3f, 0x3c, 0x80, 0xfb, 0xbe, 0x14, 0xfc, 0x15, 0xbf, 0x35, 0xe6, 0x02, 0xbf,
    0x11, 0xf4, 0x20, 0xbf, 0x00, 0x00, 0x80, 0x3f, 0xbc, 0xbc, 0xbc, 0xff, 0xf0, 0xfc, 0x06, 0x3f,
    0xc1, 0xe1, 0x35, 0x3e, 0x74, 0x33, 0x96, 0xc3, 0x97, 0xa3, 0x96, 0x43, 0xcb, 0xd2, 0x95, 0xc3,
    0x23, 0x94, 0x57, 0xbe, 0x08, 0x60, 0x58, 0x3f, 0x3c, 0x80, 0xfb, 0xbe, 0x14, 0xfc, 0x15, 0xbf,
    0x35, 0xe6, 0x02, 0xbf, 0x11, 0xf4, 0x20, 0xbf, 0x00, 0x00, 0x80, 0x3f, 0xbc, 0xbc, 0xbc, 0xff,
    0x79, 0xe9, 0xf6, 0x3e, 0xf2, 0x09, 0xd9, 0x3d, 0x01, 0x33, 0x96, 0xc3, 0x70, 0xa3, 0x96, 0x43,
    0x3f, 0xd3, 0x95, 0xc3, 0x23, 0x94, 0x57, 0xbe, 0x08, 0x60, 0x58, 0x3f, 0x3c, 0x80, 0xfb, 0xbe,
    0x14, 0xfc, 0x15, 0xbf, 0x35, 0xe6, 0x02, 0xbf, 0x11, 0xf4, 0x20, 0xbf, 0x00, 0x00, 0x80, 0x3f,
    0xbc, 0xbc, 0xbc, 0xff, 0x63, 0x7e, 0xf6, 0x3e, 0xe5, 0x61, 0xa1, 0x3d, 0x61, 0x33, 0x96, 0xc3,
    0x8e, 0xa3, 0x96, 0x43, 0xbb, 0xd2, 0x95, 0xc3, 0x03, 0x9f, 0x3d, 0x3f, 0x93, 0x0c, 0xa2, 0x3e,
    0xdb, 0xb4, 0x17, 0x3f, 0xe8, 0xc0, 0x23, 0x3e, 0xbd, 0x0e, 0x46, 0x3f, 0x2b, 0xf3, 0x1c, 0xbf,
    0x00, 0x00, 0x80, 0x3f, 0xbc, 0xbc, 0xbc, 0xff, 0xdb, 0x16, 0xf5, 0x3e, 0xdd, 0xb1, 0xd8, 0x3d,
    0xe4, 0x33, 0x96, 0xc3, 0x48, 0xa3, 0x96, 0x43, 0xf1, 0xd1, 0x95, 0xc3, 0x03, 0x9f, 0x3d, 0x3f,
    0x94, 0x0c, 0xa2, 0x3e, 0xdb, 0xb4, 0x17, 0x3f, 0xe9, 0xc0, 0x23, 0x3e, 0xbd, 0x0e, 0x46, 0x3f,
    0x2b, 0xf3, 0x1c, 0xbf, 0x00, 0x00, 0x80, 0x3f, 0xbc, 0xbc, 0xbc, 0xff, 0xbf, 0xb6, 0xee, 0x3e,
    0xae, 0x9a, 0x07, 0x3e, 0x7d, 0x32, 0x96, 0xc3, 0x0a, 0xa3, 0x96, 0x43, 0x91, 0xd3, 0x95, 0xc3,
    0x03, 0x9f, 0x3d, 0x3f, 0x94, 0x0c, 0xa2, 0x3e, 0xdb, 0xb4, 0x17, 0x3f, 0xe5, 0xc0, 0x23, 0x3e,
    0xbd, 0x0e, 0x46, 0x3f, 0x2a, 0xf3, 0x1c, 0xbf, 0x00, 0x00, 0x80, 0x3f, 0xbc, 0xbc, 0xbc, 0xff,
    0xd6, 0x6e, 0xf3, 0x3e, 0x05, 0x8b, 0x43, 0x3d, 0x3d, 0x35, 0x96, 0xc3, 0x78, 0xa3, 0x96, 0x43,
    0x3d, 0xd2, 0x95, 0xc3, 0xc2, 0xe9, 0x5f, 0xbe, 0x82, 0x10, 0x53, 0x3f, 0xa5, 0x9e, 0x05, 0xbf,
    0x63, 0x22, 0x7c, 0xbe, 0xe1, 0x6f, 0x10, 0xbf, 0x86, 0xbe, 0x49, 0xbf, 0x00, 0x00, 0x80, 0x3f,
    0xbc, 0xbc, 0xbc, 0xff, 0xf0, 0xfc, 0x06, 0x3f, 0xc1, 0xe1, 0x35, 0x3e, 0xe5, 0x34, 0x96, 0xc3,
    0x1a, 0xa4, 0x96, 0x43, 0x62, 0xd1, 0x95, 0xc3, 0xc1, 0xe9, 0x5f, 0xbe, 0x82, 0x10, 0x53, 0x3f,
    0xa4, 0x9e, 0x05, 0xbf, 0x63, 0x22, 0x7c, 0xbe, 0xe1, 0x6f, 0x10, 0xbf, 0x86, 0xbe, 0x49, 0xbf,
    0x00, 0x00, 0x80, 0x3f, 0xbc, 0xbc, 0xbc, 0xff, 0x49, 0x9d, 0xf8, 0x3e, 0xc0, 0x03, 0x33, 0x3e,
    0x74, 0x33, 0x96, 0xc3, 0x97, 0xa3, 0x96, 0x43, 0xcb, 0xd2, 0x95, 0xc3, 0xc1, 0xe9, 0x5f, 0xbe,
    0x82, 0x10, 0x53, 0x3f, 0xa4, 0x9e, 0x05, 0xbf, 0x63, 0x22, 0x7c, 0xbe, 0xe1, 0x6f, 0x10, 0xbf,
    0x86, 0xbe, 0x49, 0xbf, 0x00, 0x00, 0x80, 0x3f, 0xbc, 0xbc, 0xbc, 0xff, 0x79, 0xe9, 0xf6, 0x3e,
    0xf2, 0x09, 0xd9, 0x3d, 0x0d, 0x36, 0x96, 0xc3, 0xbb, 0xa3, 0x96, 0x43, 0x8f, 0xd1, 0x95, 0xc3,
    0xec, 0x76, 0x3b, 0xbe, 0x1d, 0xfa, 0x52, 0x3f, 0x58, 0x37, 0x09, 0xbf, 0x8b, 0x91, 0x76, 0xbe,
    0x49, 0xf2, 0x10, 0xbf, 0x0e, 0xcf, 0x49, 0xbf, 0x00, 0x00, 0x80, 0x3f, 0xbc, 0xbc, 0xbc, 0xff,
    0xff, 0xea, 0xf9, 0x3e, 0x25, 0x7a, 0x59, 0x3e, 0xbc, 0x34, 0x96, 0xc3, 0x0b, 0xa4, 0x96, 0x43,
    0x44, 0xd1, 0x95, 0xc3, 0x17, 0xdc, 0xc2, 0x3e, 0x74, 0x76, 0x6c, 0x3f, 0x6c, 0x9a, 0x35, 0x3d,
    0xe2, 0xb6, 0x32, 0xbf, 0x35, 0x08, 0xa3, 0x3e, 0xf1, 0x2b, 0x24, 0xbf, 0x00, 0x00, 0x80, 0x3f,
    0xbc, 0xbc, 0xbc, 0xff, 0x3c, 0xdc, 0xf6, 0x3e, 0x87, 0xdf, 0x2d, 0x3e, 0x61, 0x33, 0x96, 0xc3,
    0x8e, 0xa3, 0x96, 0x43, 0xbb, 0xd2, 0x95, 0xc3, 0x18, 0xdc, 0xc2, 0x3e, 0x74, 0x76, 0x6c, 0x3f,
    0x73, 0x9a, 0x35, 0x3d, 0xe1, 0xb6, 0x32, 0xbf, 0x36, 0x08, 0xa3, 0x3e, 0xf0, 0x2b, 0x24, 0xbf,
    0x00, 0x00, 0x80, 0x3f, 0xbc, 0xbc, 0xbc, 0xff, 0xdb, 0x16, 0xf5, 0x3e, 0xdd, 0xb1, 0xd8, 0x3d,
    0x74, 0x33, 0x96, 0xc3, 0x97, 0xa3, 0x96, 0x43, 0xcb, 0xd2, 0x95, 0xc3, 0x18, 0xdc, 0xc2, 0x3e,
    0x74, 0x76, 0x6c, 0x3f, 0x73, 0x9a, 0x35, 0x3d, 0xe1, 0xb6, 0x32, 0xbf, 0x33, 0x08, 0xa3, 0x3e,
    0xf1, 0x2b, 0x24, 0xbf, 0x00, 0x00, 0x80, 0x3f, 0xbc, 0xbc, 0xbc, 0xff, 0x79, 0xe9, 0xf6, 0x3e,
    0xf2, 0x09, 0xd9, 0x3d, 0x01, 0x33, 0x96, 0xc3, 0x70, 0xa3, 0x96, 0x43, 0x3f, 0xd3, 0x95, 0xc3,
    0xf9, 0x29, 0xbd, 0x3e, 0xdb, 0x64, 0x6d, 0x3f, 0x36, 0xf2, 0x74, 0x3d, 0xaf, 0xa2, 0x34, 0xbf,
    0xef, 0xc7, 0xa4, 0x3e, 0xd4, 0x9c, 0x21, 0xbf, 0x00, 0x00, 0x80, 0x3f, 0xbc, 0xbc, 0xbc, 0xff,
    0x63, 0x7e, 0xf6, 0x3e, 0xe5, 0x61, 0xa1, 0x3d, 0x58, 0x2f, 0x96, 0xc3, 0xc2, 0xb3, 0x96, 0x43,
    0x16, 0xe7, 0x95, 0xc3, 0x45, 0xfa, 0x8a, 0xbe, 0x2e, 0x0f, 0xe4, 0xbe, 0xeb, 0x69, 0x5a, 0xbf,
    0xf1, 0xba, 0x52, 0x3f, 0xab, 0x18, 0x11, 0xbf, 0x01, 0x53, 0x0b, 0x3d, 0x00, 0x00, 0x80, 0xbf,
    0x9f, 0x9f, 0x9f, 0xff, 0xf6, 0xb4, 0x13, 0x3f, 0xb0, 0xcb, 0x04, 0x3f, 0xb4, 0x2e, 0x96, 0xc3,
    0xbb, 0xb3, 0x96, 0x43, 0x9e, 0xe7, 0x95, 0xc3, 0x45, 0xfa, 0x8a, 0xbe, 0x2c, 0x0f, 0xe4, 0xbe,
    0xeb, 0x69, 0x5a, 0xbf, 0xf1, 0xba, 0x52, 0x3f, 0xab, 0x18, 0x11, 0xbf, 0x01, 0x53, 0x0b, 0x3d,
    0x00, 0x00, 0x80, 0xbf, 0x9f, 0x9f, 0x9f, 0xff, 0xd5, 0xb2, 0x19, 0x3f, 0xbc, 0x58, 0x08, 0x3f,
    0xdd, 0x2e, 0x96, 0xc3, 0x48, 0xb3, 0x96, 0x43, 0x53, 0xe7, 0x95, 0xc3, 0x46, 0xfa, 0x8a, 0xbe,
    0x2c, 0x0f, 0xe4, 0xbe, 0xeb, 0x69, 0x5a, 0xbf, 0xf0, 0xba, 0x52, 0x3f, 0xac, 0x18, 0x11, 0xbf,
    0xf4, 0x52, 0x0b, 0x3d, 0x00, 0x00, 0x80, 0xbf, 0x9f, 0x9f, 0x9f, 0xff, 0xec, 0x50, 0x19, 0x3f,
    0xbd, 0xfe, 0x04, 0x3f, 0xb4, 0x2d, 0x96, 0xc3, 0xde, 0xb3, 0x96, 0x43, 0xfd, 0xe6, 0x95, 0xc3,
    0xec, 0xbf, 0xbb, 0x3d, 0xc3, 0x9d, 0x7e, 0x3f, 0xc2, 0xb5, 0x47, 0xbd, 0x19, 0x38, 0x7d, 0x3f,
    0x5c, 0xb3, 0xae, 0xbd, 0xc5, 0x2b, 0xf5, 0x3d, 0x00, 0x00, 0x80, 0xbf, 0x9f, 0x9f, 0x9f, 0xff,
    0x41, 0x7d, 0x27, 0x3f, 0x81, 0x96, 0x0a, 0x3f, 0x59, 0x2e, 0x96, 0xc3, 0xf4, 0xb3, 0x96, 0x43,
    0x44, 0xe7, 0x95, 0xc3, 0xec, 0xbf, 0xbb, 0x3d, 0xc3, 0x9d, 0x7e, 0x3f, 0xc2, 0xb5, 0x47, 0xbd,
    0x19, 0x38, 0x7d, 0x3f, 0x5b, 0xb3, 0xae, 0xbd, 0xc6, 0x2b, 0xf5, 0x3d, 0x00, 0x00, 0x80, 0xbf,
    0x9f, 0x9f, 0x9f, 0xff, 0xb4, 0xe7, 0x1e, 0x3f, 0xbb, 0x63, 0x09, 0x3f, 0xcf, 0x2e, 0x96, 0xc3,
    0x02, 0xb4, 0x96, 0x43, 0xc5, 0xe6, 0x95, 0xc3, 0xec, 0xbf, 0xbb, 0x3d, 0xc3, 0x9d, 0x7e, 0x3f,
    0xc2, 0xb5, 0x47, 0xbd, 0x19, 0x38, 0x7d, 0x3f, 0x59, 0xb3, 0xae, 0xbd, 0xc5, 0x2b, 0xf5, 0x3d,
    0x00, 0x00, 0x80, 0xbf, 0x9f, 0x9f, 0x9f, 0xff, 0xdc, 0x84, 0x17, 0x3f, 0x50, 0xc6, 0x0c, 0x3f,
    0xef, 0x2d, 0x96, 0xc3, 0x1b, 0xb3, 0x96, 0x43, 0x84, 0xe6, 0x95, 0xc3, 0x59, 0xc1, 0x44, 0xbe,
    0x5a, 0xb2, 0xe1, 0xbe, 0x71, 0x75, 0x60, 0x3f, 0x36, 0x95, 0x6a, 0x3f, 0x92, 0x01, 0xcd, 0xbe,
    0x96, 0xd0, 0x01, 0xba, 0x00, 0x00, 0x80, 0xbf, 0x9f, 0x9f, 0x9f, 0xff, 0x23, 0x12, 0x25, 0x3f,
    0x20, 0x42, 0xfc, 0x3e, 0x4f, 0x2e, 0x96, 0xc3, 0x4b, 0xb3, 0x96, 0x43, 0x4d, 0xe6, 0x95, 0xc3,
    0x59, 0xc1, 0x44, 0xbe, 0x5c, 0xb2, 0xe1, 0xbe, 0x71, 0x75, 0x60, 0x3f, 0x36, 0x95, 0x6a, 0x3f,
    0x92, 0x01, 0xcd, 0xbe, 0x66, 0xce, 0x01, 0xba, 0x00, 0x00, 0x80, 0xbf, 0x9f, 0x9f, 0x9f, 0xff,
    0x03, 0x24, 0x1e, 0x3f, 0xa6, 0xee, 0xfa, 0x3e, 0xf6, 0x2e, 0x96, 0xc3, 0x0a, 0xb3, 0x96, 0x43,
    0x97, 0xe6, 0x95, 0xc3, 0x57, 0xc1, 0x44, 0xbe, 0x57, 0xb2, 0xe1, 0xbe, 0x70, 0x75, 0x60, 0x3f,
    0x36, 0x95, 0x6a, 0x3f, 0x90, 0x01, 0xcd, 0xbe, 0x20, 0xcf, 0x01, 0xba, 0x00, 0x00, 0x80, 0xbf,
    0x9f, 0x9f, 0x9f, 0xff, 0x87, 0xfe, 0x19, 0x3f, 0x5e, 0x81, 0x00, 0x3f, 0xb4, 0x2d, 0x96, 0xc3,
    0xde, 0xb3, 0x96, 0x43, 0xfd, 0xe6, 0x95, 0xc3, 0xeb, 0x1b, 0x35, 0x3e, 0x7b, 0x85, 0x1c, 0x3f,
    0x8a, 0x73, 0x45, 0x3f, 0x3d, 0xd2, 0x78, 0x3f, 0xc1, 0xfb, 0x73, 0x3c, 0xc4, 0x50, 0x70, 0xbe,
    0x00, 0x00, 0x80, 0xbf, 0x9f, 0x9f, 0x9f, 0xff, 0x9b, 0x39, 0x28, 0x3f, 0xd8, 0x80, 0xf0, 0x3e,
    0x60, 0x2e, 0x96, 0xc3, 0xf4, 0xb3, 0x96, 0x43, 0xb2, 0xe6, 0x95, 0xc3, 0xea, 0x1b, 0x35, 0x3e,
    0x7b, 0x85, 0x1c, 0x3f, 0x8a, 0x73, 0x45, 0x3f, 0x3d, 0xd2, 0x78, 0x3f, 0xd9, 0xfb, 0x73, 0x3c,
    0xc4, 0x50, 0x70, 0xbe, 0x00, 0x00, 0x80, 0xbf, 0x9f, 0x9f, 0x9f, 0xff, 0x43, 0x75, 0x1b, 0x3f,
    0x6b, 0x82, 0xf0, 0x3e, 0xef, 0x2d, 0x96, 0xc3, 0x1b, 0xb3, 0x96, 0x43, 0x84, 0xe6, 0x95, 0xc3,
    0xeb, 0x1b, 0x35, 0x3e, 0x7b, 0x85, 0x1c, 0x3f, 0x8a, 0x73, 0x45, 0x3f, 0x3d, 0xd2, 0x78, 0x3f,
    0xcd, 0xfb, 0x73, 0x3c, 0xc6, 0x50, 0x70, 0xbe, 0x00, 0x00, 0x80, 0xbf, 0x9f, 0x9f, 0x9f, 0xff,
    0x23, 0x12, 0x25, 0x3f, 0x20, 0x42, 0xfc, 0x3e, 0xef, 0x2d, 0x96, 0xc3, 0x1b, 0xb3, 0x96, 0x43,
    0x84, 0xe6, 0x95, 0xc3, 0x56, 0xbd, 0x30, 0xbc, 0xb6, 0xa1, 0x7f, 0xbf, 0x31, 0x29, 0x57, 0xbd,
    0x58, 0xe8, 0x7d, 0x3f, 0x98, 0x3f, 0x8e, 0xbc, 0x03, 0x71, 0x01, 0x3e, 0x00, 0x00, 0x80, 0xbf,
    0x9f, 0x9f, 0x9f, 0xff, 0x23, 0x12, 0x25, 0x3f, 0x20, 0x42, 0xfc, 0x3e, 0x6b, 0x2e, 0x96, 0xc3,
    0xd9, 0xb2, 0x96, 0x43, 0x34, 0xe7, 0x95, 0xc3, 0x56, 0xbd, 0x30, 0xbc, 0xb6, 0xa1, 0x7f, 0xbf,
    0x31, 0x29, 0x57, 0xbd, 0x58, 0xe8, 0x7d, 0x3f, 0x6f, 0x3f, 0x8e, 0xbc, 0x06, 0x71, 0x01, 0x3e,
    0x00, 0x00, 0x80, 0xbf, 0x9f, 0x9f, 0x9f, 0xff, 0x39, 0x7c, 0x1e, 0x3f, 0xa0, 0xff, 0x02, 0x3f,
    0xb5, 0x2d, 0x96, 0xc3, 0x01, 0xb3, 0x96, 0x43, 0x17, 0xe7, 0x95, 0xc3, 0x4d, 0xbd, 0x30, 0xbc,
    0xb5, 0xa1, 0x7f, 0xbf, 0x45, 0x29, 0x57, 0xbd, 0x58, 0xe8, 0x7d, 0x3f, 0x7b, 0x3f, 0x8e, 0xbc,
    0x04, 0x71, 0x01, 0x3e, 0x00, 0x00, 0x80, 0xbf, 0x9f, 0x9f, 0x9f, 0xff, 0x91, 0x47, 0x28, 0x3f,
    0x43, 0xe6, 0x02, 0x3f, 0x59, 0x2e, 0x96, 0xc3, 0xf4, 0xb3, 0x96, 0x43, 0x44, 0xe7, 0x95, 0xc3,
    0x2a, 0x77, 0x54, 0x3e, 0x61, 0x6a, 0xbe, 0x3e, 0x00, 0xa0, 0x67, 0xbf, 0x7e, 0xa9, 0x79, 0x3f,
    0x96, 0x97, 0x1a, 0xbe, 0x6a, 0x77, 0x25, 0x3e, 0x00, 0x00, 0x80, 0xbf, 0x9f, 0x9f, 0x9f, 0xff,
    0xb4, 0xe7, 0x1e, 0x3f, 0xbb, 0x63, 0x09, 0x3f, 0x81, 0x2d, 0x96, 0xc3, 0xc4, 0xb3, 0x96, 0x43,
    0x1a, 0xe7, 0x95, 0xc3, 0x29, 0x77, 0x54, 0x3e, 0x61, 0x6a, 0xbe, 0x3e, 0x00, 0xa0, 0x67, 0xbf,
    0x7e, 0xa9, 0x79, 0x3f, 0x96, 0x97, 0x1a, 0xbe, 0x6a, 0x77, 0x25, 0x3e, 0x00, 0x00, 0x80, 0xbf,
    0x9f, 0x9f, 0x9f, 0xff, 0xd5, 0x04, 0x29, 0x3f, 0x2d, 0x27, 0x09, 0x3f, 0x35, 0x2e, 0x96, 0xc3,
    0x84, 0xb3, 0x96, 0x43, 0x5e, 0xe7, 0x95, 0xc3, 0x2a, 0x77, 0x54, 0x3e, 0x61, 0x6a, 0xbe, 0x3e,
    0x00, 0xa0, 0x67, 0xbf, 0x7d, 0xa9, 0x79, 0x3f, 0x9a, 0x97, 0x1a, 0xbe, 0x6b, 0x77, 0x25, 0x3e,
    0x00, 0x00, 0x80, 0xbf, 0x9f, 0x9f, 0x9f, 0xff, 0xe5, 0x9d, 0x23, 0x3f, 0xac, 0xe5, 0x06, 0x3f,
    0xef, 0x2d, 0x96, 0xc3, 0x1b, 0xb3, 0x96, 0x43, 0x84, 0xe6, 0x95, 0xc3, 0x95, 0x76, 0x83, 0x3e,
    0xa8, 0xe4, 0x75, 0xbf, 0x40, 0x5e, 0xdb, 0x3d, 0x2b, 0x45, 0x76, 0x3f, 0x6f, 0x81, 0x87, 0x3e,
    0x7a, 0xc4, 0x89, 0x3d, 0x00, 0x00, 0x80, 0xbf, 0x9f, 0x9f, 0x9f, 0xff, 0x23, 0x12, 0x25, 0x3f,
    0x20, 0x42, 0xfc, 0x3e, 0xb5, 0x2d, 0x96, 0xc3, 0x01, 0xb3, 0x96, 0x43, 0x17, 0xe7, 0x95, 0xc3,
    0x94, 0x76, 0x83, 0x3e, 0xa7, 0xe4, 0x75, 0xbf, 0x35, 0x5e, 0xdb, 0x3d, 0x2b, 0x45, 0x76, 0x3f,
    0x6e, 0x81, 0x87, 0x3e, 0x77, 0xc4, 0x89, 0x3d, 0x00, 0x00, 0x80, 0xbf, 0x9f, 0x9f, 0x9f, 0xff,
    0x91, 0x47, 0x28, 0x3f, 0x43, 0xe6, 0x02, 0x3f, 0x5a, 0x2d, 0x96, 0xc3, 0x40, 0xb3, 0x96, 0x43,
    0xba, 0xe6, 0x95, 0xc3, 0x93, 0x76, 0x83, 0x3e, 0xa8, 0xe4, 0x75, 0xbf, 0x3a, 0x5e, 0xdb, 0x3d,
    0x2b, 0x45, 0x76, 0x3f, 0x6f, 0x81, 0x87, 0x3e, 0x7a, 0xc4, 0x89, 0x3d, 0x00, 0x00, 0x80, 0xbf,
    0x9f, 0x9f, 0x9f, 0xff, 0x90, 0x86, 0x2b, 0x3f, 0x79, 0x22, 0x00, 0x3f, 0x6e, 0x2f, 0x96, 0xc3,
    0xa0, 0xb3, 0x96, 0x43, 0x00, 0xe7, 0x95, 0xc3, 0xee, 0x2f, 0x1c, 0xbf, 0xa7, 0x7c, 0x92, 0xbe,
    0xe1, 0x25, 0x3d, 0x3f, 0x1c, 0x25, 0xfa, 0x3e, 0x73, 0xb7, 0x5e, 0xbf, 0x4c, 0x48, 0x88, 0x3d,
    0x00, 0x00, 0x80, 0xbf, 0x9f, 0x9f, 0x9f, 0xff, 0x8c, 0xf7, 0x13, 0x3f, 0x39, 0x7b, 0x03, 0x3f,
    0xf6, 0x2e, 0x96, 0xc3, 0x0a, 0xb3, 0x96, 0x43, 0x97, 0xe6, 0x95, 0xc3, 0xf0, 0x2f, 0x1c, 0xbf,
    0xa7, 0x7c, 0x92, 0xbe, 0xe3, 0x25, 0x3d, 0x3f, 0x19, 0x25, 0xfa, 0x3e, 0x75, 0xb7, 0x5e, 0xbf,
    0x52, 0x48, 0x88, 0x3d, 0x00, 0x00, 0x80, 0xbf, 0x9f, 0x9f, 0x9f, 0xff, 0x87, 0xfe, 0x19, 0x3f,
    0x5e, 0x81, 0x00, 0x3f, 0xfc, 0x2e, 0x96, 0xc3, 0x8a, 0xb3, 0x96, 0x43, 0x6f, 0xe6, 0x95, 0xc3,
    0xef, 0x2f, 0x1c, 0xbf, 0xa7, 0x7c, 0x92, 0xbe, 0xe3, 0x25, 0x3d, 0x3f, 0x19, 0x25, 0xfa, 0x3e,
    0x75, 0xb7, 0x5e, 0xbf, 0x52, 0x48, 0x88, 0x3d, 0x00, 0x00, 0x80, 0xbf, 0x9f, 0x9f, 0x9f, 0xff,
    0xc5, 0x3b, 0x18, 0x3f, 0x2d, 0xcf, 0xfb, 0x3e, 0x58, 0x2f, 0x96, 0xc3, 0xc2, 0xb3, 0x96, 0x43,
    0x16, 0xe7, 0x95, 0xc3, 0xe9, 0x77, 0x3f, 0xbe, 0x31, 0x70, 0x76, 0x3f, 0x75, 0x84, 0x48, 0xbe,
    0x10, 0x5d, 0xfa, 0x3e, 0xab, 0x46, 0xa7, 0xbd, 0x28, 0x53, 0x5e, 0xbf, 0x00, 0x00, 0x80, 0xbf,
    0x9f, 0x9f, 0x9f, 0xff, 0xf6, 0xb4, 0x13, 0x3f, 0xb0, 0xcb, 0x04, 0x3f, 0xcf, 0x2e, 0x96, 0xc3,
    0x02, 0xb4, 0x96, 0x43, 0xc5, 0xe6, 0x95, 0xc3, 0xe5, 0x77, 0x3f, 0xbe, 0x30, 0x70, 0x76, 0x3f,
    0x76, 0x84, 0x48, 0xbe, 0x10, 0x5d, 0xfa, 0x3e, 0xb1, 0x46, 0xa7, 0xbd, 0x28, 0x53, 0x5e, 0xbf,
    0x00, 0x00, 0x80, 0xbf, 0x9f, 0x9f, 0x9f, 0xff, 0xdc, 0x84, 0x17, 0x3f, 0x50, 0xc6, 0x0c, 0x3f,
    0xb4, 0x2e, 0x96, 0xc3, 0xbb, 0xb3, 0x96, 0x43, 0x9e, 0xe7, 0x95, 0xc3, 0xe7, 0x77, 0x3f, 0xbe,
    0x30, 0x70, 0x76, 0x3f, 0x76, 0x84, 0x48, 0xbe, 0x10, 0x5d, 0xfa, 0x3e, 0xab, 0x46, 0xa7, 0xbd,
    0x28, 0x53, 0x5e, 0xbf, 0x00, 0x00, 0x80, 0xbf, 0x9f, 0x9f, 0x9f, 0xff, 0xd5, 0xb2, 0x19, 0x3f,
    0xbc, 0x58, 0x08, 0x3f, 0xcf, 0x2e, 0x96, 0xc3, 0x02, 0xb4, 0x96, 0x43, 0xc5, 0xe6, 0x95, 0xc3,
    0xe0, 0xe1, 0x92, 0xbe, 0x90, 0xc8, 0x23, 0x3f, 0xd0, 0x87, 0x36, 0x3f, 0x6b, 0xf8, 0x0b, 0x3e,
    0x63, 0x97, 0x35, 0xbf, 0x26, 0x05, 0x31, 0x3f, 0x00, 0x00, 0x80, 0xbf, 0x9f, 0x9f, 0x9f, 0xff,
    0x62, 0xa1, 0x16, 0x3f, 0x1a, 0x14, 0xf5, 0x3e, 0x5f, 0x2f, 0x96, 0xc3, 0xc0, 0xb3, 0x96, 0x43,
    0xe1, 0xe6, 0x95, 0xc3, 0xe1, 0xe1, 0x92, 0xbe, 0x90, 0xc8, 0x23, 0x3f, 0xd0, 0x87, 0x36, 0x3f,
    0x6c, 0xf8, 0x0b, 0x3e, 0x63, 0x97, 0x35, 0xbf, 0x26, 0x05, 0x31, 0x3f, 0x00, 0x00, 0x80, 0xbf,
    0x9f, 0x9f, 0x9f, 0xff, 0x5d, 0x6f, 0x13, 0x3f, 0x9a, 0x5e, 0x02, 0x3f, 0xfc, 0x2e, 0x96, 0xc3,
    0x8a, 0xb3, 0x96, 0x43, 0x6f, 0xe6, 0x95, 0xc3, 0xe0, 0xe1, 0x92, 0xbe, 0x90, 0xc8, 0x23, 0x3f,
    0xd0, 0x87, 0x36, 0x3f, 0x6d, 0xf8, 0x0b, 0x3e, 0x63, 0x97, 0x35, 0xbf, 0x25, 0x05, 0x31, 0x3f,
    0x00, 0x00, 0x80, 0xbf, 0x9f, 0x9f, 0x9f, 0xff, 0xc5, 0x3b, 0x18, 0x3f, 0x2d, 0xcf, 0xfb, 0x3e,
    0x60, 0x2e, 0x96, 0xc3, 0xf4, 0xb3, 0x96, 0x43, 0xb2, 0xe6, 0x95, 0xc3, 0x05, 0x88, 0x8e, 0x3d,
    0x30, 0x3e, 0x05, 0x3f, 0x4d, 0xdd, 0x59, 0x3f, 0xa7, 0x3b, 0x7d, 0x3f, 0x45, 0x4c, 0x98, 0x3d,
    0x28, 0x68, 0x01, 0xbe, 0x00, 0x00, 0x80, 0xbf, 0x9f, 0x9f, 0x9f, 0xff, 0x43, 0x75, 0x1b, 0x3f,
    0x6b, 0x82, 0xf0, 0x3e, 0x4f, 0x2e, 0x96, 0xc3, 0x4b, 0xb3, 0x96, 0x43, 0x4d, 0xe6, 0x95, 0xc3,
    0x05, 0x88, 0x8e, 0x3d, 0x30, 0x3e, 0x05, 0x3f, 0x4d, 0xdd, 0x59, 0x3f, 0xa7, 0x3b, 0x7d, 0x3f,
    0x45, 0x4c, 0x98, 0x3d, 0x28, 0x68, 0x01, 0xbe, 0x00, 0x00, 0x80, 0xbf, 0x9f, 0x9f, 0x9f, 0xff,
    0x03, 0x24, 0x1e, 0x3f, 0xa6, 0xee, 0xfa, 0x3e, 0xef, 0x2d, 0x96, 0xc3, 0x1b, 0xb3, 0x96, 0x43,
    0x84, 0xe6, 0x95, 0xc3, 0x06, 0x88, 0x8e, 0x3d, 0x30, 0x3e, 0x05, 0x3f, 0x4d, 0xdd, 0x59, 0x3f,
    0xa7, 0x3b, 0x7d, 0x3f, 0x45, 0x4c, 0x98, 0x3d, 0x28, 0x68, 0x01, 0xbe, 0x00, 0x00, 0x80, 0xbf,
    0x9f, 0x9f, 0x9f, 0xff, 0x23, 0x12, 0x25, 0x3f, 0x20, 0x42, 0xfc, 0x3e, 0xf6, 0x2e, 0x96, 0xc3,
    0x0a, 0xb3, 0x96, 0x43, 0x97, 0xe6, 0x95, 0xc3, 0x01, 0xea, 0xb1, 0xbc, 0x33, 0xc5, 0x7f, 0xbf,
    0x1a, 0xf2, 0x14, 0xbd, 0x0b, 0x62, 0x73, 0x3f, 0x89, 0xc7, 0x19, 0xbc, 0x7c, 0xae, 0x9e, 0xbe,
    0x00, 0x00, 0x80, 0xbf, 0x9f, 0x9f, 0x9f, 0xff, 0x87, 0xfe, 0x19, 0x3f, 0x5e, 0x81, 0x00, 0x3f,
    0x6b, 0x2e, 0x96, 0xc3, 0xd9, 0xb2, 0x96, 0x43, 0x34, 0xe7, 0x95, 0xc3, 0x01, 0xea, 0xb1, 0xbc,
    0x33, 0xc5, 0x7f, 0xbf, 0x26, 0xf2, 0x14, 0xbd, 0x0b, 0x62, 0x73, 0x3f, 0x89, 0xc7, 0x19, 0xbc,
    0x7c, 0xae, 0x9e, 0xbe, 0x00, 0x00, 0x80, 0xbf, 0x9f, 0x9f, 0x9f, 0xff, 0x39, 0x7c, 0x1e, 0x3f,
    0xa0, 0xff, 0x02, 0x3f, 0xef, 0x2d, 0x96, 0xc3, 0x1b, 0xb3, 0x96, 0x43, 0x84, 0xe6, 0x95, 0xc3,
    0xfe, 0xe9, 0xb1, 0xbc, 0x33, 0xc5, 0x7f, 0xbf, 0x1a, 0xf2, 0x14, 0xbd, 0x0b, 0x62, 0x73, 0x3f,
    0x95, 0xc7, 0x19, 0xbc, 0x7b, 0xae, 0x9e, 0xbe, 0x00, 0x00, 0x80, 0xbf, 0x9f, 0x9f, 0x9f, 0xff,
    0x23, 0x12, 0x25, 0x3f, 0x20, 0x42, 0xfc, 0x3e, 0xdd, 0x2e, 0x96, 0xc3, 0x48, 0xb3, 0x96, 0x43,
    0x53, 0xe7, 0x95, 0xc3, 0x03, 0x62, 0x93, 0xbe, 0x74, 0x7f, 0x4a, 0xbf, 0x18, 0x34, 0x0a, 0xbf,
    0x01, 0x41, 0x6c, 0x3f, 0x2e, 0x6a, 0xc2, 0xbe, 0xa4, 0xa7, 0x83, 0x3d, 0x00, 0x00, 0x80, 0xbf,
    0x9f, 0x9f, 0x9f, 0xff, 0xec, 0x50, 0x19, 0x3f, 0xbd, 0xfe, 0x04, 0x3f, 0xf6, 0x2e, 0x96, 0xc3,
    0x0a, 0xb3, 0x96, 0x43, 0x97, 0xe6, 0x95, 0xc3, 0x04, 0x62, 0x93, 0xbe, 0x74, 0x7f, 0x4a, 0xbf,
    0x18, 0x34, 0x0a, 0xbf, 0x01, 0x41, 0x6c, 0x3f, 0x2e, 0x6a, 0xc2, 0xbe, 0xa4, 0xa7, 0x83, 0x3d,
    0x00, 0x00, 0x80, 0xbf, 0x9f, 0x9f, 0x9f, 0xff, 0x87, 0xfe, 0x19, 0x3f, 0x5e, 0x81, 0x00, 0x3f,
    0x6e, 0x2f, 0x96, 0xc3, 0xa0, 0xb3, 0x96, 0x43, 0x00, 0xe7, 0x95, 0xc3, 0x03, 0x62, 0x93, 0xbe,
    0x74, 0x7f, 0x4a, 0xbf, 0x18, 0x34, 0x0a, 0xbf, 0x01, 0x41, 0x6c, 0x3f, 0x2c, 0x6a, 0xc2, 0xbe,
    0xa9, 0xa7, 0x83, 0x3d, 0x00, 0x00, 0x80, 0xbf, 0x9f, 0x9f, 0x9f, 0xff, 0x8c, 0xf7, 0x13, 0x3f,
    0x39, 0x7b, 0x03, 0x3f, 0x6b, 0x2e, 0x96, 0xc3, 0xd9, 0xb2, 0x96, 0x43, 0x34, 0xe7, 0x95, 0xc3,
    0xa7, 0xf6, 0xc1, 0x3b, 0xdc, 0xf6, 0x20, 0xbf, 0xed, 0x0e, 0x47, 0xbf, 0xaf, 0xe5, 0x7e, 0x3f,
    0xd6, 0xf2, 0x9a, 0x3d, 0xc3, 0x8b, 0x5b, 0xbd, 0x00, 0x00, 0x80, 0xbf, 0x9f, 0x9f, 0x9f, 0xff,
    0x39, 0x7c, 0x1e, 0x3f, 0xa0, 0xff, 0x02, 0x3f, 0x35, 0x2e, 0x96, 0xc3, 0x84, 0xb3, 0x96, 0x43,
    0x5e, 0xe7, 0x95, 0xc3, 0xa7, 0xf6, 0xc1, 0x3b, 0xdc, 0xf6, 0x20, 0xbf, 0xed, 0x0e, 0x47, 0xbf,
    0xaf, 0xe5, 0x7e, 0x3f, 0xd4, 0xf2, 0x9a, 0x3d, 0xc5, 0x8b, 0x5b, 0xbd, 0x00, 0x00, 0x80, 0xbf,
    0x9f, 0x9f, 0x9f, 0xff, 0xe5, 0x9d, 0x23, 0x3f, 0xac, 0xe5, 0x06, 0x3f, 0xb5, 0x2d, 0x96, 0xc3,
    0x01, 0xb3, 0x96, 0x43, 0x17, 0xe7, 0x95, 0xc3, 0xa7, 0xf6, 0xc1, 0x3b, 0xdc, 0xf6, 0x20, 0xbf,
    0xed, 0x0e, 0x47, 0xbf, 0xaf, 0xe5, 0x7e, 0x3f, 0xd6, 0xf2, 0x9a, 0x3d, 0xc3, 0x8b, 0x5b, 0xbd,
    0x00, 0x00, 0x80, 0xbf, 0x9f, 0x9f, 0x9f, 0xff, 0x91, 0x47, 0x28, 0x3f, 0x43, 0xe6, 0x02, 0x3f,
    0xb5, 0x2d, 0x96, 0xc3, 0x01, 0xb3, 0x96, 0x43, 0x17, 0xe7, 0x95, 0xc3, 0x58, 0x1e, 0x00, 0x3f,
    0x3d, 0xf0, 0xd3, 0xbe, 0xbe, 0xa8, 0x42, 0xbf, 0x81, 0x42, 0x5d, 0x3f, 0x25, 0x6e, 0x94, 0x3e,
    0x0d, 0x73, 0xd2, 0x3e, 0x00, 0x00, 0x80, 0xbf, 0x9f, 0x9f, 0x9f, 0xff, 0x91, 0x47, 0x28, 0x3f,
    0x43, 0xe6, 0x02, 0x3f, 0xa3, 0x2d, 0x96, 0xc3, 0x6f, 0xb3, 0x96, 0x43, 0x46, 0xe7, 0x95, 0xc3,
    0x58, 0x1e, 0x00, 0x3f, 0x3f, 0xf0, 0xd3, 0xbe, 0xbe, 0xa8, 0x42, 0xbf, 0x81, 0x42, 0x5d, 0x3f,
    0x25, 0x6e, 0x94, 0x3e, 0x0d, 0x73, 0xd2, 0x3e, 0x00, 0x00, 0x80, 0xbf, 0x9f, 0x9f, 0x9f, 0xff,
    0x5f, 0x95, 0x27, 0x3f, 0xd2, 0x36, 0x06, 0x3f, 0x53, 0x2d, 0x96, 0xc3, 0x8a, 0xb3, 0x96, 0x43,
    0x1f, 0xe7, 0x95, 0xc3, 0x57, 0x1e, 0x00, 0x3f, 0x40, 0xf0, 0xd3, 0xbe, 0xbe, 0xa8, 0x42, 0xbf,
    0x82, 0x42, 0x5d, 0x3f, 0x24, 0x6e, 0x94, 0x3e, 0x0d, 0x73, 0xd2, 0x3e, 0x00, 0x00, 0x80, 0xbf,
    0x9f, 0x9f, 0x9f, 0xff, 0x82, 0x39, 0x2a, 0x3f, 0xbe, 0x33, 0x06, 0x3f, 0xb4, 0x2d, 0x96, 0xc3,
    0xde, 0xb3, 0x96, 0x43, 0xfd, 0xe6, 0x95, 0xc3, 0x3f, 0xe3, 0x7d, 0x3e, 0x83, 0x97, 0x16, 0x3f,
    0x46, 0x0d, 0x45, 0x3f, 0x40, 0xc3, 0x3d, 0x3f, 0x6a, 0xf1, 0xca, 0x3e, 0xcb, 0xab, 0x0a, 0xbf,
    0x00, 0x00, 0x80, 0xbf, 0x9f, 0x9f, 0x9f, 0xff, 0x9b, 0x39, 0x28, 0x3f, 0xd8, 0x80, 0xf0, 0x3e,
    0xef, 0x2d, 0x96, 0xc3, 0x1b, 0xb3, 0x96, 0x43, 0x84, 0xe6, 0x95, 0xc3, 0x3f, 0xe3, 0x7d, 0x3e,
    0x83, 0x97, 0x16, 0x3f, 0x46, 0x0d, 0x45, 0x3f, 0x40, 0xc3, 0x3d, 0x3f, 0x6a, 0xf1, 0xca, 0x3e,
    0xcb, 0xab, 0x0a, 0xbf, 0x00, 0x00, 0x80, 0xbf, 0x9f, 0x9f, 0x9f, 0xff, 0x23, 0x12, 0x25, 0x3f,
    0x20, 0x42, 0xfc, 0x3e, 0x5a, 0x2d, 0x96, 0xc3, 0x40, 0xb3, 0x96, 0x43, 0xba, 0xe6, 0x95, 0xc3,
    0x3f, 0xe3, 0x7d, 0x3e, 0x83, 0x97, 0x16, 0x3f, 0x46, 0x0d, 0x45, 0x3f, 0x40, 0xc3, 0x3d, 0x3f,
    0x6a, 0xf1, 0xca, 0x3e, 0xcb, 0xab, 0x0a, 0xbf, 0x00, 0x00, 0x80, 0xbf, 0x9f, 0x9f, 0x9f, 0xff,
    0x90, 0x86, 0x2b, 0x3f, 0x79, 0x22, 0x00, 0x3f, 0x53, 0x2d, 0x96, 0xc3, 0x8a, 0xb3, 0x96, 0x43,
    0x1f, 0xe7, 0x95, 0xc3, 0xa0, 0x6f, 0x10, 0x3f, 0x74, 0xbd, 0xda, 0xbe, 0xa5, 0xdd, 0x34, 0xbf,
    0x62, 0x6c, 0x40, 0x3f, 0x60, 0xad, 0x1e, 0x3f, 0x27, 0xda, 0x66, 0x3e, 0x00, 0x00, 0x80, 0xbf,
    0x9f, 0x9f, 0x9f, 0xff, 0x82, 0x39, 0x2a, 0x3f, 0xbe, 0x33, 0x06, 0x3f, 0x5a, 0x2d, 0x96, 0xc3,
    0x40, 0xb3, 0x96, 0x43, 0xba, 0xe6, 0x95, 0xc3, 0xa0, 0x6f, 0x10, 0x3f, 0x74, 0xbd, 0xda, 0xbe,
    0xa5, 0xdd, 0x34, 0xbf, 0x61, 0x6c, 0x40, 0x3f, 0x61, 0xad, 0x1e, 0x3f, 0x29, 0xda, 0x66, 0x3e,
    0x00, 0x00, 0x80, 0xbf, 0x9f, 0x9f, 0x9f, 0xff, 0x90, 0x86, 0x2b, 0x3f, 0x79, 0x22, 0x00, 0x3f,
    0xb5, 0x2d, 0x96, 0xc3, 0x01, 0xb3, 0x96, 0x43, 0x17, 0xe7, 0x95, 0xc3, 0xa2, 0x6f, 0x10, 0x3f,
    0x74, 0xbd, 0xda, 0xbe, 0xa5, 0xdd, 0x34, 0xbf, 0x61, 0x6c, 0x40, 0x3f, 0x61, 0xad, 0x1e, 0x3f,
    0x29, 0xda, 0x66, 0x3e, 0x00, 0x00, 0x80, 0xbf, 0x9f, 0x9f, 0x9f, 0xff, 0x91, 0x47, 0x28, 0x3f,
    0x43, 0xe6, 0x02, 0x3f, 0x81, 0x2d, 0x96, 0xc3, 0xc4, 0xb3, 0x96, 0x43, 0x1a, 0xe7, 0x95, 0xc3,
    0xae, 0xd2, 0x12, 0x3f, 0x47, 0x76, 0x3d, 0x3f, 0x19, 0xd0, 0xb3, 0x3e, 0x29, 0xb1, 0x2b, 0x3f,
    0xf1, 0x4e, 0x36, 0xbe, 0x99, 0x56, 0x38, 0xbf, 0x00, 0x00, 0x80, 0xbf, 0x9f, 0x9f, 0x9f, 0xff,
    0xe4, 0x13, 0x2a, 0x3f, 0xc9, 0x72, 0xf2, 0x3e, 0xb4, 0x2d, 0x96, 0xc3, 0xde, 0xb3, 0x96, 0x43,
    0xfd, 0xe6, 0x95, 0xc3, 0xae, 0xd2, 0x12, 0x3f, 0x47, 0x76, 0x3d, 0x3f, 0x19, 0xd0, 0xb3, 0x3e,
    0x29, 0xb1, 0x2b, 0x3f, 0xf1, 0x4e, 0x36, 0xbe, 0x99, 0x56, 0x38, 0xbf, 0x00, 0x00, 0x80, 0xbf,
    0x9f, 0x9f, 0x9f, 0xff, 0x9b, 0x39, 0x28, 0x3f, 0xd8, 0x80, 0xf0, 0x3e, 0x5a, 0x2d, 0x96, 0xc3,
    0x40, 0xb3, 0x96, 0x43, 0xba, 0xe6, 0x95, 0xc3, 0xb0, 0xd2, 0x12, 0x3f, 0x46, 0x76, 0x3d, 0x3f,
    0x1a, 0xd0, 0xb3, 0x3e, 0x27, 0xb1, 0x2b, 0x3f, 0xf3, 0x4e, 0x36, 0xbe, 0x9a, 0x56, 0x38, 0xbf,
    0x00, 0x00, 0x80, 0xbf, 0x9f, 0x9f, 0x9f, 0xff, 0x90, 0x86, 0x2b, 0x3f, 0x79, 0x22, 0x00, 0x3f,
    0x81, 0x2d, 0x96, 0xc3, 0xc4, 0xb3, 0x96, 0x43, 0x1a, 0xe7, 0x95, 0xc3, 0xab, 0xd6, 0x4a, 0x3e,
    0x8a, 0xf5, 0x61, 0x3f, 0x14, 0x3d, 0xda, 0xbe, 0xd9, 0x86, 0x79, 0x3f, 0xf0, 0xa6, 0x06, 0xbe,
    0x9d, 0x01, 0x39, 0x3e, 0x00, 0x00, 0x80, 0xbf, 0x9f, 0x9f, 0x9f, 0xff, 0xd5, 0x04, 0x29, 0x3f,
    0x2d, 0x27, 0x09, 0x3f, 0x59, 0x2e, 0x96, 0xc3, 0xf4, 0xb3, 0x96, 0x43, 0x44, 0xe7, 0x95, 0xc3,
    0xaa, 0xd6, 0x4a, 0x3e, 0x8a, 0xf5, 0x61, 0x3f, 0x12, 0x3d, 0xda, 0xbe, 0xd9, 0x86, 0x79, 0x3f,
    0xef, 0xa6, 0x06, 0xbe, 0x9e, 0x01, 0x39, 0x3e, 0x00, 0x00, 0x80, 0xbf, 0x9f, 0x9f, 0x9f, 0xff,
    0xb4, 0xe7, 0x1e, 0x3f, 0xbb, 0x63, 0x09, 0x3f, 0xb4, 0x2d, 0x96, 0xc3, 0xde, 0xb3, 0x96, 0x43,
    0xfd, 0xe6, 0x95, 0xc3, 0xaa, 0xd6, 0x4a, 0x3e, 0x8a, 0xf5, 0x61, 0x3f, 0x14, 0x3d, 0xda, 0xbe,
    0xd9, 0x86, 0x79, 0x3f, 0xed, 0xa6, 0x06, 0xbe, 0x9d, 0x01, 0x39, 0x3e, 0x00, 0x00, 0x80, 0xbf,
    0x9f, 0x9f, 0x9f, 0xff, 0x41, 0x7d, 0x27, 0x3f, 0x81, 0x96, 0x0a, 0x3f, 0xdd, 0x2e, 0x96, 0xc3,
    0x48, 0xb3, 0x96, 0x43, 0x53, 0xe7, 0x95, 0xc3, 0x16, 0xe5, 0x8a, 0xbe, 0x97, 0x93, 0x4b, 0xbf,
    0xb4, 0xd0, 0x0a, 0xbf, 0x38, 0x4f, 0x76, 0x3f, 0xbb, 0x15, 0x75, 0xbe, 0x3a, 0x7a, 0x05, 0xbe,
    0x00, 0x00, 0x80, 0xbf, 0x9f, 0x9f, 0x9f, 0xff, 0xec, 0x50, 0x19, 0x3f, 0xbd, 0xfe, 0x04, 0x3f,
    0x6b, 0x2e, 0x96, 0xc3, 0xd9, 0xb2, 0x96, 0x43, 0x34, 0xe7, 0x95, 0xc3, 0x14, 0xe5, 0x8a, 0xbe,
    0x97, 0x93, 0x4b, 0xbf, 0xb4, 0xd0, 0x0a, 0xbf, 0x38, 0x4f, 0x76, 0x3f, 0xb7, 0x15, 0x75, 0xbe,
    0x36, 0x7a, 0x05, 0xbe, 0x00, 0x00, 0x80, 0xbf, 0x9f, 0x9f, 0x9f, 0xff, 0x39, 0x7c, 0x1e, 0x3f,
    0xa0, 0xff, 0x02, 0x3f, 0xf6, 0x2e, 0x96, 0xc3, 0x0a, 0xb3, 0x96, 0x43, 0x97, 0xe6, 0x95, 0xc3,
    0x15, 0xe5, 0x8a, 0xbe, 0x97, 0x93, 0x4b, 0xbf, 0xb4, 0xd0, 0x0a, 0xbf, 0x37, 0x4f, 0x76, 0x3f,
    0xbe, 0x15, 0x75, 0xbe, 0x3b, 0x7a, 0x05, 0xbe, 0x00, 0x00, 0x80, 0xbf, 0x9f, 0x9f, 0x9f, 0xff,
    0x87, 0xfe, 0x19, 0x3f, 0x5e, 0x81, 0x00, 0x3f, 0x59, 0x2e, 0x96, 0xc3, 0xf4, 0xb3, 0x96, 0x43,
    0x44, 0xe7, 0x95, 0xc3, 0x45, 0xad, 0x3a, 0x3c, 0xb6, 0x6f, 0x7b, 0x3f, 0xc1, 0x22, 0x40, 0xbe,
    0x07, 0xc2, 0x66, 0x3f, 0x4e, 0xb0, 0x91, 0x3d, 0xe2, 0xad, 0xda, 0x3e, 0x00, 0x00, 0x80, 0xbf,
    0x9f, 0x9f, 0x9f, 0xff, 0xb4, 0xe7, 0x1e, 0x3f, 0xbb, 0x63, 0x09, 0x3f, 0xb4, 0x2e, 0x96, 0xc3,
    0xbb, 0xb3, 0x96, 0x43, 0x9e, 0xe7, 0x95, 0xc3, 0x39, 0xad, 0x3a, 0x3c, 0xb6, 0x6f, 0x7b, 0x3f,
    0xc1, 0x22, 0x40, 0xbe, 0x07, 0xc2, 0x66, 0x3f, 0x57, 0xb0, 0x91, 0x3d, 0xe1, 0xad, 0xda, 0x3e,
    0x00, 0x00, 0x80, 0xbf, 0x9f, 0x9f, 0x9f, 0xff, 0xd5, 0xb2, 0x19, 0x3f, 0xbc, 0x58, 0x08, 0x3f,
    0xcf, 0x2e, 0x96, 0xc3, 0x02, 0xb4, 0x96, 0x43, 0xc5, 0xe6, 0x95, 0xc3, 0x51, 0xad, 0x3a, 0x3c,
    0xb6, 0x6f, 0x7b, 0x3f, 0xc1, 0x22, 0x40, 0xbe, 0x07, 0xc2, 0x66, 0x3f, 0x51, 0xb0, 0x91, 0x3d,
    0xe1, 0xad, 0xda, 0x3e, 0x00, 0x00, 0x80, 0xbf, 0x9f, 0x9f, 0x9f, 0xff, 0xdc, 0x84, 0x17, 0x3f,
    0x50, 0xc6, 0x0c, 0x3f, 0xb4, 0x2e, 0x96, 0xc3, 0xbb, 0xb3, 0x96, 0x43, 0x9e, 0xe7, 0x95, 0xc3,
    0x89, 0x83, 0x53, 0x3e, 0xa0, 0xcd, 0xbd, 0x3e, 0x16, 0xce, 0x67, 0xbf, 0x02, 0x7d, 0x6d, 0x3f,
    0x14, 0x3f, 0x61, 0x3e, 0x42, 0x75, 0x9a, 0x3e, 0x00, 0x00, 0x80, 0xbf, 0x9f, 0x9f, 0x9f, 0xff,
    0xd5, 0xb2, 0x19, 0x3f, 0xbc, 0x58, 0x08, 0x3f, 0x59, 0x2e, 0x96, 0xc3, 0xf4, 0xb3, 0x96, 0x43,
    0x44, 0xe7, 0x95, 0xc3, 0x89, 0x83, 0x53, 0x3e, 0xa0, 0xcd, 0xbd, 0x3e, 0x16, 0xce, 0x67, 0xbf,
    0x03, 0x7d, 0x6d, 0x3f, 0x12, 0x3f, 0x61, 0x3e, 0x3e, 0x75, 0x9a, 0x3e, 0x00, 0x00, 0x80, 0xbf,
    0x9f, 0x9f, 0x9f, 0xff, 0xb4, 0xe7, 0x1e, 0x3f, 0xbb, 0x63, 0x09, 0x3f, 0x35, 0x2e, 0x96, 0xc3,
    0x84, 0xb3, 0x96, 0x43, 0x5e, 0xe7, 0x95, 0xc3, 0x89, 0x83, 0x53, 0x3e, 0xa0, 0xcd, 0xbd, 0x3e,
    0x16, 0xce, 0x67, 0xbf, 0x03, 0x7d, 0x6d, 0x3f, 0x12, 0x3f, 0x61, 0x3e, 0x40, 0x75, 0x9a, 0x3e,
    0x00, 0x00, 0x80, 0xbf, 0x9f, 0x9f, 0x9f, 0xff, 0xe5, 0x9d, 0x23, 0x3f, 0xac, 0xe5, 0x06, 0x3f,
    0x60, 0x2e, 0x96, 0xc3, 0xf4, 0xb3, 0x96, 0x43, 0xb2, 0xe6, 0x95, 0xc3, 0x55, 0x7d, 0xd8, 0x3d,
    0x99, 0x18, 0x7c, 0x3f, 0x43, 0x7e, 0x0d, 0x3e, 0x17, 0x50, 0x7d, 0x3f, 0x9f, 0x88, 0xf1, 0xbd,
    0x35, 0x09, 0xab, 0x3d, 0x00, 0x00, 0x80, 0xbf, 0x9f, 0x9f, 0x9f, 0xff, 0xb4, 0xe6, 0x1b, 0x3f,
    0x57, 0x0a, 0x0d, 0x3f, 0xb4, 0x2d, 0x96, 0xc3, 0xde, 0xb3, 0x96, 0x43, 0xfd, 0xe6, 0x95, 0xc3,
    0x57, 0x7d, 0xd8, 0x3d, 0x99, 0x18, 0x7c, 0x3f, 0x3c, 0x7e, 0x0d, 0x3e, 0x17, 0x50, 0x7d, 0x3f,
    0x9e, 0x88, 0xf1, 0xbd, 0x34, 0x09, 0xab, 0x3d, 0x00, 0x00, 0x80, 0xbf, 0x9f, 0x9f, 0x9f, 0xff,
    0x41, 0x7d, 0x27, 0x3f, 0x81, 0x96, 0x0a, 0x3f, 0xcf, 0x2e, 0x96, 0xc3, 0x02, 0xb4, 0x96, 0x43,
    0xc5, 0xe6, 0x95, 0xc3, 0x57, 0x7d, 0xd8, 0x3d, 0x99, 0x18, 0x7c, 0x3f, 0x3c, 0x7e, 0x0d, 0x3e,
    0x17, 0x50, 0x7d, 0x3f, 0x9f, 0x88, 0xf1, 0xbd, 0x34, 0x09, 0xab, 0x3d, 0x00, 0x00, 0x80, 0xbf,
    0x9f, 0x9f, 0x9f, 0xff, 0xdc, 0x84, 0x17, 0x3f, 0x50, 0xc6, 0x0c, 0x3f, 0xcf, 0x2e, 0x96, 0xc3,
    0x02, 0xb4, 0x96, 0x43, 0xc5, 0xe6, 0x95, 0xc3, 0x6f, 0xef, 0x10, 0xbd, 0x24, 0x1f, 0x18, 0x3f,
    0x7f, 0xb3, 0x4d, 0x3f, 0x5a, 0xb4, 0x0b, 0x3f, 0xe5, 0x7d, 0x29, 0xbf, 0xfb, 0x7e, 0x03, 0x3f,
    0x00, 0x00, 0x80, 0xbf, 0x9f, 0x9f, 0x9f, 0xff, 0x62, 0xa1, 0x16, 0x3f, 0x1a, 0x14, 0xf5, 0x3e,
    0xfc, 0x2e, 0x96, 0xc3, 0x8a, 0xb3, 0x96, 0x43, 0x6f, 0xe6, 0x95, 0xc3, 0x72, 0xef, 0x10, 0xbd,
    0x24, 0x1f, 0x18, 0x3f, 0x7f, 0xb3, 0x4d, 0x3f, 0x5b, 0xb4, 0x0b, 0x3f, 0xe4, 0x7d, 0x29, 0xbf,
    0xfb, 0x7e, 0x03, 0x3f, 0x00, 0x00, 0x80, 0xbf, 0x9f, 0x9f, 0x9f, 0xff, 0xc5, 0x3b, 0x18, 0x3f,
    0x2d, 0xcf, 0xfb, 0x3e, 0x60, 0x2e, 0x96, 0xc3, 0xf4, 0xb3, 0x96, 0x43, 0xb2, 0xe6, 0x95, 0xc3,
    0x6f, 0xef, 0x10, 0xbd, 0x24, 0x1f, 0x18, 0x3f, 0x7f, 0xb3, 0x4d, 0x3f, 0x5b, 0xb4, 0x0b, 0x3f,
    0xe4, 0x7d, 0x29, 0xbf, 0xfb, 0x7e, 0x03, 0x3f, 0x00, 0x00, 0x80, 0xbf, 0x9f, 0x9f, 0x9f, 0xff,
    0x43, 0x75, 0x1b, 0x3f, 0x6b, 0x82, 0xf0, 0x3e, 0x53, 0x2d, 0x96, 0xc3, 0x8a, 0xb3, 0x96, 0x43,
    0x1f, 0xe7, 0x95, 0xc3, 0xa9, 0x40, 0x48, 0x3f, 0x52, 0xc2, 0x1e, 0x3f, 0xa9, 0xe7, 0x72, 0xbd,
    0x1d, 0xdd, 0xe9, 0x3e, 0x73, 0xba, 0x22, 0xbf, 0x98, 0x51, 0x1f, 0xbf, 0x00, 0x00, 0x80, 0xbf,
    0x9f, 0x9f, 0x9f, 0xff, 0x47, 0xaa, 0x2b, 0x3f, 0x12, 0x4f, 0xf6, 0x3e, 0x81, 0x2d, 0x96, 0xc3,
    0xc4, 0xb3, 0x96, 0x43, 0x1a, 0xe7, 0x95, 0xc3, 0xa8, 0x40, 0x48, 0x3f, 0x53, 0xc2, 0x1e, 0x3f,
    0xaa, 0xe7, 0x72, 0xbd, 0x1d, 0xdd, 0xe9, 0x3e, 0x73, 0xba, 0x22, 0xbf, 0x96, 0x51, 0x1f, 0xbf,
    0x00, 0x00, 0x80, 0xbf, 0x9f, 0x9f, 0x9f, 0xff, 0xe4, 0x13, 0x2a, 0x3f, 0xc9, 0x72, 0xf2, 0x3e,
    0x5a, 0x2d, 0x96, 0xc3, 0x40, 0xb3, 0x96, 0x43, 0xba, 0xe6, 0x95, 0xc3, 0xa8, 0x40, 0x48, 0x3f,
    0x52, 0xc2, 0x1e, 0x3f, 0xaa, 0xe7, 0x72, 0xbd, 0x1e, 0xdd, 0xe9, 0x3e, 0x72, 0xba, 0x22, 0xbf,
    0x97, 0x51, 0x1f, 0xbf, 0x00, 0x00, 0x80, 0xbf, 0x9f, 0x9f, 0x9f, 0xff, 0x90, 0x86, 0x2b, 0x3f,
    0x79, 0x22, 0x00, 0x3f, 0xa3, 0x2d, 0x96, 0xc3, 0x6f, 0xb3, 0x96, 0x43, 0x46, 0xe7, 0x95, 0xc3,
    0x4a, 0xba, 0xa2, 0x3e, 0x28, 0xf3, 0xa6, 0x3e, 0xb7, 0xeb, 0x63, 0xbf, 0x3c, 0x00, 0x5d, 0x3f,
    0x91, 0xda, 0x93, 0x3e, 0x1c, 0xf0, 0xd3, 0x3e, 0x00, 0x00, 0x80, 0xbf, 0x9f, 0x9f, 0x9f, 0xff,
    0x5f, 0x95, 0x27, 0x3f, 0xd2, 0x36, 0x06, 0x3f, 0x81, 0x2d, 0x96, 0xc3, 0xc4, 0xb3, 0x96, 0x43,
    0x1a, 0xe7, 0x95, 0xc3, 0x4c, 0xba, 0xa2, 0x3e, 0x29, 0xf3, 0xa6, 0x3e, 0xb7, 0xeb, 0x63, 0xbf,
    0x3c, 0x00, 0x5d, 0x3f, 0x91, 0xda, 0x93, 0x3e, 0x1c, 0xf0, 0xd3, 0x3e, 0x00, 0x00, 0x80, 0xbf,
    0x9f, 0x9f, 0x9f, 0xff, 0xd5, 0x04, 0x29, 0x3f, 0x2d, 0x27, 0x09, 0x3f, 0x53, 0x2d, 0x96, 0xc3,
    0x8a, 0xb3, 0x96, 0x43, 0x1f, 0xe7, 0x95, 0xc3, 0x4a, 0xba, 0xa2, 0x3e, 0x28, 0xf3, 0xa6, 0x3e,
    0xb7, 0xeb, 0x63, 0xbf, 0x3c, 0x00, 0x5d, 0x3f, 0x91, 0xda, 0x93, 0x3e, 0x1c, 0xf0, 0xd3, 0x3e,
    0x00, 0x00, 0x80, 0xbf, 0x9f, 0x9f, 0x9f, 0xff, 0x82, 0x39, 0x2a, 0x3f, 0xbe, 0x33, 0x06, 0x3f,
    0x4f, 0x2e, 0x96, 0xc3, 0x4b, 0xb3, 0x96, 0x43, 0x4d, 0xe6, 0x95, 0xc3, 0x15, 0x0c, 0xca, 0x3c,
    0x8f, 0x49, 0x04, 0x3f, 0x92, 0x14, 0x5b, 0x3f, 0xae, 0x43, 0x64, 0x3f, 0x07, 0x02, 0xcc, 0xbe,
    0xc0, 0x0e, 0x5c, 0x3e, 0x00, 0x00, 0x80, 0xbf, 0x9f, 0x9f, 0x9f, 0xff, 0x03, 0x24, 0x1e, 0x3f,
    0xa6, 0xee, 0xfa, 0x3e, 0x60, 0x2e, 0x96, 0xc3, 0xf4, 0xb3, 0x96, 0x43, 0xb2, 0xe6, 0x95, 0xc3,
    0x18, 0x0c, 0xca, 0x3c, 0x8f, 0x49, 0x04, 0x3f, 0x92, 0x14, 0x5b, 0x3f, 0xae, 0x43, 0x64, 0x3f,
    0x07, 0x02, 0xcc, 0xbe, 0xc2, 0x0e, 0x5c, 0x3e, 0x00, 0x00, 0x80, 0xbf, 0x9f, 0x9f, 0x9f, 0xff,
    0x43, 0x75, 0x1b, 0x3f, 0x6b, 0x82, 0xf0, 0x3e, 0xfc, 0x2e, 0x96, 0xc3, 0x8a, 0xb3, 0x96, 0x43,
    0x6f, 0xe6, 0x95, 0xc3, 0x18, 0x0c, 0xca, 0x3c, 0x8f, 0x49, 0x04, 0x3f, 0x92, 0x14, 0x5b, 0x3f,
    0xac, 0x43, 0x64, 0x3f, 0x08, 0x02, 0xcc, 0xbe, 0xbf, 0x0e, 0x5c, 0x3e, 0x00, 0x00, 0x80, 0xbf,
    0x9f, 0x9f, 0x9f, 0xff, 0xc5, 0x3b, 0x18, 0x3f, 0x2d, 0xcf, 0xfb, 0x3e, 0xf6, 0x2e, 0x96, 0xc3,
    0x0a, 0xb3, 0x96, 0x43, 0x97, 0xe6, 0x95, 0xc3, 0x99, 0x9a, 0x7b, 0xbe, 0xa3, 0x27, 0x9f, 0xbe,
    0xf1, 0x0b, 0x6b, 0x3f, 0xdf, 0x1c, 0x67, 0x3f, 0x4c, 0x2d, 0xd6, 0xbe, 0x14, 0xbd, 0xcc, 0x3d,
    0x00, 0x00, 0x80, 0xbf, 0x9f, 0x9f, 0x9f, 0xff, 0x87, 0xfe, 0x19, 0x3f, 0x5e, 0x81, 0x00, 0x3f,
    0x4f, 0x2e, 0x96, 0xc3, 0x4b, 0xb3, 0x96, 0x43, 0x4d, 0xe6, 0x95, 0xc3, 0x9a, 0x9a, 0x7b, 0xbe,
    0xa4, 0x27, 0x9f, 0xbe, 0xf1, 0x0b, 0x6b, 0x3f, 0xdd, 0x1c, 0x67, 0x3f, 0x4e, 0x2d, 0xd6, 0xbe,
    0x0f, 0xbd, 0xcc, 0x3d, 0x00, 0x00, 0x80, 0xbf, 0x9f, 0x9f, 0x9f, 0xff, 0x03, 0x24, 0x1e, 0x3f,
    0xa6, 0xee, 0xfa, 0x3e, 0xfc, 0x2e, 0x96, 0xc3, 0x8a, 0xb3, 0x96, 0x43, 0x6f, 0xe6, 0x95, 0xc3,
    0x9a, 0x9a, 0x7b, 0xbe, 0xa4, 0x27, 0x9f, 0xbe, 0xf1, 0x0b, 0x6b, 0x3f, 0xdd, 0x1c, 0x67, 0x3f,
    0x4c, 0x2d, 0xd6, 0xbe, 0x12, 0xbd, 0xcc, 0x3d, 0x00, 0x00, 0x80, 0xbf, 0x9f, 0x9f, 0x9f, 0xff,
    0xc5, 0x3b, 0x18, 0x3f, 0x2d, 0xcf, 0xfb, 0x3e, 0x6e, 0x2f, 0x96, 0xc3, 0xa0, 0xb3, 0x96, 0x43,
    0x00, 0xe7, 0x95, 0xc3, 0xe2, 0x7e, 0x1a, 0xbf, 0x7f, 0x23, 0xad, 0xbe, 0xe9, 0xdb, 0x38, 0x3f,
    0x65, 0xff, 0xa1, 0x3e, 0xb7, 0xcd, 0x6e, 0xbf, 0x28, 0x8c, 0x30, 0xbe, 0x00, 0x00, 0x80, 0xbf,
    0x9f, 0x9f, 0x9f, 0xff, 0x8c, 0xf7, 0x13, 0x3f, 0x39, 0x7b, 0x03, 0x3f, 0xfc, 0x2e, 0x96, 0xc3,
    0x8a, 0xb3, 0x96, 0x43, 0x6f, 0xe6, 0x95, 0xc3, 0xe2, 0x7e, 0x1a, 0xbf, 0x7f, 0x23, 0xad, 0xbe,
    0xe9, 0xdb, 0x38, 0x3f, 0x68, 0xff, 0xa1, 0x3e, 0xb6, 0xcd, 0x6e, 0xbf, 0x2d, 0x8c, 0x30, 0xbe,
    0x00, 0x00, 0x80, 0xbf, 0x9f, 0x9f, 0x9f, 0xff, 0xc5, 0x3b, 0x18, 0x3f, 0x2d, 0xcf, 0xfb, 0x3e,
    0x5f, 0x2f, 0x96, 0xc3, 0xc0, 0xb3, 0x96, 0x43, 0xe1, 0xe6, 0x95, 0xc3, 0xe2, 0x7e, 0x1a, 0xbf,
    0x7f, 0x23, 0xad, 0xbe, 0xe9, 0xdb, 0x38, 0x3f, 0x63, 0xff, 0xa1, 0x3e, 0xb6, 0xcd, 0x6e, 0xbf,
    0x2a, 0x8c, 0x30, 0xbe, 0x00, 0x00, 0x80, 0xbf, 0x9f, 0x9f, 0x9f, 0xff, 0x5d, 0x6f, 0x13, 0x3f,
    0x9a, 0x5e, 0x02, 0x3f, 0x58, 0x2f, 0x96, 0xc3, 0xc2, 0xb3, 0x96, 0x43, 0x16, 0xe7, 0x95, 0xc3,
    0xda, 0x1b, 0x86, 0xbe, 0xc5, 0x0c, 0x77, 0x3f, 0x14, 0xcd, 0x1d, 0xbc, 0x12, 0x03, 0xea, 0x3e,
    0x4b, 0x09, 0xec, 0x3d, 0xd1, 0xc6, 0x61, 0xbf, 0x00, 0x00, 0x80, 0xbf, 0x9f, 0x9f, 0x9f, 0xff,
    0xf6, 0xb4, 0x13, 0x3f, 0xb0, 0xcb, 0x04, 0x3f, 0x5f, 0x2f, 0x96, 0xc3, 0xc0, 0xb3, 0x96, 0x43,
    0xe1, 0xe6, 0x95, 0xc3, 0xdb, 0x1b, 0x86, 0xbe, 0xc5, 0x0c, 0x77, 0x3f, 0x72, 0xcd, 0x1d, 0xbc,
    0x12, 0x03, 0xea, 0x3e, 0x41, 0x09, 0xec, 0x3d, 0xd1, 0xc6, 0x61, 0xbf, 0x00, 0x00, 0x80, 0xbf,
    0x9f, 0x9f, 0x9f, 0xff, 0x0b, 0x7b, 0x12, 0x3f, 0x2a, 0xa7, 0x05, 0x3f, 0xcf, 0x2e, 0x96, 0xc3,
    0x02, 0xb4, 0x96, 0x43, 0xc5, 0xe6, 0x95, 0xc3, 0xda, 0x1b, 0x86, 0xbe, 0xc5, 0x0c, 0x77, 0x3f,
    0x14, 0xcd, 0x1d, 0xbc, 0x12, 0x03, 0xea, 0x3e, 0x4b, 0x09, 0xec, 0x3d, 0xd1, 0xc6, 0x61, 0xbf,
    0x00, 0x00, 0x80, 0xbf, 0x9f, 0x9f, 0x9f, 0xff, 0xdc, 0x84, 0x17, 0x3f, 0x50, 0xc6, 0x0c, 0x3f,
    0xdd, 0x2e, 0x96, 0xc3, 0x48, 0xb3, 0x96, 0x43, 0x53, 0xe7, 0x95, 0xc3, 0xe6, 0x10, 0x7c, 0xbe,
    0x62, 0x9c, 0xc5, 0xbe, 0xf9, 0x99, 0x63, 0xbf, 0x33, 0x89, 0x4e, 0x3f, 0x8b, 0x06, 0x17, 0xbf,
    0x98, 0x0e, 0x06, 0x3d, 0x00, 0x00, 0x80, 0xbf, 0x9f, 0x9f, 0x9f, 0xff, 0xec, 0x50, 0x19, 0x3f,
    0xbd, 0xfe, 0x04, 0x3f, 0x6e, 0x2f, 0x96, 0xc3, 0xa0, 0xb3, 0x96, 0x43, 0x00, 0xe7, 0x95, 0xc3,
    0xe6, 0x10, 0x7c, 0xbe, 0x62, 0x9c, 0xc5, 0xbe, 0xf9, 0x99, 0x63, 0xbf, 0x33, 0x89, 0x4e, 0x3f,
    0x8b, 0x06, 0x17, 0xbf, 0x98, 0x0e, 0x06, 0x3d, 0x00, 0x00, 0x80, 0xbf, 0x9f, 0x9f, 0x9f, 0xff,
    0x8c, 0xf7, 0x13, 0x3f, 0x39, 0x7b, 0x03, 0x3f, 0x58, 0x2f, 0x96, 0xc3, 0xc2, 0xb3, 0x96, 0x43,
    0x16, 0xe7, 0x95, 0xc3, 0xe9, 0x10, 0x7c, 0xbe, 0x62, 0x9c, 0xc5, 0xbe, 0xf9, 0x99, 0x63, 0xbf,
    0x33, 0x89, 0x4e, 0x3f, 0x8b, 0x06, 0x17, 0xbf, 0x80, 0x0e, 0x06, 0x3d, 0x00, 0x00, 0x80, 0xbf,
    0x9f, 0x9f, 0x9f, 0xff, 0xf6, 0xb4, 0x13, 0x3f, 0xb0, 0xcb, 0x04, 0x3f, 0x58, 0x2f, 0x96, 0xc3,
    0xc2, 0xb3, 0x96, 0x43, 0x16, 0xe7, 0x95, 0xc3, 0xe3, 0xa1, 0x51, 0xbf, 0x6e, 0xf2, 0x0f, 0x3f,
    0xb6, 0xe7, 0xeb, 0xbd, 0x5a, 0xb1, 0x0a, 0xbf, 0xe6, 0xcf, 0x52, 0xbf, 0xfd, 0x71, 0x2c, 0xbe,
    0x00, 0x00, 0x80, 0xbf, 0x9f, 0x9f, 0x9f, 0xff, 0xf6, 0xb4, 0x13, 0x3f, 0xb0, 0xcb, 0x04, 0x3f,
    0x6e, 0x2f, 0x96, 0xc3, 0xa0, 0xb3, 0x96, 0x43, 0x00, 0xe7, 0x95, 0xc3, 0xe3, 0xa1, 0x51, 0xbf,
    0x6e, 0xf2, 0x0f, 0x3f, 0xb6, 0xe7, 0xeb, 0xbd, 0x5a, 0xb1, 0x0a, 0xbf, 0xe6, 0xcf, 0x52, 0xbf,
    0xfd, 0x71, 0x2c, 0xbe, 0x00, 0x00, 0x80, 0xbf, 0x9f, 0x9f, 0x9f, 0xff, 0x8c, 0xf7, 0x13, 0x3f,
    0x39, 0x7b, 0x03, 0x3f, 0x5f, 0x2f, 0x96, 0xc3, 0xc0, 0xb3, 0x96, 0x43, 0xe1, 0xe6, 0x95, 0xc3,
    0xe3, 0xa1, 0x51, 0xbf, 0x6e, 0xf2, 0x0f, 0x3f, 0xb4, 0xe7, 0xeb, 0xbd, 0x5c, 0xb1, 0x0a, 0xbf,
    0xe4, 0xcf, 0x52, 0xbf, 0x03, 0x72, 0x2c, 0xbe, 0x00, 0x00, 0x80, 0xbf, 0x9f, 0x9f, 0x9f, 0xff,
    0x5d, 0x6f, 0x13, 0x3f, 0x9a, 0x5e, 0x02, 0x3f, 0xb5, 0x2d, 0x96, 0xc3, 0x01, 0xb3, 0x96, 0x43,
    0x17, 0xe7, 0x95, 0xc3, 0x50, 0xab, 0x57, 0x3d, 0xc0, 0x9e, 0x15, 0xbf, 0xa0, 0x49, 0x4f, 0xbf,
    0xd8, 0x5c, 0x7f, 0x3f, 0x1d, 0x83, 0xef, 0xbb, 0x14, 0xa6, 0x8f, 0x3d, 0x00, 0x00, 0x80, 0xbf,
    0x9f, 0x9f, 0x9f, 0xff, 0x91, 0x47, 0x28, 0x3f, 0x43, 0xe6, 0x02, 0x3f, 0x35, 0x2e, 0x96, 0xc3,
    0x84, 0xb3, 0x96, 0x43, 0x5e, 0xe7, 0x95, 0xc3, 0x50, 0xab, 0x57, 0x3d, 0xc0, 0x9e, 0x15, 0xbf,
    0xa0, 0x49, 0x4f, 0xbf, 0xd8, 0x5c, 0x7f, 0x3f, 0x34, 0x83, 0xef, 0xbb, 0x11, 0xa6, 0x8f, 0x3d,
    0x00, 0x00, 0x80, 0xbf, 0x9f, 0x9f, 0x9f, 0xff, 0xe5, 0x9d, 0x23, 0x3f, 0xac, 0xe5, 0x06, 0x3f,
    0xa3, 0x2d, 0x96, 0xc3, 0x6f, 0xb3, 0x96, 0x43, 0x46, 0xe7, 0x95, 0xc3, 0x4f, 0xab, 0x57, 0x3d,
    0xc1, 0x9e, 0x15, 0xbf, 0x9f, 0x49, 0x4f, 0xbf, 0xd8, 0x5c, 0x7f, 0x3f, 0x11, 0x83, 0xef, 0xbb,
    0x14, 0xa6, 0x8f, 0x3d, 0x00, 0x00, 0x80, 0xbf, 0x9f, 0x9f, 0x9f, 0xff, 0x5f, 0x95, 0x27, 0x3f,
    0xd2, 0x36, 0x06, 0x3f, 0x35, 0x2e, 0x96, 0xc3, 0x84, 0xb3, 0x96, 0x43, 0x5e, 0xe7, 0x95, 0xc3,
    0x78, 0xa0, 0x51, 0x3e, 0xad, 0x68, 0xc1, 0x3e, 0x8a, 0x2a, 0x67, 0xbf, 0xef, 0xc9, 0x79, 0x3f,
    0x57, 0xb1, 0xb6, 0xbb, 0x35, 0x20, 0x60, 0x3e, 0x00, 0x00, 0x80, 0xbf, 0x9f, 0x9f, 0x9f, 0xff,
    0xe5, 0x9d, 0x23, 0x3f, 0xac, 0xe5, 0x06, 0x3f, 0x81, 0x2d, 0x96, 0xc3, 0xc4, 0xb3, 0x96, 0x43,
    0x1a, 0xe7, 0x95, 0xc3, 0x78, 0xa0, 0x51, 0x3e, 0xad, 0x68, 0xc1, 0x3e, 0x8a, 0x2a, 0x67, 0xbf,
    0xef, 0xc9, 0x79, 0x3f, 0x6e, 0xb1, 0xb6, 0xbb, 0x33, 0x20, 0x60, 0x3e, 0x00, 0x00, 0x80, 0xbf,
    0x9f, 0x9f, 0x9f, 0xff, 0xd5, 0x04, 0x29, 0x3f, 0x2d, 0x27, 0x09, 0x3f, 0xa3, 0x2d, 0x96, 0xc3,
    0x6f, 0xb3, 0x96, 0x43, 0x46, 0xe7, 0x95, 0xc3, 0x78, 0xa0, 0x51, 0x3e, 0xad, 0x68, 0xc1, 0x3e,
    0x8a, 0x2a, 0x67, 0xbf, 0xef, 0xc9, 0x79, 0x3f, 0x57, 0xb1, 0xb6, 0xbb, 0x35, 0x20, 0x60, 0x3e,
    0x00, 0x00, 0x80, 0xbf, 0x9f, 0x9f, 0x9f, 0xff, 0x5f, 0x95, 0x27, 0x3f, 0xd2, 0x36, 0x06, 0x3f,
    0xdd, 0x2e, 0x96, 0xc3, 0x48, 0xb3, 0x96, 0x43, 0x53, 0xe7, 0x95, 0xc3, 0x68, 0x86, 0x6f, 0xbd,
    0xf4, 0xcf, 0x07, 0xbf, 0xd8, 0x7c, 0x58, 0xbf, 0x4a, 0xc4, 0x7c, 0x3f, 0xe7, 0x6a, 0x1f, 0xbe,
    0x3c, 0xbf, 0xf0, 0x3c, 0x00, 0x00, 0x80, 0xbf, 0x9f, 0x9f, 0x9f, 0xff, 0xec, 0x50, 0x19, 0x3f,
    0xbd, 0xfe, 0x04, 0x3f, 0xb4, 0x2e, 0x96, 0xc3, 0xbb, 0xb3, 0x96, 0x43, 0x9e, 0xe7, 0x95, 0xc3,
    0x68, 0x86, 0x6f, 0xbd, 0xf4, 0xcf, 0x07, 0xbf, 0xd8, 0x7c, 0x58, 0xbf, 0x4a, 0xc4, 0x7c, 0x3f,
    0xe7, 0x6a, 0x1f, 0xbe, 0x3c, 0xbf, 0xf0, 0x3c, 0x00, 0x00, 0x80, 0xbf, 0x9f, 0x9f, 0x9f, 0xff,
    0xd5, 0xb2, 0x19, 0x3f, 0xbc, 0x58, 0x08, 0x3f, 0x35, 0x2e, 0x96, 0xc3, 0x84, 0xb3, 0x96, 0x43,
    0x5e, 0xe7, 0x95, 0xc3, 0x68, 0x86, 0x6f, 0xbd, 0xf4, 0xcf, 0x07, 0xbf, 0xd8, 0x7c, 0x58, 0xbf,
    0x4a, 0xc4, 0x7c, 0x3f, 0xe7, 0x6a, 0x1f, 0xbe, 0x3a, 0xbf, 0xf0, 0x3c, 0x00, 0x00, 0x80, 0xbf,
    0x9f, 0x9f, 0x9f, 0xff, 0xe5, 0x9d, 0x23, 0x3f, 0xac, 0xe5, 0x06, 0x3f, 0x6b, 0x2e, 0x96, 0xc3,
    0xd9, 0xb2, 0x96, 0x43, 0x34, 0xe7, 0x95, 0xc3, 0x20, 0x42, 0x6a, 0xbd, 0x37, 0x0b, 0x0c, 0xbf,
    0x2b, 0xcc, 0x55, 0xbf, 0xe2, 0xb9, 0x7b, 0x3f, 0xd0, 0xd1, 0x33, 0xbe, 0xf2, 0x54, 0x43, 0x3d,
    0x00, 0x00, 0x80, 0xbf, 0x9f, 0x9f, 0x9f, 0xff, 0x39, 0x7c, 0x1e, 0x3f, 0xa0, 0xff, 0x02, 0x3f,
    0x74, 0x27, 0x96, 0xc3, 0x6b, 0x9d, 0x96, 0x43, 0x6a, 0xe4, 0x95, 0xc3, 0x23, 0xbd, 0x74, 0xbf,
    0xa6, 0xe4, 0x85, 0xbe, 0x3b, 0x10, 0x08, 0xbe, 0x29, 0xb1, 0x93, 0xbc, 0xbe, 0x27, 0x01, 0x3f,
    0xbc, 0xfb, 0x5c, 0xbf, 0x00, 0x00, 0x80, 0xbf, 0xc6, 0xc6, 0xc6, 0xff, 0xf6, 0xb4, 0x13, 0x3f,
    0xb0, 0xcb, 0x04, 0x3f, 0xfb, 0x27, 0x96, 0xc3, 0x2c, 0x9e, 0x96, 0x43, 0xa8, 0xe4, 0x95, 0xc3,
    0x23, 0xbd, 0x74, 0xbf, 0xa5, 0xe4, 0x85, 0xbe, 0x39, 0x10, 0x08, 0xbe, 0x29, 0xb1, 0x93, 0xbc,
    0xbe, 0x27, 0x01, 0x3f, 0xbc, 0xfb, 0x5c, 0xbf, 0x00, 0x00, 0x80, 0xbf, 0xc6, 0xc6, 0xc6, 0xff,
    0xd5, 0xb2, 0x19, 0x3f, 0xbc, 0x58, 0x08, 0x3f, 0xcb, 0x27, 0x96, 0xc3, 0xbd, 0x9d, 0x96, 0x43,
    0x16, 0xe5, 0x95, 0xc3, 0x23, 0xbd, 0x74, 0xbf, 0xa5, 0xe4, 0x85, 0xbe, 0x39, 0x10, 0x08, 0xbe,
    0x44, 0xb1, 0x93, 0xbc, 0xbe, 0x27, 0x01, 0x3f, 0xbd, 0xfb, 0x5c, 0xbf, 0x00, 0x00, 0x80, 0xbf,
    0xc6, 0xc6, 0xc6, 0xff, 0xec, 0x50, 0x19, 0x3f, 0xbd, 0xfe, 0x04, 0x3f, 0x23, 0x27, 0x96, 0xc3,
    0x20, 0x9f, 0x96, 0x43, 0x22, 0xe5, 0x95, 0xc3, 0xbb, 0x66, 0x46, 0x3e, 0x47, 0xe5, 0xfa, 0x3e,
    0x13, 0x93, 0x59, 0x3f, 0x1b, 0x25, 0x46, 0x3e, 0xa2, 0x88, 0x54, 0x3f, 0x8d, 0xd5, 0x05, 0xbf,
    0x00, 0x00, 0x80, 0xbf, 0xc6, 0xc6, 0xc6, 0xff, 0x41, 0x7d, 0x27, 0x3f, 0x81, 0x96, 0x0a, 0x3f,
    0x7d, 0x27, 0x96, 0xc3, 0x8f, 0x9e, 0x96, 0x43, 0xad, 0xe4, 0x95, 0xc3, 0xbb, 0x66, 0x46, 0x3e,
    0x47, 0xe5, 0xfa, 0x3e, 0x13, 0x93, 0x59, 0x3f, 0x1c, 0x25, 0x46, 0x3e, 0xa2, 0x88, 0x54, 0x3f,
    0x8d, 0xd5, 0x05, 0xbf, 0x00, 0x00, 0x80, 0xbf, 0xc6, 0xc6, 0xc6, 0xff, 0xb4, 0xe7, 0x1e, 0x3f,
    0xbb, 0x63, 0x09, 0x3f, 0xfb, 0x26, 0x96, 0xc3, 0x03, 0x9e, 0x96, 0x43, 0x7c, 0xe4, 0x95, 0xc3,
    0xbb, 0x66, 0x46, 0x3e, 0x47, 0xe5, 0xfa, 0x3e, 0x13, 0x93, 0x59, 0x3f, 0x1c, 0x25, 0x46, 0x3e,
    0xa2, 0x88, 0x54, 0x3f, 0x8d, 0xd5, 0x05, 0xbf, 0x00, 0x00, 0x80, 0xbf, 0xc6, 0xc6, 0xc6, 0xff,
    0xdc, 0x84, 0x17, 0x3f, 0x50, 0xc6, 0x0c, 0x3f, 0xd8, 0x26, 0x96, 0xc3, 0x70, 0x9e, 0x96, 0x43,
    0xe1, 0xe5, 0x95, 0xc3, 0x72, 0xfc, 0x39, 0x3f, 0xb3, 0x8a, 0x03, 0xbf, 0xed, 0x98, 0xe9, 0xbe,
    0x77, 0x0b, 0x61, 0xbb, 0xc7, 0x46, 0x29, 0x3f, 0x24, 0x0b, 0x40, 0xbf, 0x00, 0x00, 0x80, 0xbf,
    0xc6, 0xc6, 0xc6, 0xff, 0x23, 0x12, 0x25, 0x3f, 0x20, 0x42, 0xfc, 0x3e, 0x98, 0x26, 0x96, 0xc3,
    0x18, 0x9e, 0x96, 0x43, 0x8c, 0xe5, 0x95, 0xc3, 0x72, 0xfc, 0x39, 0x3f, 0xb3, 0x8a, 0x03, 0xbf,
    0xed, 0x98, 0xe9, 0xbe, 0xd9, 0x0a, 0x61, 0xbb, 0xc8, 0x46, 0x29, 0x3f, 0x24, 0x0b, 0x40, 0xbf,
    0x00, 0x00, 0x80, 0xbf, 0xc6, 0xc6, 0xc6, 0xff, 0x03, 0x24, 0x1e, 0x3f, 0xa6, 0xee, 0xfa, 0x3e,
    0x0f, 0x27, 0x96, 0xc3, 0x60, 0x9d, 0x96, 0x43, 0x6d, 0xe5, 0x95, 0xc3, 0x72, 0xfc, 0x39, 0x3f,
    0xb3, 0x8a, 0x03, 0xbf, 0xed, 0x98, 0xe9, 0xbe, 0x0e, 0x0b, 0x61, 0xbb, 0xc8, 0x46, 0x29, 0x3f,
    0x24, 0x0b, 0x40, 0xbf, 0x00, 0x00, 0x80, 0xbf, 0xc6, 0xc6, 0xc6, 0xff, 0x87, 0xfe, 0x19, 0x3f,
    0x5e, 0x81, 0x00, 0x3f, 0x23, 0x27, 0x96, 0xc3, 0x20, 0x9f, 0x96, 0x43, 0x22, 0xe5, 0x95, 0xc3,
    0x2d, 0xfa, 0x67, 0x3f, 0xdd, 0x6b, 0x84, 0x3e, 0x2c, 0x55, 0xab, 0x3e, 0x46, 0xc0, 0x02, 0xbe,
    0x1b, 0xee, 0x6b, 0x3f, 0x2c, 0xaa, 0xbb, 0xbe, 0x00, 0x00, 0x80, 0xbf, 0xc6, 0xc6, 0xc6, 0xff,
    0x9b, 0x39, 0x28, 0x3f, 0xd8, 0x80, 0xf0, 0x3e, 0xde, 0x26, 0x96, 0xc3, 0x6a, 0x9e, 0x96, 0x43,
    0xc5, 0xe4, 0x95, 0xc3, 0x2d, 0xfa, 0x67, 0x3f, 0xdd, 0x6b, 0x84, 0x3e, 0x2c, 0x55, 0xab, 0x3e,
    0x47, 0xc0, 0x02, 0xbe, 0x1b, 0xee, 0x6b, 0x3f, 0x2b, 0xaa, 0xbb, 0xbe, 0x00, 0x00, 0x80, 0xbf,
    0xc6, 0xc6, 0xc6, 0xff, 0x43, 0x75, 0x1b, 0x3f, 0x6b, 0x82, 0xf0, 0x3e, 0xd8, 0x26, 0x96, 0xc3,
    0x70, 0x9e, 0x96, 0x43, 0xe1, 0xe5, 0x95, 0xc3, 0x2d, 0xfa, 0x67, 0x3f, 0xdd, 0x6b, 0x84, 0x3e,
    0x2c, 0x55, 0xab, 0x3e, 0x47, 0xc0, 0x02, 0xbe, 0x1b, 0xee, 0x6b, 0x3f, 0x2b, 0xaa, 0xbb, 0xbe,
    0x00, 0x00, 0x80, 0xbf, 0xc6, 0xc6, 0xc6, 0xff, 0x23, 0x12, 0x25, 0x3f, 0x20, 0x42, 0xfc, 0x3e,
    0xd8, 0x26, 0x96, 0xc3, 0x70, 0x9e, 0x96, 0x43, 0xe1, 0xe5, 0x95, 0xc3, 0x27, 0xc2, 0x91, 0xbe,
    0x24, 0xd3, 0xcc, 0xbe, 0x37, 0x04, 0x5f, 0xbf, 0xb9, 0x44, 0x5d, 0x3e, 0xd2, 0xcc, 0x5b, 0x3f,
    0x58, 0x06, 0xee, 0xbe, 0x00, 0x00, 0x80, 0xbf, 0xc6, 0xc6, 0xc6, 0xff, 0x23, 0x12, 0x25, 0x3f,
    0x20, 0x42, 0xfc, 0x3e, 0xb9, 0x27, 0x96, 0xc3, 0xf8, 0x9d, 0x96, 0x43, 0xc4, 0xe5, 0x95, 0xc3,
    0x27, 0xc2, 0x91, 0xbe, 0x24, 0xd3, 0xcc, 0xbe, 0x37, 0x04, 0x5f, 0xbf, 0xbd, 0x44, 0x5d, 0x3e,
    0xd4, 0xcc, 0x5b, 0x3f, 0x56, 0x06, 0xee, 0xbe, 0x00, 0x00, 0x80, 0xbf, 0xc6, 0xc6, 0xc6, 0xff,
    0x39, 0x7c, 0x1e, 0x3f, 0xa0, 0xff, 0x02, 0x3f, 0x7a, 0x27, 0x96, 0xc3, 0xc0, 0x9e, 0x96, 0x43,
    0xfb, 0xe5, 0x95, 0xc3, 0x29, 0xc2, 0x91, 0xbe, 0x22, 0xd3, 0xcc, 0xbe, 0x36, 0x04, 0x5f, 0xbf,
    0xbc, 0x44, 0x5d, 0x3e, 0xd4, 0xcc, 0x5b, 0x3f, 0x56, 0x06, 0xee, 0xbe, 0x00, 0x00, 0x80, 0xbf,
    0xc6, 0xc6, 0xc6, 0xff, 0x91, 0x47, 0x28, 0x3f, 0x43, 0xe6, 0x02, 0x3f, 0x7d, 0x27, 0x96, 0xc3,
    0x8f, 0x9e, 0x96, 0x43, 0xad, 0xe4, 0x95, 0xc3, 0xe9, 0xa4, 0x44, 0xbf, 0x0c, 0x57, 0x01, 0x3f,
    0xad, 0x60, 0xc9, 0x3e, 0x8d, 0x8c, 0x5e, 0x3e, 0x29, 0x97, 0x48, 0x3f, 0x8d, 0x02, 0x15, 0xbf,
    0x00, 0x00, 0x80, 0xbf, 0xc6, 0xc6, 0xc6, 0xff, 0xb4, 0xe7, 0x1e, 0x3f, 0xbb, 0x63, 0x09, 0x3f,
    0x44, 0x27, 0x96, 0xc3, 0x4e, 0x9f, 0x96, 0x43, 0x4e, 0xe5, 0x95, 0xc3, 0xe9, 0xa4, 0x44, 0xbf,
    0x0c, 0x57, 0x01, 0x3f, 0xad, 0x60, 0xc9, 0x3e, 0x8d, 0x8c, 0x5e, 0x3e, 0x29, 0x97, 0x48, 0x3f,
    0x8d, 0x02, 0x15, 0xbf, 0x00, 0x00, 0x80, 0xbf, 0xc6, 0xc6, 0xc6, 0xff, 0xd5, 0x04, 0x29, 0x3f,
    0x2d, 0x27, 0x09, 0x3f, 0xb4, 0x27, 0x96, 0xc3, 0x87, 0x9e, 0x96, 0x43, 0x2a, 0xe5, 0x95, 0xc3,
    0xe9, 0xa4, 0x44, 0xbf, 0x0c, 0x57, 0x01, 0x3f, 0xad, 0x60, 0xc9, 0x3e, 0x8c, 0x8c, 0x5e, 0x3e,
    0x29, 0x97, 0x48, 0x3f, 0x8d, 0x02, 0x15, 0xbf, 0x00, 0x00, 0x80, 0xbf, 0xc6, 0xc6, 0xc6, 0xff,
    0xe5, 0x9d, 0x23, 0x3f, 0xac, 0xe5, 0x06, 0x3f, 0xd8, 0x26, 0x96, 0xc3, 0x70, 0x9e, 0x96, 0x43,
    0xe1, 0xe5, 0x95, 0xc3, 0xb3, 0x84, 0xc2, 0xbd, 0x70, 0x1d, 0x33, 0xbe, 0xb7, 0xe0, 0x7a, 0xbf,
    0x74, 0xff, 0x62, 0x3e, 0xda, 0xbc, 0x74, 0x3f, 0x4e, 0xbb, 0x44, 0xbe, 0x00, 0x00, 0x80, 0xbf,
    0xc6, 0xc6, 0xc6, 0xff, 0x23, 0x12, 0x25, 0x3f, 0x20, 0x42, 0xfc, 0x3e, 0x7a, 0x27, 0x96, 0xc3,
    0xc0, 0x9e, 0x96, 0x43, 0xfb, 0xe5, 0x95, 0xc3, 0xbd, 0x84, 0xc2, 0xbd, 0x71, 0x1d, 0x33, 0xbe,
    0xb7, 0xe0, 0x7a, 0xbf, 0x71, 0xff, 0x62, 0x3e, 0xdb, 0xbc, 0x74, 0x3f, 0x4e, 0xbb, 0x44, 0xbe,
    0x00, 0x00, 0x80, 0xbf, 0xc6, 0xc6, 0xc6, 0xff, 0x91, 0x47, 0x28, 0x3f, 0x43, 0xe6, 0x02, 0x3f,
    0xf9, 0x26, 0x96, 0xc3, 0x24, 0x9f, 0x96, 0x43, 0xfa, 0xe5, 0x95, 0xc3, 0xba, 0x84, 0xc2, 0xbd,
    0x74, 0x1d, 0x33, 0xbe, 0xb7, 0xe0, 0x7a, 0xbf, 0x74, 0xff, 0x62, 0x3e, 0xdb, 0xbc, 0x74, 0x3f,
    0x4b, 0xbb, 0x44, 0xbe, 0x00, 0x00, 0x80, 0xbf, 0xc6, 0xc6, 0xc6, 0xff, 0x90, 0x86, 0x2b, 0x3f,
    0x79, 0x22, 0x00, 0x3f, 0x68, 0x27, 0x96, 0xc3, 0x3f, 0x9d, 0x96, 0x43, 0x86, 0xe4, 0x95, 0xc3,
    0xfc, 0x80, 0x16, 0x3f, 0xcb, 0xf7, 0x4c, 0xbf, 0xbc, 0x56, 0xec, 0xbd, 0x43, 0xd7, 0xb8, 0xbd,
    0x11, 0x60, 0x9d, 0x3d, 0xf6, 0x31, 0x7e, 0xbf, 0x00, 0x00, 0x80, 0xbf, 0xc6, 0xc6, 0xc6, 0xff,
    0x8c, 0xf7, 0x13, 0x3f, 0x39, 0x7b, 0x03, 0x3f, 0x0f, 0x27, 0x96, 0xc3, 0x60, 0x9d, 0x96, 0x43,
    0x6d, 0xe5, 0x95, 0xc3, 0xfb, 0x80, 0x16, 0x3f, 0xcb, 0xf7, 0x4c, 0xbf, 0xb2, 0x56, 0xec, 0xbd,
    0x40, 0xd7, 0xb8, 0xbd, 0x07, 0x60, 0x9d, 0x3d, 0xf6, 0x31, 0x7e, 0xbf, 0x00, 0x00, 0x80, 0xbf,
    0xc6, 0xc6, 0xc6, 0xff, 0x87, 0xfe, 0x19, 0x3f, 0x5e, 0x81, 0x00, 0x3f, 0xc1, 0x26, 0x96, 0xc3,
    0x8b, 0x9d, 0x96, 0x43, 0xf0, 0xe4, 0x95, 0xc3, 0xfc, 0x80, 0x16, 0x3f, 0xcb, 0xf7, 0x4c, 0xbf,
    0xb7, 0x56, 0xec, 0xbd, 0x40, 0xd7, 0xb8, 0xbd, 0x07, 0x60, 0x9d, 0x3d, 0xf6, 0x31, 0x7e, 0xbf,
    0x00, 0x00, 0x80, 0xbf, 0xc6, 0xc6, 0xc6, 0xff, 0xc5, 0x3b, 0x18, 0x3f, 0x2d, 0xcf, 0xfb, 0x3e,
    0x74, 0x27, 0x96, 0xc3, 0x6b, 0x9d, 0x96, 0x43, 0x6a, 0xe4, 0x95, 0xc3, 0xf7, 0x88, 0x87, 0x3c,
    0xff, 0x91, 0x82, 0x3e, 0xd5, 0x7f, 0x77, 0x3f, 0xf4, 0x9b, 0x4f, 0xbf, 0x66, 0xaa, 0x11, 0x3f,
    0x9b, 0x7b, 0x0b, 0xbe, 0x00, 0x00, 0x80, 0xbf, 0xc6, 0xc6, 0xc6, 0xff, 0xf6, 0xb4, 0x13, 0x3f,
    0xb0, 0xcb, 0x04, 0x3f, 0xfb, 0x26, 0x96, 0xc3, 0x03, 0x9e, 0x96, 0x43, 0x7c, 0xe4, 0x95, 0xc3,
    0xe9, 0x88, 0x87, 0x3c, 0x01, 0x92, 0x82, 0x3e, 0xd3, 0x7f, 0x77, 0x3f, 0xf4, 0x9b, 0x4f, 0xbf,
    0x66, 0xaa, 0x11, 0x3f, 0xa1, 0x7b, 0x0b, 0xbe, 0x00, 0x00, 0x80, 0xbf, 0xc6, 0xc6, 0xc6, 0xff,
    0xdc, 0x84, 0x17, 0x3f, 0x50, 0xc6, 0x0c, 0x3f, 0xfb, 0x27, 0x96, 0xc3, 0x2c, 0x9e, 0x96, 0x43,
    0xa8, 0xe4, 0x95, 0xc3, 0xe9, 0x88, 0x87, 0x3c, 0x01, 0x92, 0x82, 0x3e, 0xd5, 0x7f, 0x77, 0x3f,
    0xf4, 0x9b, 0x4f, 0xbf, 0x65, 0xaa, 0x11, 0x3f, 0x9d, 0x7b, 0x0b, 0xbe, 0x00, 0x00, 0x80, 0xbf,
    0xc6, 0xc6, 0xc6, 0xff, 0xd5, 0xb2, 0x19, 0x3f, 0xbc, 0x58, 0x08, 0x3f, 0xfb, 0x26, 0x96, 0xc3,
    0x03, 0x9e, 0x96, 0x43, 0x7c, 0xe4, 0x95, 0xc3, 0x39, 0x86, 0x4f, 0x3f, 0x7f, 0x16, 0x0a, 0xbe,
    0x97, 0xde, 0x11, 0x3f, 0xcd, 0x5e, 0x04, 0x3f, 0xe0, 0x63, 0x95, 0xbe, 0x3b, 0xff, 0x4d, 0xbf,
    0x00, 0x00, 0x80, 0xbf, 0xc6, 0xc6, 0xc6, 0xff, 0x62, 0xa1, 0x16, 0x3f, 0x1a, 0x14, 0xf5, 0x3e,
    0x3c, 0x27, 0x96, 0xc3, 0x57, 0x9d, 0x96, 0x43, 0x72, 0xe4, 0x95, 0xc3, 0x3a, 0x86, 0x4f, 0x3f,
    0x81, 0x16, 0x0a, 0xbe, 0x97, 0xde, 0x11, 0x3f, 0xcd, 0x5e, 0x04, 0x3f, 0xdf, 0x63, 0x95, 0xbe,
    0x3b, 0xff, 0x4d, 0xbf, 0x00, 0x00, 0x80, 0xbf, 0xc6, 0xc6, 0xc6, 0xff, 0x5d, 0x6f, 0x13, 0x3f,
    0x9a, 0x5e, 0x02, 0x3f, 0xc1, 0x26, 0x96, 0xc3, 0x8b, 0x9d, 0x96, 0x43, 0xf0, 0xe4, 0x95, 0xc3,
    0x39, 0x86, 0x4f, 0x3f, 0x7f, 0x16, 0x0a, 0xbe, 0x97, 0xde, 0x11, 0x3f, 0xcd, 0x5e, 0x04, 0x3f,
    0xdf, 0x63, 0x95, 0xbe, 0x3b, 0xff, 0x4d, 0xbf, 0x00, 0x00, 0x80, 0xbf, 0xc6, 0xc6, 0xc6, 0xff,
    0xc5, 0x3b, 0x18, 0x3f, 0x2d, 0xcf, 0xfb, 0x3e, 0xde, 0x26, 0x96, 0xc3, 0x6a, 0x9e, 0x96, 0x43,
    0xc5, 0xe4, 0x95, 0xc3, 0xe4, 0x96, 0x73, 0x3f, 0x23, 0x5a, 0xe3, 0x3d, 0x38, 0xde, 0x92, 0x3e,
    0x08, 0x84, 0xf0, 0xbb, 0x71, 0xc6, 0x70, 0x3f, 0xe8, 0xe4, 0xad, 0xbe, 0x00, 0x00, 0x80, 0xbf,
    0xc6, 0xc6, 0xc6, 0xff, 0x43, 0x75, 0x1b, 0x3f, 0x6b, 0x82, 0xf0, 0x3e, 0x98, 0x26, 0x96, 0xc3,
    0x18, 0x9e, 0x96, 0x43, 0x8c, 0xe5, 0x95, 0xc3, 0xe4, 0x96, 0x73, 0x3f, 0x23, 0x5a, 0xe3, 0x3d,
    0x38, 0xde, 0x92, 0x3e, 0x0e, 0x84, 0xf0, 0xbb, 0x71, 0xc6, 0x70, 0x3f, 0xe8, 0xe4, 0xad, 0xbe,
    0x00, 0x00, 0x80, 0xbf, 0xc6, 0xc6, 0xc6, 0xff, 0x03, 0x24, 0x1e, 0x3f, 0xa6, 0xee, 0xfa, 0x3e,
    0xd8, 0x26, 0x96, 0xc3, 0x70, 0x9e, 0x96, 0x43, 0xe1, 0xe5, 0x95, 0xc3, 0xe4, 0x96, 0x73, 0x3f,
    0x23, 0x5a, 0xe3, 0x3d, 0x38, 0xde, 0x92, 0x3e, 0x0e, 0x84, 0xf0, 0xbb, 0x71, 0xc6, 0x70, 0x3f,
    0xe8, 0xe4, 0xad, 0xbe, 0x00, 0x00, 0x80, 0xbf, 0xc6, 0xc6, 0xc6, 0xff, 0x23, 0x12, 0x25, 0x3f,
    0x20, 0x42, 0xfc, 0x3e, 0x0f, 0x27, 0x96, 0xc3, 0x60, 0x9d, 0x96, 0x43, 0x6d, 0xe5, 0x95, 0xc3,
    0x2b, 0x5e, 0x8a, 0xbe, 0x9f, 0x82, 0xd3, 0xbe, 0x0b, 0xa2, 0x5e, 0xbf, 0x18, 0x3b, 0x55, 0xbe,
    0x36, 0x2f, 0x68, 0x3f, 0x13, 0x74, 0xbb, 0xbe, 0x00, 0x00, 0x80, 0xbf, 0xc6, 0xc6, 0xc6, 0xff,
    0x87, 0xfe, 0x19, 0x3f, 0x5e, 0x81, 0x00, 0x3f, 0xb9, 0x27, 0x96, 0xc3, 0xf8, 0x9d, 0x96, 0x43,
    0xc4, 0xe5, 0x95, 0xc3, 0x2c, 0x5e, 0x8a, 0xbe, 0xa0, 0x82, 0xd3, 0xbe, 0x0c, 0xa2, 0x5e, 0xbf,
    0x18, 0x3b, 0x55, 0xbe, 0x36, 0x2f, 0x68, 0x3f, 0x13, 0x74, 0xbb, 0xbe, 0x00, 0x00, 0x80, 0xbf,
    0xc6, 0xc6, 0xc6, 0xff, 0x39, 0x7c, 0x1e, 0x3f, 0xa0, 0xff, 0x02, 0x3f, 0xd8, 0x26, 0x96, 0xc3,
    0x70, 0x9e, 0x96, 0x43, 0xe1, 0xe5, 0x95, 0xc3, 0x2a, 0x5e, 0x8a, 0xbe, 0xa0, 0x82, 0xd3, 0xbe,
    0x0b, 0xa2, 0x5e, 0xbf, 0x17, 0x3b, 0x55, 0xbe, 0x35, 0x2f, 0x68, 0x3f, 0x15, 0x74, 0xbb, 0xbe,
    0x00, 0x00, 0x80, 0xbf, 0xc6, 0xc6, 0xc6, 0xff, 0x23, 0x12, 0x25, 0x3f, 0x20, 0x42, 0xfc, 0x3e,
    0xcb, 0x27, 0x96, 0xc3, 0xbd, 0x9d, 0x96, 0x43, 0x16, 0xe5, 0x95, 0xc3, 0x58, 0x2e, 0x3c, 0xbf,
    0x93, 0x83, 0xf2, 0xbe, 0x22, 0x5c, 0xf8, 0xbe, 0xbd, 0x82, 0x84, 0x3d, 0x86, 0xc7, 0x29, 0x3f,
    0x40, 0xe2, 0x3e, 0xbf, 0x00, 0x00, 0x80, 0xbf, 0xc6, 0xc6, 0xc6, 0xff, 0xec, 0x50, 0x19, 0x3f,
    0xbd, 0xfe, 0x04, 0x3f, 0x0f, 0x27, 0x96, 0xc3, 0x60, 0x9d, 0x96, 0x43, 0x6d, 0xe5, 0x95, 0xc3,
    0x58, 0x2e, 0x3c, 0xbf, 0x93, 0x83, 0xf2, 0xbe, 0x20, 0x5c, 0xf8, 0xbe, 0xbd, 0x82, 0x84, 0x3d,
    0x86, 0xc7, 0x29, 0x3f, 0x40, 0xe2, 0x3e, 0xbf, 0x00, 0x00, 0x80, 0xbf, 0xc6, 0xc6, 0xc6, 0xff,
    0x87, 0xfe, 0x19, 0x3f, 0x5e, 0x81, 0x00, 0x3f, 0x68, 0x27, 0x96, 0xc3, 0x3f, 0x9d, 0x96, 0x43,
    0x86, 0xe4, 0x95, 0xc3, 0x58, 0x2e, 0x3c, 0xbf, 0x93, 0x83, 0xf2, 0xbe, 0x22, 0x5c, 0xf8, 0xbe,
    0xc4, 0x82, 0x84, 0x3d, 0x87, 0xc7, 0x29, 0x3f, 0x3f, 0xe2, 0x3e, 0xbf, 0x00, 0x00, 0x80, 0xbf,
    0xc6, 0xc6, 0xc6, 0xff, 0x8c, 0xf7, 0x13, 0x3f, 0x39, 0x7b, 0x03, 0x3f, 0xb9, 0x27, 0x96, 0xc3,
    0xf8, 0x9d, 0x96, 0x43, 0xc4, 0xe5, 0x95, 0xc3, 0xa5, 0xf3, 0x65, 0xbf, 0xa6, 0xdc, 0xcd, 0xbd,
    0x85, 0x0d, 0xdb, 0xbe, 0xcc, 0x15, 0x83, 0x3d, 0xb3, 0xe5, 0x6e, 0x3f, 0x2f, 0x0f, 0xb5, 0xbe,
    0x00, 0x00, 0x80, 0xbf, 0xc6, 0xc6, 0xc6, 0xff, 0x39, 0x7c, 0x1e, 0x3f, 0xa0, 0xff, 0x02, 0x3f,
    0xb4, 0x27, 0x96, 0xc3, 0x87, 0x9e, 0x96, 0x43, 0x2a, 0xe5, 0x95, 0xc3, 0xa5, 0xf3, 0x65, 0xbf,
    0xa6, 0xdc, 0xcd, 0xbd, 0x85, 0x0d, 0xdb, 0xbe, 0xcc, 0x15, 0x83, 0x3d, 0xb3, 0xe5, 0x6e, 0x3f,
    0x2f, 0x0f, 0xb5, 0xbe, 0x00, 0x00, 0x80, 0xbf, 0xc6, 0xc6, 0xc6, 0xff, 0xe5, 0x9d, 0x23, 0x3f,
    0xac, 0xe5, 0x06, 0x3f, 0x7a, 0x27, 0x96, 0xc3, 0xc0, 0x9e, 0x96, 0x43, 0xfb, 0xe5, 0x95, 0xc3,
    0xa5, 0xf3, 0x65, 0xbf, 0xa6, 0xdc, 0xcd, 0xbd, 0x85, 0x0d, 0xdb, 0xbe, 0xcc, 0x15, 0x83, 0x3d,
    0xb3, 0xe5, 0x6e, 0x3f, 0x2f, 0x0f, 0xb5, 0xbe, 0x00, 0x00, 0x80, 0xbf, 0xc6, 0xc6, 0xc6, 0xff,
    0x91, 0x47, 0x28, 0x3f, 0x43, 0xe6, 0x02, 0x3f, 0x7a, 0x27, 0x96, 0xc3, 0xc0, 0x9e, 0x96, 0x43,
    0xfb, 0xe5, 0x95, 0xc3, 0xaf, 0x62, 0x48, 0xbf, 0x54, 0x01, 0xda, 0x3e, 0x3d, 0x61, 0xe8, 0xbe,
    0x16, 0xed, 0x0c, 0x3f, 0x05, 0x5b, 0x50, 0x3f, 0x59, 0x51, 0x3e, 0xbe, 0x00, 0x00, 0x80, 0xbf,
    0xc6, 0xc6, 0xc6, 0xff, 0x91, 0x47, 0x28, 0x3f, 0x43, 0xe6, 0x02, 0x3f, 0x8e, 0x27, 0x96, 0xc3,
    0x0d, 0x9f, 0x96, 0x43, 0x8b, 0xe5, 0x95, 0xc3, 0xb0, 0x62, 0x48, 0xbf, 0x54, 0x01, 0xda, 0x3e,
    0x3e, 0x61, 0xe8, 0xbe, 0x16, 0xed, 0x0c, 0x3f, 0x05, 0x5b, 0x50, 0x3f, 0x59, 0x51, 0x3e, 0xbe,
    0x00, 0x00, 0x80, 0xbf, 0xc6, 0xc6, 0xc6, 0xff, 0x5f, 0x95, 0x27, 0x3f, 0xd2, 0x36, 0x06, 0x3f,
    0x54, 0x27, 0x96, 0xc3, 0x63, 0x9f, 0x96, 0x43, 0x9f, 0xe5, 0x95, 0xc3, 0xb0, 0x62, 0x48, 0xbf,
    0x53, 0x01, 0xda, 0x3e, 0x3d, 0x61, 0xe8, 0xbe, 0x16, 0xed, 0x0c, 0x3f, 0x05, 0x5b, 0x50, 0x3f,
    0x5c, 0x51, 0x3e, 0xbe, 0x00, 0x00, 0x80, 0xbf, 0xc6, 0xc6, 0xc6, 0xff, 0x82, 0x39, 0x2a, 0x3f,
    0xbe, 0x33, 0x06, 0x3f, 0x23, 0x27, 0x96, 0xc3, 0x20, 0x9f, 0x96, 0x43, 0x22, 0xe5, 0x95, 0xc3,
    0xd1, 0x00, 0x68, 0x3f, 0x50, 0x72, 0xa0, 0x3e, 0x49, 0x41, 0x91, 0x3e, 0x52, 0x8e, 0xb7, 0xbe,
    0xac, 0xe5, 0x6c, 0x3f, 0xcb, 0x09, 0xfc, 0x3d, 0x00, 0x00, 0x80, 0xbf, 0xc6, 0xc6, 0xc6, 0xff,
    0x9b, 0x39, 0x28, 0x3f, 0xd8, 0x80, 0xf0, 0x3e, 0xd8, 0x26, 0x96, 0xc3, 0x70, 0x9e, 0x96, 0x43,
    0xe1, 0xe5, 0x95, 0xc3, 0xd1, 0x00, 0x68, 0x3f, 0x50, 0x72, 0xa0, 0x3e, 0x49, 0x41, 0x91, 0x3e,
    0x52, 0x8e, 0xb7, 0xbe, 0xac, 0xe5, 0x6c, 0x3f, 0xcb, 0x09, 0xfc, 0x3d, 0x00, 0x00, 0x80, 0xbf,
    0xc6, 0xc6, 0xc6, 0xff, 0x23, 0x12, 0x25, 0x3f, 0x20, 0x42, 0xfc, 0x3e, 0xf9, 0x26, 0x96, 0xc3,
    0x24, 0x9f, 0x96, 0x43, 0xfa, 0xe5, 0x95, 0xc3, 0xd1, 0x00, 0x68, 0x3f, 0x50, 0x72, 0xa0, 0x3e,
    0x49, 0x41, 0x91, 0x3e, 0x51, 0x8e, 0xb7, 0xbe, 0xac, 0xe5, 0x6c, 0x3f, 0xcb, 0x09, 0xfc, 0x3d,
    0x00, 0x00, 0x80, 0xbf, 0xc6, 0xc6, 0xc6, 0xff, 0x90, 0x86, 0x2b, 0x3f, 0x79, 0x22, 0x00, 0x3f,
    0x54, 0x27, 0x96, 0xc3, 0x63, 0x9f, 0x96, 0x43, 0x9f, 0xe5, 0x95, 0xc3, 0x81, 0x39, 0x3a, 0xbf,
    0xac, 0x5a, 0xef, 0x3e, 0x74, 0x95, 0x00, 0xbf, 0x0e, 0x9e, 0xdf, 0x3e, 0xa0, 0x49, 0x61, 0x3f,
    0xd2, 0x02, 0x3f, 0x3e, 0x00, 0x00, 0x80, 0xbf, 0xc6, 0xc6, 0xc6, 0xff, 0x82, 0x39, 0x2a, 0x3f,
    0xbe, 0x33, 0x06, 0x3f, 0xf9, 0x26, 0x96, 0xc3, 0x24, 0x9f, 0x96, 0x43, 0xfa, 0xe5, 0x95, 0xc3,
    0x81, 0x39, 0x3a, 0xbf, 0xac, 0x5a, 0xef, 0x3e, 0x74, 0x95, 0x00, 0xbf, 0x10, 0x9e, 0xdf, 0x3e,
    0xa0, 0x49, 0x61, 0x3f, 0xd3, 0x02, 0x3f, 0x3e, 0x00, 0x00, 0x80, 0xbf, 0xc6, 0xc6, 0xc6, 0xff,
    0x90, 0x86, 0x2b, 0x3f, 0x79, 0x22, 0x00, 0x3f, 0x7a, 0x27, 0x96, 0xc3, 0xc0, 0x9e, 0x96, 0x43,
    0xfb, 0xe5, 0x95, 0xc3, 0x80, 0x39, 0x3a, 0xbf, 0xad, 0x5a, 0xef, 0x3e, 0x73, 0x95, 0x00, 0xbf,
    0x10, 0x9e, 0xdf, 0x3e, 0xa0, 0x49, 0x61, 0x3f, 0xd3, 0x02, 0x3f, 0x3e, 0x00, 0x00, 0x80, 0xbf,
    0xc6, 0xc6, 0xc6, 0xff, 0x91, 0x47, 0x28, 0x3f, 0x43, 0xe6, 0x02, 0x3f, 0x44, 0x27, 0x96, 0xc3,
    0x4e, 0x9f, 0x96, 0x43, 0x4e, 0xe5, 0x95, 0xc3, 0xd8, 0xa1, 0x11, 0x3f, 0xb1, 0xaf, 0x3e, 0x3f,
    0x49, 0x81, 0xb2, 0x3e, 0xd4, 0x05, 0x2c, 0xbf, 0xd5, 0x56, 0x2a, 0x3f, 0x65, 0x7a, 0xa6, 0xbe,
    0x00, 0x00, 0x80, 0xbf, 0xc6, 0xc6, 0xc6, 0xff, 0xe4, 0x13, 0x2a, 0x3f, 0xc9, 0x72, 0xf2, 0x3e,
    0x23, 0x27, 0x96, 0xc3, 0x20, 0x9f, 0x96, 0x43, 0x22, 0xe5, 0x95, 0xc3, 0xd8, 0xa1, 0x11, 0x3f,
    0xb1, 0xaf, 0x3e, 0x3f, 0x49, 0x81, 0xb2, 0x3e, 0xd4, 0x05, 0x2c, 0xbf, 0xd5, 0x56, 0x2a, 0x3f,
    0x65, 0x7a, 0xa6, 0xbe, 0x00, 0x00, 0x80, 0xbf, 0xc6, 0xc6, 0xc6, 0xff, 0x9b, 0x39, 0x28, 0x3f,
    0xd8, 0x80, 0xf0, 0x3e, 0xf9, 0x26, 0x96, 0xc3, 0x24, 0x9f, 0x96, 0x43, 0xfa, 0xe5, 0x95, 0xc3,
    0xd8, 0xa1, 0x11, 0x3f, 0xb2, 0xaf, 0x3e, 0x3f, 0x48, 0x81, 0xb2, 0x3e, 0xd5, 0x05, 0x2c, 0xbf,
    0xd4, 0x56, 0x2a, 0x3f, 0x66, 0x7a, 0xa6, 0xbe, 0x00, 0x00, 0x80, 0xbf, 0xc6, 0xc6, 0xc6, 0xff,
    0x90, 0x86, 0x2b, 0x3f, 0x79, 0x22, 0x00, 0x3f, 0x44, 0x27, 0x96, 0xc3, 0x4e, 0x9f, 0x96, 0x43,
    0x4e, 0xe5, 0x95, 0xc3, 0x5d, 0x88, 0x3f, 0xbe, 0x96, 0x8e, 0x1c, 0x3f, 0xaf, 0xce, 0x44, 0x3f,
    0x3b, 0x0c, 0x76, 0x3e, 0x7f, 0x8c, 0x49, 0x3f, 0xe7, 0x5c, 0x11, 0xbf, 0x00, 0x00, 0x80, 0xbf,
    0xc6, 0xc6, 0xc6, 0xff, 0xd5, 0x04, 0x29, 0x3f, 0x2d, 0x27, 0x09, 0x3f, 0x7d, 0x27, 0x96, 0xc3,
    0x8f, 0x9e, 0x96, 0x43, 0xad, 0xe4, 0x95, 0xc3, 0x5b, 0x88, 0x3f, 0xbe, 0x96, 0x8e, 0x1c, 0x3f,
    0xaf, 0xce, 0x44, 0x3f, 0x3e, 0x0c, 0x76, 0x3e, 0x7f, 0x8c, 0x49, 0x3f, 0xe6, 0x5c, 0x11, 0xbf,
    0x00, 0x00, 0x80, 0xbf, 0xc6, 0xc6, 0xc6, 0xff, 0xb4, 0xe7, 0x1e, 0x3f, 0xbb, 0x63, 0x09, 0x3f,
    0x23, 0x27, 0x96, 0xc3, 0x20, 0x9f, 0x96, 0x43, 0x22, 0xe5, 0x95, 0xc3, 0x5d, 0x88, 0x3f, 0xbe,
    0x96, 0x8e, 0x1c, 0x3f, 0xaf, 0xce, 0x44, 0x3f, 0x3d, 0x0c, 0x76, 0x3e, 0x7f, 0x8c, 0x49, 0x3f,
    0xe6, 0x5c, 0x11, 0xbf, 0x00, 0x00, 0x80, 0xbf, 0xc6, 0xc6, 0xc6, 0xff, 0x41, 0x7d, 0x27, 0x3f,
    0x81, 0x96, 0x0a, 0x3f, 0xcb, 0x27, 0x96, 0xc3, 0xbd, 0x9d, 0x96, 0x43, 0x16, 0xe5, 0x95, 0xc3,
    0x0e, 0x9b, 0x3c, 0xbf, 0xae, 0x89, 0xeb, 0xbe, 0x34, 0xba, 0xfd, 0xbe, 0xc1, 0x27, 0xb2, 0xbd,
    0x87, 0x91, 0x4a, 0x3f, 0x63, 0xf0, 0x1a, 0xbf, 0x00, 0x00, 0x80, 0xbf, 0xc6, 0xc6, 0xc6, 0xff,
    0xec, 0x50, 0x19, 0x3f, 0xbd, 0xfe, 0x04, 0x3f, 0xb9, 0x27, 0x96, 0xc3, 0xf8, 0x9d, 0x96, 0x43,
    0xc4, 0xe5, 0x95, 0xc3, 0x0d, 0x9b, 0x3c, 0xbf, 0xae, 0x89, 0xeb, 0xbe, 0x34, 0xba, 0xfd, 0xbe,
    0xb7, 0x27, 0xb2, 0xbd, 0x88, 0x91, 0x4a, 0x3f, 0x63, 0xf0, 0x1a, 0xbf, 0x00, 0x00, 0x80, 0xbf,
    0xc6, 0xc6, 0xc6, 0xff, 0x39, 0x7c, 0x1e, 0x3f, 0xa0, 0xff, 0x02, 0x3f, 0x0f, 0x27, 0x96, 0xc3,
    0x60, 0x9d, 0x96, 0x43, 0x6d, 0xe5, 0x95, 0xc3, 0x0d, 0x9b, 0x3c, 0xbf, 0xae, 0x89, 0xeb, 0xbe,
    0x34, 0xba, 0xfd, 0xbe, 0xc3, 0x27, 0xb2, 0xbd, 0x87, 0x91, 0x4a, 0x3f, 0x65, 0xf0, 0x1a, 0xbf,
    0x00, 0x00, 0x80, 0xbf, 0xc6, 0xc6, 0xc6, 0xff, 0x87, 0xfe, 0x19, 0x3f, 0x5e, 0x81, 0x00, 0x3f,
    0x7d, 0x27, 0x96, 0xc3, 0x8f, 0x9e, 0x96, 0x43, 0xad, 0xe4, 0x95, 0xc3, 0x41, 0x00, 0x47, 0x3d,
    0x2a, 0xdc, 0xe0, 0x3e, 0x57, 0xa7, 0x65, 0x3f, 0x90, 0xc9, 0x04, 0x3f, 0x7a, 0xa6, 0x41, 0x3f,
    0xbb, 0xfd, 0xcb, 0xbe, 0x00, 0x00, 0x80, 0xbf, 0xc6, 0xc6, 0xc6, 0xff, 0xb4, 0xe7, 0x1e, 0x3f,
    0xbb, 0x63, 0x09, 0x3f, 0xfb, 0x27, 0x96, 0xc3, 0x2c, 0x9e, 0x96, 0x43, 0xa8, 0xe4, 0x95, 0xc3,
    0x40, 0x00, 0x47, 0x3d, 0x28, 0xdc, 0xe0, 0x3e, 0x58, 0xa7, 0x65, 0x3f, 0x90, 0xc9, 0x04, 0x3f,
    0x7a, 0xa6, 0x41, 0x3f, 0xb9, 0xfd, 0xcb, 0xbe, 0x00, 0x00, 0x80, 0xbf, 0xc6, 0xc6, 0xc6, 0xff,
    0xd5, 0xb2, 0x19, 0x3f, 0xbc, 0x58, 0x08, 0x3f, 0xfb, 0x26, 0x96, 0xc3, 0x03, 0x9e, 0x96, 0x43,
    0x7c, 0xe4, 0x95, 0xc3, 0x41, 0x00, 0x47, 0x3d, 0x2a, 0xdc, 0xe0, 0x3e, 0x57, 0xa7, 0x65, 0x3f,
    0x91, 0xc9, 0x04, 0x3f, 0x7a, 0xa6, 0x41, 0x3f, 0xba, 0xfd, 0xcb, 0xbe, 0x00, 0x00, 0x80, 0xbf,
    0xc6, 0xc6, 0xc6, 0xff, 0xdc, 0x84, 0x17, 0x3f, 0x50, 0xc6, 0x0c, 0x3f, 0xfb, 0x27, 0x96, 0xc3,
    0x2c, 0x9e, 0x96, 0x43, 0xa8, 0xe4, 0x95, 0xc3, 0xc7, 0xe9, 0x44, 0xbf, 0xae, 0x09, 0x01, 0x3f,
    0xfd, 0x19, 0xc9, 0x3e, 0xdb, 0x89, 0xde, 0x3e, 0x97, 0xfe, 0x5c, 0x3f, 0xdb, 0x66, 0x83, 0xbe,
    0x00, 0x00, 0x80, 0xbf, 0xc6, 0xc6, 0xc6, 0xff, 0xd5, 0xb2, 0x19, 0x3f, 0xbc, 0x58, 0x08, 0x3f,
    0x7d, 0x27, 0x96, 0xc3, 0x8f, 0x9e, 0x96, 0x43, 0xad, 0xe4, 0x95, 0xc3, 0xc7, 0xe9, 0x44, 0xbf,
    0xad, 0x09, 0x01, 0x3f, 0xfc, 0x19, 0xc9, 0x3e, 0xd7, 0x89, 0xde, 0x3e, 0x97, 0xfe, 0x5c, 0x3f,
    0xdb, 0x66, 0x83, 0xbe, 0x00, 0x00, 0x80, 0xbf, 0xc6, 0xc6, 0xc6, 0xff, 0xb4, 0xe7, 0x1e, 0x3f,
    0xbb, 0x63, 0x09, 0x3f, 0xb4, 0x27, 0x96, 0xc3, 0x87, 0x9e, 0x96, 0x43, 0x2a, 0xe5, 0x95, 0xc3,
    0xc7, 0xe9, 0x44, 0xbf, 0xae, 0x09, 0x01, 0x3f, 0xfd, 0x19, 0xc9, 0x3e, 0xd9, 0x89, 0xde, 0x3e,
    0x97, 0xfe, 0x5c, 0x3f, 0xd9, 0x66, 0x83, 0xbe, 0x00, 0x00, 0x80, 0xbf, 0xc6, 0xc6, 0xc6, 0xff,
    0xe5, 0x9d, 0x23, 0x3f, 0xac, 0xe5, 0x06, 0x3f, 0xde, 0x26, 0x96, 0xc3, 0x6a, 0x9e, 0x96, 0x43,
    0xc5, 0xe4, 0x95, 0xc3, 0xbe, 0x53, 0xbf, 0x3e, 0x65, 0x52, 0xed, 0x3e, 0xf7, 0xad, 0x4d, 0x3f,
    0xfa, 0x87, 0x1a, 0x3e, 0xf5, 0x02, 0x53, 0x3f, 0xa0, 0xb4, 0x0b, 0xbf, 0x00, 0x00, 0x80, 0xbf,
    0xc6, 0xc6, 0xc6, 0xff, 0xb4, 0xe6, 0x1b, 0x3f, 0x57, 0x0a, 0x0d, 0x3f, 0x23, 0x27, 0x96, 0xc3,
    0x20, 0x9f, 0x96, 0x43, 0x22, 0xe5, 0x95, 0xc3, 0xbb, 0x53, 0xbf, 0x3e, 0x67, 0x52, 0xed, 0x3e,
    0xf6, 0xad, 0x4d, 0x3f, 0xf9, 0x87, 0x1a, 0x3e, 0xf5, 0x02, 0x53, 0x3f, 0xa0, 0xb4, 0x0b, 0xbf,
    0x00, 0x00, 0x80, 0xbf, 0xc6, 0xc6, 0xc6, 0xff, 0x41, 0x7d, 0x27, 0x3f, 0x81, 0x96, 0x0a, 0x3f,
    0xfb, 0x26, 0x96, 0xc3, 0x03, 0x9e, 0x96, 0x43, 0x7c, 0xe4, 0x95, 0xc3, 0xbb, 0x53, 0xbf, 0x3e,
    0x67, 0x52, 0xed, 0x3e, 0xf6, 0xad, 0x4d, 0x3f, 0xf9, 0x87, 0x1a, 0x3e, 0xf5, 0x02, 0x53, 0x3f,
    0xa0, 0xb4, 0x0b, 0xbf, 0x00, 0x00, 0x80, 0xbf, 0xc6, 0xc6, 0xc6, 0xff, 0xdc, 0x84, 0x17, 0x3f,
    0x50, 0xc6, 0x0c, 0x3f, 0xfb, 0x26, 0x96, 0xc3, 0x03, 0x9e, 0x96, 0x43, 0x7c, 0xe4, 0x95, 0xc3,
    0x92, 0x92, 0x69, 0x3f, 0x02, 0xd0, 0x62, 0x3d, 0xa7, 0xa4, 0xcf, 0x3e, 0x76, 0xf5, 0xca, 0x3e,
    0xed, 0x6a, 0x02, 0x3e, 0x48, 0xc1, 0x68, 0xbf, 0x00, 0x00, 0x80, 0xbf, 0xc6, 0xc6, 0xc6, 0xff,
    0x62, 0xa1, 0x16, 0x3f, 0x1a, 0x14, 0xf5, 0x3e, 0xc1, 0x26, 0x96, 0xc3, 0x8b, 0x9d, 0x96, 0x43,
    0xf0, 0xe4, 0x95, 0xc3, 0x92, 0x92, 0x69, 0x3f, 0x02, 0xd0, 0x62, 0x3d, 0xa7, 0xa4, 0xcf, 0x3e,
    0x77, 0xf5, 0xca, 0x3e, 0xf0, 0x6a, 0x02, 0x3e, 0x48, 0xc1, 0x68, 0xbf, 0x00, 0x00, 0x80, 0xbf,
    0xc6, 0xc6, 0xc6, 0xff, 0xc5, 0x3b, 0x18, 0x3f, 0x2d, 0xcf, 0xfb, 0x3e, 0xde, 0x26, 0x96, 0xc3,
    0x6a, 0x9e, 0x96, 0x43, 0xc5, 0xe4, 0x95, 0xc3, 0x92, 0x92, 0x69, 0x3f, 0x02, 0xd0, 0x62, 0x3d,
    0xa7, 0xa4, 0xcf, 0x3e, 0x76, 0xf5, 0xca, 0x3e, 0xf0, 0x6a, 0x02, 0x3e, 0x48, 0xc1, 0x68, 0xbf,
    0x00, 0x00, 0x80, 0xbf, 0xc6, 0xc6, 0xc6, 0xff, 0x43, 0x75, 0x1b, 0x3f, 0x6b, 0x82, 0xf0, 0x3e,
    0x54, 0x27, 0x96, 0xc3, 0x63, 0x9f, 0x96, 0x43, 0x9f, 0xe5, 0x95, 0xc3, 0xc7, 0x51, 0x28, 0x3e,
    0xe2, 0x0b, 0x76, 0x3f, 0x1f, 0x35, 0x63, 0x3e, 0x49, 0x88, 0x34, 0xbf, 0x28, 0x27, 0x8b, 0x3e,
    0xdb, 0xa3, 0x27, 0xbf, 0x00, 0x00, 0x80, 0xbf, 0xc6, 0xc6, 0xc6, 0xff, 0x47, 0xaa, 0x2b, 0x3f,
    0x12, 0x4f, 0xf6, 0x3e, 0x44, 0x27, 0x96, 0xc3, 0x4e, 0x9f, 0x96, 0x43, 0x4e, 0xe5, 0x95, 0xc3,
    0xc8, 0x51, 0x28, 0x3e, 0xe3, 0x0b, 0x76, 0x3f, 0x23, 0x35, 0x63, 0x3e, 0x48, 0x88, 0x34, 0xbf,
    0x2a, 0x27, 0x8b, 0x3e, 0xdb, 0xa3, 0x27, 0xbf, 0x00, 0x00, 0x80, 0xbf, 0xc6, 0xc6, 0xc6, 0xff,
    0xe4, 0x13, 0x2a, 0x3f, 0xc9, 0x72, 0xf2, 0x3e, 0xf9, 0x26, 0x96, 0xc3, 0x24, 0x9f, 0x96, 0x43,
    0xfa, 0xe5, 0x95, 0xc3, 0xc8, 0x51, 0x28, 0x3e, 0xe3, 0x0b, 0x76, 0x3f, 0x20, 0x35, 0x63, 0x3e,
    0x49, 0x88, 0x34, 0xbf, 0x2a, 0x27, 0x8b, 0x3e, 0xdb, 0xa3, 0x27, 0xbf, 0x00, 0x00, 0x80, 0xbf,
    0xc6, 0xc6, 0xc6, 0xff, 0x90, 0x86, 0x2b, 0x3f, 0x79, 0x22, 0x00, 0x3f, 0x8e, 0x27, 0x96, 0xc3,
    0x0d, 0x9f, 0x96, 0x43, 0x8b, 0xe5, 0x95, 0xc3, 0x6b, 0x02, 0x41, 0xbf, 0xce, 0x44, 0x15, 0x3f,
    0x9a, 0xf2, 0x9a, 0x3e, 0xab, 0x8d, 0x0d, 0x3f, 0x33, 0xde, 0x4f, 0x3f, 0x9f, 0x65, 0x3f, 0xbe,
    0x00, 0x00, 0x80, 0xbf, 0xc6, 0xc6, 0xc6, 0xff, 0x5f, 0x95, 0x27, 0x3f, 0xd2, 0x36, 0x06, 0x3f,
    0x44, 0x27, 0x96, 0xc3, 0x4e, 0x9f, 0x96, 0x43, 0x4e, 0xe5, 0x95, 0xc3, 0x6b, 0x02, 0x41, 0xbf,
    0xcf, 0x44, 0x15, 0x3f, 0x99, 0xf2, 0x9a, 0x3e, 0xab, 0x8d, 0x0d, 0x3f, 0x33, 0xde, 0x4f, 0x3f,
    0x9c, 0x65, 0x3f, 0xbe, 0x00, 0x00, 0x80, 0xbf, 0xc6, 0xc6, 0xc6, 0xff, 0xd5, 0x04, 0x29, 0x3f,
    0x2d, 0x27, 0x09, 0x3f, 0x54, 0x27, 0x96, 0xc3, 0x63, 0x9f, 0x96, 0x43, 0x9f, 0xe5, 0x95, 0xc3,
    0x6b, 0x02, 0x41, 0xbf, 0xce, 0x44, 0x15, 0x3f, 0x9a, 0xf2, 0x9a, 0x3e, 0xab, 0x8d, 0x0d, 0x3f,
    0x33, 0xde, 0x4f, 0x3f, 0x9f, 0x65, 0x3f, 0xbe, 0x00, 0x00, 0x80, 0xbf, 0xc6, 0xc6, 0xc6, 0xff,
    0x82, 0x39, 0x2a, 0x3f, 0xbe, 0x33, 0x06, 0x3f, 0x98, 0x26, 0x96, 0xc3, 0x18, 0x9e, 0x96, 0x43,
    0x8c, 0xe5, 0x95, 0xc3, 0x87, 0x68, 0x73, 0x3f, 0x1b, 0xf3, 0x8b, 0x3d, 0x16, 0xb1, 0x9a, 0x3e,
    0x15, 0xd6, 0x4f, 0x3e, 0x74, 0x71, 0x19, 0x3f, 0x82, 0x38, 0x46, 0xbf, 0x00, 0x00, 0x80, 0xbf,
    0xc6, 0xc6, 0xc6, 0xff, 0x03, 0x24, 0x1e, 0x3f, 0xa6, 0xee, 0xfa, 0x3e, 0xde, 0x26, 0x96, 0xc3,
    0x6a, 0x9e, 0x96, 0x43, 0xc5, 0xe4, 0x95, 0xc3, 0x87, 0x68, 0x73, 0x3f, 0x1b, 0xf3, 0x8b, 0x3d,
    0x16, 0xb1, 0x9a, 0x3e, 0x14, 0xd6, 0x4f, 0x3e, 0x74, 0x71, 0x19, 0x3f, 0x81, 0x38, 0x46, 0xbf,
    0x00, 0x00, 0x80, 0xbf, 0xc6, 0xc6, 0xc6, 0xff, 0x43, 0x75, 0x1b, 0x3f, 0x6b, 0x82, 0xf0, 0x3e,
    0xc1, 0x26, 0x96, 0xc3, 0x8b, 0x9d, 0x96, 0x43, 0xf0, 0xe4, 0x95, 0xc3, 0x87, 0x68, 0x73, 0x3f,
    0x19, 0xf3, 0x8b, 0x3d, 0x15, 0xb1, 0x9a, 0x3e, 0x14, 0xd6, 0x4f, 0x3e, 0x74, 0x71, 0x19, 0x3f,
    0x82, 0x38, 0x46, 0xbf, 0x00, 0x00, 0x80, 0xbf, 0xc6, 0xc6, 0xc6, 0xff, 0xc5, 0x3b, 0x18, 0x3f,
    0x2d, 0xcf, 0xfb, 0x3e, 0x0f, 0x27, 0x96, 0xc3, 0x60, 0x9d, 0x96, 0x43, 0x6d, 0xe5, 0x95, 0xc3,
    0x17, 0xa2, 0x4a, 0x3f, 0xda, 0x7d, 0x04, 0xbf, 0x01, 0x65, 0xa6, 0xbe, 0x3b, 0xba, 0xb4, 0x3d,
    0xc1, 0x7d, 0x1f, 0x3f, 0xc7, 0xf7, 0x46, 0xbf, 0x00, 0x00, 0x80, 0xbf, 0xc6, 0xc6, 0xc6, 0xff,
    0x87, 0xfe, 0x19, 0x3f, 0x5e, 0x81, 0x00, 0x3f, 0x98, 0x26, 0x96, 0xc3, 0x18, 0x9e, 0x96, 0x43,
    0x8c, 0xe5, 0x95, 0xc3, 0x16, 0xa2, 0x4a, 0x3f, 0xda, 0x7d, 0x04, 0xbf, 0x02, 0x65, 0xa6, 0xbe,
    0x35, 0xba, 0xb4, 0x3d, 0xc1, 0x7d, 0x1f, 0x3f, 0xc6, 0xf7, 0x46, 0xbf, 0x00, 0x00, 0x80, 0xbf,
    0xc6, 0xc6, 0xc6, 0xff, 0x03, 0x24, 0x1e, 0x3f, 0xa6, 0xee, 0xfa, 0x3e, 0xc1, 0x26, 0x96, 0xc3,
    0x8b, 0x9d, 0x96, 0x43, 0xf0, 0xe4, 0x95, 0xc3, 0x16, 0xa2, 0x4a, 0x3f, 0xdb, 0x7d, 0x04, 0xbf,
    0x02, 0x65, 0xa6, 0xbe, 0x39, 0xba, 0xb4, 0x3d, 0xc1, 0x7d, 0x1f, 0x3f, 0xc6, 0xf7, 0x46, 0xbf,
    0x00, 0x00, 0x80, 0xbf, 0xc6, 0xc6, 0xc6, 0xff, 0xc5, 0x3b, 0x18, 0x3f, 0x2d, 0xcf, 0xfb, 0x3e,
    0x68, 0x27, 0x96, 0xc3, 0x3f, 0x9d, 0x96, 0x43, 0x86, 0xe4, 0x95, 0xc3, 0x2a, 0x6a, 0x0f, 0x3f,
    0x76, 0xfc, 0x4f, 0xbf, 0x89, 0x68, 0x25, 0xbe, 0x10, 0xc4, 0xb4, 0xbe, 0x56, 0xb0, 0x6c, 0xbd,
    0x82, 0x0e, 0x6f, 0xbf, 0x00, 0x00, 0x80, 0xbf, 0xc6, 0xc6, 0xc6, 0xff, 0x8c, 0xf7, 0x13, 0x3f,
    0x39, 0x7b, 0x03, 0x3f, 0xc1, 0x26, 0x96, 0xc3, 0x8b, 0x9d, 0x96, 0x43, 0xf0, 0xe4, 0x95, 0xc3,
    0x2a, 0x6a, 0x0f, 0x3f, 0x76, 0xfc, 0x4f, 0xbf, 0x89, 0x68, 0x25, 0xbe, 0x13, 0xc4, 0xb4, 0xbe,
    0x3e, 0xb0, 0x6c, 0xbd, 0x84, 0x0e, 0x6f, 0xbf, 0x00, 0x00, 0x80, 0xbf, 0xc6, 0xc6, 0xc6, 0xff,
    0xc5, 0x3b, 0x18, 0x3f, 0x2d, 0xcf, 0xfb, 0x3e, 0x3c, 0x27, 0x96, 0xc3, 0x57, 0x9d, 0x96, 0x43,
    0x72, 0xe4, 0x95, 0xc3, 0x2a, 0x6a, 0x0f, 0x3f, 0x76, 0xfc, 0x4f, 0xbf, 0x89, 0x68, 0x25, 0xbe,
    0x11, 0xc4, 0xb4, 0xbe, 0x5f, 0xb0, 0x6c, 0xbd, 0x84, 0x0e, 0x6f, 0xbf, 0x00, 0x00, 0x80, 0xbf,
    0xc6, 0xc6, 0xc6, 0xff, 0x5d, 0x6f, 0x13, 0x3f, 0x9a, 0x5e, 0x02, 0x3f, 0x74, 0x27, 0x96, 0xc3,
    0x6b, 0x9d, 0x96, 0x43, 0x6a, 0xe4, 0x95, 0xc3, 0xcb, 0x62, 0x42, 0x3e, 0xd3, 0x74, 0x1d, 0x3e,
    0x5a, 0x3e, 0x78, 0x3f, 0x6d, 0x00, 0x48, 0xbf, 0xf8, 0x30, 0x1f, 0x3f, 0x9d, 0x8d, 0x5e, 0x3d,
    0x00, 0x00, 0x80, 0xbf, 0xc6, 0xc6, 0xc6, 0xff, 0xf6, 0xb4, 0x13, 0x3f, 0xb0, 0xcb, 0x04, 0x3f,
    0x3c, 0x27, 0x96, 0xc3, 0x57, 0x9d, 0x96, 0x43, 0x72, 0xe4, 0x95, 0xc3, 0xc5, 0x62, 0x42, 0x3e,
    0xd5, 0x74, 0x1d, 0x3e, 0x5a, 0x3e, 0x78, 0x3f, 0x6e, 0x00, 0x48, 0xbf, 0xf7, 0x30, 0x1f, 0x3f,
    0x89, 0x8d, 0x5e, 0x3d, 0x00, 0x00, 0x80, 0xbf, 0xc6, 0xc6, 0xc6, 0xff, 0x0b, 0x7b, 0x12, 0x3f,
    0x2a, 0xa7, 0x05, 0x3f, 0xfb, 0x26, 0x96, 0xc3, 0x03, 0x9e, 0x96, 0x43, 0x7c, 0xe4, 0x95, 0xc3,
    0xcb, 0x62, 0x42, 0x3e, 0xd3, 0x74, 0x1d, 0x3e, 0x5a, 0x3e, 0x78, 0x3f, 0x6d, 0x00, 0x48, 0xbf,
    0xf8, 0x30, 0x1f, 0x3f, 0x9d, 0x8d, 0x5e, 0x3d, 0x00, 0x00, 0x80, 0xbf, 0xc6, 0xc6, 0xc6, 0xff,
    0xdc, 0x84, 0x17, 0x3f, 0x50, 0xc6, 0x0c, 0x3f, 0xcb, 0x27, 0x96, 0xc3, 0xbd, 0x9d, 0x96, 0x43,
    0x16, 0xe5, 0x95, 0xc3, 0x81, 0x70, 0x79, 0xbf, 0xe3, 0x40, 0x55, 0xbe, 0xa0, 0x1b, 0xae, 0xbd,
    0x83, 0x5b, 0xd7, 0xbc, 0xd1, 0x28, 0xf6, 0x3e, 0xd6, 0x5e, 0x60, 0xbf, 0x00, 0x00, 0x80, 0xbf,
    0xc6, 0xc6, 0xc6, 0xff, 0xec, 0x50, 0x19, 0x3f, 0xbd, 0xfe, 0x04, 0x3f, 0x68, 0x27, 0x96, 0xc3,
    0x3f, 0x9d, 0x96, 0x43, 0x86, 0xe4, 0x95, 0xc3, 0x81, 0x70, 0x79, 0xbf, 0xe3, 0x40, 0x55, 0xbe,
    0xa0, 0x1b, 0xae, 0xbd, 0x83, 0x5b, 0xd7, 0xbc, 0xd1, 0x28, 0xf6, 0x3e, 0xd6, 0x5e, 0x60, 0xbf,
    0x00, 0x00, 0x80, 0xbf, 0xc6, 0xc6, 0xc6, 0xff, 0x8c, 0xf7, 0x13, 0x3f, 0x39, 0x7b, 0x03, 0x3f,
    0x74, 0x27, 0x96, 0xc3, 0x6b, 0x9d, 0x96, 0x43, 0x6a, 0xe4, 0x95, 0xc3, 0x81, 0x70, 0x79, 0xbf,
    0xe5, 0x40, 0x55, 0xbe, 0xa0, 0x1b, 0xae, 0xbd, 0xb7, 0x5b, 0xd7, 0xbc, 0xd2, 0x28, 0xf6, 0x3e,
    0xd5, 0x5e, 0x60, 0xbf, 0x00, 0x00, 0x80, 0xbf, 0xc6, 0xc6, 0xc6, 0xff, 0xf6, 0xb4, 0x13, 0x3f,
    0xb0, 0xcb, 0x04, 0x3f, 0x74, 0x27, 0x96, 0xc3, 0x6b, 0x9d, 0x96, 0x43, 0x6a, 0xe4, 0x95, 0xc3,
    0x5f, 0x5d, 0x7a, 0xbd, 0xdb, 0x72, 0xf9, 0xbe, 0x72, 0x03, 0x5f, 0x3f, 0xd8, 0x12, 0xd1, 0xbe,
    0xb1, 0xc0, 0x48, 0xbf, 0x09, 0x38, 0xef, 0xbe, 0x00, 0x00, 0x80, 0xbf, 0xc6, 0xc6, 0xc6, 0xff,
    0xf6, 0xb4, 0x13, 0x3f, 0xb0, 0xcb, 0x04, 0x3f, 0x68, 0x27, 0x96, 0xc3, 0x3f, 0x9d, 0x96, 0x43,
    0x86, 0xe4, 0x95, 0xc3, 0x5f, 0x5d, 0x7a, 0xbd, 0xdb, 0x72, 0xf9, 0xbe, 0x72, 0x03, 0x5f, 0x3f,
    0xd8, 0x12, 0xd1, 0xbe, 0xb1, 0xc0, 0x48, 0xbf, 0x09, 0x38, 0xef, 0xbe, 0x00, 0x00, 0x80, 0xbf,
    0xc6, 0xc6, 0xc6, 0xff, 0x8c, 0xf7, 0x13, 0x3f, 0x39, 0x7b, 0x03, 0x3f, 0x3c, 0x27, 0x96, 0xc3,
    0x57, 0x9d, 0x96, 0x43, 0x72, 0xe4, 0x95, 0xc3, 0x5b, 0x5d, 0x7a, 0xbd, 0xdb, 0x72, 0xf9, 0xbe,
    0x72, 0x03, 0x5f, 0x3f, 0xd9, 0x12, 0xd1, 0xbe, 0xb1, 0xc0, 0x48, 0xbf, 0x06, 0x38, 0xef, 0xbe,
    0x00, 0x00, 0x80, 0xbf, 0xc6, 0xc6, 0xc6, 0xff, 0x5d, 0x6f, 0x13, 0x3f, 0x9a, 0x5e, 0x02, 0x3f,
    0x7a, 0x27, 0x96, 0xc3, 0xc0, 0x9e, 0x96, 0x43, 0xfb, 0xe5, 0x95, 0xc3, 0x88, 0x16, 0x6a, 0xbf,
    0xcd, 0x92, 0x0e, 0xbd, 0x27, 0x7d, 0xce, 0xbe, 0xb0, 0x80, 0x28, 0x3e, 0x4c, 0xd8, 0x60, 0x3f,
    0x24, 0xd6, 0xe5, 0xbe, 0x00, 0x00, 0x80, 0xbf, 0xc6, 0xc6, 0xc6, 0xff, 0x91, 0x47, 0x28, 0x3f,
    0x43, 0xe6, 0x02, 0x3f, 0xb4, 0x27, 0x96, 0xc3, 0x87, 0x9e, 0x96, 0x43, 0x2a, 0xe5, 0x95, 0xc3,
    0x88, 0x16, 0x6a, 0xbf, 0xcd, 0x92, 0x0e, 0xbd, 0x27, 0x7d, 0xce, 0xbe, 0xaf, 0x80, 0x28, 0x3e,
    0x4c, 0xd8, 0x60, 0x3f, 0x24, 0xd6, 0xe5, 0xbe, 0x00, 0x00, 0x80, 0xbf, 0xc6, 0xc6, 0xc6, 0xff,
    0xe5, 0x9d, 0x23, 0x3f, 0xac, 0xe5, 0x06, 0x3f, 0x8e, 0x27, 0x96, 0xc3, 0x0d, 0x9f, 0x96, 0x43,
    0x8b, 0xe5, 0x95, 0xc3, 0x88, 0x16, 0x6a, 0xbf, 0xcd, 0x92, 0x0e, 0xbd, 0x27, 0x7d, 0xce, 0xbe,
    0xb0, 0x80, 0x28, 0x3e, 0x4c, 0xd8, 0x60, 0x3f, 0x24, 0xd6, 0xe5, 0xbe, 0x00, 0x00, 0x80, 0xbf,
    0xc6, 0xc6, 0xc6, 0xff, 0x5f, 0x95, 0x27, 0x3f, 0xd2, 0x36, 0x06, 0x3f, 0xb4, 0x27, 0x96, 0xc3,
    0x87, 0x9e, 0x96, 0x43, 0x2a, 0xe5, 0x95, 0xc3, 0xe0, 0xeb, 0x43, 0xbf, 0xa2, 0x37, 0x01, 0x3f,
    0x9c, 0x7c, 0xcc, 0x3e, 0x68, 0x07, 0x9d, 0x3e, 0xaf, 0xdd, 0x54, 0x3f, 0x69, 0x25, 0xed, 0xbe,
    0x00, 0x00, 0x80, 0xbf, 0xc6, 0xc6, 0xc6, 0xff, 0xe5, 0x9d, 0x23, 0x3f, 0xac, 0xe5, 0x06, 0x3f,
    0x44, 0x27, 0x96, 0xc3, 0x4e, 0x9f, 0x96, 0x43, 0x4e, 0xe5, 0x95, 0xc3, 0xe0, 0xeb, 0x43, 0xbf,
    0xa3, 0x37, 0x01, 0x3f, 0x9c, 0x7c, 0xcc, 0x3e, 0x67, 0x07, 0x9d, 0x3e, 0xaf, 0xdd, 0x54, 0x3f,
    0x6b, 0x25, 0xed, 0xbe, 0x00, 0x00, 0x80, 0xbf, 0xc6, 0xc6, 0xc6, 0xff, 0xd5, 0x04, 0x29, 0x3f,
    0x2d, 0x27, 0x09, 0x3f, 0x8e, 0x27, 0x96, 0xc3, 0x0d, 0x9f, 0x96, 0x43, 0x8b, 0xe5, 0x95, 0xc3,
    0xe0, 0xeb, 0x43, 0xbf, 0xa2, 0x37, 0x01, 0x3f, 0x9c, 0x7c, 0xcc, 0x3e, 0x68, 0x07, 0x9d, 0x3e,
    0xaf, 0xdd, 0x54, 0x3f, 0x69, 0x25, 0xed, 0xbe, 0x00, 0x00, 0x80, 0xbf, 0xc6, 0xc6, 0xc6, 0xff,
    0x5f, 0x95, 0x27, 0x3f, 0xd2, 0x36, 0x06, 0x3f, 0xcb, 0x27, 0x96, 0xc3, 0xbd, 0x9d, 0x96, 0x43,
    0x16, 0xe5, 0x95, 0xc3, 0x66, 0x93, 0x72, 0xbf, 0x1b, 0x3f, 0xd9, 0xbd, 0x35, 0x58, 0x9a, 0xbe,
    0xf7, 0x5e, 0xb7, 0x3d, 0x0d, 0x41, 0x51, 0x3f, 0xac, 0xae, 0x11, 0xbf, 0x00, 0x00, 0x80, 0xbf,
    0xc6, 0xc6, 0xc6, 0xff, 0xec, 0x50, 0x19, 0x3f, 0xbd, 0xfe, 0x04, 0x3f, 0xfb, 0x27, 0x96, 0xc3,
    0x2c, 0x9e, 0x96, 0x43, 0xa8, 0xe4, 0x95, 0xc3, 0x66, 0x93, 0x72, 0xbf, 0x1b, 0x3f, 0xd9, 0xbd,
    0x35, 0x58, 0x9a, 0xbe, 0xf7, 0x5e, 0xb7, 0x3d, 0x0d, 0x41, 0x51, 0x3f, 0xac, 0xae, 0x11, 0xbf,
    0x00, 0x00, 0x80, 0xbf, 0xc6, 0xc6, 0xc6, 0xff, 0xd5, 0xb2, 0x19, 0x3f, 0xbc, 0x58, 0x08, 0x3f,
    0xb4, 0x27, 0x96, 0xc3, 0x87, 0x9e, 0x96, 0x43, 0x2a, 0xe5, 0x95, 0xc3, 0x66, 0x93, 0x72, 0xbf,
    0x1b, 0x3f, 0xd9, 0xbd, 0x35, 0x58, 0x9a, 0xbe, 0xf8, 0x5e, 0xb7, 0x3d, 0x0e, 0x41, 0x51, 0x3f,
    0xab, 0xae, 0x11, 0xbf, 0x00, 0x00, 0x80, 0xbf, 0xc6, 0xc6, 0xc6, 0xff, 0xe5, 0x9d, 0x23, 0x3f,
    0xac, 0xe5, 0x06, 0x3f, 0xb9, 0x27, 0x96, 0xc3, 0xf8, 0x9d, 0x96, 0x43, 0xc4, 0xe5, 0x95, 0xc3,
    0x64, 0xed, 0x70, 0xbf, 0x30, 0x80, 0xe8, 0xbd, 0xf1, 0x09, 0xa3, 0xbe, 0x8e, 0x4b, 0xd1, 0x3d,
    0x4c, 0x65, 0x4d, 0x3f, 0xd7, 0x8b, 0x16, 0xbf, 0x00, 0x00, 0x80, 0xbf, 0xc6, 0xc6, 0xc6, 0xff,
    0x39, 0x7c, 0x1e, 0x3f, 0xa0, 0xff, 0x02, 0x3f, 0x3b, 0x12, 0x96, 0xc3, 0x87, 0xaa, 0x96, 0x43,
    0x83, 0xe1, 0x95, 0xc3, 0xe5, 0xfb, 0xeb, 0x3d, 0x4d, 0x0f, 0x40, 0xbf, 0x8c, 0xab, 0x26, 0xbf,
    0x9c, 0xb4, 0x2c, 0xbf, 0x3f, 0x49, 0x0a, 0xbf, 0x24, 0xc9, 0x00, 0x3f, 0x00, 0x00, 0x80, 0x3f,
    0xc0, 0xc0, 0xc0, 0xff, 0x41, 0x9e, 0xed, 0x3e, 0x2f, 0xa4, 0x33, 0x3e, 0x4c, 0x13, 0x96, 0xc3,
    0x79, 0xaa, 0x96, 0x43, 0xa2, 0xe1, 0x95, 0xc3, 0xe5, 0xfb, 0xeb, 0x3d, 0x4d, 0x0f, 0x40, 0xbf,
    0x8c, 0xab, 0x26, 0xbf, 0x9c, 0xb4, 0x2c, 0xbf, 0x3f, 0x49, 0x0a, 0xbf, 0x25, 0xc9, 0x00, 0x3f,
    0x00, 0x00, 0x80, 0x3f, 0xc0, 0xc0, 0xc0, 0xff, 0x65, 0x1b, 0xf0, 0x3e, 0xdd, 0x40, 0x51, 0x3e,
    0xe7, 0x12, 0x96, 0xc3, 0xd0, 0xaa, 0x96, 0x43, 0xf5, 0xe1, 0x95, 0xc3, 0xea, 0xfb, 0xeb, 0x3d,
    0x4d, 0x0f, 0x40, 0xbf, 0x8c, 0xab, 0x26, 0xbf, 0x9c, 0xb4, 0x2c, 0xbf, 0x41, 0x49, 0x0a, 0xbf,
    0x25, 0xc9, 0x00, 0x3f, 0x00, 0x00, 0x80, 0x3f, 0xc0, 0xc0, 0xc0, 0xff, 0x67, 0xf1, 0xe2, 0x3e,
    0xb5, 0x35, 0x52, 0x3e, 0x7e, 0x11, 0x96, 0xc3, 0xc3, 0xab, 0x96, 0x43, 0xe0, 0xe1, 0x95, 0xc3,
    0x8b, 0xfc, 0x33, 0x3f, 0xdb, 0x17, 0x0e, 0xbf, 0x7e, 0x99, 0xe3, 0xbe, 0x71, 0x2c, 0x98, 0x3e,
    0xa7, 0x54, 0xad, 0xbe, 0x44, 0x8d, 0x64, 0x3f, 0x00, 0x00, 0x80, 0x3f, 0xc0, 0xc0, 0xc0, 0xff,
    0xde, 0x57, 0xdd, 0x3e, 0xac, 0x8e, 0xdc, 0x3d, 0x9b, 0x11, 0x96, 0xc3, 0x49, 0xab, 0x96, 0x43,
    0x75, 0xe1, 0x95, 0xc3, 0x8c, 0xfc, 0x33, 0x3f, 0xdc, 0x17, 0x0e, 0xbf, 0x7e, 0x99, 0xe3, 0xbe,
    0x71, 0x2c, 0x98, 0x3e, 0xa7, 0x54, 0xad, 0xbe, 0x44, 0x8d, 0x64, 0x3f, 0x00, 0x00, 0x80, 0x3f,
    0xc0, 0xc0, 0xc0, 0xff, 0xbf, 0xb6, 0xee, 0x3e, 0xae, 0x9a, 0x07, 0x3e, 0x3a, 0x12, 0x96, 0xc3,
    0x06, 0xab, 0x96, 0x43, 0x1d, 0xe2, 0x95, 0xc3, 0x8c, 0xfc, 0x33, 0x3f, 0xdc, 0x17, 0x0e, 0xbf,
    0x7e, 0x99, 0xe3, 0xbe, 0x71, 0x2c, 0x98, 0x3e, 0xa7, 0x54, 0xad, 0xbe, 0x44, 0x8d, 0x64, 0x3f,
    0x00, 0x00, 0x80, 0x3f, 0xc0, 0xc0, 0xc0, 0xff, 0xee, 0xec, 0xdb, 0x3e, 0xb7, 0x9b, 0x30, 0x3e,
    0x9b, 0x11, 0x96, 0xc3, 0x49, 0xab, 0x96, 0x43, 0x75, 0xe1, 0x95, 0xc3, 0x6b, 0xd4, 0x00, 0x3f,
    0xdd, 0x13, 0xd6, 0xbe, 0x06, 0x9a, 0x41, 0x3f, 0xee, 0x73, 0x07, 0xbf, 0xba, 0xf6, 0x0a, 0x3f,
    0x44, 0xf7, 0x26, 0x3f, 0x00, 0x00, 0x80, 0x3f, 0xc0, 0xc0, 0xc0, 0xff, 0xbf, 0xb6, 0xee, 0x3e,
    0xae, 0x9a, 0x07, 0x3e, 0x5e, 0x11, 0x96, 0xc3, 0xeb, 0xab, 0x96, 0x43, 0x44, 0xe1, 0x95, 0xc3,
    0x6b, 0xd4, 0x00, 0x3f, 0xdb, 0x13, 0xd6, 0xbe, 0x06, 0x9a, 0x41, 0x3f, 0xee, 0x73, 0x07, 0xbf,
    0xba, 0xf6, 0x0a, 0x3f, 0x44, 0xf7, 0x26, 0x3f, 0x00, 0x00, 0x80, 0x3f, 0xc0, 0xc0, 0xc0, 0xff,
    0xdb, 0x16, 0xf5, 0x3e, 0xdd, 0xb1, 0xd8, 0x3d, 0x67, 0x12, 0x96, 0xc3, 0xe0, 0xaa, 0x96, 0x43,
    0x27, 0xe1, 0x95, 0xc3, 0x6b, 0xd4, 0x00, 0x3f, 0xdb, 0x13, 0xd6, 0xbe, 0x06, 0x9a, 0x41, 0x3f,
    0xee, 0x73, 0x07, 0xbf, 0xba, 0xf6, 0x0a, 0x3f, 0x44, 0xf7, 0x26, 0x3f, 0x00, 0x00, 0x80, 0x3f,
    0xc0, 0xc0, 0xc0, 0xff, 0x3c, 0xdc, 0xf6, 0x3e, 0x87, 0xdf, 0x2d, 0x3e, 0x67, 0x12, 0x96, 0xc3,
    0xe0, 0xaa, 0x96, 0x43, 0x27, 0xe1, 0x95, 0xc3, 0x84, 0xc2, 0x25, 0xbd, 0xe1, 0x32, 0x3a, 0xbf,
    0xb1, 0x61, 0x2f, 0x3f, 0xc6, 0xee, 0x1f, 0xbf, 0x1f, 0xb3, 0x0d, 0x3f, 0xf3, 0xfd, 0x0c, 0x3f,
    0x00, 0x00, 0x80, 0x3f, 0xc0, 0xc0, 0xc0, 0xff, 0x3c, 0xdc, 0xf6, 0x3e, 0x87, 0xdf, 0x2d, 0x3e,
    0x4c, 0x13, 0x96, 0xc3, 0x79, 0xaa, 0x96, 0x43, 0xa2, 0xe1, 0x95, 0xc3, 0x79, 0xc2, 0x25, 0xbd,
    0xe1, 0x32, 0x3a, 0xbf, 0xb1, 0x61, 0x2f, 0x3f, 0xc6, 0xee, 0x1f, 0xbf, 0x1f, 0xb3, 0x0d, 0x3f,
    0xf3, 0xfd, 0x0c, 0x3f, 0x00, 0x00, 0x80, 0x3f, 0xc0, 0xc0, 0xc0, 0xff, 0x65, 0x1b, 0xf0, 0x3e,
    0xdd, 0x40, 0x51, 0x3e, 0x3b, 0x12, 0x96, 0xc3, 0x87, 0xaa, 0x96, 0x43, 0x83, 0xe1, 0x95, 0xc3,
    0x84, 0xc2, 0x25, 0xbd, 0xe1, 0x32, 0x3a, 0xbf, 0xb1, 0x61, 0x2f, 0x3f, 0xc6, 0xee, 0x1f, 0xbf,
    0x1f, 0xb3, 0x0d, 0x3f, 0xf3, 0xfd, 0x0c, 0x3f, 0x00, 0x00, 0x80, 0x3f, 0xc0, 0xc0, 0xc0, 0xff,
    0x41, 0x9e, 0xed, 0x3e, 0x2f, 0xa4, 0x33, 0x3e, 0x32, 0x12, 0x96, 0xc3, 0x2f, 0xab, 0x96, 0x43,
    0x24, 0xe2, 0x95, 0xc3, 0xf6, 0x4f, 0xc6, 0xbd, 0xcf, 0x2b, 0x02, 0x3f, 0x58, 0x09, 0x5b, 0xbf,
    0xfe, 0x31, 0xcb, 0x3e, 0xeb, 0xc4, 0x44, 0xbf, 0x9e, 0x6f, 0x00, 0xbf, 0x00, 0x00, 0x80, 0x3f,
    0xc0, 0xc0, 0xc0, 0xff, 0xed, 0x82, 0xd9, 0x3e, 0xf3, 0xc9, 0x2a, 0x3e, 0xb5, 0x12, 0x96, 0xc3,
    0x48, 0xab, 0x96, 0x43, 0x06, 0xe2, 0x95, 0xc3, 0xf2, 0x4f, 0xc6, 0xbd, 0xcf, 0x2b, 0x02, 0x3f,
    0x58, 0x09, 0x5b, 0xbf, 0xfe, 0x31, 0xcb, 0x3e, 0xeb, 0xc4, 0x44, 0xbf, 0x9e, 0x6f, 0x00, 0xbf,
    0x00, 0x00, 0x80, 0x3f, 0xc0, 0xc0, 0xc0, 0xff, 0xc8, 0x95, 0xd2, 0x3e, 0x58, 0xe1, 0x46, 0x3e,
    0x7e, 0x11, 0x96, 0xc3, 0xc3, 0xab, 0x96, 0x43, 0xe0, 0xe1, 0x95, 0xc3, 0xf3, 0x4f, 0xc6, 0xbd,
    0xcf, 0x2b, 0x02, 0x3f, 0x58, 0x09, 0x5b, 0xbf, 0xfd, 0x31, 0xcb, 0x3e, 0xeb, 0xc4, 0x44, 0xbf,
    0x9e, 0x6f, 0x00, 0xbf, 0x00, 0x00, 0x80, 0x3f, 0xc0, 0xc0, 0xc0, 0xff, 0xde, 0x57, 0xdd, 0x3e,
    0xac, 0x8e, 0xdc, 0x3d, 0xb5, 0x12, 0x96, 0xc3, 0x48, 0xab, 0x96, 0x43, 0x06, 0xe2, 0x95, 0xc3,
    0x6c, 0x92, 0x14, 0xbf, 0x48, 0x01, 0x91, 0x3e, 0x84, 0x76, 0x43, 0xbf, 0x3b, 0xa2, 0xed, 0x3d,
    0x98, 0x35, 0x66, 0xbf, 0x31, 0xf0, 0xd7, 0xbe, 0x00, 0x00, 0x80, 0x3f, 0xc0, 0xc0, 0xc0, 0xff,
    0xc8, 0x95, 0xd2, 0x3e, 0x58, 0xe1, 0x46, 0x3e, 0xa7, 0x12, 0x96, 0xc3, 0x06, 0xab, 0x96, 0x43,
    0x29, 0xe2, 0x95, 0xc3, 0x6c, 0x92, 0x14, 0xbf, 0x46, 0x01, 0x91, 0x3e, 0x84, 0x76, 0x43, 0xbf,
    0x3c, 0xa2, 0xed, 0x3d, 0x98, 0x35, 0x66, 0xbf, 0x31, 0xf0, 0xd7, 0xbe, 0x00, 0x00, 0x80, 0x3f,
    0xc0, 0xc0, 0xc0, 0xff, 0x6e, 0x32, 0xda, 0x3e, 0x60, 0xe4, 0x45, 0x3e, 0x09, 0x13, 0x96, 0xc3,
    0xe3, 0xaa, 0x96, 0x43, 0xec, 0xe1, 0x95, 0xc3, 0x6c, 0x92, 0x14, 0xbf, 0x46, 0x01, 0x91, 0x3e,
    0x84, 0x76, 0x43, 0xbf, 0x3c, 0xa2, 0xed, 0x3d, 0x98, 0x35, 0x66, 0xbf, 0x31, 0xf0, 0xd7, 0xbe,
    0x00, 0x00, 0x80, 0x3f, 0xc0, 0xc0, 0xc0, 0xff, 0x92, 0x3b, 0xe4, 0x3e, 0x45, 0x2e, 0x58, 0x3e,
    0x8d, 0x11, 0x96, 0xc3, 0xd8, 0xab, 0x96, 0x43, 0xd6, 0xe1, 0x95, 0xc3, 0x28, 0x4e, 0xc0, 0xbe,
    0x77, 0x06, 0x59, 0x3f, 0x86, 0xbc, 0xbf, 0xbe, 0xb6, 0x69, 0xd3, 0x3c, 0xbe, 0xe7, 0xc9, 0xbe,
    0x58, 0x29, 0x6b, 0xbf, 0x00, 0x00, 0x80, 0x3f, 0xc0, 0xc0, 0xc0, 0xff, 0xfe, 0x2a, 0x04, 0x3f,
    0x31, 0x7c, 0xe4, 0x3d, 0x83, 0x12, 0x96, 0xc3, 0x6a, 0xab, 0x96, 0x43, 0xd9, 0xe1, 0x95, 0xc3,
    0x28, 0x4e, 0xc0, 0xbe, 0x77, 0x06, 0x59, 0x3f, 0x86, 0xbc, 0xbf, 0xbe, 0xe3, 0x69, 0xd3, 0x3c,
    0xc2, 0xe7, 0xc9, 0xbe, 0x58, 0x29, 0x6b, 0xbf, 0x00, 0x00, 0x80, 0x3f, 0xc0, 0xc0, 0xc0, 0xff,
    0xf0, 0xfc, 0x06, 0x3f, 0xc1, 0xe1, 0x35, 0x3e, 0x16, 0x11, 0x96, 0xc3, 0x49, 0xac, 0x96, 0x43,
    0x4e, 0xe1, 0x95, 0xc3, 0x26, 0x4e, 0xc0, 0xbe, 0x77, 0x06, 0x59, 0x3f, 0x89, 0xbc, 0xbf, 0xbe,
    0xa7, 0x69, 0xd3, 0x3c, 0xc2, 0xe7, 0xc9, 0xbe, 0x58, 0x29, 0x6b, 0xbf, 0x00, 0x00, 0x80, 0x3f,
    0xc0, 0xc0, 0xc0, 0xff, 0x63, 0x7e, 0xf6, 0x3e, 0xe5, 0x61, 0xa1, 0x3d, 0x32, 0x12, 0x96, 0xc3,
    0x2f, 0xab, 0x96, 0x43, 0x24, 0xe2, 0x95, 0xc3, 0xa1, 0x2b, 0xec, 0xbd, 0xfa, 0x4e, 0xe5, 0x3e,
    0x50, 0xfa, 0x62, 0xbf, 0x73, 0xfa, 0x01, 0x3e, 0x95, 0xed, 0x60, 0xbf, 0xba, 0xb0, 0xeb, 0xbe,
    0x00, 0x00, 0x80, 0x3f, 0xc0, 0xc0, 0xc0, 0xff, 0xed, 0x82, 0xd9, 0x3e, 0xf3, 0xc9, 0x2a, 0x3e,
    0xa7, 0x12, 0x96, 0xc3, 0x06, 0xab, 0x96, 0x43, 0x29, 0xe2, 0x95, 0xc3, 0xa1, 0x2b, 0xec, 0xbd,
    0xfa, 0x4e, 0xe5, 0x3e, 0x50, 0xfa, 0x62, 0xbf, 0x71, 0xfa, 0x01, 0x3e, 0x95, 0xed, 0x60, 0xbf,
    0xbb, 0xb0, 0xeb, 0xbe, 0x00, 0x00, 0x80, 0x3f, 0xc0, 0xc0, 0xc0, 0xff, 0x6e, 0x32, 0xda, 0x3e,
    0x60, 0xe4, 0x45, 0x3e, 0xb5, 0x12, 0x96, 0xc3, 0x48, 0xab, 0x96, 0x43, 0x06, 0xe2, 0x95, 0xc3,
    0xa1, 0x2b, 0xec, 0xbd, 0xfa, 0x4e, 0xe5, 0x3e, 0x50, 0xfa, 0x62, 0xbf, 0x73, 0xfa, 0x01, 0x3e,
    0x95, 0xed, 0x60, 0xbf, 0xba, 0xb0, 0xeb, 0xbe, 0x00, 0x00, 0x80, 0x3f, 0xc0, 0xc0, 0xc0, 0xff,
    0xc8, 0x95, 0xd2, 0x3e, 0x58, 0xe1, 0x46, 0x3e, 0xe7, 0x12, 0x96, 0xc3, 0xd0, 0xaa, 0x96, 0x43,
    0xf5, 0xe1, 0x95, 0xc3, 0xff, 0x99, 0xbf, 0x3d, 0x15, 0x2c, 0x45, 0xbf, 0x9a, 0x82, 0x21, 0xbf,
    0x38, 0xd3, 0x9e, 0x3d, 0x1f, 0x49, 0x20, 0xbf, 0x07, 0x9f, 0x46, 0x3f, 0x00, 0x00, 0x80, 0x3f,
    0xc0, 0xc0, 0xc0, 0xff, 0x67, 0xf1, 0xe2, 0x3e, 0xb5, 0x35, 0x52, 0x3e, 0x3a, 0x12, 0x96, 0xc3,
    0x06, 0xab, 0x96, 0x43, 0x1d, 0xe2, 0x95, 0xc3, 0xf8, 0x99, 0xbf, 0x3d, 0x14, 0x2c, 0x45, 0xbf,
    0x9b, 0x82, 0x21, 0xbf, 0x35, 0xd3, 0x9e, 0x3d, 0x1f, 0x49, 0x20, 0xbf, 0x07, 0x9f, 0x46, 0x3f,
    0x00, 0x00, 0x80, 0x3f, 0xc0, 0xc0, 0xc0, 0xff, 0xee, 0xec, 0xdb, 0x3e, 0xb7, 0x9b, 0x30, 0x3e,
    0x3b, 0x12, 0x96, 0xc3, 0x87, 0xaa, 0x96, 0x43, 0x83, 0xe1, 0x95, 0xc3, 0xff, 0x99, 0xbf, 0x3d,
    0x15, 0x2c, 0x45, 0xbf, 0x9a, 0x82, 0x21, 0xbf, 0x35, 0xd3, 0x9e, 0x3d, 0x1f, 0x49, 0x20, 0xbf,
    0x07, 0x9f, 0x46, 0x3f, 0x00, 0x00, 0x80, 0x3f, 0xc0, 0xc0, 0xc0, 0xff, 0x41, 0x9e, 0xed, 0x3e,
    0x2f, 0xa4, 0x33, 0x3e, 0x67, 0x12, 0x96, 0xc3, 0xe0, 0xaa, 0x96, 0x43, 0x27, 0xe1, 0x95, 0xc3,
    0x31, 0xb2, 0xdd, 0xbe, 0x15, 0xac, 0x46, 0xbe, 0x23, 0x59, 0x61, 0x3f, 0x32, 0x26, 0x7b, 0xbc,
    0x8a, 0x5e, 0x7a, 0x3f, 0x93, 0x02, 0x55, 0x3e, 0x00, 0x00, 0x80, 0x3f, 0xc0, 0xc0, 0xc0, 0xff,
    0x3c, 0xdc, 0xf6, 0x3e, 0x87, 0xdf, 0x2d, 0x3e, 0x85, 0x12, 0x96, 0xc3, 0xf5, 0xaa, 0x96, 0x43,
    0x31, 0xe1, 0x95, 0xc3, 0x31, 0xb2, 0xdd, 0xbe, 0x15, 0xac, 0x46, 0xbe, 0x24, 0x59, 0x61, 0x3f,
    0x13, 0x26, 0x7b, 0xbc, 0x8a, 0x5e, 0x7a, 0x3f, 0x8d, 0x02, 0x55, 0x3e, 0x00, 0x00, 0x80, 0x3f,
    0xc0, 0xc0, 0xc0, 0xff, 0x49, 0x9d, 0xf8, 0x3e, 0xc0, 0x03, 0x33, 0x3e, 0x40, 0x13, 0x96, 0xc3,
    0x95, 0xaa, 0x96, 0x43, 0xa2, 0xe1, 0x95, 0xc3, 0x31, 0xb2, 0xdd, 0xbe, 0x15, 0xac, 0x46, 0xbe,
    0x23, 0x59, 0x61, 0x3f, 0x0b, 0x26, 0x7b, 0xbc, 0x8a, 0x5e, 0x7a, 0x3f, 0x92, 0x02, 0x55, 0x3e,
    0x00, 0x00, 0x80, 0x3f, 0xc0, 0xc0, 0xc0, 0xff, 0x18, 0xb1, 0xef, 0x3e, 0x74, 0x79, 0x53, 0x3e,
    0x8d, 0x11, 0x96, 0xc3, 0xd8, 0xab, 0x96, 0x43, 0xd6, 0xe1, 0x95, 0xc3, 0xf6, 0x9c, 0xca, 0xbe,
    0xe7, 0xae, 0x63, 0x3f, 0x16, 0x61, 0x6a, 0xbe, 0xdf, 0x56, 0x9d, 0x3d, 0x2d, 0x7d, 0x5d, 0xbe,
    0x33, 0x2a, 0x79, 0xbf, 0x00, 0x00, 0x80, 0x3f, 0xc0, 0xc0, 0xc0, 0xff, 0xfe, 0x2a, 0x04, 0x3f,
    0x31, 0x7c, 0xe4, 0x3d, 0xb5, 0x12, 0x96, 0xc3, 0x48, 0xab, 0x96, 0x43, 0x06, 0xe2, 0x95, 0xc3,
    0xf5, 0x9c, 0xca, 0xbe, 0xe7, 0xae, 0x63, 0x3f, 0x16, 0x61, 0x6a, 0xbe, 0xe1, 0x56, 0x9d, 0x3d,
    0x2d, 0x7d, 0x5d, 0xbe, 0x33, 0x2a, 0x79, 0xbf, 0x00, 0x00, 0x80, 0x3f, 0xc0, 0xc0, 0xc0, 0xff,
    0xf6, 0x26, 0x0a, 0x3f, 0x28, 0xd7, 0x44, 0x3e, 0x83, 0x12, 0x96, 0xc3, 0x6a, 0xab, 0x96, 0x43,
    0xd9, 0xe1, 0x95, 0xc3, 0xf5, 0x9c, 0xca, 0xbe, 0xe7, 0xae, 0x63, 0x3f, 0x16, 0x61, 0x6a, 0xbe,
    0xdf, 0x56, 0x9d, 0x3d, 0x2d, 0x7d, 0x5d, 0xbe, 0x33, 0x2a, 0x79, 0xbf, 0x00, 0x00, 0x80, 0x3f,
    0xc0, 0xc0, 0xc0, 0xff, 0xf0, 0xfc, 0x06, 0x3f, 0xc1, 0xe1, 0x35, 0x3e, 0xb5, 0x12, 0x96, 0xc3,
    0x48, 0xab, 0x96, 0x43, 0x06, 0xe2, 0x95, 0xc3, 0x21, 0x9f, 0x1f, 0xbf, 0xa7, 0xdb, 0x45, 0x3f,
    0xc1, 0x37, 0xf1, 0x3d, 0x2e, 0x63, 0x07, 0x3f, 0x19, 0x26, 0x07, 0x3f, 0xe7, 0x1e, 0x2a, 0xbf,
    0x00, 0x00, 0x80, 0x3f, 0xc0, 0xc0, 0xc0, 0xff, 0x40, 0x4d, 0x05, 0x3f, 0x0d, 0xff, 0x49, 0x3e,
    0x1e, 0x13, 0x96, 0xc3, 0xec, 0xaa, 0x96, 0x43, 0xd6, 0xe1, 0x95, 0xc3, 0x21, 0x9f, 0x1f, 0xbf,
    0xa7, 0xdb, 0x45, 0x3f, 0xc6, 0x37, 0xf1, 0x3d, 0x2e, 0x63, 0x07, 0x3f, 0x19, 0x26, 0x07, 0x3f,
    0xe7, 0x1e, 0x2a, 0xbf, 0x00, 0x00, 0x80, 0x3f, 0xc0, 0xc0, 0xc0, 0xff, 0xff, 0xea, 0xf9, 0x3e,
    0x25, 0x7a, 0x59, 0x3e, 0x83, 0x12, 0x96, 0xc3, 0x6a, 0xab, 0x96, 0x43, 0xd9, 0xe1, 0x95, 0xc3,
    0x21, 0x9f, 0x1f, 0xbf, 0xa7, 0xdb, 0x45, 0x3f, 0xc6, 0x37, 0xf1, 0x3d, 0x2e, 0x63, 0x07, 0x3f,
    0x1a, 0x26, 0x07, 0x3f, 0xe7, 0x1e, 0x2a, 0xbf, 0x00, 0x00, 0x80, 0x3f, 0xc0, 0xc0, 0xc0, 0xff,
    0xf0, 0xfc, 0x06, 0x3f, 0xc1, 0xe1, 0x35, 0x3e, 0x5e, 0x11, 0x96, 0xc3, 0xeb, 0xab, 0x96, 0x43,
    0x44, 0xe1, 0x95, 0xc3, 0xbb, 0xcc, 0xa4, 0x3e, 0xbc, 0x59, 0x12, 0xbe, 0x4f, 0x99, 0x6f, 0x3f,
    0x37, 0x23, 0x03, 0xbf, 0xc2, 0x18, 0x4e, 0x3f, 0x4f, 0x24, 0x99, 0x3e, 0x00, 0x00, 0x80, 0x3f,
    0xc0, 0xc0, 0xc0, 0xff, 0xdb, 0x16, 0xf5, 0x3e, 0xdd, 0xb1, 0xd8, 0x3d, 0x9f, 0x10, 0x96, 0xc3,
    0x7b, 0xac, 0x96, 0x43, 0x6f, 0xe1, 0x95, 0xc3, 0xbc, 0xcc, 0xa4, 0x3e, 0xbf, 0x59, 0x12, 0xbe,
    0x4f, 0x99, 0x6f, 0x3f, 0x37, 0x23, 0x03, 0xbf, 0xc2, 0x18, 0x4e, 0x3f, 0x50, 0x24, 0x99, 0x3e,
    0x00, 0x00, 0x80, 0x3f, 0xc0, 0xc0, 0xc0, 0xff, 0xd6, 0x6e, 0xf3, 0x3e, 0x05, 0x8b, 0x43, 0x3d,
    0x16, 0x11, 0x96, 0xc3, 0x49, 0xac, 0x96, 0x43, 0x4e, 0xe1, 0x95, 0xc3, 0xbc, 0xcc, 0xa4, 0x3e,
    0xbf, 0x59, 0x12, 0xbe, 0x4f, 0x99, 0x6f, 0x3f, 0x37, 0x23, 0x03, 0xbf, 0xc2, 0x18, 0x4e, 0x3f,
    0x50, 0x24, 0x99, 0x3e, 0x00, 0x00, 0x80, 0x3f, 0xc0, 0xc0, 0xc0, 0xff, 0x63, 0x7e, 0xf6, 0x3e,
    0xe5, 0x61, 0xa1, 0x3d, 0x8d, 0x11, 0x96, 0xc3, 0xd8, 0xab, 0x96, 0x43, 0xd6, 0xe1, 0x95, 0xc3,
    0x04, 0xd1, 0xe2, 0xbe, 0xeb, 0x4c, 0x57, 0x3f, 0x2a, 0x00, 0x9f, 0xbe, 0x03, 0x1d, 0x27, 0x3d,
    0x7b, 0x7c, 0xa7, 0xbe, 0x9e, 0xb0, 0x71, 0xbf, 0x00, 0x00, 0x80, 0x3f, 0xc0, 0xc0, 0xc0, 0xff,
    0xfe, 0x2a, 0x04, 0x3f, 0x31, 0x7c, 0xe4, 0x3d, 0x16, 0x11, 0x96, 0xc3, 0x49, 0xac, 0x96, 0x43,
    0x4e, 0xe1, 0x95, 0xc3, 0x03, 0xd1, 0xe2, 0xbe, 0xeb, 0x4c, 0x57, 0x3f, 0x2a, 0x00, 0x9f, 0xbe,
    0xef, 0x1c, 0x27, 0x3d, 0x79, 0x7c, 0xa7, 0xbe, 0x9f, 0xb0, 0x71, 0xbf, 0x00, 0x00, 0x80, 0x3f,
    0xc0, 0xc0, 0xc0, 0xff, 0x63, 0x7e, 0xf6, 0x3e, 0xe5, 0x61, 0xa1, 0x3d, 0x9f, 0x10, 0x96, 0xc3,
    0x7b, 0xac, 0x96, 0x43, 0x6f, 0xe1, 0x95, 0xc3, 0x03, 0xd1, 0xe2, 0xbe, 0xeb, 0x4c, 0x57, 0x3f,
    0x2a, 0x00, 0x9f, 0xbe, 0x03, 0x1d, 0x27, 0x3d, 0x7b, 0x7c, 0xa7, 0xbe, 0x9e, 0xb0, 0x71, 0xbf,
    0x00, 0x00, 0x80, 0x3f, 0xc0, 0xc0, 0xc0, 0xff, 0xd6, 0x6e, 0xf3, 0x3e, 0x05, 0x8b, 0x43, 0x3d,
    0x32, 0x12, 0x96, 0xc3, 0x2f, 0xab, 0x96, 0x43, 0x24, 0xe2, 0x95, 0xc3, 0x85, 0xd9, 0x00, 0x3f,
    0xc9, 0x12, 0x6c, 0xbe, 0x04, 0x31, 0x55, 0xbf, 0xf8, 0xaa, 0x93, 0x3e, 0x16, 0x19, 0x5d, 0xbf,
    0x95, 0xa9, 0xd3, 0x3e, 0x00, 0x00, 0x80, 0x3f, 0xc0, 0xc0, 0xc0, 0xff, 0xed, 0x82, 0xd9, 0x3e,
    0xf3, 0xc9, 0x2a, 0x3e, 0x7e, 0x11, 0x96, 0xc3, 0xc3, 0xab, 0x96, 0x43, 0xe0, 0xe1, 0x95, 0xc3,
    0x84, 0xd9, 0x00, 0x3f, 0xcb, 0x12, 0x6c, 0xbe, 0x04, 0x31, 0x55, 0xbf, 0xf8, 0xaa, 0x93, 0x3e,
    0x16, 0x19, 0x5d, 0xbf, 0x95, 0xa9, 0xd3, 0x3e, 0x00, 0x00, 0x80, 0x3f, 0xc0, 0xc0, 0xc0, 0xff,
    0xde, 0x57, 0xdd, 0x3e, 0xac, 0x8e, 0xdc, 0x3d, 0x3a, 0x12, 0x96, 0xc3, 0x06, 0xab, 0x96, 0x43,
    0x1d, 0xe2, 0x95, 0xc3, 0x84, 0xd9, 0x00, 0x3f, 0xca, 0x12, 0x6c, 0xbe, 0x04, 0x31, 0x55, 0xbf,
    0xf8, 0xaa, 0x93, 0x3e, 0x16, 0x19, 0x5d, 0xbf, 0x95, 0xa9, 0xd3, 0x3e, 0x00, 0x00, 0x80, 0x3f,
    0xc0, 0xc0, 0xc0, 0xff, 0xee, 0xec, 0xdb, 0x3e, 0xb7, 0x9b, 0x30, 0x3e, 0xa7, 0x12, 0x96, 0xc3,
    0x06, 0xab, 0x96, 0x43, 0x29, 0xe2, 0x95, 0xc3, 0x4e, 0x6c, 0xd4, 0x3d, 0xcb, 0x47, 0x30, 0xbe,
    0xbf, 0xc6, 0x7a, 0xbf, 0x6d, 0x45, 0xe9, 0x3e, 0x8c, 0x05, 0x5e, 0xbf, 0x68, 0x77, 0x4d, 0x3e,
    0x00, 0x00, 0x80, 0x3f, 0xc0, 0xc0, 0xc0, 0xff, 0x6e, 0x32, 0xda, 0x3e, 0x60, 0xe4, 0x45, 0x3e,
    0x32, 0x12, 0x96, 0xc3, 0x2f, 0xab, 0x96, 0x43, 0x24, 0xe2, 0x95, 0xc3, 0x59, 0x6c, 0xd4, 0x3d,
    0xd0, 0x47, 0x30, 0xbe, 0xbf, 0xc6, 0x7a, 0xbf, 0x6d, 0x45, 0xe9, 0x3e, 0x8c, 0x05, 0x5e, 0xbf,
    0x6b, 0x77, 0x4d, 0x3e, 0x00, 0x00, 0x80, 0x3f, 0xc0, 0xc0, 0xc0, 0xff, 0xed, 0x82, 0xd9, 0x3e,
    0xf3, 0xc9, 0x2a, 0x3e, 0x3a, 0x12, 0x96, 0xc3, 0x06, 0xab, 0x96, 0x43, 0x1d, 0xe2, 0x95, 0xc3,
    0x54, 0x6c, 0xd4, 0x3d, 0xd2, 0x47, 0x30, 0xbe, 0xbf, 0xc6, 0x7a, 0xbf, 0x6d, 0x45, 0xe9, 0x3e,
    0x8c, 0x05, 0x5e, 0xbf, 0x6b, 0x77, 0x4d, 0x3e, 0x00, 0x00, 0x80, 0x3f, 0xc0, 0xc0, 0xc0, 0xff,
    0xee, 0xec, 0xdb, 0x3e, 0xb7, 0x9b, 0x30, 0x3e, 0x09, 0x13, 0x96, 0xc3, 0xe3, 0xaa, 0x96, 0x43,
    0xec, 0xe1, 0x95, 0xc3, 0x63, 0xb2, 0xd0, 0xbe, 0xd1, 0x7b, 0xab, 0xbe, 0xd4, 0x79, 0x59, 0xbf,
    0x2b, 0x56, 0x2a, 0xbf, 0xcc, 0x38, 0x07, 0xbf, 0xe8, 0x0a, 0x07, 0x3f, 0x00, 0x00, 0x80, 0x3f,
    0xc0, 0xc0, 0xc0, 0xff, 0x92, 0x3b, 0xe4, 0x3e, 0x45, 0x2e, 0x58, 0x3e, 0xe7, 0x12, 0x96, 0xc3,
    0xd0, 0xaa, 0x96, 0x43, 0xf5, 0xe1, 0x95, 0xc3, 0x61, 0xb2, 0xd0, 0xbe, 0xcd, 0x7b, 0xab, 0xbe,
    0xd4, 0x79, 0x59, 0xbf, 0x2a, 0x56, 0x2a, 0xbf, 0xcc, 0x38, 0x07, 0xbf, 0xe7, 0x0a, 0x07, 0x3f,
    0x00, 0x00, 0x80, 0x3f, 0xc0, 0xc0, 0xc0, 0xff, 0x67, 0xf1, 0xe2, 0x3e, 0xb5, 0x35, 0x52, 0x3e,
    0x4c, 0x13, 0x96, 0xc3, 0x79, 0xaa, 0x96, 0x43, 0xa2, 0xe1, 0x95, 0xc3, 0x63, 0xb2, 0xd0, 0xbe,
    0xd1, 0x7b, 0xab, 0xbe, 0xd4, 0x79, 0x59, 0xbf, 0x2a, 0x56, 0x2a, 0xbf, 0xcc, 0x38, 0x07, 0xbf,
    0xe8, 0x0a, 0x07, 0x3f, 0x00, 0x00, 0x80, 0x3f, 0xc0, 0xc0, 0xc0, 0xff, 0x65, 0x1b, 0xf0, 0x3e,
    0xdd, 0x40, 0x51, 0x3e, 0x1e, 0x13, 0x96, 0xc3, 0xec, 0xaa, 0x96, 0x43, 0xd6, 0xe1, 0x95, 0xc3,
    0xe9, 0xaa, 0x1e, 0xbf, 0x1b, 0x16, 0x10, 0x3f, 0xc0, 0xff, 0x0b, 0x3f, 0x9b, 0x04, 0x07, 0x3f,
    0x8f, 0x94, 0x50, 0x3f, 0x07, 0x97, 0x76, 0xbe, 0x00, 0x00, 0x80, 0x3f, 0xc0, 0xc0, 0xc0, 0xff,
    0xff, 0xea, 0xf9, 0x3e, 0x25, 0x7a, 0x59, 0x3e, 0x40, 0x13, 0x96, 0xc3, 0x95, 0xaa, 0x96, 0x43,
    0xa2, 0xe1, 0x95, 0xc3, 0xe9, 0xaa, 0x1e, 0xbf, 0x1b, 0x16, 0x10, 0x3f, 0xc0, 0xff, 0x0b, 0x3f,
    0x9b, 0x04, 0x07, 0x3f, 0x8f, 0x94, 0x50, 0x3f, 0x08, 0x97, 0x76, 0xbe, 0x00, 0x00, 0x80, 0x3f,
    0xc0, 0xc0, 0xc0, 0xff, 0x18, 0xb1, 0xef, 0x3e, 0x74, 0x79, 0x53, 0x3e, 0x85, 0x12, 0x96, 0xc3,
    0xf5, 0xaa, 0x96, 0x43, 0x31, 0xe1, 0x95, 0xc3, 0xe9, 0xaa, 0x1e, 0xbf, 0x1b, 0x16, 0x10, 0x3f,
    0xc0, 0xff, 0x0b, 0x3f, 0x9b, 0x04, 0x07, 0x3f, 0x8f, 0x94, 0x50, 0x3f, 0x07, 0x97, 0x76, 0xbe,
    0x00, 0x00, 0x80, 0x3f, 0xc0, 0xc0, 0xc0, 0xff, 0x49, 0x9d, 0xf8, 0x3e, 0xc0, 0x03, 0x33, 0x3e,
    0xa7, 0x12, 0x96, 0xc3, 0x06, 0xab, 0x96, 0x43, 0x29, 0xe2, 0x95, 0xc3, 0x7c, 0xb6, 0xd0, 0xbe,
    0xd5, 0x85, 0xab, 0xbe, 0xde, 0x76, 0x59, 0xbf, 0xac, 0x0c, 0x54, 0x3d, 0xe6, 0xef, 0x6f, 0xbf,
    0x34, 0x87, 0xb0, 0x3e, 0x00, 0x00, 0x80, 0x3f, 0xc0, 0xc0, 0xc0, 0xff, 0x6e, 0x32, 0xda, 0x3e,
    0x60, 0xe4, 0x45, 0x3e, 0xe7, 0x12, 0x96, 0xc3, 0xd0, 0xaa, 0x96, 0x43, 0xf5, 0xe1, 0x95, 0xc3,
    0x7f, 0xb6, 0xd0, 0xbe, 0xd5, 0x85, 0xab, 0xbe, 0xde, 0x76, 0x59, 0xbf, 0xb2, 0x0c, 0x54, 0x3d,
    0xe7, 0xef, 0x6f, 0xbf, 0x31, 0x87, 0xb0, 0x3e, 0x00, 0x00, 0x80, 0x3f, 0xc0, 0xc0, 0xc0, 0xff,
    0x67, 0xf1, 0xe2, 0x3e, 0xb5, 0x35, 0x52, 0x3e, 0x09, 0x13, 0x96, 0xc3, 0xe3, 0xaa, 0x96, 0x43,
    0xec, 0xe1, 0x95, 0xc3, 0x7d, 0xb6, 0xd0, 0xbe, 0xd5, 0x85, 0xab, 0xbe, 0xde, 0x76, 0x59, 0xbf,
    0xa2, 0x0c, 0x54, 0x3d, 0xe6, 0xef, 0x6f, 0xbf, 0x34, 0x87, 0xb0, 0x3e, 0x00, 0x00, 0x80, 0x3f,
    0xc0, 0xc0, 0xc0, 0xff, 0x92, 0x3b, 0xe4, 0x3e, 0x45, 0x2e, 0x58, 0x3e, 0xe7, 0x12, 0x96, 0xc3,
    0xd0, 0xaa, 0x96, 0x43, 0xf5, 0xe1, 0x95, 0xc3, 0x79, 0x49, 0x90, 0x3d, 0xe4, 0x4f, 0x3b, 0xbf,
    0xb8, 0x90, 0x2d, 0xbf, 0x2a, 0xa7, 0x13, 0xbc, 0x30, 0x1c, 0x2e, 0xbf, 0x05, 0xa9, 0x3b, 0x3f,
    0x00, 0x00, 0x80, 0x3f, 0xc0, 0xc0, 0xc0, 0xff, 0x67, 0xf1, 0xe2, 0x3e, 0xb5, 0x35, 0x52, 0x3e,
    0xa7, 0x12, 0x96, 0xc3, 0x06, 0xab, 0x96, 0x43, 0x29, 0xe2, 0x95, 0xc3, 0x79, 0x49, 0x90, 0x3d,
    0xe4, 0x4f, 0x3b, 0xbf, 0xb8, 0x90, 0x2d, 0xbf, 0x16, 0xa7, 0x13, 0xbc, 0x30, 0x1c, 0x2e, 0xbf,
    0x05, 0xa9, 0x3b, 0x3f, 0x00, 0x00, 0x80, 0x3f, 0xc0, 0xc0, 0xc0, 0xff, 0x6e, 0x32, 0xda, 0x3e,
    0x60, 0xe4, 0x45, 0x3e, 0x3a, 0x12, 0x96, 0xc3, 0x06, 0xab, 0x96, 0x43, 0x1d, 0xe2, 0x95, 0xc3,
    0x79, 0x49, 0x90, 0x3d, 0xe4, 0x4f, 0x3b, 0xbf, 0xb8, 0x90, 0x2d, 0xbf, 0xd9, 0xa6, 0x13, 0xbc,
    0x2f, 0x1c, 0x2e, 0xbf, 0x05, 0xa9, 0x3b, 0x3f, 0x00, 0x00, 0x80, 0x3f, 0xc0, 0xc0, 0xc0, 0xff,
    0xee, 0xec, 0xdb, 0x3e, 0xb7, 0x9b, 0x30, 0x3e, 0x40, 0x13, 0x96, 0xc3, 0x95, 0xaa, 0x96, 0x43,
    0xa2, 0xe1, 0x95, 0xc3, 0x6c, 0x48, 0x63, 0xbf, 0xd3, 0x70, 0xc4, 0x3e, 0xa1, 0x18, 0x82, 0xbe,
    0x28, 0x1a, 0xb6, 0xbe, 0x99, 0x0c, 0x63, 0xbe, 0x1a, 0x6e, 0x68, 0x3f, 0x00, 0x00, 0x80, 0x3f,
    0xc0, 0xc0, 0xc0, 0xff, 0x18, 0xb1, 0xef, 0x3e, 0x74, 0x79, 0x53, 0x3e, 0x09, 0x13, 0x96, 0xc3,
    0xe3, 0xaa, 0x96, 0x43, 0xec, 0xe1, 0x95, 0xc3, 0x6c, 0x48, 0x63, 0xbf, 0xd2, 0x70, 0xc4, 0x3e,
    0xa1, 0x18, 0x82, 0xbe, 0x29, 0x1a, 0xb6, 0xbe, 0x98, 0x0c, 0x63, 0xbe, 0x1a, 0x6e, 0x68, 0x3f,
    0x00, 0x00, 0x80, 0x3f, 0xc0, 0xc0, 0xc0, 0xff, 0x92, 0x3b, 0xe4, 0x3e, 0x45, 0x2e, 0x58, 0x3e,
    0x4c, 0x13, 0x96, 0xc3, 0x79, 0xaa, 0x96, 0x43, 0xa2, 0xe1, 0x95, 0xc3, 0x6c, 0x48, 0x63, 0xbf,
    0xd5, 0x70, 0xc4, 0x3e, 0xa2, 0x18, 0x82, 0xbe, 0x29, 0x1a, 0xb6, 0xbe, 0x98, 0x0c, 0x63, 0xbe,
    0x1a, 0x6e, 0x68, 0x3f, 0x00, 0x00, 0x80, 0x3f, 0xc0, 0xc0, 0xc0, 0xff, 0x65, 0x1b, 0xf0, 0x3e,
    0xdd, 0x40, 0x51, 0x3e, 0x67, 0x12, 0x96, 0xc3, 0xe0, 0xaa, 0x96, 0x43, 0x27, 0xe1, 0x95, 0xc3,
    0x56, 0x22, 0x0a, 0xbf, 0xfa, 0x91, 0x64, 0x3e, 0x42, 0xd2, 0x4f, 0x3f, 0x55, 0xcf, 0x18, 0x3f,
    0xbe, 0x0a, 0x48, 0x3f, 0x49, 0x43, 0x3a, 0x3e, 0x00, 0x00, 0x80, 0x3f, 0xc0, 0xc0, 0xc0, 0xff,
    0x3c, 0xdc, 0xf6, 0x3e, 0x87, 0xdf, 0x2d, 0x3e, 0x40, 0x13, 0x96, 0xc3, 0x95, 0xaa, 0x96, 0x43,
    0xa2, 0xe1, 0x95, 0xc3, 0x56, 0x22, 0x0a, 0xbf, 0xfa, 0x91, 0x64, 0x3e, 0x42, 0xd2, 0x4f, 0x3f,
    0x56, 0xcf, 0x18, 0x3f, 0xbe, 0x0a, 0x48, 0x3f, 0x49, 0x43, 0x3a, 0x3e, 0x00, 0x00, 0x80, 0x3f,
    0xc0, 0xc0, 0xc0, 0xff, 0x18, 0xb1, 0xef, 0x3e, 0x74, 0x79, 0x53, 0x3e, 0x4c, 0x13, 0x96, 0xc3,
    0x79, 0xaa, 0x96, 0x43, 0xa2, 0xe1, 0x95, 0xc3, 0x55, 0x22, 0x0a, 0xbf, 0xf9, 0x91, 0x64, 0x3e,
    0x42, 0xd2, 0x4f, 0x3f, 0x55, 0xcf, 0x18, 0x3f, 0xbe, 0x0a, 0x48, 0x3f, 0x49, 0x43, 0x3a, 0x3e,
    0x00, 0x00, 0x80, 0x3f, 0xc0, 0xc0, 0xc0, 0xff, 0x65, 0x1b, 0xf0, 0x3e, 0xdd, 0x40, 0x51, 0x3e,
    0x67, 0x12, 0x96, 0xc3, 0xe0, 0xaa, 0x96, 0x43, 0x27, 0xe1, 0x95, 0xc3, 0x96, 0x30, 0x04, 0x3f,
    0xa0, 0x8c, 0xf4, 0xbe, 0xb3, 0xf6, 0x35, 0x3f, 0x53, 0x21, 0x02, 0xbf, 0xd8, 0x79, 0xfe, 0x3e,
    0xff, 0x08, 0x34, 0x3f, 0x00, 0x00, 0x80, 0x3f, 0xc0, 0xc0, 0xc0, 0xff, 0x3c, 0xdc, 0xf6, 0x3e,
    0x87, 0xdf, 0x2d, 0x3e, 0x3b, 0x12, 0x96, 0xc3, 0x87, 0xaa, 0x96, 0x43, 0x83, 0xe1, 0x95, 0xc3,
    0x96, 0x30, 0x04, 0x3f, 0xa0, 0x8c, 0xf4, 0xbe, 0xb3, 0xf6, 0x35, 0x3f, 0x53, 0x21, 0x02, 0xbf,
    0xd6, 0x79, 0xfe, 0x3e, 0xff, 0x08, 0x34, 0x3f, 0x00, 0x00, 0x80, 0x3f, 0xc0, 0xc0, 0xc0, 0xff,
    0x41, 0x9e, 0xed, 0x3e, 0x2f, 0xa4, 0x33, 0x3e, 0x9b, 0x11, 0x96, 0xc3, 0x49, 0xab, 0x96, 0x43,
    0x75, 0xe1, 0x95, 0xc3, 0x96, 0x30, 0x04, 0x3f, 0xa0, 0x8c, 0xf4, 0xbe, 0xb3, 0xf6, 0x35, 0x3f,
    0x53, 0x21, 0x02, 0xbf, 0xd8, 0x79, 0xfe, 0x3e, 0xff, 0x08, 0x34, 0x3f, 0x00, 0x00, 0x80, 0x3f,
    0xc0, 0xc0, 0xc0, 0xff, 0xbf, 0xb6, 0xee, 0x3e, 0xae, 0x9a, 0x07, 0x3e, 0x9f, 0x10, 0x96, 0xc3,
    0x69, 0xac, 0x96, 0x43, 0x7b, 0xe1, 0x95, 0xc3, 0x82, 0xc3, 0x91, 0x3d, 0xdd, 0x77, 0xe5, 0x3e,
    0x7d, 0x1f, 0x64, 0xbf, 0x55, 0x38, 0x57, 0x3f, 0xcd, 0xfa, 0x01, 0xbf, 0x9a, 0xbb, 0x40, 0xbe,
    0x00, 0x00, 0x80, 0x3f, 0xc0, 0xc0, 0xc0, 0xff, 0x43, 0x57, 0xf2, 0x3e, 0x15, 0xc9, 0x57, 0x3d,
    0x7e, 0x11, 0x96, 0xc3, 0xc3, 0xab, 0x96, 0x43, 0xe0, 0xe1, 0x95, 0xc3, 0x82, 0xc3, 0x91, 0x3d,
    0xe0, 0x77, 0xe5, 0x3e, 0x7e, 0x1f, 0x64, 0xbf, 0x55, 0x38, 0x57, 0x3f, 0xcd, 0xfa, 0x01, 0xbf,
    0x9e, 0xbb, 0x40, 0xbe, 0x00, 0x00, 0x80, 0x3f, 0xc0, 0xc0, 0xc0, 0xff, 0xde, 0x57, 0xdd, 0x3e,
    0xac, 0x8e, 0xdc, 0x3d, 0x8d, 0x11, 0x96, 0xc3, 0xd8, 0xab, 0x96, 0x43, 0xd6, 0xe1, 0x95, 0xc3,
    0x88, 0xc3, 0x91, 0x3d, 0xe0, 0x77, 0xe5, 0x3e, 0x7d, 0x1f, 0x64, 0xbf, 0x55, 0x38, 0x57, 0x3f,
    0xcd, 0xfa, 0x01, 0xbf, 0xa2, 0xbb, 0x40, 0xbe, 0x00, 0x00, 0x80, 0x3f, 0xc0, 0xc0, 0xc0, 0xff,
    0xa8, 0xc6, 0xdb, 0x3e, 0x7f, 0xbc, 0xd7, 0x3d, 0x8d, 0x11, 0x96, 0xc3, 0xd8, 0xab, 0x96, 0x43,
    0xd6, 0xe1, 0x95, 0xc3, 0x33, 0x3e, 0x28, 0xbd, 0xcc, 0x60, 0xc6, 0x3e, 0xd5, 0xc4, 0x6b, 0xbf,
    0x4c, 0xa1, 0x3f, 0x3f, 0x91, 0x3d, 0x19, 0xbf, 0xfe, 0x07, 0x92, 0xbe, 0x00, 0x00, 0x80, 0x3f,
    0xc0, 0xc0, 0xc0, 0xff, 0xa8, 0xc6, 0xdb, 0x3e, 0x7f, 0xbc, 0xd7, 0x3d, 0x7e, 0x11, 0x96, 0xc3,
    0xc3, 0xab, 0x96, 0x43, 0xe0, 0xe1, 0x95, 0xc3, 0x33, 0x3e, 0x28, 0xbd, 0xcb, 0x60, 0xc6, 0x3e,
    0xd5, 0xc4, 0x6b, 0xbf, 0x4d, 0xa1, 0x3f, 0x3f, 0x92, 0x3d, 0x19, 0xbf, 0xfc, 0x07, 0x92, 0xbe,
    0x00, 0x00, 0x80, 0x3f, 0xc0, 0xc0, 0xc0, 0xff, 0xde, 0x57, 0xdd, 0x3e, 0xac, 0x8e, 0xdc, 0x3d,
    0xb5, 0x12, 0x96, 0xc3, 0x48, 0xab, 0x96, 0x43, 0x06, 0xe2, 0x95, 0xc3, 0x33, 0x3e, 0x28, 0xbd,
    0xcb, 0x60, 0xc6, 0x3e, 0xd5, 0xc4, 0x6b, 0xbf, 0x4d, 0xa1, 0x3f, 0x3f, 0x92, 0x3d, 0x19, 0xbf,
    0xfc, 0x07, 0x92, 0xbe, 0x00, 0x00, 0x80, 0x3f, 0xc0, 0xc0, 0xc0, 0xff, 0xc8, 0x95, 0xd2, 0x3e,
    0x58, 0xe1, 0x46, 0x3e, 0x3b, 0x12, 0x96, 0xc3, 0x87, 0xaa, 0x96, 0x43, 0x83, 0xe1, 0x95, 0xc3,
    0xf4, 0x6b, 0x34, 0x3f, 0xd6, 0xc8, 0x0c, 0xbf, 0x82, 0x77, 0xe5, 0xbe, 0x8d, 0x8e, 0x5e, 0x3d,
    0xde, 0x89, 0x16, 0xbf, 0xcf, 0x97, 0x4e, 0x3f, 0x00, 0x00, 0x80, 0x3f, 0xc0, 0xc0, 0xc0, 0xff,
    0x41, 0x9e, 0xed, 0x3e, 0x2f, 0xa4, 0x33, 0x3e, 0x3a, 0x12, 0x96, 0xc3, 0x06, 0xab, 0x96, 0x43,
    0x1d, 0xe2, 0x95, 0xc3, 0xf4, 0x6b, 0x34, 0x3f, 0xd6, 0xc8, 0x0c, 0xbf, 0x82, 0x77, 0xe5, 0xbe,
    0x88, 0x8e, 0x5e, 0x3d, 0xde, 0x89, 0x16, 0xbf, 0xcf, 0x97, 0x4e, 0x3f, 0x00, 0x00, 0x80, 0x3f,
    0xc0, 0xc0, 0xc0, 0xff, 0xee, 0xec, 0xdb, 0x3e, 0xb7, 0x9b, 0x30, 0x3e, 0x9b, 0x11, 0x96, 0xc3,
    0x49, 0xab, 0x96, 0x43, 0x75, 0xe1, 0x95, 0xc3, 0xf4, 0x6b, 0x34, 0x3f, 0xd6, 0xc8, 0x0c, 0xbf,
    0x82, 0x77, 0xe5, 0xbe, 0x8d, 0x8e, 0x5e, 0x3d, 0xde, 0x89, 0x16, 0xbf, 0xcf, 0x97, 0x4e, 0x3f,
    0x00, 0x00, 0x80, 0x3f, 0xc0, 0xc0, 0xc0, 0xff, 0xbf, 0xb6, 0xee, 0x3e, 0xae, 0x9a, 0x07, 0x3e,
    0x9f, 0x10, 0x96, 0xc3, 0x69, 0xac, 0x96, 0x43, 0x7b, 0xe1, 0x95, 0xc3, 0xec, 0x8f, 0x06, 0x3f,
    0xbe, 0xab, 0xe3, 0xbe, 0x91, 0xa9, 0x39, 0x3f, 0x6b, 0xe3, 0x4c, 0xbf, 0x39, 0xd5, 0xf9, 0x3c,
    0x91, 0x48, 0x19, 0x3f, 0x00, 0x00, 0x80, 0x3f, 0xc0, 0xc0, 0xc0, 0xff, 0x43, 0x57, 0xf2, 0x3e,
    0x15, 0xc9, 0x57, 0x3d, 0x9f, 0x10, 0x96, 0xc3, 0x7b, 0xac, 0x96, 0x43, 0x6f, 0xe1, 0x95, 0xc3,
    0xec, 0x8f, 0x06, 0x3f, 0xbe, 0xab, 0xe3, 0xbe, 0x91, 0xa9, 0x39, 0x3f, 0x6b, 0xe3, 0x4c, 0xbf,
    0x39, 0xd5, 0xf9, 0x3c, 0x91, 0x48, 0x19, 0x3f, 0x00, 0x00, 0x80, 0x3f, 0xc0, 0xc0, 0xc0, 0xff,
    0xd6, 0x6e, 0xf3, 0x3e, 0x05, 0x8b, 0x43, 0x3d, 0x9b, 0x11, 0x96, 0xc3, 0x49, 0xab, 0x96, 0x43,
    0x75, 0xe1, 0x95, 0xc3, 0xeb, 0x8f, 0x06, 0x3f, 0xbf, 0xab, 0xe3, 0xbe, 0x91, 0xa9, 0x39, 0x3f,
    0x6b, 0xe3, 0x4c, 0xbf, 0x4a, 0xd5, 0xf9, 0x3c, 0x91, 0x48, 0x19, 0x3f, 0x00, 0x00, 0x80, 0x3f,
    0xc0, 0xc0, 0xc0, 0xff, 0xbf, 0xb6, 0xee, 0x3e, 0xae, 0x9a, 0x07, 0x3e, 0x9f, 0x10, 0x96, 0xc3,
    0x69, 0xac, 0x96, 0x43, 0x7b, 0xe1, 0x95, 0xc3, 0x8b, 0x1d, 0xad, 0x3b, 0x81, 0x80, 0x07, 0x3f,
    0xc3, 0x31, 0x59, 0xbf, 0x46, 0x53, 0x78, 0x3f, 0xc9, 0xdd, 0x55, 0xbe, 0x36, 0x7b, 0xfe, 0xbd,
    0x00, 0x00, 0x80, 0x3f, 0xc0, 0xc0, 0xc0, 0xff, 0x43, 0x57, 0xf2, 0x3e, 0x15, 0xc9, 0x57, 0x3d,
    0x8d, 0x11, 0x96, 0xc3, 0xd8, 0xab, 0x96, 0x43, 0xd6, 0xe1, 0x95, 0xc3, 0x3a, 0x1d, 0xad, 0x3b,
    0x80, 0x80, 0x07, 0x3f, 0xc3, 0x31, 0x59, 0xbf, 0x46, 0x53, 0x78, 0x3f, 0xc9, 0xdd, 0x55, 0xbe,
    0x36, 0x7b, 0xfe, 0xbd, 0x00, 0x00, 0x80, 0x3f, 0xc0, 0xc0, 0xc0, 0xff, 0xa8, 0xc6, 0xdb, 0x3e,
    0x7f, 0xbc, 0xd7, 0x3d, 0x9f, 0x10, 0x96, 0xc3, 0x7b, 0xac, 0x96, 0x43, 0x6f, 0xe1, 0x95, 0xc3,
    0x3a, 0x1d, 0xad, 0x3b, 0x80, 0x80, 0x07, 0x3f, 0xc3, 0x31, 0x59, 0xbf, 0x46, 0x53, 0x78, 0x3f,
    0xc9, 0xdd, 0x55, 0xbe, 0x36, 0x7b, 0xfe, 0xbd, 0x00, 0x00, 0x80, 0x3f, 0xc0, 0xc0, 0xc0, 0xff,
    0xd6, 0x6e, 0xf3, 0x3e, 0x05, 0x8b, 0x43, 0x3d, 0x9f, 0x10, 0x96, 0xc3, 0x69, 0xac, 0x96, 0x43,
    0x7b, 0xe1, 0x95, 0xc3, 0xa4, 0x13, 0x27, 0x3f, 0xa5, 0xa3, 0x14, 0xbf, 0x89, 0x38, 0xf9, 0xbe,
    0xe7, 0xcc, 0xd2, 0x3e, 0x6e, 0xfa, 0x88, 0xbe, 0x0c, 0x04, 0x5f, 0x3f, 0x00, 0x00, 0x80, 0x3f,
    0xc0, 0xc0, 0xc0, 0xff, 0x43, 0x57, 0xf2, 0x3e, 0x15, 0xc9, 0x57, 0x3d, 0x9b, 0x11, 0x96, 0xc3,
    0x49, 0xab, 0x96, 0x43, 0x75, 0xe1, 0x95, 0xc3, 0xa3, 0x13, 0x27, 0x3f, 0xa4, 0xa3, 0x14, 0xbf,
    0x89, 0x38, 0xf9, 0xbe, 0xe7, 0xcc, 0xd2, 0x3e, 0x70, 0xfa, 0x88, 0xbe, 0x0b, 0x04, 0x5f, 0x3f,
    0x00, 0x00, 0x80, 0x3f, 0xc0, 0xc0, 0xc0, 0xff, 0xbf, 0xb6, 0xee, 0x3e, 0xae, 0x9a, 0x07, 0x3e,
    0x7e, 0x11, 0x96, 0xc3, 0xc3, 0xab, 0x96, 0x43, 0xe0, 0xe1, 0x95, 0xc3, 0xa3, 0x13, 0x27, 0x3f,
    0xa5, 0xa3, 0x14, 0xbf, 0x87, 0x38, 0xf9, 0xbe, 0xe7, 0xcc, 0xd2, 0x3e, 0x6f, 0xfa, 0x88, 0xbe,
    0x0b, 0x04, 0x5f, 0x3f, 0x00, 0x00, 0x80, 0x3f, 0xc0, 0xc0, 0xc0, 0xff, 0xde, 0x57, 0xdd, 0x3e,
    0xac, 0x8e, 0xdc, 0x3d, 0x6d, 0x11, 0x96, 0xc3, 0xf6, 0xab, 0x96, 0x43, 0x48, 0xe1, 0x95, 0xc3,
    0x89, 0xda, 0x20, 0xbe, 0x8b, 0xa2, 0x82, 0x3e, 0x18, 0x3d, 0x74, 0x3f, 0xf6, 0x2d, 0x6d, 0xbe,
    0x76, 0xf9, 0x6d, 0x3f, 0x59, 0xcf, 0x92, 0xbe, 0x00, 0x00, 0x80, 0x3f, 0xc0, 0xc0, 0xc0, 0xff,
    0x79, 0xe9, 0xf6, 0x3e, 0xf2, 0x09, 0xd9, 0x3d, 0x85, 0x12, 0x96, 0xc3, 0xf5, 0xaa, 0x96, 0x43,
    0x31, 0xe1, 0x95, 0xc3, 0x8a, 0xda, 0x20, 0xbe, 0x8b, 0xa2, 0x82, 0x3e, 0x18, 0x3d, 0x74, 0x3f,
    0xf8, 0x2d, 0x6d, 0xbe, 0x74, 0xf9, 0x6d, 0x3f, 0x5a, 0xcf, 0x92, 0xbe, 0x00, 0x00, 0x80, 0x3f,
    0xc0, 0xc0, 0xc0, 0xff, 0x49, 0x9d, 0xf8, 0x3e, 0xc0, 0x03, 0x33, 0x3e, 0x67, 0x12, 0x96, 0xc3,
    0xe0, 0xaa, 0x96, 0x43, 0x27, 0xe1, 0x95, 0xc3, 0x8a, 0xda, 0x20, 0xbe, 0x8b, 0xa2, 0x82, 0x3e,
    0x18, 0x3d, 0x74, 0x3f, 0xf8, 0x2d, 0x6d, 0xbe, 0x74, 0xf9, 0x6d, 0x3f, 0x5a, 0xcf, 0x92, 0xbe,
    0x00, 0x00, 0x80, 0x3f, 0xc0, 0xc0, 0xc0, 0xff, 0x3c, 0xdc, 0xf6, 0x3e, 0x87, 0xdf, 0x2d, 0x3e,
    0x40, 0x13, 0x96, 0xc3, 0x95, 0xaa, 0x96, 0x43, 0xa2, 0xe1, 0x95, 0xc3, 0x22, 0xf6, 0x3c, 0xbf,
    0x87, 0x66, 0xe8, 0xbd, 0x77, 0x40, 0x2a, 0xbf, 0x64, 0x8d, 0x0f, 0xbf, 0xe9, 0xcb, 0xe3, 0xbe,
    0x23, 0xc3, 0x32, 0x3f, 0x00, 0x00, 0x80, 0x3f, 0xc0, 0xc0, 0xc0, 0xff, 0x18, 0xb1, 0xef, 0x3e,
    0x74, 0x79, 0x53, 0x3e, 0x1e, 0x13, 0x96, 0xc3, 0xec, 0xaa, 0x96, 0x43, 0xd6, 0xe1, 0x95, 0xc3,
    0x22, 0xf6, 0x3c, 0xbf, 0x91, 0x66, 0xe8, 0xbd, 0x75, 0x40, 0x2a, 0xbf, 0x64, 0x8d, 0x0f, 0xbf,
    0xe9, 0xcb, 0xe3, 0xbe, 0x23, 0xc3, 0x32, 0x3f, 0x00, 0x00, 0x80, 0x3f, 0xc0, 0xc0, 0xc0, 0xff,
    0xb8, 0x77, 0xe5, 0x3e, 0x92, 0xcf, 0x5b, 0x3e, 0x09, 0x13, 0x96, 0xc3, 0xe3, 0xaa, 0x96, 0x43,
    0xec, 0xe1, 0x95, 0xc3, 0x22, 0xf6, 0x3c, 0xbf, 0x87, 0x66, 0xe8, 0xbd, 0x76, 0x40, 0x2a, 0xbf,
    0x64, 0x8d, 0x0f, 0xbf, 0xe9, 0xcb, 0xe3, 0xbe, 0x23, 0xc3, 0x32, 0x3f, 0x00, 0x00, 0x80, 0x3f,
    0xc0, 0xc0, 0xc0, 0xff, 0x92, 0x3b, 0xe4, 0x3e, 0x45, 0x2e, 0x58, 0x3e, 0x1e, 0x13, 0x96, 0xc3,
    0xec, 0xaa, 0x96, 0x43, 0xd6, 0xe1, 0x95, 0xc3, 0xe7, 0x5c, 0x1c, 0xbf, 0xb8, 0xdb, 0xa2, 0x3e,
    0x85, 0x9f, 0x39, 0xbf, 0xfb, 0xb3, 0xe3, 0x3d, 0x98, 0x4a, 0x5f, 0xbf, 0xfb, 0xdb, 0xf3, 0xbe,
    0x00, 0x00, 0x80, 0x3f, 0xc0, 0xc0, 0xc0, 0xff, 0xb8, 0x77, 0xe5, 0x3e, 0x92, 0xcf, 0x5b, 0x3e,
    0xb5, 0x12, 0x96, 0xc3, 0x48, 0xab, 0x96, 0x43, 0x06, 0xe2, 0x95, 0xc3, 0xe7, 0x5c, 0x1c, 0xbf,
    0xb8, 0xdb, 0xa2, 0x3e, 0x85, 0x9f, 0x39, 0xbf, 0xfb, 0xb3, 0xe3, 0x3d, 0x98, 0x4a, 0x5f, 0xbf,
    0xfb, 0xdb, 0xf3, 0xbe, 0x00, 0x00, 0x80, 0x3f, 0xc0, 0xc0, 0xc0, 0xff, 0xc8, 0x95, 0xd2, 0x3e,
    0x58, 0xe1, 0x46, 0x3e, 0x09, 0x13, 0x96, 0xc3, 0xe3, 0xaa, 0x96, 0x43, 0xec, 0xe1, 0x95, 0xc3,
    0xe7, 0x5c, 0x1c, 0xbf, 0xb8, 0xdb, 0xa2, 0x3e, 0x85, 0x9f, 0x39, 0xbf, 0x00, 0xb4, 0xe3, 0x3d,
    0x98, 0x4a, 0x5f, 0xbf, 0xfc, 0xdb, 0xf3, 0xbe, 0x00, 0x00, 0x80, 0x3f, 0xc0, 0xc0, 0xc0, 0xff,
    0x92, 0x3b, 0xe4, 0x3e, 0x45, 0x2e, 0x58, 0x3e, 0x83, 0x12, 0x96, 0xc3, 0x6a, 0xab, 0x96, 0x43,
    0xd9, 0xe1, 0x95, 0xc3, 0x15, 0x52, 0x15, 0xbf, 0x28, 0xc3, 0x25, 0x3f, 0x67, 0x18, 0xfb, 0x3e,
    0xcc, 0x32, 0x85, 0xbe, 0xd9, 0x98, 0xd8, 0x3e, 0xb5, 0x32, 0x5e, 0xbf, 0x00, 0x00, 0x80, 0x3f,
    0xc0, 0xc0, 0xc0, 0xff, 0xf0, 0xfc, 0x06, 0x3f, 0xc1, 0xe1, 0x35, 0x3e, 0x6d, 0x11, 0x96, 0xc3,
    0xf6, 0xab, 0x96, 0x43, 0x48, 0xe1, 0x95, 0xc3, 0x15, 0x52, 0x15, 0xbf, 0x28, 0xc3, 0x25, 0x3f,
    0x67, 0x18, 0xfb, 0x3e, 0xcc, 0x32, 0x85, 0xbe, 0xd9, 0x98, 0xd8, 0x3e, 0xb5, 0x32, 0x5e, 0xbf,
    0x00, 0x00, 0x80, 0x3f, 0xc0, 0xc0, 0xc0, 0xff, 0x79, 0xe9, 0xf6, 0x3e, 0xf2, 0x09, 0xd9, 0x3d,
    0x16, 0x11, 0x96, 0xc3, 0x49, 0xac, 0x96, 0x43, 0x4e, 0xe1, 0x95, 0xc3, 0x15, 0x52, 0x15, 0xbf,
    0x28, 0xc3, 0x25, 0x3f, 0x67, 0x18, 0xfb, 0x3e, 0xcc, 0x32, 0x85, 0xbe, 0xd9, 0x98, 0xd8, 0x3e,
    0xb5, 0x32, 0x5e, 0xbf, 0x00, 0x00, 0x80, 0x3f, 0xc0, 0xc0, 0xc0, 0xff, 0x63, 0x7e, 0xf6, 0x3e,
    0xe5, 0x61, 0xa1, 0x3d, 0x5e, 0x11, 0x96, 0xc3, 0xeb, 0xab, 0x96, 0x43, 0x44, 0xe1, 0x95, 0xc3,
    0x2b, 0xd8, 0xfa, 0x3e, 0x52, 0x0c, 0xd5, 0xbe, 0x5d, 0x1b, 0x44, 0x3f, 0x7e, 0x99, 0x63, 0xbe,
    0xb4, 0x41, 0x4a, 0x3f, 0x67, 0x41, 0x12, 0x3f, 0x00, 0x00, 0x80, 0x3f, 0xc0, 0xc0, 0xc0, 0xff,
    0xdb, 0x16, 0xf5, 0x3e, 0xdd, 0xb1, 0xd8, 0x3d, 0x9b, 0x11, 0x96, 0xc3, 0x49, 0xab, 0x96, 0x43,
    0x75, 0xe1, 0x95, 0xc3, 0x29, 0xd8, 0xfa, 0x3e, 0x53, 0x0c, 0xd5, 0xbe, 0x5d, 0x1b, 0x44, 0x3f,
    0x7e, 0x99, 0x63, 0xbe, 0xb4, 0x41, 0x4a, 0x3f, 0x67, 0x41, 0x12, 0x3f, 0x00, 0x00, 0x80, 0x3f,
    0xc0, 0xc0, 0xc0, 0xff, 0xbf, 0xb6, 0xee, 0x3e, 0xae, 0x9a, 0x07, 0x3e, 0x9f, 0x10, 0x96, 0xc3,
    0x7b, 0xac, 0x96, 0x43, 0x6f, 0xe1, 0x95, 0xc3, 0x29, 0xd8, 0xfa, 0x3e, 0x53, 0x0c, 0xd5, 0xbe,
    0x5d, 0x1b, 0x44, 0x3f, 0x80, 0x99, 0x63, 0xbe, 0xb4, 0x41, 0x4a, 0x3f, 0x67, 0x41, 0x12, 0x3f,
    0x00, 0x00, 0x80, 0x3f, 0xc0, 0xc0, 0xc0, 0xff, 0xd6, 0x6e, 0xf3, 0x3e, 0x05, 0x8b, 0x43, 0x3d,
    0x83, 0x12, 0x96, 0xc3, 0x6a, 0xab, 0x96, 0x43, 0xd9, 0xe1, 0x95, 0xc3, 0x4e, 0x7e, 0x14, 0xbf,
    0xcc, 0xe5, 0x2b, 0x3f, 0x0e, 0x1c, 0xec, 0x3e, 0xc9, 0xf7, 0x85, 0x3d, 0xfb, 0x49, 0x1a, 0x3f,
    0x0c, 0x98, 0x4b, 0xbf, 0x00, 0x00, 0x80, 0x3f, 0xc0, 0xc0, 0xc0, 0xff, 0xf0, 0xfc, 0x06, 0x3f,
    0xc1, 0xe1, 0x35, 0x3e, 0x85, 0x12, 0x96, 0xc3, 0xf5, 0xaa, 0x96, 0x43, 0x31, 0xe1, 0x95, 0xc3,
    0x4e, 0x7e, 0x14, 0xbf, 0xcc, 0xe5, 0x2b, 0x3f, 0x0f, 0x1c, 0xec, 0x3e, 0xc9, 0xf7, 0x85, 0x3d,
    0xfb, 0x49, 0x1a, 0x3f, 0x0c, 0x98, 0x4b, 0xbf, 0x00, 0x00, 0x80, 0x3f, 0xc0, 0xc0, 0xc0, 0xff,
    0x49, 0x9d, 0xf8, 0x3e, 0xc0, 0x03, 0x33, 0x3e, 0x6d, 0x11, 0x96, 0xc3, 0xf6, 0xab, 0x96, 0x43,
    0x48, 0xe1, 0x95, 0xc3, 0x4e, 0x7e, 0x14, 0xbf, 0xcc, 0xe5, 0x2b, 0x3f, 0x0f, 0x1c, 0xec, 0x3e,
    0xc9, 0xf7, 0x85, 0x3d, 0xfb, 0x49, 0x1a, 0x3f, 0x0c, 0x98, 0x4b, 0xbf, 0x00, 0x00, 0x80, 0x3f,
    0xc0, 0xc0, 0xc0, 0xff, 0x79, 0xe9, 0xf6, 0x3e, 0xf2, 0x09, 0xd9, 0x3d, 0x1e, 0x13, 0x96, 0xc3,
    0xec, 0xaa, 0x96, 0x43, 0xd6, 0xe1, 0x95, 0xc3, 0x2a, 0x68, 0x0c, 0xbf, 0x14, 0x5f, 0x30, 0x3f,
    0x77, 0x9c, 0xf2, 0x3e, 0x33, 0xb2, 0x91, 0x3d, 0x7c, 0x63, 0x1a, 0x3f, 0x77, 0x64, 0x4b, 0xbf,
    0x00, 0x00, 0x80, 0x3f, 0xc0, 0xc0, 0xc0, 0xff, 0xff, 0xea, 0xf9, 0x3e, 0x25, 0x7a, 0x59, 0x3e,
    0x67, 0x12, 0x96, 0xc3, 0xe0, 0xaa, 0x96, 0x43, 0x27, 0xe1, 0x95, 0xc3, 0x01, 0x98, 0xe0, 0xbd,
    0xf7, 0x99, 0x5b, 0x3e, 0x7f, 0x76, 0x78, 0x3f, 0x9d, 0xa1, 0x41, 0xbf, 0x1e, 0x92, 0x1d, 0x3f,
    0x39, 0xc8, 0x62, 0xbe, 0x00, 0x00, 0x80, 0x3f, 0xc0, 0xc0, 0xc0, 0xff, 0x3c, 0xdc, 0xf6, 0x3e,
    0x87, 0xdf, 0x2d, 0x3e, 0x5e, 0x11, 0x96, 0xc3, 0xeb, 0xab, 0x96, 0x43, 0x44, 0xe1, 0x95, 0xc3,
    0xfd, 0x97, 0xe0, 0xbd, 0xf4, 0x99, 0x5b, 0x3e, 0x7f, 0x76, 0x78, 0x3f, 0x9d, 0xa1, 0x41, 0xbf,
    0x1f, 0x92, 0x1d, 0x3f, 0x37, 0xc8, 0x62, 0xbe, 0x00, 0x00, 0x80, 0x3f, 0xc0, 0xc0, 0xc0, 0xff,
    0xdb, 0x16, 0xf5, 0x3e, 0xdd, 0xb1, 0xd8, 0x3d, 0x6d, 0x11, 0x96, 0xc3, 0xf6, 0xab, 0x96, 0x43,
    0x48, 0xe1, 0x95, 0xc3, 0xfd, 0x97, 0xe0, 0xbd, 0xf4, 0x99, 0x5b, 0x3e, 0x7f, 0x76, 0x78, 0x3f,
    0x9d, 0xa1, 0x41, 0xbf, 0x1e, 0x92, 0x1d, 0x3f, 0x3a, 0xc8, 0x62, 0xbe, 0x00, 0x00, 0x80, 0x3f,
    0xc0, 0xc0, 0xc0, 0xff, 0x79, 0xe9, 0xf6, 0x3e, 0xf2, 0x09, 0xd9, 0x3d, 0x16, 0x11, 0x96, 0xc3,
    0x49, 0xac, 0x96, 0x43, 0x4e, 0xe1, 0x95, 0xc3, 0xdd, 0x97, 0xf8, 0xbd, 0xa9, 0xe4, 0x4b, 0x3e,
    0x27, 0xf1, 0x78, 0x3f, 0x84, 0xc5, 0x43, 0xbf, 0x34, 0x16, 0x1b, 0x3f, 0x49, 0xc5, 0x60, 0xbe,
    0x00, 0x00, 0x80, 0x3f, 0xc0, 0xc0, 0xc0, 0xff, 0x63, 0x7e, 0xf6, 0x3e, 0xe5, 0x61, 0xa1, 0x3d,
    0x74, 0x1a, 0x96, 0xc3, 0x0b, 0x94, 0x96, 0x43, 0xde, 0xc5, 0x95, 0xc3, 0x81, 0x29, 0xdd, 0x3e,
    0x3a, 0xc8, 0x4f, 0x3f, 0xf6, 0x56, 0xc9, 0x3e, 0x66, 0x34, 0xfb, 0x3e, 0xc6, 0xcb, 0x13, 0xbf,
    0x02, 0x15, 0x27, 0x3f, 0x00, 0x00, 0x80, 0x3f, 0xb1, 0xb1, 0xb1, 0xff, 0x41, 0x9e, 0xed, 0x3e,
    0x2f, 0xa4, 0x33, 0x3e, 0xd6, 0x19, 0x96, 0xc3, 0xbe, 0x93, 0x96, 0x43, 0xec, 0xc5, 0x95, 0xc3,
    0x81, 0x29, 0xdd, 0x3e, 0x3a, 0xc8, 0x4f, 0x3f, 0xf6, 0x56, 0xc9, 0x3e, 0x66, 0x34, 0xfb, 0x3e,
    0xc6, 0xcb, 0x13, 0xbf, 0x02, 0x15, 0x27, 0x3f, 0x00, 0x00, 0x80, 0x3f, 0xb1, 0xb1, 0xb1, 0xff,
    0x65, 0x1b, 0xf0, 0x3e, 0xdd, 0x40, 0x51, 0x3e, 0x03, 0x1a, 0x96, 0xc3, 0xf7, 0x93, 0x96, 0x43,
    0x30, 0xc6, 0x95, 0xc3, 0x7f, 0x29, 0xdd, 0x3e, 0x3a, 0xc8, 0x4f, 0x3f, 0xf7, 0x56, 0xc9, 0x3e,
    0x66, 0x34, 0xfb, 0x3e, 0xc5, 0xcb, 0x13, 0xbf, 0x02, 0x15, 0x27, 0x3f, 0x00, 0x00, 0x80, 0x3f,
    0xb1, 0xb1, 0xb1, 0xff, 0x67, 0xf1, 0xe2, 0x3e, 0xb5, 0x35, 0x52, 0x3e, 0xfa, 0x1a, 0x96, 0xc3,
    0x38, 0x94, 0x96, 0x43, 0xa4, 0xc6, 0x95, 0xc3, 0xd4, 0x68, 0x59, 0xbe, 0x1e, 0x13, 0x69, 0x3f,
    0x4b, 0xbf, 0xb5, 0x3e, 0x96, 0x7f, 0x0f, 0xbf, 0x30, 0x71, 0xd2, 0xbe, 0xa7, 0x0b, 0x38, 0x3f,
    0x00, 0x00, 0x80, 0x3f, 0xb1, 0xb1, 0xb1, 0xff, 0xde, 0x57, 0xdd, 0x3e, 0xac, 0x8e, 0xdc, 0x3d,
    0xf3, 0x1a, 0x96, 0xc3, 0x13, 0x94, 0x96, 0x43, 0x41, 0xc6, 0x95, 0xc3, 0xd4, 0x68, 0x59, 0xbe,
    0x1e, 0x13, 0x69, 0x3f, 0x4b, 0xbf, 0xb5, 0x3e, 0x96, 0x7f, 0x0f, 0xbf, 0x30, 0x71, 0xd2, 0xbe,
    0xa7, 0x0b, 0x38, 0x3f, 0x00, 0x00, 0x80, 0x3f, 0xb1, 0xb1, 0xb1, 0xff, 0xbf, 0xb6, 0xee, 0x3e,
    0xae, 0x9a, 0x07, 0x3e, 0x5e, 0x1a, 0x96, 0xc3, 0x3d, 0x94, 0x96, 0x43, 0x52, 0xc6, 0x95, 0xc3,
    0xd4, 0x68, 0x59, 0xbe, 0x1e, 0x13, 0x69, 0x3f, 0x4b, 0xbf, 0xb5, 0x3e, 0x97, 0x7f, 0x0f, 0xbf,
    0x30, 0x71, 0xd2, 0xbe, 0xa7, 0x0b, 0x38, 0x3f, 0x00, 0x00, 0x80, 0x3f, 0xb1, 0xb1, 0xb1, 0xff,
    0xee, 0xec, 0xdb, 0x3e, 0xb7, 0x9b, 0x30, 0x3e, 0xf3, 0x1a, 0x96, 0xc3, 0x13, 0x94, 0x96, 0x43,
    0x41, 0xc6, 0x95, 0xc3, 0xc0, 0x12, 0x25, 0xbf, 0x35, 0xea, 0x2a, 0xbe, 0xa6, 0xf2, 0x3e, 0x3f,
    0xa4, 0x00, 0xd0, 0xbc, 0x7e, 0x7c, 0x78, 0xbf, 0xce, 0xe4, 0x74, 0xbe, 0x00, 0x00, 0x80, 0x3f,
    0xb1, 0xb1, 0xb1, 0xff, 0xbf, 0xb6, 0xee, 0x3e, 0xae, 0x9a, 0x07, 0x3e, 0x41, 0x1b, 0x96, 0xc3,
    0xee, 0x93, 0x96, 0x43, 0x8d, 0xc6, 0x95, 0xc3, 0xc0, 0x12, 0x25, 0xbf, 0x35, 0xea, 0x2a, 0xbe,
    0xa6, 0xf2, 0x3e, 0x3f, 0xa4, 0x00, 0xd0, 0xbc, 0x7e, 0x7c, 0x78, 0xbf, 0xce, 0xe4, 0x74, 0xbe,
    0x00, 0x00, 0x80, 0x3f, 0xb1, 0xb1, 0xb1, 0xff, 0xdb, 0x16, 0xf5, 0x3e, 0xdd, 0xb1, 0xd8, 0x3d,
    0x89, 0x1a, 0x96, 0xc3, 0xbb, 0x93, 0x96, 0x43, 0xf9, 0xc5, 0x95, 0xc3, 0xc0, 0x12, 0x25, 0xbf,
    0x35, 0xea, 0x2a, 0xbe, 0xa6, 0xf2, 0x3e, 0x3f, 0xa3, 0x00, 0xd0, 0xbc, 0x7e, 0x7c, 0x78, 0xbf,
    0xce, 0xe4, 0x74, 0xbe, 0x00, 0x00, 0x80, 0x3f, 0xb1, 0xb1, 0xb1, 0xff, 0x3c, 0xdc, 0xf6, 0x3e,
    0x87, 0xdf, 0x2d, 0x3e, 0x89, 0x1a, 0x96, 0xc3, 0xbb, 0x93, 0x96, 0x43, 0xf9, 0xc5, 0x95, 0xc3,
    0x32, 0xfb, 0x86, 0xbd, 0x32, 0x94, 0x9d, 0xbe, 0x20, 0xfd, 0x72, 0x3f, 0x8e, 0x13, 0xc9, 0x3d,
    0x42, 0xd9, 0x72, 0xbf, 0x53, 0xff, 0x99, 0xbe, 0x00, 0x00, 0x80, 0x3f, 0xb1, 0xb1, 0xb1, 0xff,
    0x3c, 0xdc, 0xf6, 0x3e, 0x87, 0xdf, 0x2d, 0x3e, 0xd6, 0x19, 0x96, 0xc3, 0xbe, 0x93, 0x96, 0x43,
    0xec, 0xc5, 0x95, 0xc3, 0x38, 0xfb, 0x86, 0xbd, 0x31, 0x94, 0x9d, 0xbe, 0x20, 0xfd, 0x72, 0x3f,
    0x8f, 0x13, 0xc9, 0x3d, 0x42, 0xd9, 0x72, 0xbf, 0x53, 0xff, 0x99, 0xbe, 0x00, 0x00, 0x80, 0x3f,
    0xb1, 0xb1, 0xb1, 0xff, 0x65, 0x1b, 0xf0, 0x3e, 0xdd, 0x40, 0x51, 0x3e, 0x74, 0x1a, 0x96, 0xc3,
    0x0b, 0x94, 0x96, 0x43, 0xde, 0xc5, 0x95, 0xc3, 0x32, 0xfb, 0x86, 0xbd, 0x32, 0x94, 0x9d, 0xbe,
    0x20, 0xfd, 0x72, 0x3f, 0x8e, 0x13, 0xc9, 0x3d, 0x42, 0xd9, 0x72, 0xbf, 0x53, 0xff, 0x99, 0xbe,
    0x00, 0x00, 0x80, 0x3f, 0xb1, 0xb1, 0xb1, 0xff, 0x41, 0x9e, 0xed, 0x3e, 0x2f, 0xa4, 0x33, 0x3e,
    0x69, 0x1a, 0x96, 0xc3, 0x3a, 0x94, 0x96, 0x43, 0x6b, 0xc6, 0x95, 0xc3, 0xc4, 0x8a, 0xa6, 0x3e,
    0x57, 0x3b, 0xdf, 0x3e, 0xa9, 0xcf, 0x56, 0xbf, 0x1a, 0xb6, 0x08, 0x3e, 0xf6, 0x77, 0x5b, 0x3f,
    0xd3, 0x91, 0xfe, 0x3e, 0x00, 0x00, 0x80, 0x3f, 0xb1, 0xb1, 0xb1, 0xff, 0xed, 0x82, 0xd9, 0x3e,
    0xf3, 0xc9, 0x2a, 0x3e, 0x30, 0x1a, 0x96, 0xc3, 0xf8, 0x93, 0x96, 0x43, 0x78, 0xc6, 0x95, 0xc3,
    0xc4, 0x8a, 0xa6, 0x3e, 0x59, 0x3b, 0xdf, 0x3e, 0xa9, 0xcf, 0x56, 0xbf, 0x1a, 0xb6, 0x08, 0x3e,
    0xf6, 0x77, 0x5b, 0x3f, 0xd3, 0x91, 0xfe, 0x3e, 0x00, 0x00, 0x80, 0x3f, 0xb1, 0xb1, 0xb1, 0xff,
    0xc8, 0x95, 0xd2, 0x3e, 0x58, 0xe1, 0x46, 0x3e, 0xfa, 0x1a, 0x96, 0xc3, 0x38, 0x94, 0x96, 0x43,
    0xa4, 0xc6, 0x95, 0xc3, 0xc4, 0x8a, 0xa6, 0x3e, 0x57, 0x3b, 0xdf, 0x3e, 0xa9, 0xcf, 0x56, 0xbf,
    0x1d, 0xb6, 0x08, 0x3e, 0xf6, 0x77, 0x5b, 0x3f, 0xd3, 0x91, 0xfe, 0x3e, 0x00, 0x00, 0x80, 0x3f,
    0xb1, 0xb1, 0xb1, 0xff, 0xde, 0x57, 0xdd, 0x3e, 0xac, 0x8e, 0xdc, 0x3d, 0x30, 0x1a, 0x96, 0xc3,
    0xf8, 0x93, 0x96, 0x43, 0x78, 0xc6, 0x95, 0xc3, 0x86, 0xc3, 0x40, 0x3f, 0x07, 0x18, 0x33, 0x3e,
    0x2e, 0x66, 0x22, 0xbf, 0x44, 0x37, 0xbd, 0x3e, 0x4f, 0x6c, 0x2f, 0x3f, 0x51, 0xa9, 0x20, 0x3f,
    0x00, 0x00, 0x80, 0x3f, 0xb1, 0xb1, 0xb1, 0xff, 0xc8, 0x95, 0xd2, 0x3e, 0x58, 0xe1, 0x46, 0x3e,
    0x21, 0x1a, 0x96, 0xc3, 0x1c, 0x94, 0x96, 0x43, 0x5b, 0xc6, 0x95, 0xc3, 0x86, 0xc3, 0x40, 0x3f,
    0x05, 0x18, 0x33, 0x3e, 0x2d, 0x66, 0x22, 0xbf, 0x44, 0x37, 0xbd, 0x3e, 0x4f, 0x6c, 0x2f, 0x3f,
    0x52, 0xa9, 0x20, 0x3f, 0x00, 0x00, 0x80, 0x3f, 0xb1, 0xb1, 0xb1, 0xff, 0x6e, 0x32, 0xda, 0x3e,
    0x60, 0xe4, 0x45, 0x3e, 0xf8, 0x19, 0x96, 0xc3, 0xe3, 0x93, 0x96, 0x43, 0x3a, 0xc6, 0x95, 0xc3,
    0x86, 0xc3, 0x40, 0x3f, 0x05, 0x18, 0x33, 0x3e, 0x2d, 0x66, 0x22, 0xbf, 0x44, 0x37, 0xbd, 0x3e,
    0x4f, 0x6c, 0x2f, 0x3f, 0x52, 0xa9, 0x20, 0x3f, 0x00, 0x00, 0x80, 0x3f, 0xb1, 0xb1, 0xb1, 0xff,
    0x92, 0x3b, 0xe4, 0x3e, 0x45, 0x2e, 0x58, 0x3e, 0xf9, 0x1a, 0x96, 0xc3, 0x2a, 0x94, 0x96, 0x43,
    0xae, 0xc6, 0x95, 0xc3, 0x6b, 0x93, 0x6d, 0x3e, 0x7d, 0x70, 0x4b, 0xbe, 0xfb, 0xc3, 0x73, 0xbf,
    0x9d, 0x14, 0x06, 0x3f, 0xa8, 0xb4, 0x59, 0x3f, 0xfd, 0x0e, 0x4c, 0xbd, 0x00, 0x00, 0x80, 0x3f,
    0xb1, 0xb1, 0xb1, 0xff, 0xfe, 0x2a, 0x04, 0x3f, 0x31, 0x7c, 0xe4, 0x3d, 0x5f, 0x1a, 0x96, 0xc3,
    0xec, 0x93, 0x96, 0x43, 0x7c, 0xc6, 0x95, 0xc3, 0x6d, 0x93, 0x6d, 0x3e, 0x77, 0x70, 0x4b, 0xbe,
    0xfd, 0xc3, 0x73, 0xbf, 0x9c, 0x14, 0x06, 0x3f, 0xa9, 0xb4, 0x59, 0x3f, 0xf0, 0x0e, 0x4c, 0xbd,
    0x00, 0x00, 0x80, 0x3f, 0xb1, 0xb1, 0xb1, 0xff, 0xf0, 0xfc, 0x06, 0x3f, 0xc1, 0xe1, 0x35, 0x3e,
    0x77, 0x1b, 0x96, 0xc3, 0xf8, 0x93, 0x96, 0x43, 0xc3, 0xc6, 0x95, 0xc3, 0x6d, 0x93, 0x6d, 0x3e,
    0x72, 0x70, 0x4b, 0xbe, 0xfd, 0xc3, 0x73, 0xbf, 0x9d, 0x14, 0x06, 0x3f, 0xa8, 0xb4, 0x59, 0x3f,
    0xe3, 0x0e, 0x4c, 0xbd, 0x00, 0x00, 0x80, 0x3f, 0xb1, 0xb1, 0xb1, 0xff, 0x63, 0x7e, 0xf6, 0x3e,
    0xe5, 0x61, 0xa1, 0x3d, 0x69, 0x1a, 0x96, 0xc3, 0x3a, 0x94, 0x96, 0x43, 0x6b, 0xc6, 0x95, 0xc3,
    0xc2, 0x21, 0xbf, 0x3e, 0x43, 0x85, 0xf0, 0x3e, 0x4b, 0xcb, 0x4c, 0xbf, 0x58, 0x91, 0xbe, 0x3e,
    0x9e, 0xca, 0x36, 0x3f, 0xab, 0xcd, 0x17, 0x3f, 0x00, 0x00, 0x80, 0x3f, 0xb1, 0xb1, 0xb1, 0xff,
    0xed, 0x82, 0xd9, 0x3e, 0xf3, 0xc9, 0x2a, 0x3e, 0x21, 0x1a, 0x96, 0xc3, 0x1c, 0x94, 0x96, 0x43,
    0x5b, 0xc6, 0x95, 0xc3, 0xc2, 0x21, 0xbf, 0x3e, 0x43, 0x85, 0xf0, 0x3e, 0x4b, 0xcb, 0x4c, 0xbf,
    0x5a, 0x91, 0xbe, 0x3e, 0x9e, 0xca, 0x36, 0x3f, 0xab, 0xcd, 0x17, 0x3f, 0x00, 0x00, 0x80, 0x3f,
    0xb1, 0xb1, 0xb1, 0xff, 0x6e, 0x32, 0xda, 0x3e, 0x60, 0xe4, 0x45, 0x3e, 0x30, 0x1a, 0x96, 0xc3,
    0xf8, 0x93, 0x96, 0x43, 0x78, 0xc6, 0x95, 0xc3, 0xc2, 0x21, 0xbf, 0x3e, 0x43, 0x85, 0xf0, 0x3e,
    0x4b, 0xcb, 0x4c, 0xbf, 0x58, 0x91, 0xbe, 0x3e, 0x9e, 0xca, 0x36, 0x3f, 0xab, 0xcd, 0x17, 0x3f,
    0x00, 0x00, 0x80, 0x3f, 0xb1, 0xb1, 0xb1, 0xff, 0xc8, 0x95, 0xd2, 0x3e, 0x58, 0xe1, 0x46, 0x3e,
    0x03, 0x1a, 0x96, 0xc3, 0xf7, 0x93, 0x96, 0x43, 0x30, 0xc6, 0x95, 0xc3, 0x21, 0xaf, 0xe4, 0x3e,
    0x6e, 0x78, 0x4a, 0x3f, 0x90, 0x2c, 0xd6, 0x3e, 0x27, 0x7f, 0x72, 0xbe, 0xe6, 0x55, 0xb1, 0xbe,
    0x55, 0x60, 0x68, 0x3f, 0x00, 0x00, 0x80, 0x3f, 0xb1, 0xb1, 0xb1, 0xff, 0x67, 0xf1, 0xe2, 0x3e,
    0xb5, 0x35, 0x52, 0x3e, 0x5e, 0x1a, 0x96, 0xc3, 0x3d, 0x94, 0x96, 0x43, 0x52, 0xc6, 0x95, 0xc3,
    0x21, 0xaf, 0xe4, 0x3e, 0x6c, 0x78, 0x4a, 0x3f, 0x92, 0x2c, 0xd6, 0x3e, 0x27, 0x7f, 0x72, 0xbe,
    0xe6, 0x55, 0xb1, 0xbe, 0x55, 0x60, 0x68, 0x3f, 0x00, 0x00, 0x80, 0x3f, 0xb1, 0xb1, 0xb1, 0xff,
    0xee, 0xec, 0xdb, 0x3e, 0xb7, 0x9b, 0x30, 0x3e, 0x74, 0x1a, 0x96, 0xc3, 0x0b, 0x94, 0x96, 0x43,
    0xde, 0xc5, 0x95, 0xc3, 0x21, 0xaf, 0xe4, 0x3e, 0x6e, 0x78, 0x4a, 0x3f, 0x90, 0x2c, 0xd6, 0x3e,
    0x27, 0x7f, 0x72, 0xbe, 0xe6, 0x55, 0xb1, 0xbe, 0x55, 0x60, 0x68, 0x3f, 0x00, 0x00, 0x80, 0x3f,
    0xb1, 0xb1, 0xb1, 0xff, 0x41, 0x9e, 0xed, 0x3e, 0x2f, 0xa4, 0x33, 0x3e, 0x89, 0x1a, 0x96, 0xc3,
    0xbb, 0x93, 0x96, 0x43, 0xf9, 0xc5, 0x95, 0xc3, 0xf7, 0x50, 0x25, 0x3c, 0xb2, 0x6c, 0x59, 0xbf,
    0x43, 0x1d, 0x07, 0x3f, 0xf1, 0x72, 0xc1, 0xbe, 0xd5, 0xdd, 0xfb, 0xbe, 0x27, 0xcd, 0x48, 0xbf,
    0x00, 0x00, 0x80, 0x3f, 0xb1, 0xb1, 0xb1, 0xff, 0x3c, 0xdc, 0xf6, 0x3e, 0x87, 0xdf, 0x2d, 0x3e,
    0x7a, 0x1a, 0x96, 0xc3, 0xb1, 0x93, 0x96, 0x43, 0x09, 0xc6, 0x95, 0xc3, 0xf7, 0x50, 0x25, 0x3c,
    0xb3, 0x6c, 0x59, 0xbf, 0x43, 0x1d, 0x07, 0x3f, 0xf1, 0x72, 0xc1, 0xbe, 0xd0, 0xdd, 0xfb, 0xbe,
    0x28, 0xcd, 0x48, 0xbf, 0x00, 0x00, 0x80, 0x3f, 0xb1, 0xb1, 0xb1, 0xff, 0x49, 0x9d, 0xf8, 0x3e,
    0xc0, 0x03, 0x33, 0x3e, 0xe1, 0x19, 0x96, 0xc3, 0xbc, 0x93, 0x96, 0x43, 0xfb, 0xc5, 0x95, 0xc3,
    0xf7, 0x50, 0x25, 0x3c, 0xb2, 0x6c, 0x59, 0xbf, 0x43, 0x1d, 0x07, 0x3f, 0xf1, 0x72, 0xc1, 0xbe,
    0xd5, 0xdd, 0xfb, 0xbe, 0x27, 0xcd, 0x48, 0xbf, 0x00, 0x00, 0x80, 0x3f, 0xb1, 0xb1, 0xb1, 0xff,
    0x18, 0xb1, 0xef, 0x3e, 0x74, 0x79, 0x53, 0x3e, 0xf9, 0x1a, 0x96, 0xc3, 0x2a, 0x94, 0x96, 0x43,
    0xae, 0xc6, 0x95, 0xc3, 0xf6, 0xac, 0x2c, 0x3e, 0x27, 0xb2, 0xab, 0xbe, 0x19, 0x48, 0x6d, 0xbf,
    0xd5, 0x02, 0xe8, 0x3e, 0x8d, 0x88, 0x5c, 0x3f, 0xda, 0xbb, 0x6a, 0xbe, 0x00, 0x00, 0x80, 0x3f,
    0xb1, 0xb1, 0xb1, 0xff, 0xfe, 0x2a, 0x04, 0x3f, 0x31, 0x7c, 0xe4, 0x3d, 0x30, 0x1a, 0x96, 0xc3,
    0xf8, 0x93, 0x96, 0x43, 0x78, 0xc6, 0x95, 0xc3, 0xfb, 0xac, 0x2c, 0x3e, 0x28, 0xb2, 0xab, 0xbe,
    0x1c, 0x48, 0x6d, 0xbf, 0xd5, 0x02, 0xe8, 0x3e, 0x8d, 0x88, 0x5c, 0x3f, 0xda, 0xbb, 0x6a, 0xbe,
    0x00, 0x00, 0x80, 0x3f, 0xb1, 0xb1, 0xb1, 0xff, 0xf6, 0x26, 0x0a, 0x3f, 0x28, 0xd7, 0x44, 0x3e,
    0x5f, 0x1a, 0x96, 0xc3, 0xec, 0x93, 0x96, 0x43, 0x7c, 0xc6, 0x95, 0xc3, 0xfb, 0xac, 0x2c, 0x3e,
    0x28, 0xb2, 0xab, 0xbe, 0x1c, 0x48, 0x6d, 0xbf, 0xd5, 0x02, 0xe8, 0x3e, 0x8d, 0x88, 0x5c, 0x3f,
    0xda, 0xbb, 0x6a, 0xbe, 0x00, 0x00, 0x80, 0x3f, 0xb1, 0xb1, 0xb1, 0xff, 0xf0, 0xfc, 0x06, 0x3f,
    0xc1, 0xe1, 0x35, 0x3e, 0x30, 0x1a, 0x96, 0xc3, 0xf8, 0x93, 0x96, 0x43, 0x78, 0xc6, 0x95, 0xc3,
    0x4c, 0xef, 0x6d, 0x3e, 0xfe, 0x1b, 0x30, 0xbf, 0x3c, 0x05, 0x30, 0xbf, 0xc2, 0xbe, 0x94, 0xbe,
    0x3e, 0x25, 0x20, 0x3f, 0x0b, 0x5c, 0x39, 0xbf, 0x00, 0x00, 0x80, 0x3f, 0xb1, 0xb1, 0xb1, 0xff,
    0x40, 0x4d, 0x05, 0x3f, 0x0d, 0xff, 0x49, 0x3e, 0xf5, 0x19, 0x96, 0xc3, 0xcf, 0x93, 0x96, 0x43,
    0x3a, 0xc6, 0x95, 0xc3, 0x4a, 0xef, 0x6d, 0x3e, 0xfe, 0x1b, 0x30, 0xbf, 0x3c, 0x05, 0x30, 0xbf,
    0xc2, 0xbe, 0x94, 0xbe, 0x3e, 0x25, 0x20, 0x3f, 0x0b, 0x5c, 0x39, 0xbf, 0x00, 0x00, 0x80, 0x3f,
    0xb1, 0xb1, 0xb1, 0xff, 0xff, 0xea, 0xf9, 0x3e, 0x25, 0x7a, 0x59, 0x3e, 0x5f, 0x1a, 0x96, 0xc3,
    0xec, 0x93, 0x96, 0x43, 0x7c, 0xc6, 0x95, 0xc3, 0x4a, 0xef, 0x6d, 0x3e, 0xfe, 0x1b, 0x30, 0xbf,
    0x3c, 0x05, 0x30, 0xbf, 0xc2, 0xbe, 0x94, 0xbe, 0x3d, 0x25, 0x20, 0x3f, 0x0b, 0x5c, 0x39, 0xbf,
    0x00, 0x00, 0x80, 0x3f, 0xb1, 0xb1, 0xb1, 0xff, 0xf0, 0xfc, 0x06, 0x3f, 0xc1, 0xe1, 0x35, 0x3e,
    0x41, 0x1b, 0x96, 0xc3, 0xee, 0x93, 0x96, 0x43, 0x8d, 0xc6, 0x95, 0xc3, 0xec, 0xf0, 0x28, 0xbf,
    0x4d, 0xa6, 0xfd, 0xbe, 0xad, 0x9a, 0x10, 0x3f, 0x94, 0x7b, 0x3b, 0x3d, 0xa3, 0xe4, 0x46, 0xbf,
    0xbc, 0xbf, 0x20, 0xbf, 0x00, 0x00, 0x80, 0x3f, 0xb1, 0xb1, 0xb1, 0xff, 0xdb, 0x16, 0xf5, 0x3e,
    0xdd, 0xb1, 0xd8, 0x3d, 0xb6, 0x1b, 0x96, 0xc3, 0x28, 0x94, 0x96, 0x43, 0xe3, 0xc6, 0x95, 0xc3,
    0xec, 0xf0, 0x28, 0xbf, 0x4d, 0xa6, 0xfd, 0xbe, 0xae, 0x9a, 0x10, 0x3f, 0x91, 0x7b, 0x3b, 0x3d,
    0xa4, 0xe4, 0x46, 0xbf, 0xbb, 0xbf, 0x20, 0xbf, 0x00, 0x00, 0x80, 0x3f, 0xb1, 0xb1, 0xb1, 0xff,
    0xd6, 0x6e, 0xf3, 0x3e, 0x05, 0x8b, 0x43, 0x3d, 0x77, 0x1b, 0x96, 0xc3, 0xf8, 0x93, 0x96, 0x43,
    0xc3, 0xc6, 0x95, 0xc3, 0xec, 0xf0, 0x28, 0xbf, 0x4d, 0xa6, 0xfd, 0xbe, 0xae, 0x9a, 0x10, 0x3f,
    0x91, 0x7b, 0x3b, 0x3d, 0xa4, 0xe4, 0x46, 0xbf, 0xbb, 0xbf, 0x20, 0xbf, 0x00, 0x00, 0x80, 0x3f,
    0xb1, 0xb1, 0xb1, 0xff, 0x63, 0x7e, 0xf6, 0x3e, 0xe5, 0x61, 0xa1, 0x3d, 0xf9, 0x1a, 0x96, 0xc3,
    0x2a, 0x94, 0x96, 0x43, 0xae, 0xc6, 0x95, 0xc3, 0x88, 0x5d, 0x85, 0x3e, 0xf5, 0xa2, 0x90, 0xbe,
    0x9d, 0x58, 0x6c, 0xbf, 0x4f, 0xbe, 0x00, 0x3f, 0xc1, 0x20, 0x5b, 0x3f, 0x19, 0xcf, 0xf5, 0xbd,
    0x00, 0x00, 0x80, 0x3f, 0xb1, 0xb1, 0xb1, 0xff, 0xfe, 0x2a, 0x04, 0x3f, 0x31, 0x7c, 0xe4, 0x3d,
    0x77, 0x1b, 0x96, 0xc3, 0xf8, 0x93, 0x96, 0x43, 0xc3, 0xc6, 0x95, 0xc3, 0x87, 0x5d, 0x85, 0x3e,
    0xf5, 0xa2, 0x90, 0xbe, 0x9d, 0x58, 0x6c, 0xbf, 0x50, 0xbe, 0x00, 0x3f, 0xbf, 0x20, 0x5b, 0x3f,
    0x16, 0xcf, 0xf5, 0xbd, 0x00, 0x00, 0x80, 0x3f, 0xb1, 0xb1, 0xb1, 0xff, 0x63, 0x7e, 0xf6, 0x3e,
    0xe5, 0x61, 0xa1, 0x3d, 0xb6, 0x1b, 0x96, 0xc3, 0x28, 0x94, 0x96, 0x43, 0xe3, 0xc6, 0x95, 0xc3,
    0x87, 0x5d, 0x85, 0x3e, 0xf5, 0xa2, 0x90, 0xbe, 0x9d, 0x58, 0x6c, 0xbf, 0x4f, 0xbe, 0x00, 0x3f,
    0xc1, 0x20, 0x5b, 0x3f, 0x19, 0xcf, 0xf5, 0xbd, 0x00, 0x00, 0x80, 0x3f, 0xb1, 0xb1, 0xb1, 0xff,
    0xd6, 0x6e, 0xf3, 0x3e, 0x05, 0x8b, 0x43, 0x3d, 0x69, 0x1a, 0x96, 0xc3, 0x3a, 0x94, 0x96, 0x43,
    0x6b, 0xc6, 0x95, 0xc3, 0x04, 0x19, 0x17, 0x3d, 0xfc, 0xeb, 0x7d, 0x3f, 0x0d, 0x3a, 0xf9, 0xbd,
    0xaa, 0xd3, 0x30, 0xbe, 0x1e, 0x4d, 0x01, 0x3e, 0xdf, 0x12, 0x7a, 0x3f, 0x00, 0x00, 0x80, 0x3f,
    0xb1, 0xb1, 0xb1, 0xff, 0xed, 0x82, 0xd9, 0x3e, 0xf3, 0xc9, 0x2a, 0x3e, 0xfa, 0x1a, 0x96, 0xc3,
    0x38, 0x94, 0x96, 0x43, 0xa4, 0xc6, 0x95, 0xc3, 0x04, 0x19, 0x17, 0x3d, 0xfc, 0xeb, 0x7d, 0x3f,
    0x05, 0x3a, 0xf9, 0xbd, 0xaa, 0xd3, 0x30, 0xbe, 0x1c, 0x4d, 0x01, 0x3e, 0xdf, 0x12, 0x7a, 0x3f,
    0x00, 0x00, 0x80, 0x3f, 0xb1, 0xb1, 0xb1, 0xff, 0xde, 0x57, 0xdd, 0x3e, 0xac, 0x8e, 0xdc, 0x3d,
    0x5e, 0x1a, 0x96, 0xc3, 0x3d, 0x94, 0x96, 0x43, 0x52, 0xc6, 0x95, 0xc3, 0x07, 0x19, 0x17, 0x3d,
    0xfc, 0xeb, 0x7d, 0x3f, 0x08, 0x3a, 0xf9, 0xbd, 0xaa, 0xd3, 0x30, 0xbe, 0x1c, 0x4d, 0x01, 0x3e,
    0xdf, 0x12, 0x7a, 0x3f, 0x00, 0x00, 0x80, 0x3f, 0xb1, 0xb1, 0xb1, 0xff, 0xee, 0xec, 0xdb, 0x3e,
    0xb7, 0x9b, 0x30, 0x3e, 0x21, 0x1a, 0x96, 0xc3, 0x1c, 0x94, 0x96, 0x43, 0x5b, 0xc6, 0x95, 0xc3,
    0x2d, 0x3e, 0xd7, 0x3e, 0x95, 0xcd, 0x5d, 0x3f, 0x50, 0xf1, 0x89, 0xbe, 0x90, 0x20, 0x59, 0xbe,
    0x17, 0xda, 0xc3, 0x3e, 0xa0, 0x37, 0x66, 0x3f, 0x00, 0x00, 0x80, 0x3f, 0xb1, 0xb1, 0xb1, 0xff,
    0x6e, 0x32, 0xda, 0x3e, 0x60, 0xe4, 0x45, 0x3e, 0x69, 0x1a, 0x96, 0xc3, 0x3a, 0x94, 0x96, 0x43,
    0x6b, 0xc6, 0x95, 0xc3, 0x2d, 0x3e, 0xd7, 0x3e, 0x95, 0xcd, 0x5d, 0x3f, 0x4e, 0xf1, 0x89, 0xbe,
    0x93, 0x20, 0x59, 0xbe, 0x17, 0xda, 0xc3, 0x3e, 0xa1, 0x37, 0x66, 0x3f, 0x00, 0x00, 0x80, 0x3f,
    0xb1, 0xb1, 0xb1, 0xff, 0xed, 0x82, 0xd9, 0x3e, 0xf3, 0xc9, 0x2a, 0x3e, 0x5e, 0x1a, 0x96, 0xc3,
    0x3d, 0x94, 0x96, 0x43, 0x52, 0xc6, 0x95, 0xc3, 0x2d, 0x3e, 0xd7, 0x3e, 0x95, 0xcd, 0x5d, 0x3f,
    0x4d, 0xf1, 0x89, 0xbe, 0x95, 0x20, 0x59, 0xbe, 0x17, 0xda, 0xc3, 0x3e, 0xa1, 0x37, 0x66, 0x3f,
    0x00, 0x00, 0x80, 0x3f, 0xb1, 0xb1, 0xb1, 0xff, 0xee, 0xec, 0xdb, 0x3e, 0xb7, 0x9b, 0x30, 0x3e,
    0xf8, 0x19, 0x96, 0xc3, 0xe3, 0x93, 0x96, 0x43, 0x3a, 0xc6, 0x95, 0xc3, 0x85, 0xb7, 0x55, 0x3f,
    0xea, 0x4a, 0x0a, 0x3f, 0x3f, 0x12, 0xd9, 0xbd, 0x5f, 0x9a, 0xef, 0x3e, 0xc5, 0x51, 0x18, 0xbf,
    0x89, 0x47, 0x27, 0x3f, 0x00, 0x00, 0x80, 0x3f, 0xb1, 0xb1, 0xb1, 0xff, 0x92, 0x3b, 0xe4, 0x3e,
    0x45, 0x2e, 0x58, 0x3e, 0x03, 0x1a, 0x96, 0xc3, 0xf7, 0x93, 0x96, 0x43, 0x30, 0xc6, 0x95, 0xc3,
    0x85, 0xb7, 0x55, 0x3f, 0xec, 0x4a, 0x0a, 0x3f, 0x4c, 0x12, 0xd9, 0xbd, 0x61, 0x9a, 0xef, 0x3e,
    0xc5, 0x51, 0x18, 0xbf, 0x89, 0x47, 0x27, 0x3f, 0x00, 0x00, 0x80, 0x3f, 0xb1, 0xb1, 0xb1, 0xff,
    0x67, 0xf1, 0xe2, 0x3e, 0xb5, 0x35, 0x52, 0x3e, 0xd6, 0x19, 0x96, 0xc3, 0xbe, 0x93, 0x96, 0x43,
    0xec, 0xc5, 0x95, 0xc3, 0x85, 0xb7, 0x55, 0x3f, 0xea, 0x4a, 0x0a, 0x3f, 0x3f, 0x12, 0xd9, 0xbd,
    0x5e, 0x9a, 0xef, 0x3e, 0xc5, 0x51, 0x18, 0xbf, 0x89, 0x47, 0x27, 0x3f, 0x00, 0x00, 0x80, 0x3f,
    0xb1, 0xb1, 0xb1, 0xff, 0x65, 0x1b, 0xf0, 0x3e, 0xdd, 0x40, 0x51, 0x3e, 0xf5, 0x19, 0x96, 0xc3,
    0xcf, 0x93, 0x96, 0x43, 0x3a, 0xc6, 0x95, 0xc3, 0xe0, 0x98, 0xbe, 0x3d, 0xbf, 0x2e, 0x72, 0xbf,
    0x42, 0xf2, 0x9e, 0xbe, 0xa2, 0x86, 0x12, 0xbf, 0x7c, 0x32, 0x51, 0x3e, 0xd8, 0x4c, 0x4b, 0xbf,
    0x00, 0x00, 0x80, 0x3f, 0xb1, 0xb1, 0xb1, 0xff, 0xff, 0xea, 0xf9, 0x3e, 0x25, 0x7a, 0x59, 0x3e,
    0xe1, 0x19, 0x96, 0xc3, 0xbc, 0x93, 0x96, 0x43, 0xfb, 0xc5, 0x95, 0xc3, 0xe0, 0x98, 0xbe, 0x3d,
    0xbf, 0x2e, 0x72, 0xbf, 0x42, 0xf2, 0x9e, 0xbe, 0xa2, 0x86, 0x12, 0xbf, 0x7c, 0x32, 0x51, 0x3e,
    0xd8, 0x4c, 0x4b, 0xbf, 0x00, 0x00, 0x80, 0x3f, 0xb1, 0xb1, 0xb1, 0xff, 0x18, 0xb1, 0xef, 0x3e,
    0x74, 0x79, 0x53, 0x3e, 0x7a, 0x1a, 0x96, 0xc3, 0xb1, 0x93, 0x96, 0x43, 0x09, 0xc6, 0x95, 0xc3,
    0xe1, 0x98, 0xbe, 0x3d, 0xbf, 0x2e, 0x72, 0xbf, 0x42, 0xf2, 0x9e, 0xbe, 0xa2, 0x86, 0x12, 0xbf,
    0x7c, 0x32, 0x51, 0x3e, 0xd8, 0x4c, 0x4b, 0xbf, 0x00, 0x00, 0x80, 0x3f, 0xb1, 0xb1, 0xb1, 0xff,
    0x49, 0x9d, 0xf8, 0x3e, 0xc0, 0x03, 0x33, 0x3e, 0x21, 0x1a, 0x96, 0xc3, 0x1c, 0x94, 0x96, 0x43,
    0x5b, 0xc6, 0x95, 0xc3, 0x5d, 0xb9, 0x55, 0x3f, 0x2d, 0x49, 0x0a, 0x3f, 0x41, 0xe5, 0xd8, 0xbd,
    0x7b, 0xa2, 0xa0, 0x3d, 0xb5, 0xed, 0x96, 0x3d, 0x58, 0x83, 0x7e, 0x3f, 0x00, 0x00, 0x80, 0x3f,
    0xb1, 0xb1, 0xb1, 0xff, 0x6e, 0x32, 0xda, 0x3e, 0x60, 0xe4, 0x45, 0x3e, 0x03, 0x1a, 0x96, 0xc3,
    0xf7, 0x93, 0x96, 0x43, 0x30, 0xc6, 0x95, 0xc3, 0x5d, 0xb9, 0x55, 0x3f, 0x2c, 0x49, 0x0a, 0x3f,
    0x41, 0xe5, 0xd8, 0xbd, 0x81, 0xa2, 0xa0, 0x3d, 0xbf, 0xed, 0x96, 0x3d, 0x58, 0x83, 0x7e, 0x3f,
    0x00, 0x00, 0x80, 0x3f, 0xb1, 0xb1, 0xb1, 0xff, 0x67, 0xf1, 0xe2, 0x3e, 0xb5, 0x35, 0x52, 0x3e,
    0xf8, 0x19, 0x96, 0xc3, 0xe3, 0x93, 0x96, 0x43, 0x3a, 0xc6, 0x95, 0xc3, 0x5d, 0xb9, 0x55, 0x3f,
    0x2d, 0x49, 0x0a, 0x3f, 0x41, 0xe5, 0xd8, 0xbd, 0x81, 0xa2, 0xa0, 0x3d, 0xb2, 0xed, 0x96, 0x3d,
    0x58, 0x83, 0x7e, 0x3f, 0x00, 0x00, 0x80, 0x3f, 0xb1, 0xb1, 0xb1, 0xff, 0x92, 0x3b, 0xe4, 0x3e,
    0x45, 0x2e, 0x58, 0x3e, 0x03, 0x1a, 0x96, 0xc3, 0xf7, 0x93, 0x96, 0x43, 0x30, 0xc6, 0x95, 0xc3,
    0x41, 0xcf, 0xf3, 0x3e, 0x6e, 0x3a, 0x4d, 0x3f, 0xf9, 0x00, 0xb9, 0x3e, 0x06, 0xac, 0x03, 0xbe,
    0xcb, 0x9f, 0xaf, 0xbe, 0x63, 0x34, 0x6e, 0x3f, 0x00, 0x00, 0x80, 0x3f, 0xb1, 0xb1, 0xb1, 0xff,
    0x67, 0xf1, 0xe2, 0x3e, 0xb5, 0x35, 0x52, 0x3e, 0x21, 0x1a, 0x96, 0xc3, 0x1c, 0x94, 0x96, 0x43,
    0x5b, 0xc6, 0x95, 0xc3, 0x42, 0xcf, 0xf3, 0x3e, 0x6e, 0x3a, 0x4d, 0x3f, 0xf9, 0x00, 0xb9, 0x3e,
    0x08, 0xac, 0x03, 0xbe, 0xcb, 0x9f, 0xaf, 0xbe, 0x63, 0x34, 0x6e, 0x3f, 0x00, 0x00, 0x80, 0x3f,
    0xb1, 0xb1, 0xb1, 0xff, 0x6e, 0x32, 0xda, 0x3e, 0x60, 0xe4, 0x45, 0x3e, 0x5e, 0x1a, 0x96, 0xc3,
    0x3d, 0x94, 0x96, 0x43, 0x52, 0xc6, 0x95, 0xc3, 0x41, 0xcf, 0xf3, 0x3e, 0x6e, 0x3a, 0x4d, 0x3f,
    0xf9, 0x00, 0xb9, 0x3e, 0x0d, 0xac, 0x03, 0xbe, 0xcb, 0x9f, 0xaf, 0xbe, 0x63, 0x34, 0x6e, 0x3f,
    0x00, 0x00, 0x80, 0x3f, 0xb1, 0xb1, 0xb1, 0xff, 0xee, 0xec, 0xdb, 0x3e, 0xb7, 0x9b, 0x30, 0x3e,
    0xe1, 0x19, 0x96, 0xc3, 0xbc, 0x93, 0x96, 0x43, 0xfb, 0xc5, 0x95, 0xc3, 0x5a, 0x04, 0x3e, 0x3f,
    0x90, 0x1e, 0xd6, 0xbe, 0x42, 0x0b, 0x06, 0xbf, 0xb0, 0x09, 0x71, 0xbd, 0xc3, 0xab, 0x51, 0xbf,
    0x50, 0x1b, 0x12, 0x3f, 0x00, 0x00, 0x80, 0x3f, 0xb1, 0xb1, 0xb1, 0xff, 0x18, 0xb1, 0xef, 0x3e,
    0x74, 0x79, 0x53, 0x3e, 0xf8, 0x19, 0x96, 0xc3, 0xe3, 0x93, 0x96, 0x43, 0x3a, 0xc6, 0x95, 0xc3,
    0x5a, 0x04, 0x3e, 0x3f, 0x8c, 0x1e, 0xd6, 0xbe, 0x41, 0x0b, 0x06, 0xbf, 0x9d, 0x09, 0x71, 0xbd,
    0xc3, 0xab, 0x51, 0xbf, 0x4f, 0x1b, 0x12, 0x3f, 0x00, 0x00, 0x80, 0x3f, 0xb1, 0xb1, 0xb1, 0xff,
    0x92, 0x3b, 0xe4, 0x3e, 0x45, 0x2e, 0x58, 0x3e, 0xd6, 0x19, 0x96, 0xc3, 0xbe, 0x93, 0x96, 0x43,
    0xec, 0xc5, 0x95, 0xc3, 0x58, 0x04, 0x3e, 0x3f, 0x8c, 0x1e, 0xd6, 0xbe, 0x42, 0x0b, 0x06, 0xbf,
    0x9d, 0x09, 0x71, 0xbd, 0xc3, 0xab, 0x51, 0xbf, 0x4f, 0x1b, 0x12, 0x3f, 0x00, 0x00, 0x80, 0x3f,
    0xb1, 0xb1, 0xb1, 0xff, 0x65, 0x1b, 0xf0, 0x3e, 0xdd, 0x40, 0x51, 0x3e, 0x89, 0x1a, 0x96, 0xc3,
    0xbb, 0x93, 0x96, 0x43, 0xf9, 0xc5, 0x95, 0xc3, 0x78, 0x9f, 0xac, 0x3b, 0x11, 0x43, 0x7e, 0xbf,
    0x55, 0xff, 0xed, 0x3d, 0x4e, 0x0c, 0x51, 0xbf, 0xac, 0x1f, 0x92, 0xbd, 0x17, 0xa2, 0x12, 0xbf,
    0x00, 0x00, 0x80, 0x3f, 0xb1, 0xb1, 0xb1, 0xff, 0x3c, 0xdc, 0xf6, 0x3e, 0x87, 0xdf, 0x2d, 0x3e,
    0xe1, 0x19, 0x96, 0xc3, 0xbc, 0x93, 0x96, 0x43, 0xfb, 0xc5, 0x95, 0xc3, 0x5e, 0x9f, 0xac, 0x3b,
    0x11, 0x43, 0x7e, 0xbf, 0x53, 0xff, 0xed, 0x3d, 0x4e, 0x0c, 0x51, 0xbf, 0xa9, 0x1f, 0x92, 0xbd,
    0x17, 0xa2, 0x12, 0xbf, 0x00, 0x00, 0x80, 0x3f, 0xb1, 0xb1, 0xb1, 0xff, 0x18, 0xb1, 0xef, 0x3e,
    0x74, 0x79, 0x53, 0x3e, 0xd6, 0x19, 0x96, 0xc3, 0xbe, 0x93, 0x96, 0x43, 0xec, 0xc5, 0x95, 0xc3,
    0x5e, 0x9f, 0xac, 0x3b, 0x11, 0x43, 0x7e, 0xbf, 0x58, 0xff, 0xed, 0x3d, 0x4e, 0x0c, 0x51, 0xbf,
    0xac, 0x1f, 0x92, 0xbd, 0x17, 0xa2, 0x12, 0xbf, 0x00, 0x00, 0x80, 0x3f, 0xb1, 0xb1, 0xb1, 0xff,
    0x65, 0x1b, 0xf0, 0x3e, 0xdd, 0x40, 0x51, 0x3e, 0x89, 0x1a, 0x96, 0xc3, 0xbb, 0x93, 0x96, 0x43,
    0xf9, 0xc5, 0x95, 0xc3, 0xe7, 0xe2, 0x1d, 0xbf, 0x7b, 0x3a, 0xd7, 0xbd, 0xc7, 0xb5, 0x47, 0x3f,
    0x5a, 0xaf, 0x57, 0xbd, 0xdc, 0xba, 0x7b, 0xbf, 0x25, 0x46, 0x32, 0xbe, 0x00, 0x00, 0x80, 0x3f,
    0xb1, 0xb1, 0xb1, 0xff, 0x3c, 0xdc, 0xf6, 0x3e, 0x87, 0xdf, 0x2d, 0x3e, 0x74, 0x1a, 0x96, 0xc3,
    0x0b, 0x94, 0x96, 0x43, 0xde, 0xc5, 0x95, 0xc3, 0xe7, 0xe2, 0x1d, 0xbf, 0x7b, 0x3a, 0xd7, 0xbd,
    0xc7, 0xb5, 0x47, 0x3f, 0x5c, 0xaf, 0x57, 0xbd, 0xdc, 0xba, 0x7b, 0xbf, 0x24, 0x46, 0x32, 0xbe,
    0x00, 0x00, 0x80, 0x3f, 0xb1, 0xb1, 0xb1, 0xff, 0x41, 0x9e, 0xed, 0x3e, 0x2f, 0xa4, 0x33, 0x3e,
    0xf3, 0x1a, 0x96, 0xc3, 0x13, 0x94, 0x96, 0x43, 0x41, 0xc6, 0x95, 0xc3, 0xe7, 0xe2, 0x1d, 0xbf,
    0x7b, 0x3a, 0xd7, 0xbd, 0xc7, 0xb5, 0x47, 0x3f, 0x5a, 0xaf, 0x57, 0xbd, 0xdc, 0xba, 0x7b, 0xbf,
    0x25, 0x46, 0x32, 0xbe, 0x00, 0x00, 0x80, 0x3f, 0xb1, 0xb1, 0xb1, 0xff, 0xbf, 0xb6, 0xee, 0x3e,
    0xae, 0x9a, 0x07, 0x3e, 0xaf, 0x1b, 0x96, 0xc3, 0x32, 0x94, 0x96, 0x43, 0xdc, 0xc6, 0x95, 0xc3,
    0x17, 0x39, 0x61, 0x3e, 0x52, 0x45, 0x13, 0x3f, 0x74, 0xaf, 0x49, 0xbf, 0x88, 0xa5, 0xeb, 0xbe,
    0xf3, 0xf4, 0x45, 0x3f, 0x36, 0x4f, 0xdf, 0x3e, 0x00, 0x00, 0x80, 0x3f, 0xb1, 0xb1, 0xb1, 0xff,
    0x43, 0x57, 0xf2, 0x3e, 0x15, 0xc9, 0x57, 0x3d, 0xfa, 0x1a, 0x96, 0xc3, 0x38, 0x94, 0x96, 0x43,
    0xa4, 0xc6, 0x95, 0xc3, 0x19, 0x39, 0x61, 0x3e, 0x52, 0x45, 0x13, 0x3f, 0x75, 0xaf, 0x49, 0xbf,
    0x88, 0xa5, 0xeb, 0xbe, 0xf4, 0xf4, 0x45, 0x3f, 0x35, 0x4f, 0xdf, 0x3e, 0x00, 0x00, 0x80, 0x3f,
    0xb1, 0xb1, 0xb1, 0xff, 0xde, 0x57, 0xdd, 0x3e, 0xac, 0x8e, 0xdc, 0x3d, 0xf9, 0x1a, 0x96, 0xc3,
    0x2a, 0x94, 0x96, 0x43, 0xae, 0xc6, 0x95, 0xc3, 0x15, 0x39, 0x61, 0x3e, 0x52, 0x45, 0x13, 0x3f,
    0x74, 0xaf, 0x49, 0xbf, 0x86, 0xa5, 0xeb, 0xbe, 0xf4, 0xf4, 0x45, 0x3f, 0x35, 0x4f, 0xdf, 0x3e,
    0x00, 0x00, 0x80, 0x3f, 0xb1, 0xb1, 0xb1, 0xff, 0xa8, 0xc6, 0xdb, 0x3e, 0x7f, 0xbc, 0xd7, 0x3d,
    0xf9, 0x1a, 0x96, 0xc3, 0x2a, 0x94, 0x96, 0x43, 0xae, 0xc6, 0x95, 0xc3, 0xc9, 0xee, 0xb0, 0x3e,
    0xe2, 0x8b, 0x0e, 0x3f, 0x92, 0x5d, 0x41, 0xbf, 0xce, 0x4a, 0x9f, 0xbe, 0x4b, 0xcf, 0x53, 0x3f,
    0xab, 0x68, 0xef, 0x3e, 0x00, 0x00, 0x80, 0x3f, 0xb1, 0xb1, 0xb1, 0xff, 0xa8, 0xc6, 0xdb, 0x3e,
    0x7f, 0xbc, 0xd7, 0x3d, 0xfa, 0x1a, 0x96, 0xc3, 0x38, 0x94, 0x96, 0x43, 0xa4, 0xc6, 0x95, 0xc3,
    0xc9, 0xee, 0xb0, 0x3e, 0xe2, 0x8b, 0x0e, 0x3f, 0x92, 0x5d, 0x41, 0xbf, 0xcf, 0x4a, 0x9f, 0xbe,
    0x49, 0xcf, 0x53, 0x3f, 0xab, 0x68, 0xef, 0x3e, 0x00, 0x00, 0x80, 0x3f, 0xb1, 0xb1, 0xb1, 0xff,
    0xde, 0x57, 0xdd, 0x3e, 0xac, 0x8e, 0xdc, 0x3d, 0x30, 0x1a, 0x96, 0xc3, 0xf8, 0x93, 0x96, 0x43,
    0x78, 0xc6, 0x95, 0xc3, 0xc9, 0xee, 0xb0, 0x3e, 0xe2, 0x8b, 0x0e, 0x3f, 0x92, 0x5d, 0x41, 0xbf,
    0xce, 0x4a, 0x9f, 0xbe, 0x49, 0xcf, 0x53, 0x3f, 0xaa, 0x68, 0xef, 0x3e, 0x00, 0x00, 0x80, 0x3f,
    0xb1, 0xb1, 0xb1, 0xff, 0xc8, 0x95, 0xd2, 0x3e, 0x58, 0xe1, 0x46, 0x3e, 0x74, 0x1a, 0x96, 0xc3,
    0x0b, 0x94, 0x96, 0x43, 0xde, 0xc5, 0x95, 0xc3, 0xb6, 0xb2, 0x5a, 0xbe, 0xe4, 0x98, 0x69, 0x3f,
    0xa2, 0xa6, 0xb2, 0x3e, 0xc0, 0x39, 0x79, 0xbe, 0xbd, 0x8c, 0xca, 0xbe, 0xb5, 0xb5, 0x62, 0x3f,
    0x00, 0x00, 0x80, 0x3f, 0xb1, 0xb1, 0xb1, 0xff, 0x41, 0x9e, 0xed, 0x3e, 0x2f, 0xa4, 0x33, 0x3e,
    0x5e, 0x1a, 0x96, 0xc3, 0x3d, 0x94, 0x96, 0x43, 0x52, 0xc6, 0x95, 0xc3, 0xba, 0xb2, 0x5a, 0xbe,
    0xe4, 0x98, 0x69, 0x3f, 0xa2, 0xa6, 0xb2, 0x3e, 0xbe, 0x39, 0x79, 0xbe, 0xbf, 0x8c, 0xca, 0xbe,
    0xb5, 0xb5, 0x62, 0x3f, 0x00, 0x00, 0x80, 0x3f, 0xb1, 0xb1, 0xb1, 0xff, 0xee, 0xec, 0xdb, 0x3e,
    0xb7, 0x9b, 0x30, 0x3e, 0xf3, 0x1a, 0x96, 0xc3, 0x13, 0x94, 0x96, 0x43, 0x41, 0xc6, 0x95, 0xc3,
    0xb8, 0xb2, 0x5a, 0xbe, 0xe4, 0x98, 0x69, 0x3f, 0xa2, 0xa6, 0xb2, 0x3e, 0xc0, 0x39, 0x79, 0xbe,
    0xbe, 0x8c, 0xca, 0xbe, 0xb5, 0xb5, 0x62, 0x3f, 0x00, 0x00, 0x80, 0x3f, 0xb1, 0xb1, 0xb1, 0xff,
    0xbf, 0xb6, 0xee, 0x3e, 0xae, 0x9a, 0x07, 0x3e, 0xaf, 0x1b, 0x96, 0xc3, 0x32, 0x94, 0x96, 0x43,
    0xdc, 0xc6, 0x95, 0xc3, 0x09, 0x1e, 0x24, 0xbf, 0xe6, 0xe8, 0xf9, 0xbd, 0x2d, 0xf9, 0x41, 0x3f,
    0x2b, 0x3c, 0xc2, 0x3e, 0xfe, 0x9a, 0x68, 0xbf, 0x28, 0xd6, 0x32, 0x3e, 0x00, 0x00, 0x80, 0x3f,
    0xb1, 0xb1, 0xb1, 0xff, 0x43, 0x57, 0xf2, 0x3e, 0x15, 0xc9, 0x57, 0x3d, 0xb6, 0x1b, 0x96, 0xc3,
    0x28, 0x94, 0x96, 0x43, 0xe3, 0xc6, 0x95, 0xc3, 0x09, 0x1e, 0x24, 0xbf, 0xe6, 0xe8, 0xf9, 0xbd,
    0x2d, 0xf9, 0x41, 0x3f, 0x2b, 0x3c, 0xc2, 0x3e, 0xfe, 0x9a, 0x68, 0xbf, 0x28, 0xd6, 0x32, 0x3e,
    0x00, 0x00, 0x80, 0x3f, 0xb1, 0xb1, 0xb1, 0xff, 0xd6, 0x6e, 0xf3, 0x3e, 0x05, 0x8b, 0x43, 0x3d,
    0xf3, 0x1a, 0x96, 0xc3, 0x13, 0x94, 0x96, 0x43, 0x41, 0xc6, 0x95, 0xc3, 0x09, 0x1e, 0x24, 0xbf,
    0xe7, 0xe8, 0xf9, 0xbd, 0x2c, 0xf9, 0x41, 0x3f, 0x2d, 0x3c, 0xc2, 0x3e, 0xff, 0x9a, 0x68, 0xbf,
    0x28, 0xd6, 0x32, 0x3e, 0x00, 0x00, 0x80, 0x3f, 0xb1, 0xb1, 0xb1, 0xff, 0xbf, 0xb6, 0xee, 0x3e,
    0xae, 0x9a, 0x07, 0x3e, 0xaf, 0x1b, 0x96, 0xc3, 0x32, 0x94, 0x96, 0x43, 0xdc, 0xc6, 0x95, 0xc3,
    0x61, 0x26, 0x6c, 0x3e, 0x7b, 0x84, 0xf5, 0x3e, 0x2f, 0xc0, 0x58, 0xbf, 0xe9, 0x00, 0x30, 0xbf,
    0xbe, 0x30, 0x32, 0x3f, 0x40, 0xec, 0x53, 0x3e, 0x00, 0x00, 0x80, 0x3f, 0xb1, 0xb1, 0xb1, 0xff,
    0x43, 0x57, 0xf2, 0x3e, 0x15, 0xc9, 0x57, 0x3d, 0xf9, 0x1a, 0x96, 0xc3, 0x2a, 0x94, 0x96, 0x43,
    0xae, 0xc6, 0x95, 0xc3, 0x62, 0x26, 0x6c, 0x3e, 0x78, 0x84, 0xf5, 0x3e, 0x2f, 0xc0, 0x58, 0xbf,
    0xe8, 0x00, 0x30, 0xbf, 0xbd, 0x30, 0x32, 0x3f, 0x3d, 0xec, 0x53, 0x3e, 0x00, 0x00, 0x80, 0x3f,
    0xb1, 0xb1, 0xb1, 0xff, 0xa8, 0xc6, 0xdb, 0x3e, 0x7f, 0xbc, 0xd7, 0x3d, 0xb6, 0x1b, 0x96, 0xc3,
    0x28, 0x94, 0x96, 0x43, 0xe3, 0xc6, 0x95, 0xc3, 0x62, 0x26, 0x6c, 0x3e, 0x78, 0x84, 0xf5, 0x3e,
    0x2f, 0xc0, 0x58, 0xbf, 0xe9, 0x00, 0x30, 0xbf, 0xbe, 0x30, 0x32, 0x3f, 0x40, 0xec, 0x53, 0x3e,
    0x00, 0x00, 0x80, 0x3f, 0xb1, 0xb1, 0xb1, 0xff, 0xd6, 0x6e, 0xf3, 0x3e, 0x05, 0x8b, 0x43, 0x3d,
    0xaf, 0x1b, 0x96, 0xc3, 0x32, 0x94, 0x96, 0x43, 0xdc, 0xc6, 0x95, 0xc3, 0xe3, 0x6f, 0x12, 0xbe,
    0x56, 0x79, 0x6c, 0x3f, 0x80, 0xf1, 0xb5, 0x3e, 0xcb, 0xce, 0x2a, 0xbf, 0xdf, 0xd8, 0xb5, 0xbe,
    0x8c, 0x9c, 0x27, 0x3f, 0x00, 0x00, 0x80, 0x3f, 0xb1, 0xb1, 0xb1, 0xff, 0x43, 0x57, 0xf2, 0x3e,
    0x15, 0xc9, 0x57, 0x3d, 0xf3, 0x1a, 0x96, 0xc3, 0x13, 0x94, 0x96, 0x43, 0x41, 0xc6, 0x95, 0xc3,
    0xe2, 0x6f, 0x12, 0xbe, 0x56, 0x79, 0x6c, 0x3f, 0x7f, 0xf1, 0xb5, 0x3e, 0xcb, 0xce, 0x2a, 0xbf,
    0xde, 0xd8, 0xb5, 0xbe, 0x8d, 0x9c, 0x27, 0x3f, 0x00, 0x00, 0x80, 0x3f, 0xb1, 0xb1, 0xb1, 0xff,
    0xbf, 0xb6, 0xee, 0x3e, 0xae, 0x9a, 0x07, 0x3e, 0xfa, 0x1a, 0x96, 0xc3, 0x38, 0x94, 0x96, 0x43,
    0xa4, 0xc6, 0x95, 0xc3, 0xe2, 0x6f, 0x12, 0xbe, 0x56, 0x79, 0x6c, 0x3f, 0x80, 0xf1, 0xb5, 0x3e,
    0xcb, 0xce, 0x2a, 0xbf, 0xde, 0xd8, 0xb5, 0xbe, 0x8d, 0x9c, 0x27, 0x3f, 0x00, 0x00, 0x80, 0x3f,
    0xb1, 0xb1, 0xb1, 0xff, 0xde, 0x57, 0xdd, 0x3e, 0xac, 0x8e, 0xdc, 0x3d, 0x3a, 0x1b, 0x96, 0xc3,
    0xe8, 0x93, 0x96, 0x43, 0x96, 0xc6, 0x95, 0xc3, 0x1b, 0x2f, 0xc7, 0xbe, 0x1d, 0x4c, 0x67, 0xbf,
    0x4c, 0x21, 0x38, 0x3e, 0x1c, 0x5d, 0x3f, 0x3d, 0xca, 0x6e, 0x5b, 0xbe, 0x58, 0xc4, 0x79, 0xbf,
    0x00, 0x00, 0x80, 0x3f, 0xb1, 0xb1, 0xb1, 0xff, 0x79, 0xe9, 0xf6, 0x3e, 0xf2, 0x09, 0xd9, 0x3d,
    0x7a, 0x1a, 0x96, 0xc3, 0xb1, 0x93, 0x96, 0x43, 0x09, 0xc6, 0x95, 0xc3, 0x1a, 0x2f, 0xc7, 0xbe,
    0x1d, 0x4c, 0x67, 0xbf, 0x4d, 0x21, 0x38, 0x3e, 0x29, 0x5d, 0x3f, 0x3d, 0xc6, 0x6e, 0x5b, 0xbe,
    0x58, 0xc4, 0x79, 0xbf, 0x00, 0x00, 0x80, 0x3f, 0xb1, 0xb1, 0xb1, 0xff, 0x49, 0x9d, 0xf8, 0x3e,
    0xc0, 0x03, 0x33, 0x3e, 0x89, 0x1a, 0x96, 0xc3, 0xbb, 0x93, 0x96, 0x43, 0xf9, 0xc5, 0x95, 0xc3,
    0x1a, 0x2f, 0xc7, 0xbe, 0x1d, 0x4c, 0x67, 0xbf, 0x4d, 0x21, 0x38, 0x3e, 0x29, 0x5d, 0x3f, 0x3d,
    0xc6, 0x6e, 0x5b, 0xbe, 0x58, 0xc4, 0x79, 0xbf, 0x00, 0x00, 0x80, 0x3f, 0xb1, 0xb1, 0xb1, 0xff,
    0x3c, 0xdc, 0xf6, 0x3e, 0x87, 0xdf, 0x2d, 0x3e, 0xe1, 0x19, 0x96, 0xc3, 0xbc, 0x93, 0x96, 0x43,
    0xfb, 0xc5, 0x95, 0xc3, 0x8d, 0x38, 0x75, 0x3f, 0x81, 0x8d, 0x13, 0x3e, 0x64, 0x4e, 0x7e, 0xbe,
    0x4f, 0x8b, 0x8d, 0x3e, 0xb6, 0x4a, 0x32, 0xbf, 0xdf, 0x86, 0x29, 0x3f, 0x00, 0x00, 0x80, 0x3f,
    0xb1, 0xb1, 0xb1, 0xff, 0x18, 0xb1, 0xef, 0x3e, 0x74, 0x79, 0x53, 0x3e, 0xf5, 0x19, 0x96, 0xc3,
    0xcf, 0x93, 0x96, 0x43, 0x3a, 0xc6, 0x95, 0xc3, 0x8d, 0x38, 0x75, 0x3f, 0x7f, 0x8d, 0x13, 0x3e,
    0x5e, 0x4e, 0x7e, 0xbe, 0x4e, 0x8b, 0x8d, 0x3e, 0xb5, 0x4a, 0x32, 0xbf, 0xe0, 0x86, 0x29, 0x3f,
    0x00, 0x00, 0x80, 0x3f, 0xb1, 0xb1, 0xb1, 0xff, 0xb8, 0x77, 0xe5, 0x3e, 0x92, 0xcf, 0x5b, 0x3e,
    0xf8, 0x19, 0x96, 0xc3, 0xe3, 0x93, 0x96, 0x43, 0x3a, 0xc6, 0x95, 0xc3, 0x8d, 0x38, 0x75, 0x3f,
    0x80, 0x8d, 0x13, 0x3e, 0x64, 0x4e, 0x7e, 0xbe, 0x4e, 0x8b, 0x8d, 0x3e, 0xb5, 0x4a, 0x32, 0xbf,
    0xe0, 0x86, 0x29, 0x3f, 0x00, 0x00, 0x80, 0x3f, 0xb1, 0xb1, 0xb1, 0xff, 0x92, 0x3b, 0xe4, 0x3e,
    0x45, 0x2e, 0x58, 0x3e, 0xf5, 0x19, 0x96, 0xc3, 0xcf, 0x93, 0x96, 0x43, 0x3a, 0xc6, 0x95, 0xc3,
    0xdd, 0xff, 0x3f, 0x3f, 0x6e, 0xec, 0xef, 0x3d, 0xd8, 0xa6, 0x26, 0xbf, 0x62, 0x18, 0xc8, 0x3e,
    0xcc, 0x2d, 0x37, 0x3f, 0xbf, 0x3a, 0x14, 0x3f, 0x00, 0x00, 0x80, 0x3f, 0xb1, 0xb1, 0xb1, 0xff,
    0xb8, 0x77, 0xe5, 0x3e, 0x92, 0xcf, 0x5b, 0x3e, 0x30, 0x1a, 0x96, 0xc3, 0xf8, 0x93, 0x96, 0x43,
    0x78, 0xc6, 0x95, 0xc3, 0xdd, 0xff, 0x3f, 0x3f, 0x6c, 0xec, 0xef, 0x3d, 0xd8, 0xa6, 0x26, 0xbf,
    0x61, 0x18, 0xc8, 0x3e, 0xcc, 0x2d, 0x37, 0x3f, 0xbf, 0x3a, 0x14, 0x3f, 0x00, 0x00, 0x80, 0x3f,
    0xb1, 0xb1, 0xb1, 0xff, 0xc8, 0x95, 0xd2, 0x3e, 0x58, 0xe1, 0x46, 0x3e, 0xf8, 0x19, 0x96, 0xc3,
    0xe3, 0x93, 0x96, 0x43, 0x3a, 0xc6, 0x95, 0xc3, 0xdd, 0xff, 0x3f, 0x3f, 0x6e, 0xec, 0xef, 0x3d,
    0xd8, 0xa6, 0x26, 0xbf, 0x61, 0x18, 0xc8, 0x3e, 0xcc, 0x2d, 0x37, 0x3f, 0xbe, 0x3a, 0x14, 0x3f,
    0x00, 0x00, 0x80, 0x3f, 0xb1, 0xb1, 0xb1, 0xff, 0x92, 0x3b, 0xe4, 0x3e, 0x45, 0x2e, 0x58, 0x3e,
    0x5f, 0x1a, 0x96, 0xc3, 0xec, 0x93, 0x96, 0x43, 0x7c, 0xc6, 0x95, 0xc3, 0x47, 0xe4, 0x81, 0x3d,
    0x1f, 0x22, 0x69, 0xbf, 0x7b, 0x02, 0xd1, 0xbe, 0x63, 0x48, 0xfc, 0x3e, 0x2d, 0xc1, 0xc4, 0x3e,
    0x99, 0xdd, 0x47, 0xbf, 0x00, 0x00, 0x80, 0x3f, 0xb1, 0xb1, 0xb1, 0xff, 0xf0, 0xfc, 0x06, 0x3f,
    0xc1, 0xe1, 0x35, 0x3e, 0x3a, 0x1b, 0x96, 0xc3, 0xe8, 0x93, 0x96, 0x43, 0x96, 0xc6, 0x95, 0xc3,
    0x47, 0xe4, 0x81, 0x3d, 0x1f, 0x22, 0x69, 0xbf, 0x7b, 0x02, 0xd1, 0xbe, 0x63, 0x48, 0xfc, 0x3e,
    0x2d, 0xc1, 0xc4, 0x3e, 0x99, 0xdd, 0x47, 0xbf, 0x00, 0x00, 0x80, 0x3f, 0xb1, 0xb1, 0xb1, 0xff,
    0x79, 0xe9, 0xf6, 0x3e, 0xf2, 0x09, 0xd9, 0x3d, 0x77, 0x1b, 0x96, 0xc3, 0xf8, 0x93, 0x96, 0x43,
    0xc3, 0xc6, 0x95, 0xc3, 0x47, 0xe4, 0x81, 0x3d, 0x1f, 0x22, 0x69, 0xbf, 0x7b, 0x02, 0xd1, 0xbe,
    0x63, 0x48, 0xfc, 0x3e, 0x2d, 0xc1, 0xc4, 0x3e, 0x99, 0xdd, 0x47, 0xbf, 0x00, 0x00, 0x80, 0x3f,
    0xb1, 0xb1, 0xb1, 0xff, 0x63, 0x7e, 0xf6, 0x3e, 0xe5, 0x61, 0xa1, 0x3d, 0x41, 0x1b, 0x96, 0xc3,
    0xee, 0x93, 0x96, 0x43, 0x8d, 0xc6, 0x95, 0xc3, 0xa5, 0x8d, 0x23, 0xbf, 0x61, 0xc3, 0x3a, 0xbe,
    0xe8, 0x53, 0x3f, 0x3f, 0xca, 0xac, 0xa2, 0xbe, 0x6e, 0x7c, 0x52, 0xbf, 0xc4, 0xca, 0xf1, 0xbe,
    0x00, 0x00, 0x80, 0x3f, 0xb1, 0xb1, 0xb1, 0xff, 0xdb, 0x16, 0xf5, 0x3e, 0xdd, 0xb1, 0xd8, 0x3d,
    0xf3, 0x1a, 0x96, 0xc3, 0x13, 0x94, 0x96, 0x43, 0x41, 0xc6, 0x95, 0xc3, 0xa4, 0x8d, 0x23, 0xbf,
    0x5f, 0xc3, 0x3a, 0xbe, 0xe7, 0x53, 0x3f, 0x3f, 0xca, 0xac, 0xa2, 0xbe, 0x6e, 0x7c, 0x52, 0xbf,
    0xc4, 0xca, 0xf1, 0xbe, 0x00, 0x00, 0x80, 0x3f, 0xb1, 0xb1, 0xb1, 0xff, 0xbf, 0xb6, 0xee, 0x3e,
    0xae, 0x9a, 0x07, 0x3e, 0xb6, 0x1b, 0x96, 0xc3, 0x28, 0x94, 0x96, 0x43, 0xe3, 0xc6, 0x95, 0xc3,
    0xa4, 0x8d, 0x23, 0xbf, 0x5f, 0xc3, 0x3a, 0xbe, 0xe7, 0x53, 0x3f, 0x3f, 0xc9, 0xac, 0xa2, 0xbe,
    0x6e, 0x7c, 0x52, 0xbf, 0xc4, 0xca, 0xf1, 0xbe, 0x00, 0x00, 0x80, 0x3f, 0xb1, 0xb1, 0xb1, 0xff,
    0xd6, 0x6e, 0xf3, 0x3e, 0x05, 0x8b, 0x43, 0x3d, 0x5f, 0x1a, 0x96, 0xc3, 0xec, 0x93, 0x96, 0x43,
    0x7c, 0xc6, 0x95, 0xc3, 0x98, 0x78, 0x89, 0x3d, 0x40, 0xf4, 0x64, 0xbf, 0x1c, 0x75, 0xe2, 0xbe,
    0x19, 0x00, 0x09, 0x3e, 0xed, 0x0c, 0xe5, 0x3e, 0xb7, 0x60, 0x62, 0xbf, 0x00, 0x00, 0x80, 0x3f,
    0xb1, 0xb1, 0xb1, 0xff, 0xf0, 0xfc, 0x06, 0x3f, 0xc1, 0xe1, 0x35, 0x3e, 0x7a, 0x1a, 0x96, 0xc3,
    0xb1, 0x93, 0x96, 0x43, 0x09, 0xc6, 0x95, 0xc3, 0x96, 0x78, 0x89, 0x3d, 0x40, 0xf4, 0x64, 0xbf,
    0x1c, 0x75, 0xe2, 0xbe, 0x19, 0x00, 0x09, 0x3e, 0xed, 0x0c, 0xe5, 0x3e, 0xb7, 0x60, 0x62, 0xbf,
    0x00, 0x00, 0x80, 0x3f, 0xb1, 0xb1, 0xb1, 0xff, 0x49, 0x9d, 0xf8, 0x3e, 0xc0, 0x03, 0x33, 0x3e,
    0x3a, 0x1b, 0x96, 0xc3, 0xe8, 0x93, 0x96, 0x43, 0x96, 0xc6, 0x95, 0xc3, 0x96, 0x78, 0x89, 0x3d,
    0x40, 0xf4, 0x64, 0xbf, 0x1c, 0x75, 0xe2, 0xbe, 0x19, 0x00, 0x09, 0x3e, 0xed, 0x0c, 0xe5, 0x3e,
    0xb7, 0x60, 0x62, 0xbf, 0x00, 0x00, 0x80, 0x3f, 0xb1, 0xb1, 0xb1, 0xff, 0x79, 0xe9, 0xf6, 0x3e,
    0xf2, 0x09, 0xd9, 0x3d, 0xf5, 0x19, 0x96, 0xc3, 0xcf, 0x93, 0x96, 0x43, 0x3a, 0xc6, 0x95, 0xc3,
    0x0d, 0xfb, 0xf2, 0x3c, 0x80, 0x80, 0x64, 0xbf, 0x75, 0x59, 0xe6, 0xbe, 0x19, 0x9f, 0x03, 0x3e,
    0x09, 0x48, 0xe6, 0x3e, 0xd9, 0x43, 0x62, 0xbf, 0x00, 0x00, 0x80, 0x3f, 0xb1, 0xb1, 0xb1, 0xff,
    0xff, 0xea, 0xf9, 0x3e, 0x25, 0x7a, 0x59, 0x3e, 0x89, 0x1a, 0x96, 0xc3, 0xbb, 0x93, 0x96, 0x43,
    0xf9, 0xc5, 0x95, 0xc3, 0xd8, 0x11, 0xd9, 0xbe, 0xa1, 0x71, 0x60, 0xbf, 0x28, 0x97, 0x68, 0x3e,
    0x24, 0x44, 0x0c, 0x3f, 0x3d, 0x5e, 0xe5, 0xbe, 0x34, 0xdb, 0x34, 0xbf, 0x00, 0x00, 0x80, 0x3f,
    0xb1, 0xb1, 0xb1, 0xff, 0x3c, 0xdc, 0xf6, 0x3e, 0x87, 0xdf, 0x2d, 0x3e, 0x41, 0x1b, 0x96, 0xc3,
    0xee, 0x93, 0x96, 0x43, 0x8d, 0xc6, 0x95, 0xc3, 0xda, 0x11, 0xd9, 0xbe, 0xa1, 0x71, 0x60, 0xbf,
    0x2b, 0x97, 0x68, 0x3e, 0x22, 0x44, 0x0c, 0x3f, 0x3e, 0x5e, 0xe5, 0xbe, 0x33, 0xdb, 0x34, 0xbf,
    0x00, 0x00, 0x80, 0x3f, 0xb1, 0xb1, 0xb1, 0xff, 0xdb, 0x16, 0xf5, 0x3e, 0xdd, 0xb1, 0xd8, 0x3d,
    0x3a, 0x1b, 0x96, 0xc3, 0xe8, 0x93, 0x96, 0x43, 0x96, 0xc6, 0x95, 0xc3, 0xda, 0x11, 0xd9, 0xbe,
    0xa1, 0x71, 0x60, 0xbf, 0x2b, 0x97, 0x68, 0x3e, 0x24, 0x44, 0x0c, 0x3f, 0x3b, 0x5e, 0xe5, 0xbe,
    0x35, 0xdb, 0x34, 0xbf, 0x00, 0x00, 0x80, 0x3f, 0xb1, 0xb1, 0xb1, 0xff, 0x79, 0xe9, 0xf6, 0x3e,
    0xf2, 0x09, 0xd9, 0x3d, 0x77, 0x1b, 0x96, 0xc3, 0xf8, 0x93, 0x96, 0x43, 0xc3, 0xc6, 0x95, 0xc3,
    0x04, 0x28, 0xd2, 0xbe, 0xe2, 0x27, 0x61, 0xbf, 0x22, 0x8f, 0x76, 0x3e, 0xe0, 0x8f, 0x0e, 0x3f,
    0x75, 0xd7, 0xe6, 0xbe, 0xfb, 0x93, 0x32, 0xbf, 0x00, 0x00, 0x80, 0x3f, 0xb1, 0xb1, 0xb1, 0xff,
    0x63, 0x7e, 0xf6, 0x3e, 0xe5, 0x61, 0xa1, 0x3d, 0x24, 0x1d, 0x96, 0xc3, 0x91, 0xb8, 0x96, 0x43,
    0xd8, 0xc2, 0x95, 0xc3, 0x97, 0x46, 0x7a, 0x3f, 0x93, 0xa1, 0x9a, 0xbd, 0xe4, 0xf9, 0x48, 0x3e,
    0xfa, 0xe4, 0x53, 0x3e, 0x17, 0x8c, 0x37, 0x3e, 0x49, 0x38, 0x76, 0xbf, 0x00, 0x00, 0x80, 0xbf,
    0xc6, 0xc6, 0xc6, 0xff, 0xf6, 0xb4, 0x13, 0x3f, 0xb0, 0xcb, 0x04, 0x3f, 0xbe, 0x1c, 0x96, 0xc3,
    0x0a, 0xb8, 0x96, 0x43, 0x71, 0xc3, 0x95, 0xc3, 0x97, 0x46, 0x7a, 0x3f, 0x96, 0xa1, 0x9a, 0xbd,
    0xe4, 0xf9, 0x48, 0x3e, 0xfa, 0xe4, 0x53, 0x3e, 0x17, 0x8c, 0x37, 0x3e, 0x49, 0x38, 0x76, 0xbf,
    0x00, 0x00, 0x80, 0xbf, 0xc6, 0xc6, 0xc6, 0xff, 0xd5, 0xb2, 0x19, 0x3f, 0xbc, 0x58, 0x08, 0x3f,
    0xb2, 0x1c, 0x96, 0xc3, 0xa3, 0xb8, 0x96, 0x43, 0x77, 0xc3, 0x95, 0xc3, 0x97, 0x46, 0x7a, 0x3f,
    0x97, 0xa1, 0x9a, 0xbd, 0xe6, 0xf9, 0x48, 0x3e, 0x00, 0xe5, 0x53, 0x3e, 0x19, 0x8c, 0x37, 0x3e,
    0x47, 0x38, 0x76, 0xbf, 0x00, 0x00, 0x80, 0xbf, 0xc6, 0xc6, 0xc6, 0xff, 0xec, 0x50, 0x19, 0x3f,
    0xbd, 0xfe, 0x04, 0x3f, 0x7d, 0x1d, 0x96, 0xc3, 0xfb, 0xb7, 0x96, 0x43, 0x77, 0xc4, 0x95, 0xc3,
    0x54, 0xef, 0x0b, 0xbf, 0x23, 0x31, 0x4d, 0xbf, 0xc6, 0x35, 0x78, 0x3e, 0x48, 0x9e, 0x23, 0xbe,
    0xa9, 0xbb, 0x3c, 0xbe, 0x64, 0x44, 0x78, 0xbf, 0x00, 0x00, 0x80, 0xbf, 0xc6, 0xc6, 0xc6, 0xff,
    0x41, 0x7d, 0x27, 0x3f, 0x81, 0x96, 0x0a, 0x3f, 0x3a, 0x1d, 0x96, 0xc3, 0xf6, 0xb7, 0x96, 0x43,
    0xc2, 0xc3, 0x95, 0xc3, 0x54, 0xef, 0x0b, 0xbf, 0x23, 0x31, 0x4d, 0xbf, 0xc6, 0x35, 0x78, 0x3e,
    0x4a, 0x9e, 0x23, 0xbe, 0xa9, 0xbb, 0x3c, 0xbe, 0x64, 0x44, 0x78, 0xbf, 0x00, 0x00, 0x80, 0xbf,
    0xc6, 0xc6, 0xc6, 0xff, 0xb4, 0xe7, 0x1e, 0x3f, 0xbb, 0x63, 0x09, 0x3f, 0xa1, 0x1d, 0x96, 0xc3,
    0x61, 0xb8, 0x96, 0x43, 0x54, 0xc3, 0x95, 0xc3, 0x54, 0xef, 0x0b, 0xbf, 0x23, 0x31, 0x4d, 0xbf,
    0xc6, 0x35, 0x78, 0x3e, 0x4a, 0x9e, 0x23, 0xbe, 0xaa, 0xbb, 0x3c, 0xbe, 0x64, 0x44, 0x78, 0xbf,
    0x00, 0x00, 0x80, 0xbf, 0xc6, 0xc6, 0xc6, 0xff, 0xdc, 0x84, 0x17, 0x3f, 0x50, 0xc6, 0x0c, 0x3f,
    0x65, 0x1d, 0x96, 0xc3, 0xf6, 0xb8, 0x96, 0x43, 0x8c, 0xc4, 0x95, 0xc3, 0xd7, 0xbc, 0xdc, 0xbe,
    0x3f, 0x9d, 0x66, 0x3f, 0x93, 0xb8, 0x51, 0xbd, 0x26, 0xfd, 0x02, 0x3e, 0xa4, 0xee, 0x9e, 0x3b,
    0xd3, 0xe4, 0x7d, 0xbf, 0x00, 0x00, 0x80, 0xbf, 0xc6, 0xc6, 0xc6, 0xff, 0x23, 0x12, 0x25, 0x3f,
    0x20, 0x42, 0xfc, 0x3e, 0xa8, 0x1d, 0x96, 0xc3, 0x13, 0xb9, 0x96, 0x43, 0x21, 0xc4, 0x95, 0xc3,
    0xd7, 0xbc, 0xdc, 0xbe, 0x3f, 0x9d, 0x66, 0x3f, 0x96, 0xb8, 0x51, 0xbd, 0x22, 0xfd, 0x02, 0x3e,
    0xd0, 0xee, 0x9e, 0x3b, 0xd3, 0xe4, 0x7d, 0xbf, 0x00, 0x00, 0x80, 0xbf, 0xc6, 0xc6, 0xc6, 0xff,
    0x03, 0x24, 0x1e, 0x3f, 0xa6, 0xee, 0xfa, 0x3e, 0x2b, 0x1d, 0x96, 0xc3, 0x51, 0xb9, 0x96, 0x43,
    0x88, 0xc3, 0x95, 0xc3, 0xd8, 0xbc, 0xdc, 0xbe, 0x3f, 0x9d, 0x66, 0x3f, 0x93, 0xb8, 0x51, 0xbd,
    0x23, 0xfd, 0x02, 0x3e, 0x9e, 0xee, 0x9e, 0x3b, 0xd3, 0xe4, 0x7d, 0xbf, 0x00, 0x00, 0x80, 0xbf,
    0xc6, 0xc6, 0xc6, 0xff, 0x87, 0xfe, 0x19, 0x3f, 0x5e, 0x81, 0x00, 0x3f, 0x7d, 0x1d, 0x96, 0xc3,
    0xfb, 0xb7, 0x96, 0x43, 0x77, 0xc4, 0x95, 0xc3, 0x1a, 0x2f, 0x7f, 0xbf, 0x85, 0xd0, 0x86, 0xbd,
    0xd2, 0xa1, 0x38, 0xbd, 0xae, 0x27, 0x90, 0x3d, 0x6b, 0x57, 0xeb, 0xbe, 0x68, 0xa3, 0x62, 0xbf,
    0x00, 0x00, 0x80, 0xbf, 0xc6, 0xc6, 0xc6, 0xff, 0x9b, 0x39, 0x28, 0x3f, 0xd8, 0x80, 0xf0, 0x3e,
    0xb6, 0x1d, 0x96, 0xc3, 0x52, 0xb8, 0x96, 0x43, 0xcb, 0xc3, 0x95, 0xc3, 0x1a, 0x2f, 0x7f, 0xbf,
    0x85, 0xd0, 0x86, 0xbd, 0xcf, 0xa1, 0x38, 0xbd, 0xae, 0x27, 0x90, 0x3d, 0x6b, 0x57, 0xeb, 0xbe,
    0x68, 0xa3, 0x62, 0xbf, 0x00, 0x00, 0x80, 0xbf, 0xc6, 0xc6, 0xc6, 0xff, 0x43, 0x75, 0x1b, 0x3f,
    0x6b, 0x82, 0xf0, 0x3e, 0x65, 0x1d, 0x96, 0xc3, 0xf6, 0xb8, 0x96, 0x43, 0x8c, 0xc4, 0x95, 0xc3,
    0x1a, 0x2f, 0x7f, 0xbf, 0x85, 0xd0, 0x86, 0xbd, 0xd2, 0xa1, 0x38, 0xbd, 0xaf, 0x27, 0x90, 0x3d,
    0x6b, 0x57, 0xeb, 0xbe, 0x68, 0xa3, 0x62, 0xbf, 0x00, 0x00, 0x80, 0xbf, 0xc6, 0xc6, 0xc6, 0xff,
    0x23, 0x12, 0x25, 0x3f, 0x20, 0x42, 0xfc, 0x3e, 0x65, 0x1d, 0x96, 0xc3, 0xf6, 0xb8, 0x96, 0x43,
    0x8c, 0xc4, 0x95, 0xc3, 0xa0, 0x1b, 0x1f, 0x3f, 0xe7, 0x3b, 0x38, 0x3f, 0x6c, 0x79, 0x9e, 0xbe,
    0x54, 0xba, 0x51, 0xbe, 0x4a, 0xa8, 0x6d, 0xbe, 0x63, 0x6d, 0x73, 0xbf, 0x00, 0x00, 0x80, 0xbf,
    0xc6, 0xc6, 0xc6, 0xff, 0x23, 0x12, 0x25, 0x3f, 0x20, 0x42, 0xfc, 0x3e, 0x97, 0x1c, 0x96, 0xc3,
    0xe7, 0xb8, 0x96, 0x43, 0x13, 0xc4, 0x95, 0xc3, 0xa0, 0x1b, 0x1f, 0x3f, 0xe7, 0x3b, 0x38, 0x3f,
    0x6c, 0x79, 0x9e, 0xbe, 0x59, 0xba, 0x51, 0xbe, 0x4d, 0xa8, 0x6d, 0xbe, 0x63, 0x6d, 0x73, 0xbf,
    0x00, 0x00, 0x80, 0xbf, 0xc6, 0xc6, 0xc6, 0xff, 0x39, 0x7c, 0x1e, 0x3f, 0xa0, 0xff, 0x02, 0x3f,
    0xdf, 0x1c, 0x96, 0xc3, 0x9b, 0xb8, 0x96, 0x43, 0xc0, 0xc4, 0x95, 0xc3, 0xa1, 0x1b, 0x1f, 0x3f,
    0xe6, 0x3b, 0x38, 0x3f, 0x6c, 0x79, 0x9e, 0xbe, 0x56, 0xba, 0x51, 0xbe, 0x4d, 0xa8, 0x6d, 0xbe,
    0x63, 0x6d, 0x73, 0xbf, 0x00, 0x00, 0x80, 0xbf, 0xc6, 0xc6, 0xc6, 0xff, 0x91, 0x47, 0x28, 0x3f,
    0x43, 0xe6, 0x02, 0x3f, 0x3a, 0x1d, 0x96, 0xc3, 0xf6, 0xb7, 0x96, 0x43, 0xc2, 0xc3, 0x95, 0xc3,
    0x14, 0xd6, 0xfb, 0x3e, 0x22, 0xd9, 0x5e, 0xbf, 0x47, 0xb2, 0x8c, 0x3c, 0x99, 0xb7, 0x1d, 0xbe,
    0xf1, 0xec, 0xd9, 0xbd, 0x67, 0x79, 0x7b, 0xbf, 0x00, 0x00, 0x80, 0xbf, 0xc6, 0xc6, 0xc6, 0xff,
    0xb4, 0xe7, 0x1e, 0x3f, 0xbb, 0x63, 0x09, 0x3f, 0x5a, 0x1d, 0x96, 0xc3, 0xec, 0xb7, 0x96, 0x43,
    0xaf, 0xc4, 0x95, 0xc3, 0x14, 0xd6, 0xfb, 0x3e, 0x22, 0xd9, 0x5e, 0xbf, 0x53, 0xb2, 0x8c, 0x3c,
    0x99, 0xb7, 0x1d, 0xbe, 0xf1, 0xec, 0xd9, 0xbd, 0x67, 0x79, 0x7b, 0xbf, 0x00, 0x00, 0x80, 0xbf,
    0xc6, 0xc6, 0xc6, 0xff, 0xd5, 0x04, 0x29, 0x3f, 0x2d, 0x27, 0x09, 0x3f, 0xe3, 0x1c, 0x96, 0xc3,
    0x33, 0xb8, 0x96, 0x43, 0x0a, 0xc4, 0x95, 0xc3, 0x14, 0xd6, 0xfb, 0x3e, 0x22, 0xd9, 0x5e, 0xbf,
    0x40, 0xb2, 0x8c, 0x3c, 0x99, 0xb7, 0x1d, 0xbe, 0xea, 0xec, 0xd9, 0xbd, 0x67, 0x79, 0x7b, 0xbf,
    0x00, 0x00, 0x80, 0xbf, 0xc6, 0xc6, 0xc6, 0xff, 0xe5, 0x9d, 0x23, 0x3f, 0xac, 0xe5, 0x06, 0x3f,
    0x65, 0x1d, 0x96, 0xc3, 0xf6, 0xb8, 0x96, 0x43, 0x8c, 0xc4, 0x95, 0xc3, 0xff, 0x5b, 0xe1, 0x3e,
    0xf7, 0xb3, 0x32, 0x3f, 0x85, 0x95, 0x10, 0xbf, 0x94, 0x3c, 0xa2, 0xbe, 0x43, 0x7f, 0xef, 0xbe,
    0xac, 0x39, 0x53, 0xbf, 0x00, 0x00, 0x80, 0xbf, 0xc6, 0xc6, 0xc6, 0xff, 0x23, 0x12, 0x25, 0x3f,
    0x20, 0x42, 0xfc, 0x3e, 0xdf, 0x1c, 0x96, 0xc3, 0x9b, 0xb8, 0x96, 0x43, 0xc0, 0xc4, 0x95, 0xc3,
    0x03, 0x5c, 0xe1, 0x3e, 0xf6, 0xb3, 0x32, 0x3f, 0x85, 0x95, 0x10, 0xbf, 0x92, 0x3c, 0xa2, 0xbe,
    0x3f, 0x7f, 0xef, 0xbe, 0xac, 0x39, 0x53, 0xbf, 0x00, 0x00, 0x80, 0xbf, 0xc6, 0xc6, 0xc6, 0xff,
    0x91, 0x47, 0x28, 0x3f, 0x43, 0xe6, 0x02, 0x3f, 0x60, 0x1d, 0x96, 0xc3, 0x84, 0xb8, 0x96, 0x43,
    0x0e, 0xc5, 0x95, 0xc3, 0xff, 0x5b, 0xe1, 0x3e, 0xf6, 0xb3, 0x32, 0x3f, 0x84, 0x95, 0x10, 0xbf,
    0x95, 0x3c, 0xa2, 0xbe, 0x43, 0x7f, 0xef, 0xbe, 0xac, 0x39, 0x53, 0xbf, 0x00, 0x00, 0x80, 0xbf,
    0xc6, 0xc6, 0xc6, 0xff, 0x90, 0x86, 0x2b, 0x3f, 0x79, 0x22, 0x00, 0x3f, 0x1f, 0x1d, 0x96, 0xc3,
    0xc2, 0xb8, 0x96, 0x43, 0xd0, 0xc2, 0x95, 0xc3, 0x14, 0x36, 0xb9, 0xbe, 0x82, 0xd7, 0x56, 0x3f,
    0x79, 0xe0, 0xcf, 0x3e, 0x79, 0xd0, 0xc9, 0x3e, 0x7b, 0x47, 0x08, 0x3f, 0x1f, 0xc9, 0x3f, 0xbf,
    0x00, 0x00, 0x80, 0xbf, 0xc6, 0xc6, 0xc6, 0xff, 0x8c, 0xf7, 0x13, 0x3f, 0x39, 0x7b, 0x03, 0x3f,
    0x2b, 0x1d, 0x96, 0xc3, 0x51, 0xb9, 0x96, 0x43, 0x88, 0xc3, 0x95, 0xc3, 0x15, 0x36, 0xb9, 0xbe,
    0x82, 0xd7, 0x56, 0x3f, 0x7c, 0xe0, 0xcf, 0x3e, 0x79, 0xd0, 0xc9, 0x3e, 0x7c, 0x47, 0x08, 0x3f,
    0x1e, 0xc9, 0x3f, 0xbf, 0x00, 0x00, 0x80, 0xbf, 0xc6, 0xc6, 0xc6, 0xff, 0x87, 0xfe, 0x19, 0x3f,
    0x5e, 0x81, 0x00, 0x3f, 0x9c, 0x1d, 0x96, 0xc3, 0x06, 0xb9, 0x96, 0x43, 0x5a, 0xc3, 0x95, 0xc3,
    0x16, 0x36, 0xb9, 0xbe, 0x83, 0xd7, 0x56, 0x3f, 0x7a, 0xe0, 0xcf, 0x3e, 0x79, 0xd0, 0xc9, 0x3e,
    0x7c, 0x47, 0x08, 0x3f, 0x1e, 0xc9, 0x3f, 0xbf, 0x00, 0x00, 0x80, 0xbf, 0xc6, 0xc6, 0xc6, 0xff,
    0xc5, 0x3b, 0x18, 0x3f, 0x2d, 0xcf, 0xfb, 0x3e, 0x24, 0x1d, 0x96, 0xc3, 0x91, 0xb8, 0x96, 0x43,
    0xd8, 0xc2, 0x95, 0xc3, 0x1d, 0x60, 0xc1, 0xbe, 0x0f, 0x0b, 0x46, 0xbf, 0x4e, 0x41, 0x02, 0x3f,
    0x09, 0x69, 0x31, 0x3f, 0x60, 0xc1, 0x19, 0xbf, 0x5f, 0x2a, 0xcc, 0xbe, 0x00, 0x00, 0x80, 0xbf,
    0xc6, 0xc6, 0xc6, 0xff, 0xf6, 0xb4, 0x13, 0x3f, 0xb0, 0xcb, 0x04, 0x3f, 0xa1, 0x1d, 0x96, 0xc3,
    0x61, 0xb8, 0x96, 0x43, 0x54, 0xc3, 0x95, 0xc3, 0x1c, 0x60, 0xc1, 0xbe, 0x11, 0x0b, 0x46, 0xbf,
    0x4c, 0x41, 0x02, 0x3f, 0x09, 0x69, 0x31, 0x3f, 0x60, 0xc1, 0x19, 0xbf, 0x61, 0x2a, 0xcc, 0xbe,
    0x00, 0x00, 0x80, 0xbf, 0xc6, 0xc6, 0xc6, 0xff, 0xdc, 0x84, 0x17, 0x3f, 0x50, 0xc6, 0x0c, 0x3f,
    0xbe, 0x1c, 0x96, 0xc3, 0x0a, 0xb8, 0x96, 0x43, 0x71, 0xc3, 0x95, 0xc3, 0x1c, 0x60, 0xc1, 0xbe,
    0x10, 0x0b, 0x46, 0xbf, 0x4d, 0x41, 0x02, 0x3f, 0x09, 0x69, 0x31, 0x3f, 0x60, 0xc1, 0x19, 0xbf,
    0x61, 0x2a, 0xcc, 0xbe, 0x00, 0x00, 0x80, 0xbf, 0xc6, 0xc6, 0xc6, 0xff, 0xd5, 0xb2, 0x19, 0x3f,
    0xbc, 0x58, 0x08, 0x3f, 0xa1, 0x1d, 0x96, 0xc3, 0x61, 0xb8, 0x96, 0x43, 0x54, 0xc3, 0x95, 0xc3,
    0x78, 0xd6, 0x69, 0xbf, 0xc2, 0x90, 0xe5, 0x3c, 0x8f, 0xe3, 0xcf, 0x3e, 0x5a, 0x65, 0x27, 0xbe,
    0x64, 0x6b, 0x63, 0x3f, 0x9b, 0xae, 0xdb, 0xbe, 0x00, 0x00, 0x80, 0xbf, 0xc6, 0xc6, 0xc6, 0xff,
    0x62, 0xa1, 0x16, 0x3f, 0x1a, 0x14, 0xf5, 0x3e, 0x4f, 0x1d, 0x96, 0xc3, 0xb6, 0xb8, 0x96, 0x43,
    0xd7, 0xc2, 0x95, 0xc3, 0x79, 0xd6, 0x69, 0xbf, 0xc1, 0x90, 0xe5, 0x3c, 0x8f, 0xe3, 0xcf, 0x3e,
    0x5c, 0x65, 0x27, 0xbe, 0x64, 0x6b, 0x63, 0x3f, 0x9d, 0xae, 0xdb, 0xbe, 0x00, 0x00, 0x80, 0xbf,
    0xc6, 0xc6, 0xc6, 0xff, 0x5d, 0x6f, 0x13, 0x3f, 0x9a, 0x5e, 0x02, 0x3f, 0x9c, 0x1d, 0x96, 0xc3,
    0x06, 0xb9, 0x96, 0x43, 0x5a, 0xc3, 0x95, 0xc3, 0x78, 0xd6, 0x69, 0xbf, 0xc2, 0x90, 0xe5, 0x3c,
    0x8f, 0xe3, 0xcf, 0x3e, 0x5c, 0x65, 0x27, 0xbe, 0x64, 0x6b, 0x63, 0x3f, 0x9d, 0xae, 0xdb, 0xbe,
    0x00, 0x00, 0x80, 0xbf, 0xc6, 0xc6, 0xc6, 0xff, 0xc5, 0x3b, 0x18, 0x3f, 0x2d, 0xcf, 0xfb, 0x3e,
    0xb6, 0x1d, 0x96, 0xc3, 0x52, 0xb8, 0x96, 0x43, 0xcb, 0xc3, 0x95, 0xc3, 0x4c, 0x13, 0x7f, 0xbf,
    0xae, 0xe4, 0xa9, 0x3d, 0x63, 0xa4, 0x94, 0x3c, 0xab, 0xf4, 0x5a, 0xbd, 0xd8, 0xb8, 0xe4, 0xbe,
    0x82, 0xa0, 0x64, 0xbf, 0x00, 0x00, 0x80, 0xbf, 0xc6, 0xc6, 0xc6, 0xff, 0x43, 0x75, 0x1b, 0x3f,
    0x6b, 0x82, 0xf0, 0x3e, 0xa8, 0x1d, 0x96, 0xc3, 0x13, 0xb9, 0x96, 0x43, 0x21, 0xc4, 0x95, 0xc3,
    0x4c, 0x13, 0x7f, 0xbf, 0xad, 0xe4, 0xa9, 0x3d, 0x66, 0xa4, 0x94, 0x3c, 0xaa, 0xf4, 0x5a, 0xbd,
    0xd8, 0xb8, 0xe4, 0xbe, 0x82, 0xa0, 0x64, 0xbf, 0x00, 0x00, 0x80, 0xbf, 0xc6, 0xc6, 0xc6, 0xff,
    0x03, 0x24, 0x1e, 0x3f, 0xa6, 0xee, 0xfa, 0x3e, 0x65, 0x1d, 0x96, 0xc3, 0xf6, 0xb8, 0x96, 0x43,
    0x8c, 0xc4, 0x95, 0xc3, 0x4c, 0x13, 0x7f, 0xbf, 0xad, 0xe4, 0xa9, 0x3d, 0x66, 0xa4, 0x94, 0x3c,
    0xaa, 0xf4, 0x5a, 0xbd, 0xd8, 0xb8, 0xe4, 0xbe, 0x82, 0xa0, 0x64, 0xbf, 0x00, 0x00, 0x80, 0xbf,
    0xc6, 0xc6, 0xc6, 0xff, 0x23, 0x12, 0x25, 0x3f, 0x20, 0x42, 0xfc, 0x3e, 0x2b, 0x1d, 0x96, 0xc3,
    0x51, 0xb9, 0x96, 0x43, 0x88, 0xc3, 0x95, 0xc3, 0x08, 0x2a, 0x1c, 0x3f, 0x1e, 0xa4, 0x3b, 0x3f,
    0x24, 0x23, 0x9a, 0xbe, 0xca, 0x28, 0x17, 0x3e, 0x55, 0xf0, 0xf4, 0xbe, 0x1e, 0x9b, 0x5d, 0xbf,
    0x00, 0x00, 0x80, 0xbf, 0xc6, 0xc6, 0xc6, 0xff, 0x87, 0xfe, 0x19, 0x3f, 0x5e, 0x81, 0x00, 0x3f,
    0x97, 0x1c, 0x96, 0xc3, 0xe7, 0xb8, 0x96, 0x43, 0x13, 0xc4, 0x95, 0xc3, 0x09, 0x2a, 0x1c, 0x3f,
    0x1e, 0xa4, 0x3b, 0x3f, 0x24, 0x23, 0x9a, 0xbe, 0xca, 0x28, 0x17, 0x3e, 0x55, 0xf0, 0xf4, 0xbe,
    0x1e, 0x9b, 0x5d, 0xbf, 0x00, 0x00, 0x80, 0xbf, 0xc6, 0xc6, 0xc6, 0xff, 0x39, 0x7c, 0x1e, 0x3f,
    0xa0, 0xff, 0x02, 0x3f, 0x65, 0x1d, 0x96, 0xc3, 0xf6, 0xb8, 0x96, 0x43, 0x8c, 0xc4, 0x95, 0xc3,
    0x08, 0x2a, 0x1c, 0x3f, 0x1e, 0xa4, 0x3b, 0x3f, 0x24, 0x23, 0x9a, 0xbe, 0xc8, 0x28, 0x17, 0x3e,
    0x54, 0xf0, 0xf4, 0xbe, 0x1e, 0x9b, 0x5d, 0xbf, 0x00, 0x00, 0x80, 0xbf, 0xc6, 0xc6, 0xc6, 0xff,
    0x23, 0x12, 0x25, 0x3f, 0x20, 0x42, 0xfc, 0x3e, 0xb2, 0x1c, 0x96, 0xc3, 0xa3, 0xb8, 0x96, 0x43,
    0x77, 0xc3, 0x95, 0xc3, 0xa3, 0x2c, 0x6d, 0x3f, 0x7f, 0x92, 0xbd, 0x3e, 0x5f, 0x8c, 0x8a, 0x3d,
    0xf4, 0xcc, 0x80, 0x3d, 0x06, 0x34, 0xcc, 0x3c, 0xde, 0x69, 0x7f, 0xbf, 0x00, 0x00, 0x80, 0xbf,
    0xc6, 0xc6, 0xc6, 0xff, 0xec, 0x50, 0x19, 0x3f, 0xbd, 0xfe, 0x04, 0x3f, 0x2b, 0x1d, 0x96, 0xc3,
    0x51, 0xb9, 0x96, 0x43, 0x88, 0xc3, 0x95, 0xc3, 0xa3, 0x2c, 0x6d, 0x3f, 0x7f, 0x92, 0xbd, 0x3e,
    0x62, 0x8c, 0x8a, 0x3d, 0xf4, 0xcc, 0x80, 0x3d, 0x06, 0x34, 0xcc, 0x3c, 0xde, 0x69, 0x7f, 0xbf,
    0x00, 0x00, 0x80, 0xbf, 0xc6, 0xc6, 0xc6, 0xff, 0x87, 0xfe, 0x19, 0x3f, 0x5e, 0x81, 0x00, 0x3f,
    0x1f, 0x1d, 0x96, 0xc3, 0xc2, 0xb8, 0x96, 0x43, 0xd0, 0xc2, 0x95, 0xc3, 0xa3, 0x2c, 0x6d, 0x3f,
    0x7f, 0x92, 0xbd, 0x3e, 0x5f, 0x8c, 0x8a, 0x3d, 0xec, 0xcc, 0x80, 0x3d, 0x03, 0x34, 0xcc, 0x3c,
    0xde, 0x69, 0x7f, 0xbf, 0x00, 0x00, 0x80, 0xbf, 0xc6, 0xc6, 0xc6, 0xff, 0x8c, 0xf7, 0x13, 0x3f,
    0x39, 0x7b, 0x03, 0x3f, 0x97, 0x1c, 0x96, 0xc3, 0xe7, 0xb8, 0x96, 0x43, 0x13, 0xc4, 0x95, 0xc3,
    0x72, 0xbb, 0x7d, 0x3f, 0x3a, 0xd0, 0x86, 0x3c, 0x5a, 0xf3, 0x06, 0xbe, 0x1c, 0xe3, 0xe8, 0xbd,
    0xa0, 0xa2, 0xd0, 0xbe, 0x4a, 0xf6, 0x67, 0xbf, 0x00, 0x00, 0x80, 0xbf, 0xc6, 0xc6, 0xc6, 0xff,
    0x39, 0x7c, 0x1e, 0x3f, 0xa0, 0xff, 0x02, 0x3f, 0xe3, 0x1c, 0x96, 0xc3, 0x33, 0xb8, 0x96, 0x43,
    0x0a, 0xc4, 0x95, 0xc3, 0x72, 0xbb, 0x7d, 0x3f, 0x3a, 0xd0, 0x86, 0x3c, 0x5a, 0xf3, 0x06, 0xbe,
    0x1c, 0xe3, 0xe8, 0xbd, 0xa0, 0xa2, 0xd0, 0xbe, 0x4a, 0xf6, 0x67, 0xbf, 0x00, 0x00, 0x80, 0xbf,
    0xc6, 0xc6, 0xc6, 0xff, 0xe5, 0x9d, 0x23, 0x3f, 0xac, 0xe5, 0x06, 0x3f, 0xdf, 0x1c, 0x96, 0xc3,
    0x9b, 0xb8, 0x96, 0x43, 0xc0, 0xc4, 0x95, 0xc3, 0x72, 0xbb, 0x7d, 0x3f, 0x3a, 0xd0, 0x86, 0x3c,
    0x5a, 0xf3, 0x06, 0xbe, 0x1c, 0xe3, 0xe8, 0xbd, 0xa0, 0xa2, 0xd0, 0xbe, 0x4a, 0xf6, 0x67, 0xbf,
    0x00, 0x00, 0x80, 0xbf, 0xc6, 0xc6, 0xc6, 0xff, 0x91, 0x47, 0x28, 0x3f, 0x43, 0xe6, 0x02, 0x3f,
    0xdf, 0x1c, 0x96, 0xc3, 0x9b, 0xb8, 0x96, 0x43, 0xc0, 0xc4, 0x95, 0xc3, 0x51, 0xf5, 0x4b, 0x3f,
    0x94, 0x07, 0x96, 0xbe, 0x54, 0x50, 0x07, 0xbf, 0x76, 0x15, 0x19, 0xbf, 0xa8, 0xd2, 0x82, 0xbe,
    0x08, 0x7b, 0x42, 0xbf, 0x00, 0x00, 0x80, 0xbf, 0xc6, 0xc6, 0xc6, 0xff, 0x91, 0x47, 0x28, 0x3f,
    0x43, 0xe6, 0x02, 0x3f, 0xfc, 0x1c, 0x96, 0xc3, 0x20, 0xb8, 0x96, 0x43, 0xa6, 0xc4, 0x95, 0xc3,
    0x51, 0xf5, 0x4b, 0x3f, 0x94, 0x07, 0x96, 0xbe, 0x54, 0x50, 0x07, 0xbf, 0x76, 0x15, 0x19, 0xbf,
    0xa8, 0xd2, 0x82, 0xbe, 0x08, 0x7b, 0x42, 0xbf, 0x00, 0x00, 0x80, 0xbf, 0xc6, 0xc6, 0xc6, 0xff,
    0x5f, 0x95, 0x27, 0x3f, 0xd2, 0x36, 0x06, 0x3f, 0x38, 0x1d, 0x96, 0xc3, 0x07, 0xb8, 0x96, 0x43,
    0xf1, 0xc4, 0x95, 0xc3, 0x52, 0xf5, 0x4b, 0x3f, 0x93, 0x07, 0x96, 0xbe, 0x53, 0x50, 0x07, 0xbf,
    0x76, 0x15, 0x19, 0xbf, 0xa8, 0xd2, 0x82, 0xbe, 0x08, 0x7b, 0x42, 0xbf, 0x00, 0x00, 0x80, 0xbf,
    0xc6, 0xc6, 0xc6, 0xff, 0x82, 0x39, 0x2a, 0x3f, 0xbe, 0x33, 0x06, 0x3f, 0x7d, 0x1d, 0x96, 0xc3,
    0xfb, 0xb7, 0x96, 0x43, 0x77, 0xc4, 0x95, 0xc3, 0xb0, 0x7f, 0x7d, 0xbf, 0xb1, 0xf1, 0x93, 0xbd,
    0xd4, 0x47, 0xf4, 0xbd, 0xe3, 0x81, 0xfd, 0x3d, 0xfa, 0x66, 0x59, 0xbf, 0x82, 0x68, 0x03, 0xbf,
    0x00, 0x00, 0x80, 0xbf, 0xc6, 0xc6, 0xc6, 0xff, 0x9b, 0x39, 0x28, 0x3f, 0xd8, 0x80, 0xf0, 0x3e,
    0x65, 0x1d, 0x96, 0xc3, 0xf6, 0xb8, 0x96, 0x43, 0x8c, 0xc4, 0x95, 0xc3, 0xb0, 0x7f, 0x7d, 0xbf,
    0xb1, 0xf1, 0x93, 0xbd, 0xd4, 0x47, 0xf4, 0xbd, 0xe5, 0x81, 0xfd, 0x3d, 0xfa, 0x66, 0x59, 0xbf,
    0x82, 0x68, 0x03, 0xbf, 0x00, 0x00, 0x80, 0xbf, 0xc6, 0xc6, 0xc6, 0xff, 0x23, 0x12, 0x25, 0x3f,
    0x20, 0x42, 0xfc, 0x3e, 0x60, 0x1d, 0x96, 0xc3, 0x84, 0xb8, 0x96, 0x43, 0x0e, 0xc5, 0x95, 0xc3,
    0xb0, 0x7f, 0x7d, 0xbf, 0xb1, 0xf1, 0x93, 0xbd, 0xd4, 0x47, 0xf4, 0xbd, 0xe2, 0x81, 0xfd, 0x3d,
    0xfa, 0x66, 0x59, 0xbf, 0x82, 0x68, 0x03, 0xbf, 0x00, 0x00, 0x80, 0xbf, 0xc6, 0xc6, 0xc6, 0xff,
    0x90, 0x86, 0x2b, 0x3f, 0x79, 0x22, 0x00, 0x3f, 0x38, 0x1d, 0x96, 0xc3, 0x07, 0xb8, 0x96, 0x43,
    0xf1, 0xc4, 0x95, 0xc3, 0x88, 0xee, 0x40, 0x3f, 0xda, 0x64, 0x8b, 0xbe, 0x0a, 0x27, 0x19, 0xbf,
    0x5e, 0x50, 0x20, 0xbf, 0x69, 0xeb, 0x12, 0xbf, 0xca, 0x17, 0x07, 0xbf, 0x00, 0x00, 0x80, 0xbf,
    0xc6, 0xc6, 0xc6, 0xff, 0x82, 0x39, 0x2a, 0x3f, 0xbe, 0x33, 0x06, 0x3f, 0x60, 0x1d, 0x96, 0xc3,
    0x84, 0xb8, 0x96, 0x43, 0x0e, 0xc5, 0x95, 0xc3, 0x88, 0xee, 0x40, 0x3f, 0xda, 0x64, 0x8b, 0xbe,
    0x0a, 0x27, 0x19, 0xbf, 0x5e, 0x50, 0x20, 0xbf, 0x69, 0xeb, 0x12, 0xbf, 0xca, 0x17, 0x07, 0xbf,
    0x00, 0x00, 0x80, 0xbf, 0xc6, 0xc6, 0xc6, 0xff, 0x90, 0x86, 0x2b, 0x3f, 0x79, 0x22, 0x00, 0x3f,
    0xdf, 0x1c, 0x96, 0xc3, 0x9b, 0xb8, 0x96, 0x43, 0xc0, 0xc4, 0x95, 0xc3, 0x86, 0xee, 0x40, 0x3f,
    0xdb, 0x64, 0x8b, 0xbe, 0x0a, 0x27, 0x19, 0xbf, 0x5e, 0x50, 0x20, 0xbf, 0x69, 0xeb, 0x12, 0xbf,
    0xca, 0x17, 0x07, 0xbf, 0x00, 0x00, 0x80, 0xbf, 0xc6, 0xc6, 0xc6, 0xff, 0x91, 0x47, 0x28, 0x3f,
    0x43, 0xe6, 0x02, 0x3f, 0x5a, 0x1d, 0x96, 0xc3, 0xec, 0xb7, 0x96, 0x43, 0xaf, 0xc4, 0x95, 0xc3,
    0x4c, 0xf1, 0x46, 0xbf, 0xbb, 0x96, 0x08, 0xbf, 0x66, 0xe5, 0xaa, 0xbe, 0x48, 0xb8, 0x1b, 0x3f,
    0x23, 0x2c, 0x00, 0xbf, 0xfe, 0xaa, 0x1d, 0xbf, 0x00, 0x00, 0x80, 0xbf, 0xc6, 0xc6, 0xc6, 0xff,
    0xe4, 0x13, 0x2a, 0x3f, 0xc9, 0x72, 0xf2, 0x3e, 0x7d, 0x1d, 0x96, 0xc3, 0xfb, 0xb7, 0x96, 0x43,
    0x77, 0xc4, 0x95, 0xc3, 0x4c, 0xf1, 0x46, 0xbf, 0xbb, 0x96, 0x08, 0xbf, 0x66, 0xe5, 0xaa, 0xbe,
    0x48, 0xb8, 0x1b, 0x3f, 0x23, 0x2c, 0x00, 0xbf, 0xfe, 0xaa, 0x1d, 0xbf, 0x00, 0x00, 0x80, 0xbf,
    0xc6, 0xc6, 0xc6, 0xff, 0x9b, 0x39, 0x28, 0x3f, 0xd8, 0x80, 0xf0, 0x3e, 0x60, 0x1d, 0x96, 0xc3,
    0x84, 0xb8, 0x96, 0x43, 0x0e, 0xc5, 0x95, 0xc3, 0x4c, 0xf1, 0x46, 0xbf, 0xbb, 0x96, 0x08, 0xbf,
    0x68, 0xe5, 0xaa, 0xbe, 0x4a, 0xb8, 0x1b, 0x3f, 0x20, 0x2c, 0x00, 0xbf, 0xfe, 0xaa, 0x1d, 0xbf,
    0x00, 0x00, 0x80, 0xbf, 0xc6, 0xc6, 0xc6, 0xff, 0x90, 0x86, 0x2b, 0x3f, 0x79, 0x22, 0x00, 0x3f,
    0x5a, 0x1d, 0x96, 0xc3, 0xec, 0xb7, 0x96, 0x43, 0xaf, 0xc4, 0x95, 0xc3, 0x4f, 0xa0, 0x41, 0xbe,
    0x3d, 0xaa, 0x78, 0xbf, 0x0a, 0x6f, 0x13, 0x3e, 0x8e, 0xf9, 0x38, 0xbe, 0x0e, 0xb1, 0xe0, 0xbd,
    0x9f, 0x37, 0x7a, 0xbf, 0x00, 0x00, 0x80, 0xbf, 0xc6, 0xc6, 0xc6, 0xff, 0xd5, 0x04, 0x29, 0x3f,
    0x2d, 0x27, 0x09, 0x3f, 0x3a, 0x1d, 0x96, 0xc3, 0xf6, 0xb7, 0x96, 0x43, 0xc2, 0xc3, 0x95, 0xc3,
    0x52, 0xa0, 0x41, 0xbe, 0x3d, 0xaa, 0x78, 0xbf, 0x0a, 0x6f, 0x13, 0x3e, 0x8f, 0xf9, 0x38, 0xbe,
    0x0e, 0xb1, 0xe0, 0xbd, 0x9f, 0x37, 0x7a, 0xbf, 0x00, 0x00, 0x80, 0xbf, 0xc6, 0xc6, 0xc6, 0xff,
    0xb4, 0xe7, 0x1e, 0x3f, 0xbb, 0x63, 0x09, 0x3f, 0x7d, 0x1d, 0x96, 0xc3, 0xfb, 0xb7, 0x96, 0x43,
    0x77, 0xc4, 0x95, 0xc3, 0x4f, 0xa0, 0x41, 0xbe, 0x3d, 0xaa, 0x78, 0xbf, 0x0a, 0x6f, 0x13, 0x3e,
    0x8f, 0xf9, 0x38, 0xbe, 0x0f, 0xb1, 0xe0, 0xbd, 0x9f, 0x37, 0x7a, 0xbf, 0x00, 0x00, 0x80, 0xbf,
    0xc6, 0xc6, 0xc6, 0xff, 0x41, 0x7d, 0x27, 0x3f, 0x81, 0x96, 0x0a, 0x3f, 0xb2, 0x1c, 0x96, 0xc3,
    0xa3, 0xb8, 0x96, 0x43, 0x77, 0xc3, 0x95, 0xc3, 0x5f, 0xcf, 0x6d, 0x3f, 0xa5, 0xbf, 0xbb, 0x3e,
    0x0d, 0xa0, 0x50, 0x3d, 0x6a, 0x98, 0x09, 0x3e, 0x63, 0xb2, 0x52, 0xbe, 0x44, 0x26, 0x78, 0xbf,
    0x00, 0x00, 0x80, 0xbf, 0xc6, 0xc6, 0xc6, 0xff, 0xec, 0x50, 0x19, 0x3f, 0xbd, 0xfe, 0x04, 0x3f,
    0x97, 0x1c, 0x96, 0xc3, 0xe7, 0xb8, 0x96, 0x43, 0x13, 0xc4, 0x95, 0xc3, 0x5f, 0xcf, 0x6d, 0x3f,
    0xa5, 0xbf, 0xbb, 0x3e, 0x07, 0xa0, 0x50, 0x3d, 0x64, 0x98, 0x09, 0x3e, 0x66, 0xb2, 0x52, 0xbe,
    0x44, 0x26, 0x78, 0xbf, 0x00, 0x00, 0x80, 0xbf, 0xc6, 0xc6, 0xc6, 0xff, 0x39, 0x7c, 0x1e, 0x3f,
    0xa0, 0xff, 0x02, 0x3f, 0x2b, 0x1d, 0x96, 0xc3, 0x51, 0xb9, 0x96, 0x43, 0x88, 0xc3, 0x95, 0xc3,
    0x5f, 0xcf, 0x6d, 0x3f, 0xa5, 0xbf, 0xbb, 0x3e, 0x07, 0xa0, 0x50, 0x3d, 0x6d, 0x98, 0x09, 0x3e,
    0x63, 0xb2, 0x52, 0xbe, 0x45, 0x26, 0x78, 0xbf, 0x00, 0x00, 0x80, 0xbf, 0xc6, 0xc6, 0xc6, 0xff,
    0x87, 0xfe, 0x19, 0x3f, 0x5e, 0x81, 0x00, 0x3f, 0x3a, 0x1d, 0x96, 0xc3, 0xf6, 0xb7, 0x96, 0x43,
    0xc2, 0xc3, 0x95, 0xc3, 0xfb, 0x17, 0xd6, 0xbe, 0x5a, 0xdf, 0x58, 0xbf, 0x54, 0xd9, 0xa7, 0x3e,
    0xa1, 0x27, 0xfa, 0xbe, 0xe0, 0x86, 0xc1, 0xbd, 0xf2, 0x0c, 0x5e, 0xbf, 0x00, 0x00, 0x80, 0xbf,
    0xc6, 0xc6, 0xc6, 0xff, 0xb4, 0xe7, 0x1e, 0x3f, 0xbb, 0x63, 0x09, 0x3f, 0xbe, 0x1c, 0x96, 0xc3,
    0x0a, 0xb8, 0x96, 0x43, 0x71, 0xc3, 0x95, 0xc3, 0xfb, 0x17, 0xd6, 0xbe, 0x5a, 0xdf, 0x58, 0xbf,
    0x55, 0xd9, 0xa7, 0x3e, 0xa1, 0x27, 0xfa, 0xbe, 0xed, 0x86, 0xc1, 0xbd, 0xf2, 0x0c, 0x5e, 0xbf,
    0x00, 0x00, 0x80, 0xbf, 0xc6, 0xc6, 0xc6, 0xff, 0xd5, 0xb2, 0x19, 0x3f, 0xbc, 0x58, 0x08, 0x3f,
    0xa1, 0x1d, 0x96, 0xc3, 0x61, 0xb8, 0x96, 0x43, 0x54, 0xc3, 0x95, 0xc3, 0xfb, 0x17, 0xd6, 0xbe,
    0x5a, 0xdf, 0x58, 0xbf, 0x54, 0xd9, 0xa7, 0x3e, 0xa1, 0x27, 0xfa, 0xbe, 0xe5, 0x86, 0xc1, 0xbd,
    0xf2, 0x0c, 0x5e, 0xbf, 0x00, 0x00, 0x80, 0xbf, 0xc6, 0xc6, 0xc6, 0xff, 0xdc, 0x84, 0x17, 0x3f,
    0x50, 0xc6, 0x0c, 0x3f, 0xbe, 0x1c, 0x96, 0xc3, 0x0a, 0xb8, 0x96, 0x43, 0x71, 0xc3, 0x95, 0xc3,
    0x14, 0x89, 0xfc, 0x3e, 0xbd, 0xa5, 0x5e, 0xbf, 0x36, 0x3f, 0x91, 0x3c, 0x63, 0xeb, 0xf3, 0xbe,
    0x72, 0x01, 0x93, 0xbe, 0xf5, 0xbd, 0x54, 0xbf, 0x00, 0x00, 0x80, 0xbf, 0xc6, 0xc6, 0xc6, 0xff,
    0xd5, 0xb2, 0x19, 0x3f, 0xbc, 0x58, 0x08, 0x3f, 0x3a, 0x1d, 0x96, 0xc3, 0xf6, 0xb7, 0x96, 0x43,
    0xc2, 0xc3, 0x95, 0xc3, 0x14, 0x89, 0xfc, 0x3e, 0xbd, 0xa5, 0x5e, 0xbf, 0x34, 0x3f, 0x91, 0x3c,
    0x60, 0xeb, 0xf3, 0xbe, 0x72, 0x01, 0x93, 0xbe, 0xf7, 0xbd, 0x54, 0xbf, 0x00, 0x00, 0x80, 0xbf,
    0xc6, 0xc6, 0xc6, 0xff, 0xb4, 0xe7, 0x1e, 0x3f, 0xbb, 0x63, 0x09, 0x3f, 0xe3, 0x1c, 0x96, 0xc3,
    0x33, 0xb8, 0x96, 0x43, 0x0a, 0xc4, 0x95, 0xc3, 0x14, 0x89, 0xfc, 0x3e, 0xbd, 0xa5, 0x5e, 0xbf,
    0x36, 0x3f, 0x91, 0x3c, 0x60, 0xeb, 0xf3, 0xbe, 0x72, 0x01, 0x93, 0xbe, 0xf6, 0xbd, 0x54, 0xbf,
    0x00, 0x00, 0x80, 0xbf, 0xc6, 0xc6, 0xc6, 0xff, 0xe5, 0x9d, 0x23, 0x3f, 0xac, 0xe5, 0x06, 0x3f,
    0xb6, 0x1d, 0x96, 0xc3, 0x52, 0xb8, 0x96, 0x43, 0xcb, 0xc3, 0x95, 0xc3, 0x16, 0x88, 0x31, 0xbf,
    0x3b, 0xa7, 0x30, 0xbf, 0xc7, 0x1e, 0x54, 0x3e, 0xa6, 0xc6, 0xe4, 0xbd, 0x62, 0x67, 0x39, 0xbe,
    0xbd, 0x23, 0x7a, 0xbf, 0x00, 0x00, 0x80, 0xbf, 0xc6, 0xc6, 0xc6, 0xff, 0xb4, 0xe6, 0x1b, 0x3f,
    0x57, 0x0a, 0x0d, 0x3f, 0x7d, 0x1d, 0x96, 0xc3, 0xfb, 0xb7, 0x96, 0x43, 0x77, 0xc4, 0x95, 0xc3,
    0x13, 0x88, 0x31, 0xbf, 0x3d, 0xa7, 0x30, 0xbf, 0xc6, 0x1e, 0x54, 0x3e, 0xa4, 0xc6, 0xe4, 0xbd,
    0x63, 0x67, 0x39, 0xbe, 0xbc, 0x23, 0x7a, 0xbf, 0x00, 0x00, 0x80, 0xbf, 0xc6, 0xc6, 0xc6, 0xff,
    0x41, 0x7d, 0x27, 0x3f, 0x81, 0x96, 0x0a, 0x3f, 0xa1, 0x1d, 0x96, 0xc3, 0x61, 0xb8, 0x96, 0x43,
    0x54, 0xc3, 0x95, 0xc3, 0x13, 0x88, 0x31, 0xbf, 0x3d, 0xa7, 0x30, 0xbf, 0xc6, 0x1e, 0x54, 0x3e,
    0xa4, 0xc6, 0xe4, 0xbd, 0x63, 0x67, 0x39, 0xbe, 0xbc, 0x23, 0x7a, 0xbf, 0x00, 0x00, 0x80, 0xbf,
    0xc6, 0xc6, 0xc6, 0xff, 0xdc, 0x84, 0x17, 0x3f, 0x50, 0xc6, 0x0c, 0x3f, 0xa1, 0x1d, 0x96, 0xc3,
    0x61, 0xb8, 0x96, 0x43, 0x54, 0xc3, 0x95, 0xc3, 0x32, 0x1f, 0x7d, 0xbf, 0x10, 0xea, 0x0a, 0x3d,
    0xec, 0x20, 0x15, 0x3e, 0x67, 0xf2, 0xbf, 0xbd, 0x33, 0x4a, 0x1e, 0x3f, 0xf1, 0xc2, 0x47, 0xbf,
    0x00, 0x00, 0x80, 0xbf, 0xc6, 0xc6, 0xc6, 0xff, 0x62, 0xa1, 0x16, 0x3f, 0x1a, 0x14, 0xf5, 0x3e,
    0x9c, 0x1d, 0x96, 0xc3, 0x06, 0xb9, 0x96, 0x43, 0x5a, 0xc3, 0x95, 0xc3, 0x32, 0x1f, 0x7d, 0xbf,
    0x10, 0xea, 0x0a, 0x3d, 0xed, 0x20, 0x15, 0x3e, 0x67, 0xf2, 0xbf, 0xbd, 0x33, 0x4a, 0x1e, 0x3f,
    0xf2, 0xc2, 0x47, 0xbf, 0x00, 0x00, 0x80, 0xbf, 0xc6, 0xc6, 0xc6, 0xff, 0xc5, 0x3b, 0x18, 0x3f,
    0x2d, 0xcf, 0xfb, 0x3e, 0xb6, 0x1d, 0x96, 0xc3, 0x52, 0xb8, 0x96, 0x43, 0xcb, 0xc3, 0x95, 0xc3,
    0x32, 0x1f, 0x7d, 0xbf, 0x10, 0xea, 0x0a, 0x3d, 0xec, 0x20, 0x15, 0x3e, 0x66, 0xf2, 0xbf, 0xbd,
    0x33, 0x4a, 0x1e, 0x3f, 0xf2, 0xc2, 0x47, 0xbf, 0x00, 0x00, 0x80, 0xbf, 0xc6, 0xc6, 0xc6, 0xff,
    0x43, 0x75, 0x1b, 0x3f, 0x6b, 0x82, 0xf0, 0x3e, 0x38, 0x1d, 0x96, 0xc3, 0x07, 0xb8, 0x96, 0x43,
    0xf1, 0xc4, 0x95, 0xc3, 0x70, 0xc4, 0xcc, 0xbe, 0x5c, 0xda, 0x3f, 0xbf, 0xf1, 0x13, 0x07, 0xbf,
    0x65, 0x89, 0x51, 0x3f, 0x83, 0x12, 0x07, 0xbd, 0x8c, 0xd4, 0x12, 0xbf, 0x00, 0x00, 0x80, 0xbf,
    0xc6, 0xc6, 0xc6, 0xff, 0x47, 0xaa, 0x2b, 0x3f, 0x12, 0x4f, 0xf6, 0x3e, 0x5a, 0x1d, 0x96, 0xc3,
    0xec, 0xb7, 0x96, 0x43, 0xaf, 0xc4, 0x95, 0xc3, 0x71, 0xc4, 0xcc, 0xbe, 0x5c, 0xda, 0x3f, 0xbf,
    0xf0, 0x13, 0x07, 0xbf, 0x65, 0x89, 0x51, 0x3f, 0x86, 0x12, 0x07, 0xbd, 0x8c, 0xd4, 0x12, 0xbf,
    0x00, 0x00, 0x80, 0xbf, 0xc6, 0xc6, 0xc6, 0xff, 0xe4, 0x13, 0x2a, 0x3f, 0xc9, 0x72, 0xf2, 0x3e,
    0x60, 0x1d, 0x96, 0xc3, 0x84, 0xb8, 0x96, 0x43, 0x0e, 0xc5, 0x95, 0xc3, 0x71, 0xc4, 0xcc, 0xbe,
    0x5b, 0xda, 0x3f, 0xbf, 0xf1, 0x13, 0x07, 0xbf, 0x65, 0x89, 0x51, 0x3f, 0x89, 0x12, 0x07, 0xbd,
    0x8c, 0xd4, 0x12, 0xbf, 0x00, 0x00, 0x80, 0xbf, 0xc6, 0xc6, 0xc6, 0xff, 0x90, 0x86, 0x2b, 0x3f,
    0x79, 0x22, 0x00, 0x3f, 0xfc, 0x1c, 0x96, 0xc3, 0x20, 0xb8, 0x96, 0x43, 0xa6, 0xc4, 0x95, 0xc3,
    0x55, 0x02, 0xfd, 0x3e, 0x5b, 0xfe, 0x5c, 0xbf, 0xf9, 0xd1, 0xd2, 0xbd, 0x17, 0x7d, 0x19, 0xbf,
    0x4e, 0x5c, 0x81, 0xbe, 0xf4, 0x67, 0x42, 0xbf, 0x00, 0x00, 0x80, 0xbf, 0xc6, 0xc6, 0xc6, 0xff,
    0x5f, 0x95, 0x27, 0x3f, 0xd2, 0x36, 0x06, 0x3f, 0x5a, 0x1d, 0x96, 0xc3, 0xec, 0xb7, 0x96, 0x43,
    0xaf, 0xc4, 0x95, 0xc3, 0x55, 0x02, 0xfd, 0x3e, 0x5b, 0xfe, 0x5c, 0xbf, 0xfc, 0xd1, 0xd2, 0xbd,
    0x17, 0x7d, 0x19, 0xbf, 0x4e, 0x5c, 0x81, 0xbe, 0xf4, 0x67, 0x42, 0xbf, 0x00, 0x00, 0x80, 0xbf,
    0xc6, 0xc6, 0xc6, 0xff, 0xd5, 0x04, 0x29, 0x3f, 0x2d, 0x27, 0x09, 0x3f, 0x38, 0x1d, 0x96, 0xc3,
    0x07, 0xb8, 0x96, 0x43, 0xf1, 0xc4, 0x95, 0xc3, 0x55, 0x02, 0xfd, 0x3e, 0x5b, 0xfe, 0x5c, 0xbf,
    0xf9, 0xd1, 0xd2, 0xbd, 0x17, 0x7d, 0x19, 0xbf, 0x4e, 0x5c, 0x81, 0xbe, 0xf4, 0x67, 0x42, 0xbf,
    0x00, 0x00, 0x80, 0xbf, 0xc6, 0xc6, 0xc6, 0xff, 0x82, 0x39, 0x2a, 0x3f, 0xbe, 0x33, 0x06, 0x3f,
    0xa8, 0x1d, 0x96, 0xc3, 0x13, 0xb9, 0x96, 0x43, 0x21, 0xc4, 0x95, 0xc3, 0x49, 0x32, 0x7e, 0xbf,
    0x79, 0xd0, 0xd2, 0x3d, 0xde, 0x69, 0x70, 0x3d, 0x19, 0xa9, 0x35, 0xbd, 0xc7, 0xc1, 0x0b, 0x3e,
    0xaa, 0x59, 0x7d, 0xbf, 0x00, 0x00, 0x80, 0xbf, 0xc6, 0xc6, 0xc6, 0xff, 0x03, 0x24, 0x1e, 0x3f,
    0xa6, 0xee, 0xfa, 0x3e, 0xb6, 0x1d, 0x96, 0xc3, 0x52, 0xb8, 0x96, 0x43, 0xcb, 0xc3, 0x95, 0xc3,
    0x49, 0x32, 0x7e, 0xbf, 0x79, 0xd0, 0xd2, 0x3d, 0xde, 0x69, 0x70, 0x3d, 0x1a, 0xa9, 0x35, 0xbd,
    0xc7, 0xc1, 0x0b, 0x3e, 0xaa, 0x59, 0x7d, 0xbf, 0x00, 0x00, 0x80, 0xbf, 0xc6, 0xc6, 0xc6, 0xff,
    0x43, 0x75, 0x1b, 0x3f, 0x6b, 0x82, 0xf0, 0x3e, 0x9c, 0x1d, 0x96, 0xc3, 0x06, 0xb9, 0x96, 0x43,
    0x5a, 0xc3, 0x95, 0xc3, 0x49, 0x32, 0x7e, 0xbf, 0x7c, 0xd0, 0xd2, 0x3d, 0xdb, 0x69, 0x70, 0x3d,
    0x17, 0xa9, 0x35, 0xbd, 0xc7, 0xc1, 0x0b, 0x3e, 0xaa, 0x59, 0x7d, 0xbf, 0x00, 0x00, 0x80, 0xbf,
    0xc6, 0xc6, 0xc6, 0xff, 0xc5, 0x3b, 0x18, 0x3f, 0x2d, 0xcf, 0xfb, 0x3e, 0x2b, 0x1d, 0x96, 0xc3,
    0x51, 0xb9, 0x96, 0x43, 0x88, 0xc3, 0x95, 0xc3, 0x32, 0x9d, 0x08, 0xbf, 0x56, 0x4a, 0x58, 0x3f,
    0x73, 0xb4, 0x18, 0x3d, 0x87, 0x67, 0x70, 0x3d, 0x04, 0xd7, 0xa5, 0x3d, 0x71, 0xb7, 0x7e, 0xbf,
    0x00, 0x00, 0x80, 0xbf, 0xc6, 0xc6, 0xc6, 0xff, 0x87, 0xfe, 0x19, 0x3f, 0x5e, 0x81, 0x00, 0x3f,
    0xa8, 0x1d, 0x96, 0xc3, 0x13, 0xb9, 0x96, 0x43, 0x21, 0xc4, 0x95, 0xc3, 0x32, 0x9d, 0x08, 0xbf,
    0x56, 0x4a, 0x58, 0x3f, 0x72, 0xb4, 0x18, 0x3d, 0x89, 0x67, 0x70, 0x3d, 0x00, 0xd7, 0xa5, 0x3d,
    0x70, 0xb7, 0x7e, 0xbf, 0x00, 0x00, 0x80, 0xbf, 0xc6, 0xc6, 0xc6, 0xff, 0x03, 0x24, 0x1e, 0x3f,
    0xa6, 0xee, 0xfa, 0x3e, 0x9c, 0x1d, 0x96, 0xc3, 0x06, 0xb9, 0x96, 0x43, 0x5a, 0xc3, 0x95, 0xc3,
    0x32, 0x9d, 0x08, 0xbf, 0x56, 0x4a, 0x58, 0x3f, 0x72, 0xb4, 0x18, 0x3d, 0x83, 0x67, 0x70, 0x3d,
    0x00, 0xd7, 0xa5, 0x3d, 0x70, 0xb7, 0x7e, 0xbf, 0x00, 0x00, 0x80, 0xbf, 0xc6, 0xc6, 0xc6, 0xff,
    0xc5, 0x3b, 0x18, 0x3f, 0x2d, 0xcf, 0xfb, 0x3e, 0x1f, 0x1d, 0x96, 0xc3, 0xc2, 0xb8, 0x96, 0x43,
    0xd0, 0xc2, 0x95, 0xc3, 0xcc, 0x3e, 0xa3, 0xbe, 0x7c, 0xc5, 0x5d, 0x3f, 0x41, 0xe3, 0xc4, 0x3e,
    0x18, 0xa1, 0x24, 0x3f, 0x9a, 0xd5, 0xfd, 0x3e, 0x95, 0x6a, 0x15, 0xbf, 0x00, 0x00, 0x80, 0xbf,
    0xc6, 0xc6, 0xc6, 0xff, 0x8c, 0xf7, 0x13, 0x3f, 0x39, 0x7b, 0x03, 0x3f, 0x9c, 0x1d, 0x96, 0xc3,
    0x06, 0xb9, 0x96, 0x43, 0x5a, 0xc3, 0x95, 0xc3, 0xcc, 0x3e, 0xa3, 0xbe, 0x7c, 0xc5, 0x5d, 0x3f,
    0x41, 0xe3, 0xc4, 0x3e, 0x19, 0xa1, 0x24, 0x3f, 0x95, 0xd5, 0xfd, 0x3e, 0x96, 0x6a, 0x15, 0xbf,
    0x00, 0x00, 0x80, 0xbf, 0xc6, 0xc6, 0xc6, 0xff, 0xc5, 0x3b, 0x18, 0x3f, 0x2d, 0xcf, 0xfb, 0x3e,
    0x4f, 0x1d, 0x96, 0xc3, 0xb6, 0xb8, 0x96, 0x43, 0xd7, 0xc2, 0x95, 0xc3, 0xcc, 0x3e, 0xa3, 0xbe,
    0x7c, 0xc5, 0x5d, 0x3f, 0x41, 0xe3, 0xc4, 0x3e, 0x19, 0xa1, 0x24, 0x3f, 0x99, 0xd5, 0xfd, 0x3e,
    0x94, 0x6a, 0x15, 0xbf, 0x00, 0x00, 0x80, 0xbf, 0xc6, 0xc6, 0xc6, 0xff, 0x5d, 0x6f, 0x13, 0x3f,
    0x9a, 0x5e, 0x02, 0x3f, 0x24, 0x1d, 0x96, 0xc3, 0x91, 0xb8, 0x96, 0x43, 0xd8, 0xc2, 0x95, 0xc3,
    0x1b, 0x5a, 0x05, 0xbf, 0x5a, 0xa4, 0x24, 0xbf, 0x29, 0xb0, 0x0f, 0x3f, 0xf1, 0xf3, 0x17, 0x3f,
    0xcb, 0xd5, 0x3e, 0xbf, 0xb9, 0x48, 0x9b, 0xbe, 0x00, 0x00, 0x80, 0xbf, 0xc6, 0xc6, 0xc6, 0xff,
    0xf6, 0xb4, 0x13, 0x3f, 0xb0, 0xcb, 0x04, 0x3f, 0x4f, 0x1d, 0x96, 0xc3, 0xb6, 0xb8, 0x96, 0x43,
    0xd7, 0xc2, 0x95, 0xc3, 0x19, 0x5a, 0x05, 0xbf, 0x5a, 0xa4, 0x24, 0xbf, 0x2a, 0xb0, 0x0f, 0x3f,
    0xf1, 0xf3, 0x17, 0x3f, 0xca, 0xd5, 0x3e, 0xbf, 0xba, 0x48, 0x9b, 0xbe, 0x00, 0x00, 0x80, 0xbf,
    0xc6, 0xc6, 0xc6, 0xff, 0x0b, 0x7b, 0x12, 0x3f, 0x2a, 0xa7, 0x05, 0x3f, 0xa1, 0x1d, 0x96, 0xc3,
    0x61, 0xb8, 0x96, 0x43, 0x54, 0xc3, 0x95, 0xc3, 0x1b, 0x5a, 0x05, 0xbf, 0x5a, 0xa4, 0x24, 0xbf,
    0x29, 0xb0, 0x0f, 0x3f, 0xf1, 0xf3, 0x17, 0x3f, 0xcb, 0xd5, 0x3e, 0xbf, 0xb9, 0x48, 0x9b, 0xbe,
    0x00, 0x00, 0x80, 0xbf, 0xc6, 0xc6, 0xc6, 0xff, 0xdc, 0x84, 0x17, 0x3f, 0x50, 0xc6, 0x0c, 0x3f,
    0xb2, 0x1c, 0x96, 0xc3, 0xa3, 0xb8, 0x96, 0x43, 0x77, 0xc3, 0x95, 0xc3, 0x3a, 0x26, 0x78, 0x3f,
    0x1a, 0x86, 0x18, 0xbe, 0x89, 0x28, 0x48, 0x3e, 0x26, 0x97, 0x64, 0x3e, 0xcb, 0xe7, 0x4d, 0x3e,
    0x3b, 0x2c, 0x74, 0xbf, 0x00, 0x00, 0x80, 0xbf, 0xc6, 0xc6, 0xc6, 0xff, 0xec, 0x50, 0x19, 0x3f,
    0xbd, 0xfe, 0x04, 0x3f, 0x1f, 0x1d, 0x96, 0xc3, 0xc2, 0xb8, 0x96, 0x43, 0xd0, 0xc2, 0x95, 0xc3,
    0x3a, 0x26, 0x78, 0x3f, 0x1a, 0x86, 0x18, 0xbe, 0x89, 0x28, 0x48, 0x3e, 0x26, 0x97, 0x64, 0x3e,
    0xcb, 0xe7, 0x4d, 0x3e, 0x3b, 0x2c, 0x74, 0xbf, 0x00, 0x00, 0x80, 0xbf, 0xc6, 0xc6, 0xc6, 0xff,
    0x8c, 0xf7, 0x13, 0x3f, 0x39, 0x7b, 0x03, 0x3f, 0x24, 0x1d, 0x96, 0xc3, 0x91, 0xb8, 0x96, 0x43,
    0xd8, 0xc2, 0x95, 0xc3, 0x3a, 0x26, 0x78, 0x3f, 0x1a, 0x86, 0x18, 0xbe, 0x8b, 0x28, 0x48, 0x3e,
    0x2c, 0x97, 0x64, 0x3e, 0xc8, 0xe7, 0x4d, 0x3e, 0x3b, 0x2c, 0x74, 0xbf, 0x00, 0x00, 0x80, 0xbf,
    0xc6, 0xc6, 0xc6, 0xff, 0xf6, 0xb4, 0x13, 0x3f, 0xb0, 0xcb, 0x04, 0x3f, 0x24, 0x1d, 0x96, 0xc3,
    0x91, 0xb8, 0x96, 0x43, 0xd8, 0xc2, 0x95, 0xc3, 0x3a, 0x9b, 0x0e, 0xbe, 0xed, 0xd1, 0x65, 0xbe,
    0xa0, 0xe8, 0x76, 0x3f, 0x35, 0x95, 0x2c, 0x3f, 0x9d, 0x22, 0x31, 0x3f, 0xe4, 0x46, 0x84, 0x3e,
    0x00, 0x00, 0x80, 0xbf, 0xc6, 0xc6, 0xc6, 0xff, 0xf6, 0xb4, 0x13, 0x3f, 0xb0, 0xcb, 0x04, 0x3f,
    0x1f, 0x1d, 0x96, 0xc3, 0xc2, 0xb8, 0x96, 0x43, 0xd0, 0xc2, 0x95, 0xc3, 0x3a, 0x9b, 0x0e, 0xbe,
    0xed, 0xd1, 0x65, 0xbe, 0xa0, 0xe8, 0x76, 0x3f, 0x35, 0x95, 0x2c, 0x3f, 0x9d, 0x22, 0x31, 0x3f,
    0xe4, 0x46, 0x84, 0x3e, 0x00, 0x00, 0x80, 0xbf, 0xc6, 0xc6, 0xc6, 0xff, 0x8c, 0xf7, 0x13, 0x3f,
    0x39, 0x7b, 0x03, 0x3f, 0x4f, 0x1d, 0x96, 0xc3, 0xb6, 0xb8, 0x96, 0x43, 0xd7, 0xc2, 0x95, 0xc3,
    0x3a, 0x9b, 0x0e, 0xbe, 0xed, 0xd1, 0x65, 0xbe, 0xa0, 0xe8, 0x76, 0x3f, 0x35, 0x95, 0x2c, 0x3f,
    0x9c, 0x22, 0x31, 0x3f, 0xe8, 0x46, 0x84, 0x3e, 0x00, 0x00, 0x80, 0xbf, 0xc6, 0xc6, 0xc6, 0xff,
    0x5d, 0x6f, 0x13, 0x3f, 0x9a, 0x5e, 0x02, 0x3f, 0xdf, 0x1c, 0x96, 0xc3, 0x9b, 0xb8, 0x96, 0x43,
    0xc0, 0xc4, 0x95, 0xc3, 0xe6, 0x73, 0x7c, 0x3f, 0x77, 0x4f, 0x4e, 0xbd, 0xb2, 0xdb, 0x21, 0xbe,
    0x67, 0xd1, 0x29, 0xbe, 0x6e, 0x5a, 0x8c, 0xbe, 0x62, 0x81, 0x72, 0xbf, 0x00, 0x00, 0x80, 0xbf,
    0xc6, 0xc6, 0xc6, 0xff, 0x91, 0x47, 0x28, 0x3f, 0x43, 0xe6, 0x02, 0x3f, 0xe3, 0x1c, 0x96, 0xc3,
    0x33, 0xb8, 0x96, 0x43, 0x0a, 0xc4, 0x95, 0xc3, 0xe6, 0x73, 0x7c, 0x3f, 0x77, 0x4f, 0x4e, 0xbd,
    0xb2, 0xdb, 0x21, 0xbe, 0x66, 0xd1, 0x29, 0xbe, 0x6e, 0x5a, 0x8c, 0xbe, 0x62, 0x81, 0x72, 0xbf,
    0x00, 0x00, 0x80, 0xbf, 0xc6, 0xc6, 0xc6, 0xff, 0xe5, 0x9d, 0x23, 0x3f, 0xac, 0xe5, 0x06, 0x3f,
    0xfc, 0x1c, 0x96, 0xc3, 0x20, 0xb8, 0x96, 0x43, 0xa6, 0xc4, 0x95, 0xc3, 0xe6, 0x73, 0x7c, 0x3f,
    0x74, 0x4f, 0x4e, 0xbd, 0xb2, 0xdb, 0x21, 0xbe, 0x67, 0xd1, 0x29, 0xbe, 0x6e, 0x5a, 0x8c, 0xbe,
    0x62, 0x81, 0x72, 0xbf, 0x00, 0x00, 0x80, 0xbf, 0xc6, 0xc6, 0xc6, 0xff, 0x5f, 0x95, 0x27, 0x3f,
    0xd2, 0x36, 0x06, 0x3f, 0xe3, 0x1c, 0x96, 0xc3, 0x33, 0xb8, 0x96, 0x43, 0x0a, 0xc4, 0x95, 0xc3,
    0x3a, 0x86, 0xf9, 0x3e, 0x0d, 0x79, 0x5f, 0xbf, 0x1b, 0x27, 0xb0, 0x3c, 0x10, 0xa7, 0x91, 0xbe,
    0xcf, 0x5f, 0x3a, 0xbe, 0x94, 0xf5, 0x70, 0xbf, 0x00, 0x00, 0x80, 0xbf, 0xc6, 0xc6, 0xc6, 0xff,
    0xe5, 0x9d, 0x23, 0x3f, 0xac, 0xe5, 0x06, 0x3f, 0x5a, 0x1d, 0x96, 0xc3, 0xec, 0xb7, 0x96, 0x43,
    0xaf, 0xc4, 0x95, 0xc3, 0x3a, 0x86, 0xf9, 0x3e, 0x0c, 0x79, 0x5f, 0xbf, 0x12, 0x27, 0xb0, 0x3c,
    0x10, 0xa7, 0x91, 0xbe, 0xcf, 0x5f, 0x3a, 0xbe, 0x94, 0xf5, 0x70, 0xbf, 0x00, 0x00, 0x80, 0xbf,
    0xc6, 0xc6, 0xc6, 0xff, 0xd5, 0x04, 0x29, 0x3f, 0x2d, 0x27, 0x09, 0x3f, 0xfc, 0x1c, 0x96, 0xc3,
    0x20, 0xb8, 0x96, 0x43, 0xa6, 0xc4, 0x95, 0xc3, 0x3a, 0x86, 0xf9, 0x3e, 0x0d, 0x79, 0x5f, 0xbf,
    0x1b, 0x27, 0xb0, 0x3c, 0x10, 0xa7, 0x91, 0xbe, 0xce, 0x5f, 0x3a, 0xbe, 0x94, 0xf5, 0x70, 0xbf,
    0x00, 0x00, 0x80, 0xbf, 0xc6, 0xc6, 0xc6, 0xff, 0x5f, 0x95, 0x27, 0x3f, 0xd2, 0x36, 0x06, 0x3f,
    0xb2, 0x1c, 0x96, 0xc3, 0xa3, 0xb8, 0x96, 0x43, 0x77, 0xc3, 0x95, 0xc3, 0x78, 0x20, 0x7f, 0x3f,
    0x27, 0x6f, 0x9b, 0xbd, 0xd9, 0xbb, 0x04, 0xbd, 0x3b, 0x0d, 0x3c, 0xbd, 0x71, 0x01, 0x3c, 0xbe,
    0xab, 0x5f, 0x7b, 0xbf, 0x00, 0x00, 0x80, 0xbf, 0xc6, 0xc6, 0xc6, 0xff, 0xec, 0x50, 0x19, 0x3f,
    0xbd, 0xfe, 0x04, 0x3f, 0xbe, 0x1c, 0x96, 0xc3, 0x0a, 0xb8, 0x96, 0x43, 0x71, 0xc3, 0x95, 0xc3,
    0x78, 0x20, 0x7f, 0x3f, 0x27, 0x6f, 0x9b, 0xbd, 0xd9, 0xbb, 0x04, 0xbd, 0x3b, 0x0d, 0x3c, 0xbd,
    0x71, 0x01, 0x3c, 0xbe, 0xab, 0x5f, 0x7b, 0xbf, 0x00, 0x00, 0x80, 0xbf, 0xc6, 0xc6, 0xc6, 0xff,
    0xd5, 0xb2, 0x19, 0x3f, 0xbc, 0x58, 0x08, 0x3f, 0xe3, 0x1c, 0x96, 0xc3, 0x33, 0xb8, 0x96, 0x43,
    0x0a, 0xc4, 0x95, 0xc3, 0x78, 0x20, 0x7f, 0x3f, 0x27, 0x6f, 0x9b, 0xbd, 0xd9, 0xbb, 0x04, 0xbd,
    0x3b, 0x0d, 0x3c, 0xbd, 0x71, 0x01, 0x3c, 0xbe, 0xab, 0x5f, 0x7b, 0xbf, 0x00, 0x00, 0x80, 0xbf,
    0xc6, 0xc6, 0xc6, 0xff, 0xe5, 0x9d, 0x23, 0x3f, 0xac, 0xe5, 0x06, 0x3f, 0x97, 0x1c, 0x96, 0xc3,
    0xe7, 0xb8, 0x96, 0x43, 0x13, 0xc4, 0x95, 0xc3, 0x9b, 0x5d, 0x7f, 0x3f, 0x55, 0xeb, 0x6c, 0xbd,
    0xc8, 0x0e, 0x24, 0xbd, 0x60, 0x77, 0x47, 0xbd, 0xdf, 0x85, 0x20, 0xbe, 0x07, 0x87, 0x7c, 0xbf,
    0x00, 0x00, 0x80, 0xbf, 0xc6, 0xc6, 0xc6, 0xff, 0x39, 0x7c, 0x1e, 0x3f, 0xa0, 0xff, 0x02, 0x3f,
    0x6d, 0x16, 0x96, 0xc3, 0x8c, 0xa0, 0x96, 0x43, 0x62, 0xcb, 0x95, 0xc3, 0x44, 0xf0, 0x8d, 0xbe,
    0x72, 0x1d, 0x61, 0xbf, 0xd9, 0x37, 0xc6, 0x3e, 0x47, 0x5f, 0x57, 0x3f, 0xa9, 0xa0, 0xe1, 0xbc,
    0xf2, 0x34, 0x0a, 0x3f, 0x00, 0x00, 0x80, 0x3f, 0x93, 0x93, 0x93, 0xff, 0x41, 0x9e, 0xed, 0x3e,
    0x2f, 0xa4, 0x33, 0x3e, 0x4d, 0x16, 0x96, 0xc3, 0xca, 0xa0, 0x96, 0x43, 0xbe, 0xca, 0x95, 0xc3,
    0x44, 0xf0, 0x8d, 0xbe, 0x72, 0x1d, 0x61, 0xbf, 0xd9, 0x37, 0xc6, 0x3e, 0x48, 0x5f, 0x57, 0x3f,
    0x95, 0xa0, 0xe1, 0xbc, 0xf0, 0x34, 0x0a, 0x3f, 0x00, 0x00, 0x80, 0x3f, 0x93, 0x93, 0x93, 0xff,
    0x65, 0x1b, 0xf0, 0x3e, 0xdd, 0x40, 0x51, 0x3e, 0xa4, 0x16, 0x96, 0xc3, 0xcf, 0xa0, 0x96, 0x43,
    0xf2, 0xca, 0x95, 0xc3, 0x46, 0xf0, 0x8d, 0xbe, 0x72, 0x1d, 0x61, 0xbf, 0xd7, 0x37, 0xc6, 0x3e,
    0x47, 0x5f, 0x57, 0x3f, 0xc3, 0xa0, 0xe1, 0xbc, 0xf2, 0x34, 0x0a, 0x3f, 0x00, 0x00, 0x80, 0x3f,
    0x93, 0x93, 0x93, 0xff, 0x67, 0xf1, 0xe2, 0x3e, 0xb5, 0x35, 0x52, 0x3e, 0x18, 0x17, 0x96, 0xc3,
    0xf5, 0xa0, 0x96, 0x43, 0xf0, 0xcb, 0x95, 0xc3, 0x19, 0x1f, 0xab, 0xbe, 0x05, 0xb6, 0x67, 0xbf,
    0xb9, 0x8a, 0x86, 0xbe, 0xff, 0x16, 0x57, 0x3f, 0xb8, 0xa2, 0x23, 0xbe, 0x1e, 0xa9, 0x04, 0xbf,
    0x00, 0x00, 0x80, 0x3f, 0x93, 0x93, 0x93, 0xff, 0xde, 0x57, 0xdd, 0x3e, 0xac, 0x8e, 0xdc, 0x3d,
    0xb5, 0x16, 0x96, 0xc3, 0xcd, 0xa0, 0x96, 0x43, 0xe5, 0xcb, 0x95, 0xc3, 0x19, 0x1f, 0xab, 0xbe,
    0x05, 0xb6, 0x67, 0xbf, 0xba, 0x8a, 0x86, 0xbe, 0xff, 0x16, 0x57, 0x3f, 0xb7, 0xa2, 0x23, 0xbe,
    0x1e, 0xa9, 0x04, 0xbf, 0x00, 0x00, 0x80, 0x3f, 0x93, 0x93, 0x93, 0xff, 0xbf, 0xb6, 0xee, 0x3e,
    0xae, 0x9a, 0x07, 0x3e, 0xe7, 0x16, 0x96, 0xc3, 0xb5, 0xa0, 0x96, 0x43, 0x52, 0xcb, 0x95, 0xc3,
    0x19, 0x1f, 0xab, 0xbe, 0x05, 0xb6, 0x67, 0xbf, 0xba, 0x8a, 0x86, 0xbe, 0xff, 0x16, 0x57, 0x3f,
    0xb7, 0xa2, 0x23, 0xbe, 0x1e, 0xa9, 0x04, 0xbf, 0x00, 0x00, 0x80, 0x3f, 0x93, 0x93, 0x93, 0xff,
    0xee, 0xec, 0xdb, 0x3e, 0xb7, 0x9b, 0x30, 0x3e, 0xb5, 0x16, 0x96, 0xc3, 0xcd, 0xa0, 0x96, 0x43,
    0xe5, 0xcb, 0x95, 0xc3, 0x98, 0x9f, 0x33, 0x3f, 0xbd, 0x24, 0xb6, 0xbe, 0xd6, 0x0a, 0x1e, 0xbf,
    0xde, 0xc0, 0xf2, 0x3e, 0xd5, 0x3f, 0x61, 0x3f, 0x8f, 0x6b, 0x02, 0x3d, 0x00, 0x00, 0x80, 0x3f,
    0x93, 0x93, 0x93, 0xff, 0xbf, 0xb6, 0xee, 0x3e, 0xae, 0x9a, 0x07, 0x3e, 0xd0, 0x16, 0x96, 0xc3,
    0x1f, 0xa1, 0x96, 0x43, 0x33, 0xcc, 0x95, 0xc3, 0x98, 0x9f, 0x33, 0x3f, 0xbd, 0x24, 0xb6, 0xbe,
    0xd7, 0x0a, 0x1e, 0xbf, 0xde, 0xc0, 0xf2, 0x3e, 0xd5, 0x3f, 0x61, 0x3f, 0x8f, 0x6b, 0x02, 0x3d,
    0x00, 0x00, 0x80, 0x3f, 0x93, 0x93, 0x93, 0xff, 0xdb, 0x16, 0xf5, 0x3e, 0xdd, 0xb1, 0xd8, 0x3d,
    0x4a, 0x16, 0x96, 0xc3, 0xdb, 0xa0, 0x96, 0x43, 0x73, 0xcb, 0x95, 0xc3, 0x98, 0x9f, 0x33, 0x3f,
    0xbd, 0x24, 0xb6, 0xbe, 0xd7, 0x0a, 0x1e, 0xbf, 0xde, 0xc0, 0xf2, 0x3e, 0xd5, 0x3f, 0x61, 0x3f,
    0x8f, 0x6b, 0x02, 0x3d, 0x00, 0x00, 0x80, 0x3f, 0x93, 0x93, 0x93, 0xff, 0x3c, 0xdc, 0xf6, 0x3e,
    0x87, 0xdf, 0x2d, 0x3e, 0x4a, 0x16, 0x96, 0xc3, 0xdb, 0xa0, 0x96, 0x43, 0x73, 0xcb, 0x95, 0xc3,
    0xf3, 0xae, 0x69, 0x3f, 0xd6, 0xa1, 0xd0, 0xbe, 0xe9, 0x9b, 0xd9, 0xbc, 0x8f, 0x28, 0xd0, 0x3e,
    0xc0, 0x9b, 0x66, 0x3f, 0x41, 0x1e, 0x1c, 0x3e, 0x00, 0x00, 0x80, 0x3f, 0x93, 0x93, 0x93, 0xff,
    0x3c, 0xdc, 0xf6, 0x3e, 0x87, 0xdf, 0x2d, 0x3e, 0x4d, 0x16, 0x96, 0xc3, 0xca, 0xa0, 0x96, 0x43,
    0xbe, 0xca, 0x95, 0xc3, 0xf3, 0xae, 0x69, 0x3f, 0xd5, 0xa1, 0xd0, 0xbe, 0x03, 0x9c, 0xd9, 0xbc,
    0x8f, 0x28, 0xd0, 0x3e, 0xc0, 0x9b, 0x66, 0x3f, 0x42, 0x1e, 0x1c, 0x3e, 0x00, 0x00, 0x80, 0x3f,
    0x93, 0x93, 0x93, 0xff, 0x65, 0x1b, 0xf0, 0x3e, 0xdd, 0x40, 0x51, 0x3e, 0x6d, 0x16, 0x96, 0xc3,
    0x8c, 0xa0, 0x96, 0x43, 0x62, 0xcb, 0x95, 0xc3, 0xf3, 0xae, 0x69, 0x3f, 0xd6, 0xa1, 0xd0, 0xbe,
    0xe9, 0x9b, 0xd9, 0xbc, 0x8f, 0x28, 0xd0, 0x3e, 0xc0, 0x9b, 0x66, 0x3f, 0x41, 0x1e, 0x1c, 0x3e,
    0x00, 0x00, 0x80, 0x3f, 0x93, 0x93, 0x93, 0xff, 0x41, 0x9e, 0xed, 0x3e, 0x2f, 0xa4, 0x33, 0x3e,
    0xf7, 0x16, 0x96, 0xc3, 0xc8, 0xa0, 0x96, 0x43, 0x5d, 0xcb, 0x95, 0xc3, 0xf5, 0xa6, 0x6e, 0xbf,
    0x3a, 0x74, 0x6b, 0x3e, 0x50, 0x0e, 0x8f, 0x3e, 0xbe, 0x8b, 0x5a, 0xbe, 0x49, 0x12, 0x79, 0xbf,
    0x6f, 0x6c, 0xb5, 0x3d, 0x00, 0x00, 0x80, 0x3f, 0x93, 0x93, 0x93, 0xff, 0xed, 0x82, 0xd9, 0x3e,
    0xf3, 0xc9, 0x2a, 0x3e, 0xd7, 0x16, 0x96, 0xc3, 0x00, 0xa1, 0x96, 0x43, 0x20, 0xcb, 0x95, 0xc3,
    0xf5, 0xa6, 0x6e, 0xbf, 0x36, 0x74, 0x6b, 0x3e, 0x4f, 0x0e, 0x8f, 0x3e, 0xbe, 0x8b, 0x5a, 0xbe,
    0x49, 0x12, 0x79, 0xbf, 0x6e, 0x6c, 0xb5, 0x3d, 0x00, 0x00, 0x80, 0x3f, 0x93, 0x93, 0x93, 0xff,
    0xc8, 0x95, 0xd2, 0x3e, 0x58, 0xe1, 0x46, 0x3e, 0x18, 0x17, 0x96, 0xc3, 0xf5, 0xa0, 0x96, 0x43,
    0xf0, 0xcb, 0x95, 0xc3, 0xf5, 0xa6, 0x6e, 0xbf, 0x38, 0x74, 0x6b, 0x3e, 0x50, 0x0e, 0x8f, 0x3e,
    0xbe, 0x8b, 0x5a, 0xbe, 0x49, 0x12, 0x79, 0xbf, 0x74, 0x6c, 0xb5, 0x3d, 0x00, 0x00, 0x80, 0x3f,
    0x93, 0x93, 0x93, 0xff, 0xde, 0x57, 0xdd, 0x3e, 0xac, 0x8e, 0xdc, 0x3d, 0xd7, 0x16, 0x96, 0xc3,
    0x00, 0xa1, 0x96, 0x43, 0x20, 0xcb, 0x95, 0xc3, 0xb0, 0x75, 0x21, 0xbf, 0x33, 0xe8, 0x8a, 0x3e,
    0x52, 0x20, 0x3a, 0x3f, 0x55, 0xb0, 0x7c, 0xbc, 0x8d, 0xeb, 0x70, 0xbf, 0x33, 0xf3, 0xac, 0x3e,
    0x00, 0x00, 0x80, 0x3f, 0x93, 0x93, 0x93, 0xff, 0xc8, 0x95, 0xd2, 0x3e, 0x58, 0xe1, 0x46, 0x3e,
    0xdb, 0x16, 0x96, 0xc3, 0xd1, 0xa0, 0x96, 0x43, 0x12, 0xcb, 0x95, 0xc3, 0xb0, 0x75, 0x21, 0xbf,
    0x33, 0xe8, 0x8a, 0x3e, 0x53, 0x20, 0x3a, 0x3f, 0x39, 0xb0, 0x7c, 0xbc, 0x8d, 0xeb, 0x70, 0xbf,
    0x31, 0xf3, 0xac, 0x3e, 0x00, 0x00, 0x80, 0x3f, 0x93, 0x93, 0x93, 0xff, 0x6e, 0x32, 0xda, 0x3e,
    0x60, 0xe4, 0x45, 0x3e, 0x9e, 0x16, 0x96, 0xc3, 0xe4, 0xa0, 0x96, 0x43, 0xe5, 0xca, 0x95, 0xc3,
    0xb0, 0x75, 0x21, 0xbf, 0x33, 0xe8, 0x8a, 0x3e, 0x53, 0x20, 0x3a, 0x3f, 0x39, 0xb0, 0x7c, 0xbc,
    0x8d, 0xeb, 0x70, 0xbf, 0x31, 0xf3, 0xac, 0x3e, 0x00, 0x00, 0x80, 0x3f, 0x93, 0x93, 0x93, 0xff,
    0x92, 0x3b, 0xe4, 0x3e, 0x45, 0x2e, 0x58, 0x3e, 0x16, 0x17, 0x96, 0xc3, 0x06, 0xa1, 0x96, 0x43,
    0xef, 0xcb, 0x95, 0xc3, 0x5f, 0xf1, 0x15, 0xbf, 0x8d, 0x5d, 0x47, 0x3f, 0xe9, 0x02, 0x66, 0x3e,
    0x3e, 0xfb, 0x22, 0xbf, 0x4d, 0x12, 0x1d, 0xbf, 0xc1, 0x2d, 0xef, 0x3e, 0x00, 0x00, 0x80, 0x3f,
    0x93, 0x93, 0x93, 0xff, 0xfe, 0x2a, 0x04, 0x3f, 0x31, 0x7c, 0xe4, 0x3d, 0xd0, 0x16, 0x96, 0xc3,
    0x0d, 0xa1, 0x96, 0x43, 0x4f, 0xcb, 0x95, 0xc3, 0x60, 0xf1, 0x15, 0xbf, 0x8d, 0x5d, 0x47, 0x3f,
    0xea, 0x02, 0x66, 0x3e, 0x3e, 0xfb, 0x22, 0xbf, 0x4e, 0x12, 0x1d, 0xbf, 0xbf, 0x2d, 0xef, 0x3e,
    0x00, 0x00, 0x80, 0x3f, 0x93, 0x93, 0x93, 0xff, 0xf0, 0xfc, 0x06, 0x3f, 0xc1, 0xe1, 0x35, 0x3e,
    0xfc, 0x16, 0x96, 0xc3, 0x3e, 0xa1, 0x96, 0x43, 0x6a, 0xcc, 0x95, 0xc3, 0x62, 0xf1, 0x15, 0xbf,
    0x8c, 0x5d, 0x47, 0x3f, 0xeb, 0x02, 0x66, 0x3e, 0x3d, 0xfb, 0x22, 0xbf, 0x4e, 0x12, 0x1d, 0xbf,
    0xc3, 0x2d, 0xef, 0x3e, 0x00, 0x00, 0x80, 0x3f, 0x93, 0x93, 0x93, 0xff, 0x63, 0x7e, 0xf6, 0x3e,
    0xe5, 0x61, 0xa1, 0x3d, 0xf7, 0x16, 0x96, 0xc3, 0xc8, 0xa0, 0x96, 0x43, 0x5d, 0xcb, 0x95, 0xc3,
    0x45, 0xbc, 0x6d, 0xbf, 0x53, 0x4c, 0x35, 0x3e, 0x60, 0xe5, 0xa6, 0x3e, 0xbd, 0xaf, 0x77, 0xbd,
    0x76, 0x72, 0x70, 0xbf, 0xf4, 0xfd, 0xac, 0x3e, 0x00, 0x00, 0x80, 0x3f, 0x93, 0x93, 0x93, 0xff,
    0xed, 0x82, 0xd9, 0x3e, 0xf3, 0xc9, 0x2a, 0x3e, 0xdb, 0x16, 0x96, 0xc3, 0xd1, 0xa0, 0x96, 0x43,
    0x12, 0xcb, 0x95, 0xc3, 0x45, 0xbc, 0x6d, 0xbf, 0x53, 0x4c, 0x35, 0x3e, 0x60, 0xe5, 0xa6, 0x3e,
    0xb6, 0xaf, 0x77, 0xbd, 0x75, 0x72, 0x70, 0xbf, 0xf6, 0xfd, 0xac, 0x3e, 0x00, 0x00, 0x80, 0x3f,
    0x93, 0x93, 0x93, 0xff, 0x6e, 0x32, 0xda, 0x3e, 0x60, 0xe4, 0x45, 0x3e, 0xd7, 0x16, 0x96, 0xc3,
    0x00, 0xa1, 0x96, 0x43, 0x20, 0xcb, 0x95, 0xc3, 0x45, 0xbc, 0x6d, 0xbf, 0x53, 0x4c, 0x35, 0x3e,
    0x60, 0xe5, 0xa6, 0x3e, 0xbd, 0xaf, 0x77, 0xbd, 0x76, 0x72, 0x70, 0xbf, 0xf4, 0xfd, 0xac, 0x3e,
    0x00, 0x00, 0x80, 0x3f, 0x93, 0x93, 0x93, 0xff, 0xc8, 0x95, 0xd2, 0x3e, 0x58, 0xe1, 0x46, 0x3e,
    0xa4, 0x16, 0x96, 0xc3, 0xcf, 0xa0, 0x96, 0x43, 0xf2, 0xca, 0x95, 0xc3, 0xd2, 0x84, 0x7b, 0xbe,
    0xbb, 0x9e, 0x61, 0xbf, 0x9b, 0xaa, 0xce, 0x3e, 0x50, 0xfb, 0x6a, 0x3f, 0x22, 0xd0, 0xb0, 0xbe,
    0x1a, 0x28, 0x48, 0xbe, 0x00, 0x00, 0x80, 0x3f, 0x93, 0x93, 0x93, 0xff, 0x67, 0xf1, 0xe2, 0x3e,
    0xb5, 0x35, 0x52, 0x3e, 0xe7, 0x16, 0x96, 0xc3, 0xb5, 0xa0, 0x96, 0x43, 0x52, 0xcb, 0x95, 0xc3,
    0xd1, 0x84, 0x7b, 0xbe, 0xbb, 0x9e, 0x61, 0xbf, 0x9d, 0xaa, 0xce, 0x3e, 0x50, 0xfb, 0x6a, 0x3f,
    0x22, 0xd0, 0xb0, 0xbe, 0x1a, 0x28, 0x48, 0xbe, 0x00, 0x00, 0x80, 0x3f, 0x93, 0x93, 0x93, 0xff,
    0xee, 0xec, 0xdb, 0x3e, 0xb7, 0x9b, 0x30, 0x3e, 0x6d, 0x16, 0x96, 0xc3, 0x8c, 0xa0, 0x96, 0x43,
    0x62, 0xcb, 0x95, 0xc3, 0xd2, 0x84, 0x7b, 0xbe, 0xbb, 0x9e, 0x61, 0xbf, 0x9b, 0xaa, 0xce, 0x3e,
    0x4f, 0xfb, 0x6a, 0x3f, 0x23, 0xd0, 0xb0, 0xbe, 0x1d, 0x28, 0x48, 0xbe, 0x00, 0x00, 0x80, 0x3f,
    0x93, 0x93, 0x93, 0xff, 0x41, 0x9e, 0xed, 0x3e, 0x2f, 0xa4, 0x33, 0x3e, 0x4a, 0x16, 0x96, 0xc3,
    0xdb, 0xa0, 0x96, 0x43, 0x73, 0xcb, 0x95, 0xc3, 0xc1, 0x76, 0x75, 0x3f, 0x82, 0x2d, 0x8c, 0x3e,
    0x60, 0x19, 0x9a, 0x3d, 0xb2, 0x24, 0x6b, 0xbe, 0x50, 0x52, 0x67, 0x3f, 0xb2, 0x27, 0xb9, 0xbe,
    0x00, 0x00, 0x80, 0x3f, 0x93, 0x93, 0x93, 0xff, 0x3c, 0xdc, 0xf6, 0x3e, 0x87, 0xdf, 0x2d, 0x3e,
    0x51, 0x16, 0x96, 0xc3, 0xec, 0xa0, 0x96, 0x43, 0x63, 0xcb, 0x95, 0xc3, 0xc1, 0x76, 0x75, 0x3f,
    0x86, 0x2d, 0x8c, 0x3e, 0x60, 0x19, 0x9a, 0x3d, 0xb7, 0x24, 0x6b, 0xbe, 0x4e, 0x52, 0x67, 0x3f,
    0xb1, 0x27, 0xb9, 0xbe, 0x00, 0x00, 0x80, 0x3f, 0x93, 0x93, 0x93, 0xff, 0x49, 0x9d, 0xf8, 0x3e,
    0xc0, 0x03, 0x33, 0x3e, 0x56, 0x16, 0x96, 0xc3, 0xd6, 0xa0, 0x96, 0x43, 0xcb, 0xca, 0x95, 0xc3,
    0xc1, 0x76, 0x75, 0x3f, 0x82, 0x2d, 0x8c, 0x3e, 0x60, 0x19, 0x9a, 0x3d, 0xb3, 0x24, 0x6b, 0xbe,
    0x50, 0x52, 0x67, 0x3f, 0xb2, 0x27, 0xb9, 0xbe, 0x00, 0x00, 0x80, 0x3f, 0x93, 0x93, 0x93, 0xff,
    0x18, 0xb1, 0xef, 0x3e, 0x74, 0x79, 0x53, 0x3e, 0x16, 0x17, 0x96, 0xc3, 0x06, 0xa1, 0x96, 0x43,
    0xef, 0xcb, 0x95, 0xc3, 0xf7, 0x8c, 0xf1, 0xbe, 0xa6, 0x73, 0x5d, 0x3f, 0x4c, 0xbe, 0x2e, 0x3e,
    0xb4, 0xd6, 0x45, 0xbf, 0x14, 0x6b, 0xff, 0xbe, 0x52, 0xdc, 0xc8, 0x3e, 0x00, 0x00, 0x80, 0x3f,
    0x93, 0x93, 0x93, 0xff, 0xfe, 0x2a, 0x04, 0x3f, 0x31, 0x7c, 0xe4, 0x3d, 0xd7, 0x16, 0x96, 0xc3,
    0x00, 0xa1, 0x96, 0x43, 0x20, 0xcb, 0x95, 0xc3, 0xf9, 0x8c, 0xf1, 0xbe, 0xa6, 0x73, 0x5d, 0x3f,
    0x4e, 0xbe, 0x2e, 0x3e, 0xb4, 0xd6, 0x45, 0xbf, 0x14, 0x6b, 0xff, 0xbe, 0x51, 0xdc, 0xc8, 0x3e,
    0x00, 0x00, 0x80, 0x3f, 0x93, 0x93, 0x93, 0xff, 0xf6, 0x26, 0x0a, 0x3f, 0x28, 0xd7, 0x44, 0x3e,
    0xd0, 0x16, 0x96, 0xc3, 0x0d, 0xa1, 0x96, 0x43, 0x4f, 0xcb, 0x95, 0xc3, 0xf9, 0x8c, 0xf1, 0xbe,
    0xa6, 0x73, 0x5d, 0x3f, 0x4e, 0xbe, 0x2e, 0x3e, 0xb4, 0xd6, 0x45, 0xbf, 0x14, 0x6b, 0xff, 0xbe,
    0x52, 0xdc, 0xc8, 0x3e, 0x00, 0x00, 0x80, 0x3f, 0x93, 0x93, 0x93, 0xff, 0xf0, 0xfc, 0x06, 0x3f,
    0xc1, 0xe1, 0x35, 0x3e, 0xd7, 0x16, 0x96, 0xc3, 0x00, 0xa1, 0x96, 0x43, 0x20, 0xcb, 0x95, 0xc3,
    0x94, 0xe7, 0x7e, 0xbd, 0x4d, 0x90, 0x76, 0x3f, 0x4b, 0xfe, 0x85, 0x3e, 0xe4, 0x27, 0x70, 0xbf,
    0x4d, 0x6d, 0x07, 0x3d, 0x50, 0x84, 0xb0, 0xbe, 0x00, 0x00, 0x80, 0x3f, 0x93, 0x93, 0x93, 0xff,
    0x40, 0x4d, 0x05, 0x3f, 0x0d, 0xff, 0x49, 0x3e, 0x91, 0x16, 0x96, 0xc3, 0xf3, 0xa0, 0x96, 0x43,
    0xe0, 0xca, 0x95, 0xc3, 0x8d, 0xe7, 0x7e, 0xbd, 0x4d, 0x90, 0x76, 0x3f, 0x4b, 0xfe, 0x85, 0x3e,
    0xe4, 0x27, 0x70, 0xbf, 0x4d, 0x6d, 0x07, 0x3d, 0x50, 0x84, 0xb0, 0xbe, 0x00, 0x00, 0x80, 0x3f,
    0x93, 0x93, 0x93, 0xff, 0xff, 0xea, 0xf9, 0x3e, 0x25, 0x7a, 0x59, 0x3e, 0xd0, 0x16, 0x96, 0xc3,
    0x0d, 0xa1, 0x96, 0x43, 0x4f, 0xcb, 0x95, 0xc3, 0x8d, 0xe7, 0x7e, 0xbd, 0x4d, 0x90, 0x76, 0x3f,
    0x4b, 0xfe, 0x85, 0x3e, 0xe4, 0x27, 0x70, 0xbf, 0x54, 0x6d, 0x07, 0x3d, 0x50, 0x84, 0xb0, 0xbe,
    0x00, 0x00, 0x80, 0x3f, 0x93, 0x93, 0x93, 0xff, 0xf0, 0xfc, 0x06, 0x3f, 0xc1, 0xe1, 0x35, 0x3e,
    0xd0, 0x16, 0x96, 0xc3, 0x1f, 0xa1, 0x96, 0x43, 0x33, 0xcc, 0x95, 0xc3, 0x49, 0xd2, 0x49, 0x3f,
    0x04, 0x3e, 0x1b, 0x3c, 0x7d, 0x79, 0x1d, 0xbf, 0x30, 0x8c, 0x56, 0x3d, 0x8b, 0xc6, 0x7e, 0x3f,
    0x0e, 0xe1, 0xa8, 0x3d, 0x00, 0x00, 0x80, 0x3f, 0x93, 0x93, 0x93, 0xff, 0xdb, 0x16, 0xf5, 0x3e,
    0xdd, 0xb1, 0xd8, 0x3d, 0x31, 0x17, 0x96, 0xc3, 0x32, 0xa1, 0x96, 0x43, 0xae, 0xcc, 0x95, 0xc3,
    0x49, 0xd2, 0x49, 0x3f, 0xea, 0x3d, 0x1b, 0x3c, 0x7d, 0x79, 0x1d, 0xbf, 0x37, 0x8c, 0x56, 0x3d,
    0x8b, 0xc6, 0x7e, 0x3f, 0x0c, 0xe1, 0xa8, 0x3d, 0x00, 0x00, 0x80, 0x3f, 0x93, 0x93, 0x93, 0xff,
    0xd6, 0x6e, 0xf3, 0x3e, 0x05, 0x8b, 0x43, 0x3d, 0xfc, 0x16, 0x96, 0xc3, 0x3e, 0xa1, 0x96, 0x43,
    0x6a, 0xcc, 0x95, 0xc3, 0x49, 0xd2, 0x49, 0x3f, 0xea, 0x3d, 0x1b, 0x3c, 0x7d, 0x79, 0x1d, 0xbf,
    0x37, 0x8c, 0x56, 0x3d, 0x8b, 0xc6, 0x7e, 0x3f, 0x0c, 0xe1, 0xa8, 0x3d, 0x00, 0x00, 0x80, 0x3f,
    0x93, 0x93, 0x93, 0xff, 0x63, 0x7e, 0xf6, 0x3e, 0xe5, 0x61, 0xa1, 0x3d, 0x16, 0x17, 0x96, 0xc3,
    0x06, 0xa1, 0x96, 0x43, 0xef, 0xcb, 0x95, 0xc3, 0xe4, 0x81, 0x02, 0xbf, 0xf2, 0x04, 0x52, 0x3f,
    0xb8, 0x99, 0x84, 0x3e, 0xfc, 0xee, 0x30, 0xbf, 0xbc, 0xdf, 0x11, 0xbf, 0x9e, 0x9b, 0xe3, 0x3e,
    0x00, 0x00, 0x80, 0x3f, 0x93, 0x93, 0x93, 0xff, 0xfe, 0x2a, 0x04, 0x3f, 0x31, 0x7c, 0xe4, 0x3d,
    0xfc, 0x16, 0x96, 0xc3, 0x3e, 0xa1, 0x96, 0x43, 0x6a, 0xcc, 0x95, 0xc3, 0xe4, 0x81, 0x02, 0xbf,
    0xf2, 0x04, 0x52, 0x3f, 0xb7, 0x99, 0x84, 0x3e, 0xfb, 0xee, 0x30, 0xbf, 0xbb, 0xdf, 0x11, 0xbf,
    0x9f, 0x9b, 0xe3, 0x3e, 0x00, 0x00, 0x80, 0x3f, 0x93, 0x93, 0x93, 0xff, 0x63, 0x7e, 0xf6, 0x3e,
    0xe5, 0x61, 0xa1, 0x3d, 0x31, 0x17, 0x96, 0xc3, 0x32, 0xa1, 0x96, 0x43, 0xae, 0xcc, 0x95, 0xc3,
    0xe4, 0x81, 0x02, 0xbf, 0xf2, 0x04, 0x52, 0x3f, 0xb7, 0x99, 0x84, 0x3e, 0xfc, 0xee, 0x30, 0xbf,
    0xbc, 0xdf, 0x11, 0xbf, 0x9e, 0x9b, 0xe3, 0x3e, 0x00, 0x00, 0x80, 0x3f, 0x93, 0x93, 0x93, 0xff,
    0xd6, 0x6e, 0xf3, 0x3e, 0x05, 0x8b, 0x43, 0x3d, 0xf7, 0x16, 0x96, 0xc3, 0xc8, 0xa0, 0x96, 0x43,
    0x5d, 0xcb, 0x95, 0xc3, 0xf1, 0x99, 0x41, 0xbf, 0x22, 0x54, 0x27, 0xbf, 0x7f, 0xbe, 0xee, 0xbc,
    0x77, 0x23, 0x26, 0x3f, 0x0e, 0x65, 0x3e, 0xbf, 0x7d, 0x23, 0x24, 0xbe, 0x00, 0x00, 0x80, 0x3f,
    0x93, 0x93, 0x93, 0xff, 0xed, 0x82, 0xd9, 0x3e, 0xf3, 0xc9, 0x2a, 0x3e, 0x18, 0x17, 0x96, 0xc3,
    0xf5, 0xa0, 0x96, 0x43, 0xf0, 0xcb, 0x95, 0xc3, 0xf1, 0x99, 0x41, 0xbf, 0x22, 0x54, 0x27, 0xbf,
    0x81, 0xbe, 0xee, 0xbc, 0x78, 0x23, 0x26, 0x3f, 0x0e, 0x65, 0x3e, 0xbf, 0x7c, 0x23, 0x24, 0xbe,
    0x00, 0x00, 0x80, 0x3f, 0x93, 0x93, 0x93, 0xff, 0xde, 0x57, 0xdd, 0x3e, 0xac, 0x8e, 0xdc, 0x3d,
    0xe7, 0x16, 0x96, 0xc3, 0xb5, 0xa0, 0x96, 0x43, 0x52, 0xcb, 0x95, 0xc3, 0xf1, 0x99, 0x41, 0xbf,
    0x22, 0x54, 0x27, 0xbf, 0x81, 0xbe, 0xee, 0xbc, 0x78, 0x23, 0x26, 0x3f, 0x0e, 0x65, 0x3e, 0xbf,
    0x7c, 0x23, 0x24, 0xbe, 0x00, 0x00, 0x80, 0x3f, 0x93, 0x93, 0x93, 0xff, 0xee, 0xec, 0xdb, 0x3e,
    0xb7, 0x9b, 0x30, 0x3e, 0xdb, 0x16, 0x96, 0xc3, 0xd1, 0xa0, 0x96, 0x43, 0x12, 0xcb, 0x95, 0xc3,
    0xf3, 0xd1, 0x4d, 0xbf, 0x33, 0xea, 0xf2, 0xbe, 0x85, 0x8b, 0xb7, 0x3e, 0x9c, 0x35, 0xd8, 0x3e,
    0xda, 0x45, 0x61, 0xbf, 0x02, 0xc4, 0x5e, 0xbe, 0x00, 0x00, 0x80, 0x3f, 0x93, 0x93, 0x93, 0xff,
    0x6e, 0x32, 0xda, 0x3e, 0x60, 0xe4, 0x45, 0x3e, 0xf7, 0x16, 0x96, 0xc3, 0xc8, 0xa0, 0x96, 0x43,
    0x5d, 0xcb, 0x95, 0xc3, 0xf3, 0xd1, 0x4d, 0xbf, 0x34, 0xea, 0xf2, 0xbe, 0x84, 0x8b, 0xb7, 0x3e,
    0x9c, 0x35, 0xd8, 0x3e, 0xda, 0x45, 0x61, 0xbf, 0x04, 0xc4, 0x5e, 0xbe, 0x00, 0x00, 0x80, 0x3f,
    0x93, 0x93, 0x93, 0xff, 0xed, 0x82, 0xd9, 0x3e, 0xf3, 0xc9, 0x2a, 0x3e, 0xe7, 0x16, 0x96, 0xc3,
    0xb5, 0xa0, 0x96, 0x43, 0x52, 0xcb, 0x95, 0xc3, 0xf3, 0xd1, 0x4d, 0xbf, 0x34, 0xea, 0xf2, 0xbe,
    0x84, 0x8b, 0xb7, 0x3e, 0x9b, 0x35, 0xd8, 0x3e, 0xd9, 0x45, 0x61, 0xbf, 0x04, 0xc4, 0x5e, 0xbe,
    0x00, 0x00, 0x80, 0x3f, 0x93, 0x93, 0x93, 0xff, 0xee, 0xec, 0xdb, 0x3e, 0xb7, 0x9b, 0x30, 0x3e,
    0x9e, 0x16, 0x96, 0xc3, 0xe4, 0xa0, 0x96, 0x43, 0xe5, 0xca, 0x95, 0xc3, 0x2d, 0x35, 0xfa, 0xbe,
    0x0d, 0xa1, 0xb6, 0xbe, 0x7e, 0xd4, 0x4b, 0x3f, 0x47, 0xe2, 0x5a, 0x3f, 0x25, 0xfe, 0x68, 0xbc,
    0x66, 0xb6, 0x04, 0x3f, 0x00, 0x00, 0x80, 0x3f, 0x93, 0x93, 0x93, 0xff, 0x92, 0x3b, 0xe4, 0x3e,
    0x45, 0x2e, 0x58, 0x3e, 0xa4, 0x16, 0x96, 0xc3, 0xcf, 0xa0, 0x96, 0x43, 0xf2, 0xca, 0x95, 0xc3,
    0x30, 0x35, 0xfa, 0xbe, 0x0c, 0xa1, 0xb6, 0xbe, 0x7e, 0xd4, 0x4b, 0x3f, 0x47, 0xe2, 0x5a, 0x3f,
    0x33, 0xfe, 0x68, 0xbc, 0x66, 0xb6, 0x04, 0x3f, 0x00, 0x00, 0x80, 0x3f, 0x93, 0x93, 0x93, 0xff,
    0x67, 0xf1, 0xe2, 0x3e, 0xb5, 0x35, 0x52, 0x3e, 0x4d, 0x16, 0x96, 0xc3, 0xca, 0xa0, 0x96, 0x43,
    0xbe, 0xca, 0x95, 0xc3, 0x2d, 0x35, 0xfa, 0xbe, 0x0d, 0xa1, 0xb6, 0xbe, 0x7e, 0xd4, 0x4b, 0x3f,
    0x47, 0xe2, 0x5a, 0x3f, 0x3f, 0xfe, 0x68, 0xbc, 0x64, 0xb6, 0x04, 0x3f, 0x00, 0x00, 0x80, 0x3f,
    0x93, 0x93, 0x93, 0xff, 0x65, 0x1b, 0xf0, 0x3e, 0xdd, 0x40, 0x51, 0x3e, 0x91, 0x16, 0x96, 0xc3,
    0xf3, 0xa0, 0x96, 0x43, 0xe0, 0xca, 0x95, 0xc3, 0xfb, 0xc0, 0xcb, 0x3e, 0x47, 0xd2, 0x67, 0x3f,
    0x3b, 0x84, 0x16, 0x3e, 0x1c, 0x0d, 0x31, 0xbf, 0x99, 0x84, 0xcd, 0x3e, 0x05, 0xb8, 0x19, 0xbf,
    0x00, 0x00, 0x80, 0x3f, 0x93, 0x93, 0x93, 0xff, 0xff, 0xea, 0xf9, 0x3e, 0x25, 0x7a, 0x59, 0x3e,
    0x56, 0x16, 0x96, 0xc3, 0xd6, 0xa0, 0x96, 0x43, 0xcb, 0xca, 0x95, 0xc3, 0xfb, 0xc0, 0xcb, 0x3e,
    0x47, 0xd2, 0x67, 0x3f, 0x3b, 0x84, 0x16, 0x3e, 0x1c, 0x0d, 0x31, 0xbf, 0x99, 0x84, 0xcd, 0x3e,
    0x05, 0xb8, 0x19, 0xbf, 0x00, 0x00, 0x80, 0x3f, 0x93, 0x93, 0x93, 0xff, 0x18, 0xb1, 0xef, 0x3e,
    0x74, 0x79, 0x53, 0x3e, 0x51, 0x16, 0x96, 0xc3, 0xec, 0xa0, 0x96, 0x43, 0x63, 0xcb, 0x95, 0xc3,
    0xfb, 0xc0, 0xcb, 0x3e, 0x47, 0xd2, 0x67, 0x3f, 0x3d, 0x84, 0x16, 0x3e, 0x1c, 0x0d, 0x31, 0xbf,
    0x99, 0x84, 0xcd, 0x3e, 0x05, 0xb8, 0x19, 0xbf, 0x00, 0x00, 0x80, 0x3f, 0x93, 0x93, 0x93, 0xff,
    0x49, 0x9d, 0xf8, 0x3e, 0xc0, 0x03, 0x33, 0x3e, 0xdb, 0x16, 0x96, 0xc3, 0xd1, 0xa0, 0x96, 0x43,
    0x12, 0xcb, 0x95, 0xc3, 0xb9, 0x2a, 0xfa, 0xbe, 0x28, 0xa6, 0xb6, 0xbe, 0x8e, 0xd6, 0x4b, 0x3f,
    0x48, 0xb2, 0x2e, 0x3f, 0x68, 0x93, 0x39, 0xbf, 0x70, 0x77, 0xc0, 0x3d, 0x00, 0x00, 0x80, 0x3f,
    0x93, 0x93, 0x93, 0xff, 0x6e, 0x32, 0xda, 0x3e, 0x60, 0xe4, 0x45, 0x3e, 0xa4, 0x16, 0x96, 0xc3,
    0xcf, 0xa0, 0x96, 0x43, 0xf2, 0xca, 0x95, 0xc3, 0xb9, 0x2a, 0xfa, 0xbe, 0x27, 0xa6, 0xb6, 0xbe,
    0x8f, 0xd6, 0x4b, 0x3f, 0x46, 0xb2, 0x2e, 0x3f, 0x68, 0x93, 0x39, 0xbf, 0x75, 0x77, 0xc0, 0x3d,
    0x00, 0x00, 0x80, 0x3f, 0x93, 0x93, 0x93, 0xff, 0x67, 0xf1, 0xe2, 0x3e, 0xb5, 0x35, 0x52, 0x3e,
    0x9e, 0x16, 0x96, 0xc3, 0xe4, 0xa0, 0x96, 0x43, 0xe5, 0xca, 0x95, 0xc3, 0xb9, 0x2a, 0xfa, 0xbe,
    0x26, 0xa6, 0xb6, 0xbe, 0x8e, 0xd6, 0x4b, 0x3f, 0x48, 0xb2, 0x2e, 0x3f, 0x68, 0x93, 0x39, 0xbf,
    0x76, 0x77, 0xc0, 0x3d, 0x00, 0x00, 0x80, 0x3f, 0x93, 0x93, 0x93, 0xff, 0x92, 0x3b, 0xe4, 0x3e,
    0x45, 0x2e, 0x58, 0x3e, 0xa4, 0x16, 0x96, 0xc3, 0xcf, 0xa0, 0x96, 0x43, 0xf2, 0xca, 0x95, 0xc3,
    0x6e, 0xef, 0x97, 0xbe, 0xa1, 0x1e, 0x5a, 0xbf, 0x2f, 0xce, 0xdc, 0x3e, 0x13, 0x1d, 0x6d, 0x3f,
    0x74, 0xc5, 0xbb, 0xbe, 0xf3, 0xa4, 0xb2, 0xbd, 0x00, 0x00, 0x80, 0x3f, 0x93, 0x93, 0x93, 0xff,
    0x67, 0xf1, 0xe2, 0x3e, 0xb5, 0x35, 0x52, 0x3e, 0xdb, 0x16, 0x96, 0xc3, 0xd1, 0xa0, 0x96, 0x43,
    0x12, 0xcb, 0x95, 0xc3, 0x6e, 0xef, 0x97, 0xbe, 0xa1, 0x1e, 0x5a, 0xbf, 0x2f, 0xce, 0xdc, 0x3e,
    0x13, 0x1d, 0x6d, 0x3f, 0x74, 0xc5, 0xbb, 0xbe, 0xf6, 0xa4, 0xb2, 0xbd, 0x00, 0x00, 0x80, 0x3f,
    0x93, 0x93, 0x93, 0xff, 0x6e, 0x32, 0xda, 0x3e, 0x60, 0xe4, 0x45, 0x3e, 0xe7, 0x16, 0x96, 0xc3,
    0xb5, 0xa0, 0x96, 0x43, 0x52, 0xcb, 0x95, 0xc3, 0x6e, 0xef, 0x97, 0xbe, 0xa1, 0x1e, 0x5a, 0xbf,
    0x2f, 0xce, 0xdc, 0x3e, 0x13, 0x1d, 0x6d, 0x3f, 0x74, 0xc5, 0xbb, 0xbe, 0xfd, 0xa4, 0xb2, 0xbd,
    0x00, 0x00, 0x80, 0x3f, 0x93, 0x93, 0x93, 0xff, 0xee, 0xec, 0xdb, 0x3e, 0xb7, 0x9b, 0x30, 0x3e,
    0x56, 0x16, 0x96, 0xc3, 0xd6, 0xa0, 0x96, 0x43, 0xcb, 0xca, 0x95, 0xc3, 0x1c, 0xa4, 0x1a, 0xbe,
    0xb0, 0xe0, 0x22, 0x3f, 0x4b, 0xae, 0x41, 0x3f, 0xed, 0x70, 0x79, 0x3f, 0x24, 0x3e, 0x66, 0x3e,
    0x8c, 0x30, 0xb1, 0x3b, 0x00, 0x00, 0x80, 0x3f, 0x93, 0x93, 0x93, 0xff, 0x18, 0xb1, 0xef, 0x3e,
    0x74, 0x79, 0x53, 0x3e, 0x9e, 0x16, 0x96, 0xc3, 0xe4, 0xa0, 0x96, 0x43, 0xe5, 0xca, 0x95, 0xc3,
    0x1b, 0xa4, 0x1a, 0xbe, 0xae, 0xe0, 0x22, 0x3f, 0x4b, 0xae, 0x41, 0x3f, 0xed, 0x70, 0x79, 0x3f,
    0x25, 0x3e, 0x66, 0x3e, 0x91, 0x31, 0xb1, 0x3b, 0x00, 0x00, 0x80, 0x3f, 0x93, 0x93, 0x93, 0xff,
    0x92, 0x3b, 0xe4, 0x3e, 0x45, 0x2e, 0x58, 0x3e, 0x4d, 0x16, 0x96, 0xc3, 0xca, 0xa0, 0x96, 0x43,
    0xbe, 0xca, 0x95, 0xc3, 0x1e, 0xa4, 0x1a, 0xbe, 0xb0, 0xe0, 0x22, 0x3f, 0x4a, 0xae, 0x41, 0x3f,
    0xed, 0x70, 0x79, 0x3f, 0x25, 0x3e, 0x66, 0x3e, 0x91, 0x31, 0xb1, 0x3b, 0x00, 0x00, 0x80, 0x3f,
    0x93, 0x93, 0x93, 0xff, 0x65, 0x1b, 0xf0, 0x3e, 0xdd, 0x40, 0x51, 0x3e, 0x4a, 0x16, 0x96, 0xc3,
    0xdb, 0xa0, 0x96, 0x43, 0x73, 0xcb, 0x95, 0xc3, 0x60, 0x29, 0x40, 0x3f, 0x0c, 0x29, 0x28, 0x3f,
    0x9e, 0xc5, 0x91, 0x3d, 0xee, 0x6a, 0xa8, 0xbe, 0xa7, 0x0e, 0xee, 0x3e, 0xd3, 0x6b, 0x52, 0xbf,
    0x00, 0x00, 0x80, 0x3f, 0x93, 0x93, 0x93, 0xff, 0x3c, 0xdc, 0xf6, 0x3e, 0x87, 0xdf, 0x2d, 0x3e,
    0x56, 0x16, 0x96, 0xc3, 0xd6, 0xa0, 0x96, 0x43, 0xcb, 0xca, 0x95, 0xc3, 0x60, 0x29, 0x40, 0x3f,
    0x0c, 0x29, 0x28, 0x3f, 0x9e, 0xc5, 0x91, 0x3d, 0xee, 0x6a, 0xa8, 0xbe, 0xa7, 0x0e, 0xee, 0x3e,
    0xd3, 0x6b, 0x52, 0xbf, 0x00, 0x00, 0x80, 0x3f, 0x93, 0x93, 0x93, 0xff, 0x18, 0xb1, 0xef, 0x3e,
    0x74, 0x79, 0x53, 0x3e, 0x4d, 0x16, 0x96, 0xc3, 0xca, 0xa0, 0x96, 0x43, 0xbe, 0xca, 0x95, 0xc3,
    0x60, 0x29, 0x40, 0x3f, 0x0c, 0x29, 0x28, 0x3f, 0x9d, 0xc5, 0x91, 0x3d, 0xee, 0x6a, 0xa8, 0xbe,
    0xa7, 0x0e, 0xee, 0x3e, 0xd3, 0x6b, 0x52, 0xbf, 0x00, 0x00, 0x80, 0x3f, 0x93, 0x93, 0x93, 0xff,
    0x65, 0x1b, 0xf0, 0x3e, 0xdd, 0x40, 0x51, 0x3e, 0x4a, 0x16, 0x96, 0xc3, 0xdb, 0xa0, 0x96, 0x43,
    0x73, 0xcb, 0x95, 0xc3, 0xdc, 0x19, 0x2f, 0x3f, 0x65, 0xd2, 0xd9, 0xbe, 0x2f, 0xb4, 0x17, 0xbf,
    0xf1, 0x49, 0x08, 0x3f, 0xe2, 0xb2, 0x58, 0x3f, 0xf6, 0x48, 0xde, 0x3b, 0x00, 0x00, 0x80, 0x3f,
    0x93, 0x93, 0x93, 0xff, 0x3c, 0xdc, 0xf6, 0x3e, 0x87, 0xdf, 0x2d, 0x3e, 0x6d, 0x16, 0x96, 0xc3,
    0x8c, 0xa0, 0x96, 0x43, 0x62, 0xcb, 0x95, 0xc3, 0xdc, 0x19, 0x2f, 0x3f, 0x65, 0xd2, 0xd9, 0xbe,
    0x2f, 0xb4, 0x17, 0xbf, 0xf1, 0x49, 0x08, 0x3f, 0xe2, 0xb2, 0x58, 0x3f, 0xe9, 0x48, 0xde, 0x3b,
    0x00, 0x00, 0x80, 0x3f, 0x93, 0x93, 0x93, 0xff, 0x41, 0x9e, 0xed, 0x3e, 0x2f, 0xa4, 0x33, 0x3e,
    0xb5, 0x16, 0x96, 0xc3, 0xcd, 0xa0, 0x96, 0x43, 0xe5, 0xcb, 0x95, 0xc3, 0xdc, 0x19, 0x2f, 0x3f,
    0x65, 0xd2, 0xd9, 0xbe, 0x2f, 0xb4, 0x17, 0xbf, 0xf1, 0x49, 0x08, 0x3f, 0xe2, 0xb2, 0x58, 0x3f,
    0x03, 0x49, 0xde, 0x3b, 0x00, 0x00, 0x80, 0x3f, 0x93, 0x93, 0x93, 0xff, 0xbf, 0xb6, 0xee, 0x3e,
    0xae, 0x9a, 0x07, 0x3e, 0x32, 0x17, 0x96, 0xc3, 0x26, 0xa1, 0x96, 0x43, 0xa7, 0xcc, 0x95, 0xc3,
    0xfe, 0x3a, 0x7b, 0xbf, 0x6e, 0x85, 0xc4, 0x3d, 0x56, 0x73, 0x2a, 0x3e, 0x89, 0xe0, 0x2b, 0xbe,
    0xf6, 0x8a, 0x59, 0xbf, 0x8e, 0xd9, 0xff, 0xbe, 0x00, 0x00, 0x80, 0x3f, 0x93, 0x93, 0x93, 0xff,
    0x43, 0x57, 0xf2, 0x3e, 0x15, 0xc9, 0x57, 0x3d, 0x18, 0x17, 0x96, 0xc3, 0xf5, 0xa0, 0x96, 0x43,
    0xf0, 0xcb, 0x95, 0xc3, 0xff, 0x3a, 0x7b, 0xbf, 0x74, 0x85, 0xc4, 0x3d, 0x57, 0x73, 0x2a, 0x3e,
    0x8c, 0xe0, 0x2b, 0xbe, 0xf6, 0x8a, 0x59, 0xbf, 0x8e, 0xd9, 0xff, 0xbe, 0x00, 0x00, 0x80, 0x3f,
    0x93, 0x93, 0x93, 0xff, 0xde, 0x57, 0xdd, 0x3e, 0xac, 0x8e, 0xdc, 0x3d, 0x16, 0x17, 0x96, 0xc3,
    0x06, 0xa1, 0x96, 0x43, 0xef, 0xcb, 0x95, 0xc3, 0xfe, 0x3a, 0x7b, 0xbf, 0x6e, 0x85, 0xc4, 0x3d,
    0x54, 0x73, 0x2a, 0x3e, 0x91, 0xe0, 0x2b, 0xbe, 0xf6, 0x8a, 0x59, 0xbf, 0x8d, 0xd9, 0xff, 0xbe,
    0x00, 0x00, 0x80, 0x3f, 0x93, 0x93, 0x93, 0xff, 0xa8, 0xc6, 0xdb, 0x3e, 0x7f, 0xbc, 0xd7, 0x3d,
    0x16, 0x17, 0x96, 0xc3, 0x06, 0xa1, 0x96, 0x43, 0xef, 0xcb, 0x95, 0xc3, 0xee, 0xc6, 0x73, 0xbf,
    0x98, 0x24, 0xab, 0x3d, 0xfd, 0x58, 0x96, 0x3e, 0xfb, 0x01, 0x42, 0xbe, 0x47, 0x7c, 0x6a, 0xbf,
    0xfe, 0x1b, 0xb5, 0xbe, 0x00, 0x00, 0x80, 0x3f, 0x93, 0x93, 0x93, 0xff, 0xa8, 0xc6, 0xdb, 0x3e,
    0x7f, 0xbc, 0xd7, 0x3d, 0x18, 0x17, 0x96, 0xc3, 0xf5, 0xa0, 0x96, 0x43, 0xf0, 0xcb, 0x95, 0xc3,
    0xee, 0xc6, 0x73, 0xbf, 0x95, 0x24, 0xab, 0x3d, 0xfd, 0x58, 0x96, 0x3e, 0xf7, 0x01, 0x42, 0xbe,
    0x48, 0x7c, 0x6a, 0xbf, 0xfe, 0x1b, 0xb5, 0xbe, 0x00, 0x00, 0x80, 0x3f, 0x93, 0x93, 0x93, 0xff,
    0xde, 0x57, 0xdd, 0x3e, 0xac, 0x8e, 0xdc, 0x3d, 0xd7, 0x16, 0x96, 0xc3, 0x00, 0xa1, 0x96, 0x43,
    0x20, 0xcb, 0x95, 0xc3, 0xee, 0xc6, 0x73, 0xbf, 0x95, 0x24, 0xab, 0x3d, 0xfd, 0x58, 0x96, 0x3e,
    0xf5, 0x01, 0x42, 0xbe, 0x48, 0x7c, 0x6a, 0xbf, 0xfe, 0x1b, 0xb5, 0xbe, 0x00, 0x00, 0x80, 0x3f,
    0x93, 0x93, 0x93, 0xff, 0xc8, 0x95, 0xd2, 0x3e, 0x58, 0xe1, 0x46, 0x3e, 0x6d, 0x16, 0x96, 0xc3,
    0x8c, 0xa0, 0x96, 0x43, 0x62, 0xcb, 0x95, 0xc3, 0xa7, 0x13, 0xae, 0xbe, 0x12, 0x0c, 0x67, 0xbf,
    0xb3, 0x50, 0x87, 0xbe, 0x81, 0x52, 0x6f, 0x3f, 0x38, 0x6d, 0x96, 0xbe, 0x45, 0x1c, 0x4c, 0xbe,
    0x00, 0x00, 0x80, 0x3f, 0x93, 0x93, 0x93, 0xff, 0x41, 0x9e, 0xed, 0x3e, 0x2f, 0xa4, 0x33, 0x3e,
    0xe7, 0x16, 0x96, 0xc3, 0xb5, 0xa0, 0x96, 0x43, 0x52, 0xcb, 0x95, 0xc3, 0xa8, 0x13, 0xae, 0xbe,
    0x11, 0x0c, 0x67, 0xbf, 0xb4, 0x50, 0x87, 0xbe, 0x82, 0x52, 0x6f, 0x3f, 0x37, 0x6d, 0x96, 0xbe,
    0x42, 0x1c, 0x4c, 0xbe, 0x00, 0x00, 0x80, 0x3f, 0x93, 0x93, 0x93, 0xff, 0xee, 0xec, 0xdb, 0x3e,
    0xb7, 0x9b, 0x30, 0x3e, 0xb5, 0x16, 0x96, 0xc3, 0xcd, 0xa0, 0x96, 0x43, 0xe5, 0xcb, 0x95, 0xc3,
    0xa7, 0x13, 0xae, 0xbe, 0x11, 0x0c, 0x67, 0xbf, 0xb3, 0x50, 0x87, 0xbe, 0x82, 0x52, 0x6f, 0x3f,
    0x37, 0x6d, 0x96, 0xbe, 0x44, 0x1c, 0x4c, 0xbe, 0x00, 0x00, 0x80, 0x3f, 0x93, 0x93, 0x93, 0xff,
    0xbf, 0xb6, 0xee, 0x3e, 0xae, 0x9a, 0x07, 0x3e, 0x32, 0x17, 0x96, 0xc3, 0x26, 0xa1, 0x96, 0x43,
    0xa7, 0xcc, 0x95, 0xc3, 0xec, 0x1d, 0x2e, 0x3f, 0xa8, 0x47, 0xcb, 0xbe, 0xe9, 0xc2, 0x1d, 0xbf,
    0x10, 0x2c, 0x37, 0x3f, 0x82, 0xdd, 0x0a, 0x3f, 0x6e, 0x64, 0xe1, 0x3e, 0x00, 0x00, 0x80, 0x3f,
    0x93, 0x93, 0x93, 0xff, 0x43, 0x57, 0xf2, 0x3e, 0x15, 0xc9, 0x57, 0x3d, 0x31, 0x17, 0x96, 0xc3,
    0x32, 0xa1, 0x96, 0x43, 0xae, 0xcc, 0x95, 0xc3, 0xec, 0x1d, 0x2e, 0x3f, 0xa8, 0x47, 0xcb, 0xbe,
    0xe9, 0xc2, 0x1d, 0xbf, 0x10, 0x2c, 0x37, 0x3f, 0x82, 0xdd, 0x0a, 0x3f, 0x6e, 0x64, 0xe1, 0x3e,
    0x00, 0x00, 0x80, 0x3f, 0x93, 0x93, 0x93, 0xff, 0xd6, 0x6e, 0xf3, 0x3e, 0x05, 0x8b, 0x43, 0x3d,
    0xb5, 0x16, 0x96, 0xc3, 0xcd, 0xa0, 0x96, 0x43, 0xe5, 0xcb, 0x95, 0xc3, 0xec, 0x1d, 0x2e, 0x3f,
    0xa8, 0x47, 0xcb, 0xbe, 0xe8, 0xc2, 0x1d, 0xbf, 0x10, 0x2c, 0x37, 0x3f, 0x83, 0xdd, 0x0a, 0x3f,
    0x70, 0x64, 0xe1, 0x3e, 0x00, 0x00, 0x80, 0x3f, 0x93, 0x93, 0x93, 0xff, 0xbf, 0xb6, 0xee, 0x3e,
    0xae, 0x9a, 0x07, 0x3e, 0x32, 0x17, 0x96, 0xc3, 0x26, 0xa1, 0x96, 0x43, 0xa7, 0xcc, 0x95, 0xc3,
    0x58, 0x23, 0x76, 0xbf, 0x43, 0xef, 0x52, 0x3e, 0xd9, 0x62, 0x3a, 0x3e, 0x29, 0x9d, 0x8b, 0xbe,
    0xe7, 0x8c, 0x21, 0xbf, 0x4c, 0xea, 0x39, 0xbf, 0x00, 0x00, 0x80, 0x3f, 0x93, 0x93, 0x93, 0xff,
    0x43, 0x57, 0xf2, 0x3e, 0x15, 0xc9, 0x57, 0x3d, 0x16, 0x17, 0x96, 0xc3, 0x06, 0xa1, 0x96, 0x43,
    0xef, 0xcb, 0x95, 0xc3, 0x58, 0x23, 0x76, 0xbf, 0x42, 0xef, 0x52, 0x3e, 0xda, 0x62, 0x3a, 0x3e,
    0x2a, 0x9d, 0x8b, 0xbe, 0xe7, 0x8c, 0x21, 0xbf, 0x4d, 0xea, 0x39, 0xbf, 0x00, 0x00, 0x80, 0x3f,
    0x93, 0x93, 0x93, 0xff, 0xa8, 0xc6, 0xdb, 0x3e, 0x7f, 0xbc, 0xd7, 0x3d, 0x31, 0x17, 0x96, 0xc3,
    0x32, 0xa1, 0x96, 0x43, 0xae, 0xcc, 0x95, 0xc3, 0x58, 0x23, 0x76, 0xbf, 0x43, 0xef, 0x52, 0x3e,
    0xd9, 0x62, 0x3a, 0x3e, 0x29, 0x9d, 0x8b, 0xbe, 0xe7, 0x8c, 0x21, 0xbf, 0x4c, 0xea, 0x39, 0xbf,
    0x00, 0x00, 0x80, 0x3f, 0x93, 0x93, 0x93, 0xff, 0xd6, 0x6e, 0xf3, 0x3e, 0x05, 0x8b, 0x43, 0x3d,
    0x32, 0x17, 0x96, 0xc3, 0x26, 0xa1, 0x96, 0x43, 0xa7, 0xcc, 0x95, 0xc3, 0x7a, 0x97, 0xb1, 0xbe,
    0xa1, 0xe3, 0x6a, 0xbf, 0x28, 0x22, 0x47, 0xbe, 0xba, 0xef, 0x42, 0x3f, 0x39, 0x24, 0x1e, 0xbe,
    0x20, 0x29, 0x21, 0xbf, 0x00, 0x00, 0x80, 0x3f, 0x93, 0x93, 0x93, 0xff, 0x43, 0x57, 0xf2, 0x3e,
    0x15, 0xc9, 0x57, 0x3d, 0xb5, 0x16, 0x96, 0xc3, 0xcd, 0xa0, 0x96, 0x43, 0xe5, 0xcb, 0x95, 0xc3,
    0x7a, 0x97, 0xb1, 0xbe, 0xa1, 0xe3, 0x6a, 0xbf, 0x27, 0x22, 0x47, 0xbe, 0xbb, 0xef, 0x42, 0x3f,
    0x3b, 0x24, 0x1e, 0xbe, 0x20, 0x29, 0x21, 0xbf, 0x00, 0x00, 0x80, 0x3f, 0x93, 0x93, 0x93, 0xff,
    0xbf, 0xb6, 0xee, 0x3e, 0xae, 0x9a, 0x07, 0x3e, 0x18, 0x17, 0x96, 0xc3, 0xf5, 0xa0, 0x96, 0x43,
    0xf0, 0xcb, 0x95, 0xc3, 0x7a, 0x97, 0xb1, 0xbe, 0xa1, 0xe3, 0x6a, 0xbf, 0x27, 0x22, 0x47, 0xbe,
    0xbb, 0xef, 0x42, 0x3f, 0x3b, 0x24, 0x1e, 0xbe, 0x20, 0x29, 0x21, 0xbf, 0x00, 0x00, 0x80, 0x3f,
    0x93, 0x93, 0x93, 0xff, 0xde, 0x57, 0xdd, 0x3e, 0xac, 0x8e, 0xdc, 0x3d, 0xd3, 0x16, 0x96, 0xc3,
    0x29, 0xa1, 0x96, 0x43, 0x2b, 0xcc, 0x95, 0xc3, 0x54, 0xb8, 0x42, 0x3f, 0xeb, 0x9e, 0x0f, 0x3f,
    0x2f, 0x40, 0xa7, 0xbe, 0x9a, 0xf3, 0x14, 0xbf, 0x2f, 0xf3, 0x4f, 0x3f, 0x86, 0xf0, 0x24, 0x3d,
    0x00, 0x00, 0x80, 0x3f, 0x93, 0x93, 0x93, 0xff, 0x79, 0xe9, 0xf6, 0x3e, 0xf2, 0x09, 0xd9, 0x3d,
    0x51, 0x16, 0x96, 0xc3, 0xec, 0xa0, 0x96, 0x43, 0x63, 0xcb, 0x95, 0xc3, 0x54, 0xb8, 0x42, 0x3f,
    0xeb, 0x9e, 0x0f, 0x3f, 0x2f, 0x40, 0xa7, 0xbe, 0x9a, 0xf3, 0x14, 0xbf, 0x2e, 0xf3, 0x4f, 0x3f,
    0x93, 0xf0, 0x24, 0x3d, 0x00, 0x00, 0x80, 0x3f, 0x93, 0x93, 0x93, 0xff, 0x49, 0x9d, 0xf8, 0x3e,
    0xc0, 0x03, 0x33, 0x3e, 0x4a, 0x16, 0x96, 0xc3, 0xdb, 0xa0, 0x96, 0x43, 0x73, 0xcb, 0x95, 0xc3,
    0x54, 0xb8, 0x42, 0x3f, 0xeb, 0x9e, 0x0f, 0x3f, 0x2f, 0x40, 0xa7, 0xbe, 0x9a, 0xf3, 0x14, 0xbf,
    0x2e, 0xf3, 0x4f, 0x3f, 0x93, 0xf0, 0x24, 0x3d, 0x00, 0x00, 0x80, 0x3f, 0x93, 0x93, 0x93, 0xff,
    0x3c, 0xdc, 0xf6, 0x3e, 0x87, 0xdf, 0x2d, 0x3e, 0x56, 0x16, 0x96, 0xc3, 0xd6, 0xa0, 0x96, 0x43,
    0xcb, 0xca, 0x95, 0xc3, 0xb0, 0x16, 0xac, 0xbe, 0x82, 0xf1, 0xe4, 0x3c, 0x1c, 0x00, 0x71, 0x3f,
    0x78, 0xc9, 0x70, 0x3f, 0x9d, 0x89, 0x7b, 0x3d, 0xbb, 0x00, 0xab, 0x3e, 0x00, 0x00, 0x80, 0x3f,
    0x93, 0x93, 0x93, 0xff, 0x18, 0xb1, 0xef, 0x3e, 0x74, 0x79, 0x53, 0x3e, 0x91, 0x16, 0x96, 0xc3,
    0xf3, 0xa0, 0x96, 0x43, 0xe0, 0xca, 0x95, 0xc3, 0xae, 0x16, 0xac, 0xbe, 0x6a, 0xf1, 0xe4, 0x3c,
    0x1c, 0x00, 0x71, 0x3f, 0x77, 0xc9, 0x70, 0x3f, 0x9e, 0x89, 0x7b, 0x3d, 0xba, 0x00, 0xab, 0x3e,
    0x00, 0x00, 0x80, 0x3f, 0x93, 0x93, 0x93, 0xff, 0xb8, 0x77, 0xe5, 0x3e, 0x92, 0xcf, 0x5b, 0x3e,
    0x9e, 0x16, 0x96, 0xc3, 0xe4, 0xa0, 0x96, 0x43, 0xe5, 0xca, 0x95, 0xc3, 0xb0, 0x16, 0xac, 0xbe,
    0x8f, 0xf1, 0xe4, 0x3c, 0x1c, 0x00, 0x71, 0x3f, 0x77, 0xc9, 0x70, 0x3f, 0x9e, 0x89, 0x7b, 0x3d,
    0xba, 0x00, 0xab, 0x3e, 0x00, 0x00, 0x80, 0x3f, 0x93, 0x93, 0x93, 0xff, 0x92, 0x3b, 0xe4, 0x3e,
    0x45, 0x2e, 0x58, 0x3e, 0x91, 0x16, 0x96, 0xc3, 0xf3, 0xa0, 0x96, 0x43, 0xe0, 0xca, 0x95, 0xc3,
    0x33, 0xab, 0x1a, 0xbf, 0xa9, 0x8d, 0xa6, 0x3e, 0xce, 0x38, 0x3a, 0x3f, 0x55, 0x4f, 0x95, 0xbd,
    0x60, 0x7e, 0x6e, 0xbf, 0x2f, 0x4d, 0xb6, 0x3e, 0x00, 0x00, 0x80, 0x3f, 0x93, 0x93, 0x93, 0xff,
    0xb8, 0x77, 0xe5, 0x3e, 0x92, 0xcf, 0x5b, 0x3e, 0xd7, 0x16, 0x96, 0xc3, 0x00, 0xa1, 0x96, 0x43,
    0x20, 0xcb, 0x95, 0xc3, 0x33, 0xab, 0x1a, 0xbf, 0xa9, 0x8d, 0xa6, 0x3e, 0xce, 0x38, 0x3a, 0x3f,
    0x53, 0x4f, 0x95, 0xbd, 0x60, 0x7e, 0x6e, 0xbf, 0x2f, 0x4d, 0xb6, 0x3e, 0x00, 0x00, 0x80, 0x3f,
    0x93, 0x93, 0x93, 0xff, 0xc8, 0x95, 0xd2, 0x3e, 0x58, 0xe1, 0x46, 0x3e, 0x9e, 0x16, 0x96, 0xc3,
    0xe4, 0xa0, 0x96, 0x43, 0xe5, 0xca, 0x95, 0xc3, 0x33, 0xab, 0x1a, 0xbf, 0xa9, 0x8d, 0xa6, 0x3e,
    0xce, 0x38, 0x3a, 0x3f, 0x5a, 0x4f, 0x95, 0xbd, 0x60, 0x7e, 0x6e, 0xbf, 0x2d, 0x4d, 0xb6, 0x3e,
    0x00, 0x00, 0x80, 0x3f, 0x93, 0x93, 0x93, 0xff, 0x92, 0x3b, 0xe4, 0x3e, 0x45, 0x2e, 0x58, 0x3e,
    0xd0, 0x16, 0x96, 0xc3, 0x0d, 0xa1, 0x96, 0x43, 0x4f, 0xcb, 0x95, 0xc3, 0xa9, 0x71, 0x9b, 0x3e,
    0xd4, 0x30, 0x72, 0x3f, 0xcb, 0xb7, 0xe7, 0x3d, 0x1a, 0x37, 0x5d, 0xbf, 0x38, 0xbb, 0x64, 0x3e,
    0x30, 0xe9, 0xe6, 0x3e, 0x00, 0x00, 0x80, 0x3f, 0x93, 0x93, 0x93, 0xff, 0xf0, 0xfc, 0x06, 0x3f,
    0xc1, 0xe1, 0x35, 0x3e, 0xd3, 0x16, 0x96, 0xc3, 0x29, 0xa1, 0x96, 0x43, 0x2b, 0xcc, 0x95, 0xc3,
    0xa9, 0x71, 0x9b, 0x3e, 0xd4, 0x30, 0x72, 0x3f, 0xcb, 0xb7, 0xe7, 0x3d, 0x1a, 0x37, 0x5d, 0xbf,
    0x38, 0xbb, 0x64, 0x3e, 0x30, 0xe9, 0xe6, 0x3e, 0x00, 0x00, 0x80, 0x3f, 0x93, 0x93, 0x93, 0xff,
    0x79, 0xe9, 0xf6, 0x3e, 0xf2, 0x09, 0xd9, 0x3d, 0xfc, 0x16, 0x96, 0xc3, 0x3e, 0xa1, 0x96, 0x43,
    0x6a, 0xcc, 0x95, 0xc3, 0xa9, 0x71, 0x9b, 0x3e, 0xd4, 0x30, 0x72, 0x3f, 0xcb, 0xb7, 0xe7, 0x3d,
    0x1a, 0x37, 0x5d, 0xbf, 0x38, 0xbb, 0x64, 0x3e, 0x30, 0xe9, 0xe6, 0x3e, 0x00, 0x00, 0x80, 0x3f,
    0x93, 0x93, 0x93, 0xff, 0x63, 0x7e, 0xf6, 0x3e, 0xe5, 0x61, 0xa1, 0x3d, 0xd0, 0x16, 0x96, 0xc3,
    0x1f, 0xa1, 0x96, 0x43, 0x33, 0xcc, 0x95, 0xc3, 0xf6, 0x77, 0x36, 0x3f, 0x21, 0xe4, 0xb0, 0xbe,
    0xb8, 0x43, 0x1c, 0xbf, 0xd5, 0x64, 0x60, 0x3e, 0xb7, 0xb7, 0x6f, 0x3f, 0x40, 0x59, 0x8c, 0xbe,
    0x00, 0x00, 0x80, 0x3f, 0x93, 0x93, 0x93, 0xff, 0xdb, 0x16, 0xf5, 0x3e, 0xdd, 0xb1, 0xd8, 0x3d,
    0xb5, 0x16, 0x96, 0xc3, 0xcd, 0xa0, 0x96, 0x43, 0xe5, 0xcb, 0x95, 0xc3, 0xf6, 0x77, 0x36, 0x3f,
    0x21, 0xe4, 0xb0, 0xbe, 0xb8, 0x43, 0x1c, 0xbf, 0xd5, 0x64, 0x60, 0x3e, 0xb6, 0xb7, 0x6f, 0x3f,
    0x40, 0x59, 0x8c, 0xbe, 0x00, 0x00, 0x80, 0x3f, 0x93, 0x93, 0x93, 0xff, 0xbf, 0xb6, 0xee, 0x3e,
    0xae, 0x9a, 0x07, 0x3e, 0x31, 0x17, 0x96, 0xc3, 0x32, 0xa1, 0x96, 0x43, 0xae, 0xcc, 0x95, 0xc3,
    0xf6, 0x77, 0x36, 0x3f, 0x21, 0xe4, 0xb0, 0xbe, 0xb8, 0x43, 0x1c, 0xbf, 0xd8, 0x64, 0x60, 0x3e,
    0xb7, 0xb7, 0x6f, 0x3f, 0x3f, 0x59, 0x8c, 0xbe, 0x00, 0x00, 0x80, 0x3f, 0x93, 0x93, 0x93, 0xff,
    0xd6, 0x6e, 0xf3, 0x3e, 0x05, 0x8b, 0x43, 0x3d, 0xd0, 0x16, 0x96, 0xc3, 0x0d, 0xa1, 0x96, 0x43,
    0x4f, 0xcb, 0x95, 0xc3, 0x0c, 0xd1, 0x88, 0x3e, 0xc9, 0xec, 0x74, 0x3f, 0x01, 0xb5, 0xeb, 0x3d,
    0x76, 0x50, 0x76, 0xbf, 0xc4, 0x40, 0x84, 0x3e, 0x32, 0x8d, 0xb1, 0x3d, 0x00, 0x00, 0x80, 0x3f,
    0x93, 0x93, 0x93, 0xff, 0xf0, 0xfc, 0x06, 0x3f, 0xc1, 0xe1, 0x35, 0x3e, 0x51, 0x16, 0x96, 0xc3,
    0xec, 0xa0, 0x96, 0x43, 0x63, 0xcb, 0x95, 0xc3, 0x0d, 0xd1, 0x88, 0x3e, 0xc9, 0xec, 0x74, 0x3f,
    0x00, 0xb5, 0xeb, 0x3d, 0x76, 0x50, 0x76, 0xbf, 0xc5, 0x40, 0x84, 0x3e, 0x32, 0x8d, 0xb1, 0x3d,
    0x00, 0x00, 0x80, 0x3f, 0x93, 0x93, 0x93, 0xff, 0x49, 0x9d, 0xf8, 0x3e, 0xc0, 0x03, 0x33, 0x3e,
    0xd3, 0x16, 0x96, 0xc3, 0x29, 0xa1, 0x96, 0x43, 0x2b, 0xcc, 0x95, 0xc3, 0x0d, 0xd1, 0x88, 0x3e,
    0xc9, 0xec, 0x74, 0x3f, 0x00, 0xb5, 0xeb, 0x3d, 0x76, 0x50, 0x76, 0xbf, 0xc5, 0x40, 0x84, 0x3e,
    0x32, 0x8d, 0xb1, 0x3d, 0x00, 0x00, 0x80, 0x3f, 0x93, 0x93, 0x93, 0xff, 0x79, 0xe9, 0xf6, 0x3e,
    0xf2, 0x09, 0xd9, 0x3d, 0x91, 0x16, 0x96, 0xc3, 0xf3, 0xa0, 0x96, 0x43, 0xe0, 0xca, 0x95, 0xc3,
    0xd8, 0x71, 0x86, 0x3e, 0x3d, 0x38, 0x76, 0x3f, 0x69, 0x9a, 0x9e, 0x3d, 0x85, 0x90, 0x76, 0xbf,
    0xec, 0x47, 0x83, 0x3e, 0x8b, 0x85, 0xa6, 0x3d, 0x00, 0x00, 0x80, 0x3f, 0x93, 0x93, 0x93, 0xff,
    0xff, 0xea, 0xf9, 0x3e, 0x25, 0x7a, 0x59, 0x3e, 0x4a, 0x16, 0x96, 0xc3, 0xdb, 0xa0, 0x96, 0x43,
    0x73, 0xcb, 0x95, 0xc3, 0xfe, 0x9f, 0x47, 0x3f, 0x4f, 0xb6, 0x02, 0x3f, 0x8c, 0x79, 0xb9, 0xbe,
    0xc4, 0xa9, 0x82, 0xbe, 0x28, 0xa2, 0x49, 0x3f, 0x67, 0x91, 0x0f, 0x3f, 0x00, 0x00, 0x80, 0x3f,
    0x93, 0x93, 0x93, 0xff, 0x3c, 0xdc, 0xf6, 0x3e, 0x87, 0xdf, 0x2d, 0x3e, 0xd0, 0x16, 0x96, 0xc3,
    0x1f, 0xa1, 0x96, 0x43, 0x33, 0xcc, 0x95, 0xc3, 0xfe, 0x9f, 0x47, 0x3f, 0x4e, 0xb6, 0x02, 0x3f,
    0x8c, 0x79, 0xb9, 0xbe, 0xc4, 0xa9, 0x82, 0xbe, 0x28, 0xa2, 0x49, 0x3f, 0x66, 0x91, 0x0f, 0x3f,
    0x00, 0x00, 0x80, 0x3f, 0x93, 0x93, 0x93, 0xff, 0xdb, 0x16, 0xf5, 0x3e, 0xdd, 0xb1, 0xd8, 0x3d,
    0xd3, 0x16, 0x96, 0xc3, 0x29, 0xa1, 0x96, 0x43, 0x2b, 0xcc, 0x95, 0xc3, 0xfe, 0x9f, 0x47, 0x3f,
    0x4e, 0xb6, 0x02, 0x3f, 0x8c, 0x79, 0xb9, 0xbe, 0xc5, 0xa9, 0x82, 0xbe, 0x28, 0xa2, 0x49, 0x3f,
    0x67, 0x91, 0x0f, 0x3f, 0x00, 0x00, 0x80, 0x3f, 0x93, 0x93, 0x93, 0xff, 0x79, 0xe9, 0xf6, 0x3e,
    0xf2, 0x09, 0xd9, 0x3d, 0xfc, 0x16, 0x96, 0xc3, 0x3e, 0xa1, 0x96, 0x43, 0x6a, 0xcc, 0x95, 0xc3,
    0x9d, 0x7c, 0x4a, 0x3f, 0x05, 0xc7, 0x00, 0x3f, 0xa5, 0x57, 0xb2, 0xbe, 0x88, 0x23, 0x7d, 0xbe,
    0x49, 0x92, 0x48, 0x3f, 0xdd, 0xf3, 0x11, 0x3f, 0x00, 0x00, 0x80, 0x3f, 0x93, 0x93, 0x93, 0xff,
    0x63, 0x7e, 0xf6, 0x3e, 0xe5, 0x61, 0xa1, 0x3d, 0x99, 0x1a, 0x96, 0xc3, 0x69, 0xa6, 0x96, 0x43,
    0x4c, 0xd7, 0x95, 0xc3, 0x67, 0x8d, 0x18, 0xbe, 0x55, 0x53, 0x5a, 0xbf, 0x74, 0x1f, 0x00, 0x3f,
    0x55, 0x7c, 0x6c, 0xbf, 0xcc, 0xe7, 0x99, 0x3e, 0x41, 0xf1, 0x72, 0x3e, 0x00, 0x00, 0x80, 0x3f,
    0xcc, 0xcc, 0xcc, 0xff, 0x41, 0x9e, 0xed, 0x3e, 0x2f, 0xa4, 0x33, 0x3e, 0x2d, 0x1b, 0x96, 0xc3,
    0x51, 0xa6, 0x96, 0x43, 0xa0, 0xd7, 0x95, 0xc3, 0x67, 0x8d, 0x18, 0xbe, 0x55, 0x53, 0x5a, 0xbf,
    0x74, 0x1f, 0x00, 0x3f, 0x55, 0x7c, 0x6c, 0xbf, 0xcd, 0xe7, 0x99, 0x3e, 0x44, 0xf1, 0x72, 0x3e,
    0x00, 0x00, 0x80, 0x3f, 0xcc, 0xcc, 0xcc, 0xff, 0x65, 0x1b, 0xf0, 0x3e, 0xdd, 0x40, 0x51, 0x3e,
    0xd4, 0x1a, 0x96, 0xc3, 0x32, 0xa6, 0x96, 0x43, 0xba, 0xd7, 0x95, 0xc3, 0x65, 0x8d, 0x18, 0xbe,
    0x55, 0x53, 0x5a, 0xbf, 0x75, 0x1f, 0x00, 0x3f, 0x55, 0x7c, 0x6c, 0xbf, 0xcb, 0xe7, 0x99, 0x3e,
    0x44, 0xf1, 0x72, 0x3e, 0x00, 0x00, 0x80, 0x3f, 0xcc, 0xcc, 0xcc, 0xff, 0x67, 0xf1, 0xe2, 0x3e,
    0xb5, 0x35, 0x52, 0x3e, 0xcc, 0x19, 0x96, 0xc3, 0x70, 0xa6, 0x96, 0x43, 0xc2, 0xd7, 0x95, 0xc3,
    0xb5, 0x74, 0xd5, 0x3e, 0xb4, 0xe0, 0x16, 0xbf, 0xa1, 0x25, 0x31, 0x3f, 0xca, 0x01, 0x5d, 0xbd,
    0xba, 0x70, 0x3e, 0x3f, 0x96, 0x85, 0x2a, 0x3f, 0x00, 0x00, 0x80, 0x3f, 0xcc, 0xcc, 0xcc, 0xff,
    0xde, 0x57, 0xdd, 0x3e, 0xac, 0x8e, 0xdc, 0x3d, 0x0b, 0x1a, 0x96, 0xc3, 0x98, 0xa6, 0x96, 0x43,
    0x7b, 0xd7, 0x95, 0xc3, 0xb6, 0x74, 0xd5, 0x3e, 0xb4, 0xe0, 0x16, 0xbf, 0xa1, 0x25, 0x31, 0x3f,
    0xcc, 0x01, 0x5d, 0xbd, 0xba, 0x70, 0x3e, 0x3f, 0x96, 0x85, 0x2a, 0x3f, 0x00, 0x00, 0x80, 0x3f,
    0xcc, 0xcc, 0xcc, 0xff, 0xbf, 0xb6, 0xee, 0x3e, 0xae, 0x9a, 0x07, 0x3e, 0x63, 0x1a, 0x96, 0xc3,
    0x26, 0xa6, 0x96, 0x43, 0xa6, 0xd7, 0x95, 0xc3, 0xb6, 0x74, 0xd5, 0x3e, 0xb4, 0xe0, 0x16, 0xbf,
    0xa1, 0x25, 0x31, 0x3f, 0xc9, 0x01, 0x5d, 0xbd, 0xba, 0x70, 0x3e, 0x3f, 0x96, 0x85, 0x2a, 0x3f,
    0x00, 0x00, 0x80, 0x3f, 0xcc, 0xcc, 0xcc, 0xff, 0xee, 0xec, 0xdb, 0x3e, 0xb7, 0x9b, 0x30, 0x3e,
    0x0b, 0x1a, 0x96, 0xc3, 0x98, 0xa6, 0x96, 0x43, 0x7b, 0xd7, 0x95, 0xc3, 0x33, 0xde, 0xde, 0x3d,
    0xcf, 0x65, 0x17, 0x3f, 0x84, 0x8b, 0x4c, 0x3f, 0x90, 0x54, 0x9d, 0xbe, 0xfa, 0xcf, 0x48, 0x3f,
    0xc2, 0xeb, 0x09, 0xbf, 0x00, 0x00, 0x80, 0x3f, 0xcc, 0xcc, 0xcc, 0xff, 0xbf, 0xb6, 0xee, 0x3e,
    0xae, 0x9a, 0x07, 0x3e, 0xbf, 0x19, 0x96, 0xc3, 0xd5, 0xa6, 0x96, 0x43, 0xb2, 0xd7, 0x95, 0xc3,
    0x36, 0xde, 0xde, 0x3d, 0xd0, 0x65, 0x17, 0x3f, 0x84, 0x8b, 0x4c, 0x3f, 0x90, 0x54, 0x9d, 0xbe,
    0xfa, 0xcf, 0x48, 0x3f, 0xc2, 0xeb, 0x09, 0xbf, 0x00, 0x00, 0x80, 0x3f, 0xcc, 0xcc, 0xcc, 0xff,
    0xdb, 0x16, 0xf5, 0x3e, 0xdd, 0xb1, 0xd8, 0x3d, 0xa0, 0x1a, 0x96, 0xc3, 0xb0, 0xa6, 0x96, 0x43,
    0x78, 0xd7, 0x95, 0xc3, 0x36, 0xde, 0xde, 0x3d, 0xd0, 0x65, 0x17, 0x3f, 0x84, 0x8b, 0x4c, 0x3f,
    0x90, 0x54, 0x9d, 0xbe, 0xfa, 0xcf, 0x48, 0x3f, 0xc2, 0xeb, 0x09, 0xbf, 0x00, 0x00, 0x80, 0x3f,
    0xcc, 0xcc, 0xcc, 0xff, 0x3c, 0xdc, 0xf6, 0x3e, 0x87, 0xdf, 0x2d, 0x3e, 0xa0, 0x1a, 0x96, 0xc3,
    0xb0, 0xa6, 0x96, 0x43, 0x78, 0xd7, 0x95, 0xc3, 0x7a, 0xe7, 0xfd, 0xbe, 0x57, 0x89, 0xd7, 0x3e,
    0x7f, 0x6f, 0x42, 0x3f, 0x4f, 0x4d, 0xbc, 0xbe, 0xe3, 0xc4, 0x30, 0x3f, 0x32, 0x73, 0x1f, 0xbf,
    0x00, 0x00, 0x80, 0x3f, 0xcc, 0xcc, 0xcc, 0xff, 0x3c, 0xdc, 0xf6, 0x3e, 0x87, 0xdf, 0x2d, 0x3e,
    0x2d, 0x1b, 0x96, 0xc3, 0x51, 0xa6, 0x96, 0x43, 0xa0, 0xd7, 0x95, 0xc3, 0x79, 0xe7, 0xfd, 0xbe,
    0x58, 0x89, 0xd7, 0x3e, 0x80, 0x6f, 0x42, 0x3f, 0x4f, 0x4d, 0xbc, 0xbe, 0xe3, 0xc4, 0x30, 0x3f,
    0x31, 0x73, 0x1f, 0xbf, 0x00, 0x00, 0x80, 0x3f, 0xcc, 0xcc, 0xcc, 0xff, 0x65, 0x1b, 0xf0, 0x3e,
    0xdd, 0x40, 0x51, 0x3e, 0x99, 0x1a, 0x96, 0xc3, 0x69, 0xa6, 0x96, 0x43, 0x4c, 0xd7, 0x95, 0xc3,
    0x7a, 0xe7, 0xfd, 0xbe, 0x57, 0x89, 0xd7, 0x3e, 0x7f, 0x6f, 0x42, 0x3f, 0x4e, 0x4d, 0xbc, 0xbe,
    0xe3, 0xc4, 0x30, 0x3f, 0x31, 0x73, 0x1f, 0xbf, 0x00, 0x00, 0x80, 0x3f, 0xcc, 0xcc, 0xcc, 0xff,
    0x41, 0x9e, 0xed, 0x3e, 0x2f, 0xa4, 0x33, 0x3e, 0x52, 0x1a, 0x96, 0xc3, 0x2a, 0xa6, 0x96, 0x43,
    0xba, 0xd7, 0x95, 0xc3, 0x50, 0x73, 0x9a, 0x3e, 0x7d, 0x31, 0x27, 0xbf, 0xff, 0xd0, 0x31, 0xbf,
    0xa1, 0x72, 0x77, 0x3d, 0x2a, 0xc7, 0x36, 0xbf, 0x34, 0x93, 0x32, 0x3f, 0x00, 0x00, 0x80, 0x3f,
    0xcc, 0xcc, 0xcc, 0xff, 0xed, 0x82, 0xd9, 0x3e, 0xf3, 0xc9, 0x2a, 0x3e, 0x94, 0x1a, 0x96, 0xc3,
    0x40, 0xa6, 0x96, 0x43, 0xeb, 0xd7, 0x95, 0xc3, 0x52, 0x73, 0x9a, 0x3e, 0x7d, 0x31, 0x27, 0xbf,
    0xff, 0xd0, 0x31, 0xbf, 0xa1, 0x72, 0x77, 0x3d, 0x2a, 0xc7, 0x36, 0xbf, 0x34, 0x93, 0x32, 0x3f,
    0x00, 0x00, 0x80, 0x3f, 0xcc, 0xcc, 0xcc, 0xff, 0xc8, 0x95, 0xd2, 0x3e, 0x58, 0xe1, 0x46, 0x3e,
    0xcc, 0x19, 0x96, 0xc3, 0x70, 0xa6, 0x96, 0x43, 0xc2, 0xd7, 0x95, 0xc3, 0x52, 0x73, 0x9a, 0x3e,
    0x7d, 0x31, 0x27, 0xbf, 0xff, 0xd0, 0x31, 0xbf, 0x9a, 0x72, 0x77, 0x3d, 0x2a, 0xc7, 0x36, 0xbf,
    0x34, 0x93, 0x32, 0x3f, 0x00, 0x00, 0x80, 0x3f, 0xcc, 0xcc, 0xcc, 0xff, 0xde, 0x57, 0xdd, 0x3e,
    0xac, 0x8e, 0xdc, 0x3d, 0x94, 0x1a, 0x96, 0xc3, 0x40, 0xa6, 0x96, 0x43, 0xeb, 0xd7, 0x95, 0xc3,
    0x54, 0x27, 0x74, 0xbe, 0xe6, 0x3b, 0x24, 0xbf, 0xec, 0xa5, 0x3a, 0xbf, 0x31, 0xe4, 0x83, 0xbe,
    0x89, 0x9c, 0x2e, 0xbf, 0x61, 0x35, 0x2f, 0x3f, 0x00, 0x00, 0x80, 0x3f, 0xcc, 0xcc, 0xcc, 0xff,
    0xc8, 0x95, 0xd2, 0x3e, 0x58, 0xe1, 0x46, 0x3e, 0x9c, 0x1a, 0x96, 0xc3, 0x1f, 0xa6, 0x96, 0x43,
    0xcb, 0xd7, 0x95, 0xc3, 0x57, 0x27, 0x74, 0xbe, 0xe6, 0x3b, 0x24, 0xbf, 0xec, 0xa5, 0x3a, 0xbf,
    0x31, 0xe4, 0x83, 0xbe, 0x89, 0x9c, 0x2e, 0xbf, 0x61, 0x35, 0x2f, 0x3f, 0x00, 0x00, 0x80, 0x3f,
    0xcc, 0xcc, 0xcc, 0xff, 0x6e, 0x32, 0xda, 0x3e, 0x60, 0xe4, 0x45, 0x3e, 0xe2, 0x1a, 0x96, 0xc3,
    0x3b, 0xa6, 0x96, 0x43, 0xcd, 0xd7, 0x95, 0xc3, 0x57, 0x27, 0x74, 0xbe, 0xe6, 0x3b, 0x24, 0xbf,
    0xec, 0xa5, 0x3a, 0xbf, 0x31, 0xe4, 0x83, 0xbe, 0x89, 0x9c, 0x2e, 0xbf, 0x61, 0x35, 0x2f, 0x3f,
    0x00, 0x00, 0x80, 0x3f, 0xcc, 0xcc, 0xcc, 0xff, 0x92, 0x3b, 0xe4, 0x3e, 0x45, 0x2e, 0x58, 0x3e,
    0xcf, 0x19, 0x96, 0xc3, 0x7a, 0xa6, 0x96, 0x43, 0xd0, 0xd7, 0x95, 0xc3, 0xf4, 0x8f, 0x11, 0x3e,
    0xb6, 0x86, 0xbd, 0xbd, 0x5d, 0x4a, 0x7c, 0xbf, 0xa3, 0x74, 0x43, 0xbc, 0xba, 0xe6, 0x7e, 0xbf,
    0x71, 0xf6, 0xbb, 0x3d, 0x00, 0x00, 0x80, 0x3f, 0xcc, 0xcc, 0xcc, 0xff, 0xfe, 0x2a, 0x04, 0x3f,
    0x31, 0x7c, 0xe4, 0x3d, 0x73, 0x1a, 0x96, 0xc3, 0x62, 0xa6, 0x96, 0x43, 0xe5, 0xd7, 0x95, 0xc3,
    0xf6, 0x8f, 0x11, 0x3e, 0xbd, 0x86, 0xbd, 0xbd, 0x5d, 0x4a, 0x7c, 0xbf, 0x7c, 0x74, 0x43, 0xbc,
    0xb8, 0xe6, 0x7e, 0xbf, 0x83, 0xf6, 0xbb, 0x3d, 0x00, 0x00, 0x80, 0x3f, 0xcc, 0xcc, 0xcc, 0xff,
    0xf0, 0xfc, 0x06, 0x3f, 0xc1, 0xe1, 0x35, 0x3e, 0x7c, 0x19, 0x96, 0xc3, 0xe2, 0xa6, 0x96, 0x43,
    0xcd, 0xd7, 0x95, 0xc3, 0xf7, 0x8f, 0x11, 0x3e, 0xc4, 0x86, 0xbd, 0xbd, 0x5d, 0x4a, 0x7c, 0xbf,
    0xfa, 0x74, 0x43, 0xbc, 0xb8, 0xe6, 0x7e, 0xbf, 0x7d, 0xf6, 0xbb, 0x3d, 0x00, 0x00, 0x80, 0x3f,
    0xcc, 0xcc, 0xcc, 0xff, 0x63, 0x7e, 0xf6, 0x3e, 0xe5, 0x61, 0xa1, 0x3d, 0x52, 0x1a, 0x96, 0xc3,
    0x2a, 0xa6, 0x96, 0x43, 0xba, 0xd7, 0x95, 0xc3, 0xd1, 0x27, 0x86, 0x3e, 0x6b, 0xa9, 0x33, 0xbf,
    0x1e, 0x95, 0x29, 0xbf, 0xf7, 0x7a, 0x6d, 0xbe, 0x7d, 0x4b, 0x36, 0xbf, 0x63, 0xa5, 0x29, 0x3f,
    0x00, 0x00, 0x80, 0x3f, 0xcc, 0xcc, 0xcc, 0xff, 0xed, 0x82, 0xd9, 0x3e, 0xf3, 0xc9, 0x2a, 0x3e,
    0x9c, 0x1a, 0x96, 0xc3, 0x1f, 0xa6, 0x96, 0x43, 0xcb, 0xd7, 0x95, 0xc3, 0xd1, 0x27, 0x86, 0x3e,
    0x6b, 0xa9, 0x33, 0xbf, 0x1e, 0x95, 0x29, 0xbf, 0xfa, 0x7a, 0x6d, 0xbe, 0x7d, 0x4b, 0x36, 0xbf,
    0x63, 0xa5, 0x29, 0x3f, 0x00, 0x00, 0x80, 0x3f, 0xcc, 0xcc, 0xcc, 0xff, 0x6e, 0x32, 0xda, 0x3e,
    0x60, 0xe4, 0x45, 0x3e, 0x94, 0x1a, 0x96, 0xc3, 0x40, 0xa6, 0x96, 0x43, 0xeb, 0xd7, 0x95, 0xc3,
    0xd1, 0x27, 0x86, 0x3e, 0x6b, 0xa9, 0x33, 0xbf, 0x1e, 0x95, 0x29, 0xbf, 0xf7, 0x7a, 0x6d, 0xbe,
    0x7d, 0x4b, 0x36, 0xbf, 0x63, 0xa5, 0x29, 0x3f, 0x00, 0x00, 0x80, 0x3f, 0xcc, 0xcc, 0xcc, 0xff,
    0xc8, 0x95, 0xd2, 0x3e, 0x58, 0xe1, 0x46, 0x3e, 0xd4, 0x1a, 0x96, 0xc3, 0x32, 0xa6, 0x96, 0x43,
    0xba, 0xd7, 0x95, 0xc3, 0x5b, 0xe6, 0x38, 0xbe, 0xf1, 0x17, 0x57, 0xbf, 0xa5, 0xe5, 0x02, 0x3f,
    0x7d, 0xd4, 0xb8, 0xbe, 0x2e, 0x4a, 0x0a, 0x3f, 0x15, 0x9b, 0x42, 0x3f, 0x00, 0x00, 0x80, 0x3f,
    0xcc, 0xcc, 0xcc, 0xff, 0x67, 0xf1, 0xe2, 0x3e, 0xb5, 0x35, 0x52, 0x3e, 0x63, 0x1a, 0x96, 0xc3,
    0x26, 0xa6, 0x96, 0x43, 0xa6, 0xd7, 0x95, 0xc3, 0x60, 0xe6, 0x38, 0xbe, 0xf1, 0x17, 0x57, 0xbf,
    0xa5, 0xe5, 0x02, 0x3f, 0x7d, 0xd4, 0xb8, 0xbe, 0x2e, 0x4a, 0x0a, 0x3f, 0x15, 0x9b, 0x42, 0x3f,
    0x00, 0x00, 0x80, 0x3f, 0xcc, 0xcc, 0xcc, 0xff, 0xee, 0xec, 0xdb, 0x3e, 0xb7, 0x9b, 0x30, 0x3e,
    0x99, 0x1a, 0x96, 0xc3, 0x69, 0xa6, 0x96, 0x43, 0x4c, 0xd7, 0x95, 0xc3, 0x5b, 0xe6, 0x38, 0xbe,
    0xf1, 0x17, 0x57, 0xbf, 0xa5, 0xe5, 0x02, 0x3f, 0x7d, 0xd4, 0xb8, 0xbe, 0x2e, 0x4a, 0x0a, 0x3f,
    0x15, 0x9b, 0x42, 0x3f, 0x00, 0x00, 0x80, 0x3f, 0xcc, 0xcc, 0xcc, 0xff, 0x41, 0x9e, 0xed, 0x3e,
    0x2f, 0xa4, 0x33, 0x3e, 0xa0, 0x1a, 0x96, 0xc3, 0xb0, 0xa6, 0x96, 0x43, 0x78, 0xd7, 0x95, 0xc3,
    0x2a, 0x07, 0x1d, 0xbf, 0xb1, 0x1f, 0x45, 0x3f, 0x06, 0xcc, 0x33, 0x3e, 0x42, 0xe7, 0xd5, 0x3e,
    0xfd, 0x48, 0x01, 0x3f, 0x99, 0x58, 0x41, 0xbf, 0x00, 0x00, 0x80, 0x3f, 0xcc, 0xcc, 0xcc, 0xff,
    0x3c, 0xdc, 0xf6, 0x3e, 0x87, 0xdf, 0x2d, 0x3e, 0xa9, 0x1a, 0x96, 0xc3, 0xae, 0xa6, 0x96, 0x43,
    0x8e, 0xd7, 0x95, 0xc3, 0x2a, 0x07, 0x1d, 0xbf, 0xb1, 0x1f, 0x45, 0x3f, 0x02, 0xcc, 0x33, 0x3e,
    0x44, 0xe7, 0xd5, 0x3e, 0xfb, 0x48, 0x01, 0x3f, 0x9a, 0x58, 0x41, 0xbf, 0x00, 0x00, 0x80, 0x3f,
    0xcc, 0xcc, 0xcc, 0xff, 0x49, 0x9d, 0xf8, 0x3e, 0xc0, 0x03, 0x33, 0x3e, 0x1e, 0x1b, 0x96, 0xc3,
    0x57, 0xa6, 0x96, 0x43, 0xaa, 0xd7, 0x95, 0xc3, 0x2a, 0x07, 0x1d, 0xbf, 0xb1, 0x1f, 0x45, 0x3f,
    0x06, 0xcc, 0x33, 0x3e, 0x43, 0xe7, 0xd5, 0x3e, 0xfc, 0x48, 0x01, 0x3f, 0x9a, 0x58, 0x41, 0xbf,
    0x00, 0x00, 0x80, 0x3f, 0xcc, 0xcc, 0xcc, 0xff, 0x18, 0xb1, 0xef, 0x3e, 0x74, 0x79, 0x53, 0x3e,
    0xcf, 0x19, 0x96, 0xc3, 0x7a, 0xa6, 0x96, 0x43, 0xd0, 0xd7, 0x95, 0xc3, 0x09, 0x47, 0xf6, 0x3d,
    0xf8, 0xce, 0x6f, 0x3d, 0x31, 0xb3, 0x7d, 0xbf, 0x92, 0x15, 0x01, 0x3e, 0x60, 0xb7, 0x7d, 0xbf,
    0xc8, 0x2b, 0x31, 0xbd, 0x00, 0x00, 0x80, 0x3f, 0xcc, 0xcc, 0xcc, 0xff, 0xfe, 0x2a, 0x04, 0x3f,
    0x31, 0x7c, 0xe4, 0x3d, 0x94, 0x1a, 0x96, 0xc3, 0x40, 0xa6, 0x96, 0x43, 0xeb, 0xd7, 0x95, 0xc3,
    0x0c, 0x47, 0xf6, 0x3d, 0xed, 0xce, 0x6f, 0x3d, 0x31, 0xb3, 0x7d, 0xbf, 0x92, 0x15, 0x01, 0x3e,
    0x60, 0xb7, 0x7d, 0xbf, 0xc8, 0x2b, 0x31, 0xbd, 0x00, 0x00, 0x80, 0x3f, 0xcc, 0xcc, 0xcc, 0xff,
    0xf6, 0x26, 0x0a, 0x3f, 0x28, 0xd7, 0x44, 0x3e, 0x73, 0x1a, 0x96, 0xc3, 0x62, 0xa6, 0x96, 0x43,
    0xe5, 0xd7, 0x95, 0xc3, 0x0c, 0x47, 0xf6, 0x3d, 0xed, 0xce, 0x6f, 0x3d, 0x31, 0xb3, 0x7d, 0xbf,
    0x92, 0x15, 0x01, 0x3e, 0x60, 0xb7, 0x7d, 0xbf, 0xc8, 0x2b, 0x31, 0xbd, 0x00, 0x00, 0x80, 0x3f,
    0xcc, 0xcc, 0xcc, 0xff, 0xf0, 0xfc, 0x06, 0x3f, 0xc1, 0xe1, 0x35, 0x3e, 0x94, 0x1a, 0x96, 0xc3,
    0x40, 0xa6, 0x96, 0x43, 0xeb, 0xd7, 0x95, 0xc3, 0x7a, 0x67, 0x42, 0xbe, 0x95, 0x7a, 0xb2, 0x3e,
    0xfa, 0xf7, 0x6a, 0xbf, 0x4a, 0xb0, 0x51, 0x3f, 0x8d, 0x1c, 0xeb, 0xbe, 0xab, 0x09, 0xb0, 0xbe,
    0x00, 0x00, 0x80, 0x3f, 0xcc, 0xcc, 0xcc, 0xff, 0x40, 0x4d, 0x05, 0x3f, 0x0d, 0xff, 0x49, 0x3e,
    0xed, 0x1a, 0x96, 0xc3, 0x4a, 0xa6, 0x96, 0x43, 0xd5, 0xd7, 0x95, 0xc3, 0x7b, 0x67, 0x42, 0xbe,
    0x96, 0x7a, 0xb2, 0x3e, 0xfa, 0xf7, 0x6a, 0xbf, 0x4a, 0xb0, 0x51, 0x3f, 0x8d, 0x1c, 0xeb, 0xbe,
    0xab, 0x09, 0xb0, 0xbe, 0x00, 0x00, 0x80, 0x3f, 0xcc, 0xcc, 0xcc, 0xff, 0xff, 0xea, 0xf9, 0x3e,
    0x25, 0x7a, 0x59, 0x3e, 0x73, 0x1a, 0x96, 0xc3, 0x62, 0xa6, 0x96, 0x43, 0xe5, 0xd7, 0x95, 0xc3,
    0x7b, 0x67, 0x42, 0xbe, 0x96, 0x7a, 0xb2, 0x3e, 0xfa, 0xf7, 0x6a, 0xbf, 0x4b, 0xb0, 0x51, 0x3f,
    0x8c, 0x1c, 0xeb, 0xbe, 0xac, 0x09, 0xb0, 0xbe, 0x00, 0x00, 0x80, 0x3f, 0xcc, 0xcc, 0xcc, 0xff,
    0xf0, 0xfc, 0x06, 0x3f, 0xc1, 0xe1, 0x35, 0x3e, 0xbf, 0x19, 0x96, 0xc3, 0xd5, 0xa6, 0x96, 0x43,
    0xb2, 0xd7, 0x95, 0xc3, 0x2d, 0x3e, 0x5a, 0x3d, 0x6c, 0xbf, 0x58, 0x3f, 0x8f, 0x89, 0x07, 0x3f,
    0xcc, 0xcd, 0xde, 0xbd, 0xa7, 0x2e, 0x08, 0x3f, 0xe7, 0xf9, 0x56, 0xbf, 0x00, 0x00, 0x80, 0x3f,
    0xcc, 0xcc, 0xcc, 0xff, 0xdb, 0x16, 0xf5, 0x3e, 0xdd, 0xb1, 0xd8, 0x3d, 0x2a, 0x19, 0x96, 0xc3,
    0xd9, 0xa6, 0x96, 0x43, 0xc7, 0xd7, 0x95, 0xc3, 0x30, 0x3e, 0x5a, 0x3d, 0x6c, 0xbf, 0x58, 0x3f,
    0x90, 0x89, 0x07, 0x3f, 0xcd, 0xcd, 0xde, 0xbd, 0xa8, 0x2e, 0x08, 0x3f, 0xe7, 0xf9, 0x56, 0xbf,
    0x00, 0x00, 0x80, 0x3f, 0xcc, 0xcc, 0xcc, 0xff, 0xd6, 0x6e, 0xf3, 0x3e, 0x05, 0x8b, 0x43, 0x3d,
    0x7c, 0x19, 0x96, 0xc3, 0xe2, 0xa6, 0x96, 0x43, 0xcd, 0xd7, 0x95, 0xc3, 0x30, 0x3e, 0x5a, 0x3d,
    0x6c, 0xbf, 0x58, 0x3f, 0x90, 0x89, 0x07, 0x3f, 0xcd, 0xcd, 0xde, 0xbd, 0xa8, 0x2e, 0x08, 0x3f,
    0xe7, 0xf9, 0x56, 0xbf, 0x00, 0x00, 0x80, 0x3f, 0xcc, 0xcc, 0xcc, 0xff, 0x63, 0x7e, 0xf6, 0x3e,
    0xe5, 0x61, 0xa1, 0x3d, 0xcf, 0x19, 0x96, 0xc3, 0x7a, 0xa6, 0x96, 0x43, 0xd0, 0xd7, 0x95, 0xc3,
    0x46, 0x7d, 0x8f, 0x3d, 0x9d, 0xff, 0x0d, 0xbd, 0x77, 0x37, 0x7f, 0xbf, 0x5d, 0xc1, 0x18, 0x3d,
    0xab, 0xa4, 0x7f, 0xbf, 0x56, 0xf8, 0x18, 0x3d, 0x00, 0x00, 0x80, 0x3f, 0xcc, 0xcc, 0xcc, 0xff,
    0xfe, 0x2a, 0x04, 0x3f, 0x31, 0x7c, 0xe4, 0x3d, 0x7c, 0x19, 0x96, 0xc3, 0xe2, 0xa6, 0x96, 0x43,
    0xcd, 0xd7, 0x95, 0xc3, 0x49, 0x7d, 0x8f, 0x3d, 0x9d, 0xff, 0x0d, 0xbd, 0x77, 0x37, 0x7f, 0xbf,
    0x51, 0xc1, 0x18, 0x3d, 0xaa, 0xa4, 0x7f, 0xbf, 0x48, 0xf8, 0x18, 0x3d, 0x00, 0x00, 0x80, 0x3f,
    0xcc, 0xcc, 0xcc, 0xff, 0x63, 0x7e, 0xf6, 0x3e, 0xe5, 0x61, 0xa1, 0x3d, 0x2a, 0x19, 0x96, 0xc3,
    0xd9, 0xa6, 0x96, 0x43, 0xc7, 0xd7, 0x95, 0xc3, 0x4a, 0x7d, 0x8f, 0x3d, 0x9d, 0xff, 0x0d, 0xbd,
    0x77, 0x37, 0x7f, 0xbf, 0x5d, 0xc1, 0x18, 0x3d, 0xab, 0xa4, 0x7f, 0xbf, 0x56, 0xf8, 0x18, 0x3d,
    0x00, 0x00, 0x80, 0x3f, 0xcc, 0xcc, 0xcc, 0xff, 0xd6, 0x6e, 0xf3, 0x3e, 0x05, 0x8b, 0x43, 0x3d,
    0x52, 0x1a, 0x96, 0xc3, 0x2a, 0xa6, 0x96, 0x43, 0xba, 0xd7, 0x95, 0xc3, 0x96, 0x8a, 0xed, 0x3e,
    0x83, 0x99, 0x5b, 0xbf, 0x33, 0x78, 0x62, 0x3e, 0x4c, 0x0d, 0x6d, 0xbe, 0x01, 0x18, 0xfd, 0x3d,
    0x44, 0x07, 0x77, 0x3f, 0x00, 0x00, 0x80, 0x3f, 0xcc, 0xcc, 0xcc, 0xff, 0xed, 0x82, 0xd9, 0x3e,
    0xf3, 0xc9, 0x2a, 0x3e, 0xcc, 0x19, 0x96, 0xc3, 0x70, 0xa6, 0x96, 0x43, 0xc2, 0xd7, 0x95, 0xc3,
    0x94, 0x8a, 0xed, 0x3e, 0x83, 0x99, 0x5b, 0xbf, 0x37, 0x78, 0x62, 0x3e, 0x4d, 0x0d, 0x6d, 0xbe,
    0x05, 0x18, 0xfd, 0x3d, 0x44, 0x07, 0x77, 0x3f, 0x00, 0x00, 0x80, 0x3f, 0xcc, 0xcc, 0xcc, 0xff,
    0xde, 0x57, 0xdd, 0x3e, 0xac, 0x8e, 0xdc, 0x3d, 0x63, 0x1a, 0x96, 0xc3, 0x26, 0xa6, 0x96, 0x43,
    0xa6, 0xd7, 0x95, 0xc3, 0x94, 0x8a, 0xed, 0x3e, 0x83, 0x99, 0x5b, 0xbf, 0x35, 0x78, 0x62, 0x3e,
    0x4d, 0x0d, 0x6d, 0xbe, 0x05, 0x18, 0xfd, 0x3d, 0x44, 0x07, 0x77, 0x3f, 0x00, 0x00, 0x80, 0x3f,
    0xcc, 0xcc, 0xcc, 0xff, 0xee, 0xec, 0xdb, 0x3e, 0xb7, 0x9b, 0x30, 0x3e, 0x9c, 0x1a, 0x96, 0xc3,
    0x1f, 0xa6, 0x96, 0x43, 0xcb, 0xd7, 0x95, 0xc3, 0x23, 0x78, 0x2f, 0x3e, 0x74, 0x9e, 0x7b, 0xbf,
    0xb9, 0x76, 0x8a, 0xbd, 0x14, 0x59, 0x5a, 0xbd, 0xae, 0x47, 0x9f, 0xbd, 0x08, 0xdc, 0x7e, 0x3f,
    0x00, 0x00, 0x80, 0x3f, 0xcc, 0xcc, 0xcc, 0xff, 0x6e, 0x32, 0xda, 0x3e, 0x60, 0xe4, 0x45, 0x3e,
    0x52, 0x1a, 0x96, 0xc3, 0x2a, 0xa6, 0x96, 0x43, 0xba, 0xd7, 0x95, 0xc3, 0x25, 0x78, 0x2f, 0x3e,
    0x74, 0x9e, 0x7b, 0xbf, 0xad, 0x76, 0x8a, 0xbd, 0x14, 0x59, 0x5a, 0xbd, 0xa8, 0x47, 0x9f, 0xbd,
    0x08, 0xdc, 0x7e, 0x3f, 0x00, 0x00, 0x80, 0x3f, 0xcc, 0xcc, 0xcc, 0xff, 0xed, 0x82, 0xd9, 0x3e,
    0xf3, 0xc9, 0x2a, 0x3e, 0x63, 0x1a, 0x96, 0xc3, 0x26, 0xa6, 0x96, 0x43, 0xa6, 0xd7, 0x95, 0xc3,
    0x24, 0x78, 0x2f, 0x3e, 0x74, 0x9e, 0x7b, 0xbf, 0xad, 0x76, 0x8a, 0xbd, 0x11, 0x59, 0x5a, 0xbd,
    0xa8, 0x47, 0x9f, 0xbd, 0x08, 0xdc, 0x7e, 0x3f, 0x00, 0x00, 0x80, 0x3f, 0xcc, 0xcc, 0xcc, 0xff,
    0xee, 0xec, 0xdb, 0x3e, 0xb7, 0x9b, 0x30, 0x3e, 0xe2, 0x1a, 0x96, 0xc3, 0x3b, 0xa6, 0x96, 0x43,
    0xcd, 0xd7, 0x95, 0xc3, 0x08, 0x19, 0xbd, 0xbe, 0x80, 0x77, 0x6a, 0xbf, 0xae, 0x16, 0x21, 0xbe,
    0x0d, 0x07, 0x6a, 0xbf, 0x87, 0xc2, 0xa7, 0x3e, 0x27, 0x56, 0x74, 0x3e, 0x00, 0x00, 0x80, 0x3f,
    0xcc, 0xcc, 0xcc, 0xff, 0x92, 0x3b, 0xe4, 0x3e, 0x45, 0x2e, 0x58, 0x3e, 0xd4, 0x1a, 0x96, 0xc3,
    0x32, 0xa6, 0x96, 0x43, 0xba, 0xd7, 0x95, 0xc3, 0x06, 0x19, 0xbd, 0xbe, 0x80, 0x77, 0x6a, 0xbf,
    0xaf, 0x16, 0x21, 0xbe, 0x0d, 0x07, 0x6a, 0xbf, 0x86, 0xc2, 0xa7, 0x3e, 0x25, 0x56, 0x74, 0x3e,
    0x00, 0x00, 0x80, 0x3f, 0xcc, 0xcc, 0xcc, 0xff, 0x67, 0xf1, 0xe2, 0x3e, 0xb5, 0x35, 0x52, 0x3e,
    0x2d, 0x1b, 0x96, 0xc3, 0x51, 0xa6, 0x96, 0x43, 0xa0, 0xd7, 0x95, 0xc3, 0x08, 0x19, 0xbd, 0xbe,
    0x80, 0x77, 0x6a, 0xbf, 0xae, 0x16, 0x21, 0xbe, 0x0e, 0x07, 0x6a, 0xbf, 0x88, 0xc2, 0xa7, 0x3e,
    0x2b, 0x56, 0x74, 0x3e, 0x00, 0x00, 0x80, 0x3f, 0xcc, 0xcc, 0xcc, 0xff, 0x65, 0x1b, 0xf0, 0x3e,
    0xdd, 0x40, 0x51, 0x3e, 0xed, 0x1a, 0x96, 0xc3, 0x4a, 0xa6, 0x96, 0x43, 0xd5, 0xd7, 0x95, 0xc3,
    0x28, 0x83, 0xb7, 0xbe, 0x2f, 0x97, 0x30, 0x3f, 0x38, 0x09, 0x21, 0xbf, 0x4b, 0x34, 0x62, 0x3f,
    0xa9, 0x0e, 0x08, 0x3d, 0x4d, 0x20, 0xef, 0xbe, 0x00, 0x00, 0x80, 0x3f, 0xcc, 0xcc, 0xcc, 0xff,
    0xff, 0xea, 0xf9, 0x3e, 0x25, 0x7a, 0x59, 0x3e, 0x1e, 0x1b, 0x96, 0xc3, 0x57, 0xa6, 0x96, 0x43,
    0xaa, 0xd7, 0x95, 0xc3, 0x28, 0x83, 0xb7, 0xbe, 0x2f, 0x97, 0x30, 0x3f, 0x38, 0x09, 0x21, 0xbf,
    0x4b, 0x34, 0x62, 0x3f, 0xa9, 0x0e, 0x08, 0x3d, 0x4d, 0x20, 0xef, 0xbe, 0x00, 0x00, 0x80, 0x3f,
    0xcc, 0xcc, 0xcc, 0xff, 0x18, 0xb1, 0xef, 0x3e, 0x74, 0x79, 0x53, 0x3e, 0xa9, 0x1a, 0x96, 0xc3,
    0xae, 0xa6, 0x96, 0x43, 0x8e, 0xd7, 0x95, 0xc3, 0x28, 0x83, 0xb7, 0xbe, 0x2f, 0x97, 0x30, 0x3f,
    0x37, 0x09, 0x21, 0xbf, 0x4b, 0x34, 0x62, 0x3f, 0xa8, 0x0e, 0x08, 0x3d, 0x4e, 0x20, 0xef, 0xbe,
    0x00, 0x00, 0x80, 0x3f, 0xcc, 0xcc, 0xcc, 0xff, 0x49, 0x9d, 0xf8, 0x3e, 0xc0, 0x03, 0x33, 0x3e,
    0x9c, 0x1a, 0x96, 0xc3, 0x1f, 0xa6, 0x96, 0x43, 0xcb, 0xd7, 0x95, 0xc3, 0x57, 0x22, 0xbd, 0xbe,
    0x4a, 0x76, 0x6a, 0xbf, 0x34, 0x07, 0x21, 0xbe, 0x56, 0x30, 0xeb, 0xbe, 0x4e, 0x9e, 0x06, 0x3d,
    0xbd, 0x3c, 0x63, 0x3f, 0x00, 0x00, 0x80, 0x3f, 0xcc, 0xcc, 0xcc, 0xff, 0x6e, 0x32, 0xda, 0x3e,
    0x60, 0xe4, 0x45, 0x3e, 0xd4, 0x1a, 0x96, 0xc3, 0x32, 0xa6, 0x96, 0x43, 0xba, 0xd7, 0x95, 0xc3,
    0x57, 0x22, 0xbd, 0xbe, 0x4a, 0x76, 0x6a, 0xbf, 0x38, 0x07, 0x21, 0xbe, 0x58, 0x30, 0xeb, 0xbe,
    0x34, 0x9e, 0x06, 0x3d, 0xbe, 0x3c, 0x63, 0x3f, 0x00, 0x00, 0x80, 0x3f, 0xcc, 0xcc, 0xcc, 0xff,
    0x67, 0xf1, 0xe2, 0x3e, 0xb5, 0x35, 0x52, 0x3e, 0xe2, 0x1a, 0x96, 0xc3, 0x3b, 0xa6, 0x96, 0x43,
    0xcd, 0xd7, 0x95, 0xc3, 0x57, 0x22, 0xbd, 0xbe, 0x4a, 0x76, 0x6a, 0xbf, 0x36, 0x07, 0x21, 0xbe,
    0x58, 0x30, 0xeb, 0xbe, 0x4d, 0x9e, 0x06, 0x3d, 0xbe, 0x3c, 0x63, 0x3f, 0x00, 0x00, 0x80, 0x3f,
    0xcc, 0xcc, 0xcc, 0xff, 0x92, 0x3b, 0xe4, 0x3e, 0x45, 0x2e, 0x58, 0x3e, 0xd4, 0x1a, 0x96, 0xc3,
    0x32, 0xa6, 0x96, 0x43, 0xba, 0xd7, 0x95, 0xc3, 0x60, 0x79, 0x32, 0xbe, 0x66, 0x7e, 0x5f, 0xbf,
    0x9a, 0x33, 0xe9, 0x3e, 0xa1, 0x97, 0xe8, 0xbe, 0x25, 0x9e, 0xf6, 0x3e, 0x69, 0xd9, 0x3f, 0x3f,
    0x00, 0x00, 0x80, 0x3f, 0xcc, 0xcc, 0xcc, 0xff, 0x67, 0xf1, 0xe2, 0x3e, 0xb5, 0x35, 0x52, 0x3e,
    0x9c, 0x1a, 0x96, 0xc3, 0x1f, 0xa6, 0x96, 0x43, 0xcb, 0xd7, 0x95, 0xc3, 0x60, 0x79, 0x32, 0xbe,
    0x66, 0x7e, 0x5f, 0xbf, 0x9a, 0x33, 0xe9, 0x3e, 0xa1, 0x97, 0xe8, 0xbe, 0x25, 0x9e, 0xf6, 0x3e,
    0x68, 0xd9, 0x3f, 0x3f, 0x00, 0x00, 0x80, 0x3f, 0xcc, 0xcc, 0xcc, 0xff, 0x6e, 0x32, 0xda, 0x3e,
    0x60, 0xe4, 0x45, 0x3e, 0x63, 0x1a, 0x96, 0xc3, 0x26, 0xa6, 0x96, 0x43, 0xa6, 0xd7, 0x95, 0xc3,
    0x60, 0x79, 0x32, 0xbe, 0x66, 0x7e, 0x5f, 0xbf, 0x9a, 0x33, 0xe9, 0x3e, 0x9f, 0x97, 0xe8, 0xbe,
    0x26, 0x9e, 0xf6, 0x3e, 0x69, 0xd9, 0x3f, 0x3f, 0x00, 0x00, 0x80, 0x3f, 0xcc, 0xcc, 0xcc, 0xff,
    0xee, 0xec, 0xdb, 0x3e, 0xb7, 0x9b, 0x30, 0x3e, 0x1e, 0x1b, 0x96, 0xc3, 0x57, 0xa6, 0x96, 0x43,
    0xaa, 0xd7, 0x95, 0xc3, 0x84, 0x8b, 0x0a, 0xbf, 0xb6, 0xa9, 0x04, 0xbe, 0x3a, 0xb3, 0x54, 0xbf,
    0x55, 0x80, 0x10, 0xbf, 0xfe, 0xd0, 0x49, 0x3f, 0xd2, 0x9d, 0x7a, 0x3e, 0x00, 0x00, 0x80, 0x3f,
    0xcc, 0xcc, 0xcc, 0xff, 0x18, 0xb1, 0xef, 0x3e, 0x74, 0x79, 0x53, 0x3e, 0xe2, 0x1a, 0x96, 0xc3,
    0x3b, 0xa6, 0x96, 0x43, 0xcd, 0xd7, 0x95, 0xc3, 0x83, 0x8b, 0x0a, 0xbf, 0xba, 0xa9, 0x04, 0xbe,
    0x3a, 0xb3, 0x54, 0xbf, 0x56, 0x80, 0x10, 0xbf, 0xfe, 0xd0, 0x49, 0x3f, 0xcd, 0x9d, 0x7a, 0x3e,
    0x00, 0x00, 0x80, 0x3f, 0xcc, 0xcc, 0xcc, 0xff, 0x92, 0x3b, 0xe4, 0x3e, 0x45, 0x2e, 0x58, 0x3e,
    0x2d, 0x1b, 0x96, 0xc3, 0x51, 0xa6, 0x96, 0x43, 0xa0, 0xd7, 0x95, 0xc3, 0x82, 0x8b, 0x0a, 0xbf,
    0xb8, 0xa9, 0x04, 0xbe, 0x3b, 0xb3, 0x54, 0xbf, 0x56, 0x80, 0x10, 0xbf, 0xfe, 0xd0, 0x49, 0x3f,
    0xcd, 0x9d, 0x7a, 0x3e, 0x00, 0x00, 0x80, 0x3f, 0xcc, 0xcc, 0xcc, 0xff, 0x65, 0x1b, 0xf0, 0x3e,
    0xdd, 0x40, 0x51, 0x3e, 0xa0, 0x1a, 0x96, 0xc3, 0xb0, 0xa6, 0x96, 0x43, 0x78, 0xd7, 0x95, 0xc3,
    0xce, 0x8f, 0xfd, 0xbe, 0x2f, 0xd1, 0x55, 0x3f, 0xfe, 0xc7, 0x74, 0xbe, 0xad, 0x66, 0x5b, 0x3f,
    0x81, 0x6b, 0xd9, 0x3e, 0x9b, 0x6a, 0x95, 0xbe, 0x00, 0x00, 0x80, 0x3f, 0xcc, 0xcc, 0xcc, 0xff,
    0x3c, 0xdc, 0xf6, 0x3e, 0x87, 0xdf, 0x2d, 0x3e, 0x1e, 0x1b, 0x96, 0xc3, 0x57, 0xa6, 0x96, 0x43,
    0xaa, 0xd7, 0x95, 0xc3, 0xcc, 0x8f, 0xfd, 0xbe, 0x2f, 0xd1, 0x55, 0x3f, 0xfe, 0xc7, 0x74, 0xbe,
    0xae, 0x66, 0x5b, 0x3f, 0x80, 0x6b, 0xd9, 0x3e, 0x9b, 0x6a, 0x95, 0xbe, 0x00, 0x00, 0x80, 0x3f,
    0xcc, 0xcc, 0xcc, 0xff, 0x18, 0xb1, 0xef, 0x3e, 0x74, 0x79, 0x53, 0x3e, 0x2d, 0x1b, 0x96, 0xc3,
    0x51, 0xa6, 0x96, 0x43, 0xa0, 0xd7, 0x95, 0xc3, 0xcd, 0x8f, 0xfd, 0xbe, 0x2f, 0xd1, 0x55, 0x3f,
    0xfb, 0xc7, 0x74, 0xbe, 0xad, 0x66, 0x5b, 0x3f, 0x81, 0x6b, 0xd9, 0x3e, 0x9b, 0x6a, 0x95, 0xbe,
    0x00, 0x00, 0x80, 0x3f, 0xcc, 0xcc, 0xcc, 0xff, 0x65, 0x1b, 0xf0, 0x3e, 0xdd, 0x40, 0x51, 0x3e,
    0xa0, 0x1a, 0x96, 0xc3, 0xb0, 0xa6, 0x96, 0x43, 0x78, 0xd7, 0x95, 0xc3, 0xfe, 0x96, 0xcb, 0x3d,
    0x87, 0x97, 0x07, 0x3f, 0x62, 0xa5, 0x57, 0x3f, 0x53, 0xae, 0xa3, 0xbe, 0x02, 0x95, 0x51, 0x3f,
    0xe1, 0x3d, 0xf4, 0xbe, 0x00, 0x00, 0x80, 0x3f, 0xcc, 0xcc, 0xcc, 0xff, 0x3c, 0xdc, 0xf6, 0x3e,
    0x87, 0xdf, 0x2d, 0x3e, 0x99, 0x1a, 0x96, 0xc3, 0x69, 0xa6, 0x96, 0x43, 0x4c, 0xd7, 0x95, 0xc3,
    0xfb, 0x96, 0xcb, 0x3d, 0x87, 0x97, 0x07, 0x3f, 0x62, 0xa5, 0x57, 0x3f, 0x53, 0xae, 0xa3, 0xbe,
    0x02, 0x95, 0x51, 0x3f, 0xe1, 0x3d, 0xf4, 0xbe, 0x00, 0x00, 0x80, 0x3f, 0xcc, 0xcc, 0xcc, 0xff,
    0x41, 0x9e, 0xed, 0x3e, 0x2f, 0xa4, 0x33, 0x3e, 0x0b, 0x1a, 0x96, 0xc3, 0x98, 0xa6, 0x96, 0x43,
    0x7b, 0xd7, 0x95, 0xc3, 0xfb, 0x96, 0xcb, 0x3d, 0x87, 0x97, 0x07, 0x3f, 0x62, 0xa5, 0x57, 0x3f,
    0x54, 0xae, 0xa3, 0xbe, 0x02, 0x95, 0x51, 0x3f, 0xe1, 0x3d, 0xf4, 0xbe, 0x00, 0x00, 0x80, 0x3f,
    0xcc, 0xcc, 0xcc, 0xff, 0xbf, 0xb6, 0xee, 0x3e, 0xae, 0x9a, 0x07, 0x3e, 0x2e, 0x19, 0x96, 0xc3,
    0xce, 0xa6, 0x96, 0x43, 0xc0, 0xd7, 0x95, 0xc3, 0x74, 0x0a, 0xd9, 0x3e, 0xe8, 0x3b, 0x34, 0xbf,
    0x11, 0xdc, 0x11, 0xbf, 0xb1, 0xf0, 0x03, 0x3f, 0x7e, 0xd9, 0xa8, 0xbe, 0x35, 0x7c, 0x4a, 0x3f,
    0x00, 0x00, 0x80, 0x3f, 0xcc, 0xcc, 0xcc, 0xff, 0x43, 0x57, 0xf2, 0x3e, 0x15, 0xc9, 0x57, 0x3d,
    0xcc, 0x19, 0x96, 0xc3, 0x70, 0xa6, 0x96, 0x43, 0xc2, 0xd7, 0x95, 0xc3, 0x74, 0x0a, 0xd9, 0x3e,
    0xe8, 0x3b, 0x34, 0xbf, 0x12, 0xdc, 0x11, 0xbf, 0xb1, 0xf0, 0x03, 0x3f, 0x7f, 0xd9, 0xa8, 0xbe,
    0x35, 0x7c, 0x4a, 0x3f, 0x00, 0x00, 0x80, 0x3f, 0xcc, 0xcc, 0xcc, 0xff, 0xde, 0x57, 0xdd, 0x3e,
    0xac, 0x8e, 0xdc, 0x3d, 0xcf, 0x19, 0x96, 0xc3, 0x7a, 0xa6, 0x96, 0x43, 0xd0, 0xd7, 0x95, 0xc3,
    0x74, 0x0a, 0xd9, 0x3e, 0xe8, 0x3b, 0x34, 0xbf, 0x11, 0xdc, 0x11, 0xbf, 0xb1, 0xf0, 0x03, 0x3f,
    0x82, 0xd9, 0xa8, 0xbe, 0x34, 0x7c, 0x4a, 0x3f, 0x00, 0x00, 0x80, 0x3f, 0xcc, 0xcc, 0xcc, 0xff,
    0xa8, 0xc6, 0xdb, 0x3e, 0x7f, 0xbc, 0xd7, 0x3d, 0xcf, 0x19, 0x96, 0xc3, 0x7a, 0xa6, 0x96, 0x43,
    0xd0, 0xd7, 0x95, 0xc3, 0xad, 0x2d, 0x9b, 0x3e, 0x5d, 0xad, 0x40, 0xbf, 0x3b, 0xa3, 0x15, 0xbf,
    0xe0, 0x4c, 0xd1, 0x3e, 0x79, 0x1c, 0xe7, 0xbe, 0x09, 0x0e, 0x4b, 0x3f, 0x00, 0x00, 0x80, 0x3f,
    0xcc, 0xcc, 0xcc, 0xff, 0xa8, 0xc6, 0xdb, 0x3e, 0x7f, 0xbc, 0xd7, 0x3d, 0xcc, 0x19, 0x96, 0xc3,
    0x70, 0xa6, 0x96, 0x43, 0xc2, 0xd7, 0x95, 0xc3, 0xad, 0x2d, 0x9b, 0x3e, 0x5e, 0xad, 0x40, 0xbf,
    0x3b, 0xa3, 0x15, 0xbf, 0xe0, 0x4c, 0xd1, 0x3e, 0x79, 0x1c, 0xe7, 0xbe, 0x09, 0x0e, 0x4b, 0x3f,
    0x00, 0x00, 0x80, 0x3f, 0xcc, 0xcc, 0xcc, 0xff, 0xde, 0x57, 0xdd, 0x3e, 0xac, 0x8e, 0xdc, 0x3d,
    0x94, 0x1a, 0x96, 0xc3, 0x40, 0xa6, 0x96, 0x43, 0xeb, 0xd7, 0x95, 0xc3, 0xad, 0x2d, 0x9b, 0x3e,
    0x5e, 0xad, 0x40, 0xbf, 0x3b, 0xa3, 0x15, 0xbf, 0xde, 0x4c, 0xd1, 0x3e, 0x76, 0x1c, 0xe7, 0xbe,
    0x0a, 0x0e, 0x4b, 0x3f, 0x00, 0x00, 0x80, 0x3f, 0xcc, 0xcc, 0xcc, 0xff, 0xc8, 0x95, 0xd2, 0x3e,
    0x58, 0xe1, 0x46, 0x3e, 0x99, 0x1a, 0x96, 0xc3, 0x69, 0xa6, 0x96, 0x43, 0x4c, 0xd7, 0x95, 0xc3,
    0x1a, 0xc4, 0xd7, 0x3e, 0xff, 0x58, 0x17, 0xbf, 0x04, 0x0b, 0x30, 0x3f, 0x08, 0x79, 0xbc, 0xbe,
    0xbb, 0xdc, 0x14, 0x3f, 0xd3, 0xba, 0x39, 0x3f, 0x00, 0x00, 0x80, 0x3f, 0xcc, 0xcc, 0xcc, 0xff,
    0x41, 0x9e, 0xed, 0x3e, 0x2f, 0xa4, 0x33, 0x3e, 0x63, 0x1a, 0x96, 0xc3, 0x26, 0xa6, 0x96, 0x43,
    0xa6, 0xd7, 0x95, 0xc3, 0x1a, 0xc4, 0xd7, 0x3e, 0xff, 0x58, 0x17, 0xbf, 0x05, 0x0b, 0x30, 0x3f,
    0x08, 0x79, 0xbc, 0xbe, 0xbb, 0xdc, 0x14, 0x3f, 0xd2, 0xba, 0x39, 0x3f, 0x00, 0x00, 0x80, 0x3f,
    0xcc, 0xcc, 0xcc, 0xff, 0xee, 0xec, 0xdb, 0x3e, 0xb7, 0x9b, 0x30, 0x3e, 0x0b, 0x1a, 0x96, 0xc3,
    0x98, 0xa6, 0x96, 0x43, 0x7b, 0xd7, 0x95, 0xc3, 0x1a, 0xc4, 0xd7, 0x3e, 0xff, 0x58, 0x17, 0xbf,
    0x05, 0x0b, 0x30, 0x3f, 0x08, 0x79, 0xbc, 0xbe, 0xbb, 0xdc, 0x14, 0x3f, 0xd2, 0xba, 0x39, 0x3f,
    0x00, 0x00, 0x80, 0x3f, 0xcc, 0xcc, 0xcc, 0xff, 0xbf, 0xb6, 0xee, 0x3e, 0xae, 0x9a, 0x07, 0x3e,
    0x2e, 0x19, 0x96, 0xc3, 0xce, 0xa6, 0x96, 0x43, 0xc0, 0xd7, 0x95, 0xc3, 0x3b, 0x2e, 0xf7, 0x3d,
    0x46, 0xc8, 0x0d, 0x3f, 0x97, 0xe6, 0x52, 0x3f, 0x9f, 0xc8, 0x46, 0xbf, 0x18, 0xd8, 0x11, 0x3f,
    0x39, 0xd9, 0x89, 0xbe, 0x00, 0x00, 0x80, 0x3f, 0xcc, 0xcc, 0xcc, 0xff, 0x43, 0x57, 0xf2, 0x3e,
    0x15, 0xc9, 0x57, 0x3d, 0x2a, 0x19, 0x96, 0xc3, 0xd9, 0xa6, 0x96, 0x43, 0xc7, 0xd7, 0x95, 0xc3,
    0x3b, 0x2e, 0xf7, 0x3d, 0x46, 0xc8, 0x0d, 0x3f, 0x97, 0xe6, 0x52, 0x3f, 0x9f, 0xc8, 0x46, 0xbf,
    0x18, 0xd8, 0x11, 0x3f, 0x39, 0xd9, 0x89, 0xbe, 0x00, 0x00, 0x80, 0x3f, 0xcc, 0xcc, 0xcc, 0xff,
    0xd6, 0x6e, 0xf3, 0x3e, 0x05, 0x8b, 0x43, 0x3d, 0x0b, 0x1a, 0x96, 0xc3, 0x98, 0xa6, 0x96, 0x43,
    0x7b, 0xd7, 0x95, 0xc3, 0x38, 0x2e, 0xf7, 0x3d, 0x47, 0xc8, 0x0d, 0x3f, 0x97, 0xe6, 0x52, 0x3f,
    0x9f, 0xc8, 0x46, 0xbf, 0x18, 0xd8, 0x11, 0x3f, 0x3a, 0xd9, 0x89, 0xbe, 0x00, 0x00, 0x80, 0x3f,
    0xcc, 0xcc, 0xcc, 0xff, 0xbf, 0xb6, 0xee, 0x3e, 0xae, 0x9a, 0x07, 0x3e, 0x2e, 0x19, 0x96, 0xc3,
    0xce, 0xa6, 0x96, 0x43, 0xc0, 0xd7, 0x95, 0xc3, 0xaa, 0x0b, 0xcc, 0x3e, 0xd5, 0x7f, 0x23, 0xbf,
    0x56, 0x82, 0x28, 0xbf, 0xb4, 0x38, 0x42, 0x3f, 0x90, 0xe0, 0x31, 0xbe, 0xc3, 0xbc, 0x20, 0x3f,
    0x00, 0x00, 0x80, 0x3f, 0xcc, 0xcc, 0xcc, 0xff, 0x43, 0x57, 0xf2, 0x3e, 0x15, 0xc9, 0x57, 0x3d,
    0xcf, 0x19, 0x96, 0xc3, 0x7a, 0xa6, 0x96, 0x43, 0xd0, 0xd7, 0x95, 0xc3, 0xa8, 0x0b, 0xcc, 0x3e,
    0xd5, 0x7f, 0x23, 0xbf, 0x56, 0x82, 0x28, 0xbf, 0xb6, 0x38, 0x42, 0x3f, 0x8f, 0xe0, 0x31, 0xbe,
    0xc3, 0xbc, 0x20, 0x3f, 0x00, 0x00, 0x80, 0x3f, 0xcc, 0xcc, 0xcc, 0xff, 0xa8, 0xc6, 0xdb, 0x3e,
    0x7f, 0xbc, 0xd7, 0x3d, 0x2a, 0x19, 0x96, 0xc3, 0xd9, 0xa6, 0x96, 0x43, 0xc7, 0xd7, 0x95, 0xc3,
    0xa8, 0x0b, 0xcc, 0x3e, 0xd5, 0x7f, 0x23, 0xbf, 0x56, 0x82, 0x28, 0xbf, 0xb4, 0x38, 0x42, 0x3f,
    0x90, 0xe0, 0x31, 0xbe, 0xc3, 0xbc, 0x20, 0x3f, 0x00, 0x00, 0x80, 0x3f, 0xcc, 0xcc, 0xcc, 0xff,
    0xd6, 0x6e, 0xf3, 0x3e, 0x05, 0x8b, 0x43, 0x3d, 0x2e, 0x19, 0x96, 0xc3, 0xce, 0xa6, 0x96, 0x43,
    0xc0, 0xd7, 0x95, 0xc3, 0x1a, 0x8c, 0xbc, 0x3e, 0xb1, 0x54, 0x23, 0xbf, 0x76, 0x1f, 0x2d, 0x3f,
    0x72, 0x98, 0xa8, 0x3d, 0xae, 0x34, 0x3f, 0x3f, 0x34, 0xea, 0x28, 0x3f, 0x00, 0x00, 0x80, 0x3f,
    0xcc, 0xcc, 0xcc, 0xff, 0x43, 0x57, 0xf2, 0x3e, 0x15, 0xc9, 0x57, 0x3d, 0x0b, 0x1a, 0x96, 0xc3,
    0x98, 0xa6, 0x96, 0x43, 0x7b, 0xd7, 0x95, 0xc3, 0x1a, 0x8c, 0xbc, 0x3e, 0xb1, 0x54, 0x23, 0xbf,
    0x76, 0x1f, 0x2d, 0x3f, 0x6f, 0x98, 0xa8, 0x3d, 0xad, 0x34, 0x3f, 0x3f, 0x35, 0xea, 0x28, 0x3f,
    0x00, 0x00, 0x80, 0x3f, 0xcc, 0xcc, 0xcc, 0xff, 0xbf, 0xb6, 0xee, 0x3e, 0xae, 0x9a, 0x07, 0x3e,
    0xcc, 0x19, 0x96, 0xc3, 0x70, 0xa6, 0x96, 0x43, 0xc2, 0xd7, 0x95, 0xc3, 0x1a, 0x8c, 0xbc, 0x3e,
    0xb1, 0x54, 0x23, 0xbf, 0x76, 0x1f, 0x2d, 0x3f, 0x6f, 0x98, 0xa8, 0x3d, 0xad, 0x34, 0x3f, 0x3f,
    0x35, 0xea, 0x28, 0x3f, 0x00, 0x00, 0x80, 0x3f, 0xcc, 0xcc, 0xcc, 0xff, 0xde, 0x57, 0xdd, 0x3e,
    0xac, 0x8e, 0xdc, 0x3d, 0xc4, 0x19, 0x96, 0xc3, 0xd5, 0xa6, 0x96, 0x43, 0xbd, 0xd7, 0x95, 0xc3,
    0xba, 0xc9, 0x31, 0xbe, 0x92, 0xf5, 0x7b, 0x3f, 0x95, 0x68, 0x0c, 0xbd, 0xcd, 0xdb, 0x94, 0x3e,
    0xda, 0x33, 0x93, 0x3c, 0xf1, 0xe5, 0x74, 0xbf, 0x00, 0x00, 0x80, 0x3f, 0xcc, 0xcc, 0xcc, 0xff,
    0x79, 0xe9, 0xf6, 0x3e, 0xf2, 0x09, 0xd9, 0x3d, 0xa9, 0x1a, 0x96, 0xc3, 0xae, 0xa6, 0x96, 0x43,
    0x8e, 0xd7, 0x95, 0xc3, 0xbb, 0xc9, 0x31, 0xbe, 0x92, 0xf5, 0x7b, 0x3f, 0x95, 0x68, 0x0c, 0xbd,
    0xcc, 0xdb, 0x94, 0x3e, 0xc2, 0x33, 0x93, 0x3c, 0xf1, 0xe5, 0x74, 0xbf, 0x00, 0x00, 0x80, 0x3f,
    0xcc, 0xcc, 0xcc, 0xff, 0x49, 0x9d, 0xf8, 0x3e, 0xc0, 0x03, 0x33, 0x3e, 0xa0, 0x1a, 0x96, 0xc3,
    0xb0, 0xa6, 0x96, 0x43, 0x78, 0xd7, 0x95, 0xc3, 0xbb, 0xc9, 0x31, 0xbe, 0x92, 0xf5, 0x7b, 0x3f,
    0x95, 0x68, 0x0c, 0xbd, 0xcc, 0xdb, 0x94, 0x3e, 0xc2, 0x33, 0x93, 0x3c, 0xf1, 0xe5, 0x74, 0xbf,
    0x00, 0x00, 0x80, 0x3f, 0xcc, 0xcc, 0xcc, 0xff, 0x3c, 0xdc, 0xf6, 0x3e, 0x87, 0xdf, 0x2d, 0x3e,
    0x1e, 0x1b, 0x96, 0xc3, 0x57, 0xa6, 0x96, 0x43, 0xaa, 0xd7, 0x95, 0xc3, 0xb9, 0x7c, 0x14, 0xbf,
    0x63, 0xac, 0x2c, 0xbf, 0xa0, 0xd9, 0xe9, 0xbe, 0x9a, 0x0f, 0x50, 0xbf, 0x5c, 0x5c, 0x04, 0x3f,
    0xac, 0x82, 0x89, 0x3e, 0x00, 0x00, 0x80, 0x3f, 0xcc, 0xcc, 0xcc, 0xff, 0x18, 0xb1, 0xef, 0x3e,
    0x74, 0x79, 0x53, 0x3e, 0xed, 0x1a, 0x96, 0xc3, 0x4a, 0xa6, 0x96, 0x43, 0xd5, 0xd7, 0x95, 0xc3,
    0xba, 0x7c, 0x14, 0xbf, 0x63, 0xac, 0x2c, 0xbf, 0x9e, 0xd9, 0xe9, 0xbe, 0x9a, 0x0f, 0x50, 0xbf,
    0x5c, 0x5c, 0x04, 0x3f, 0xac, 0x82, 0x89, 0x3e, 0x00, 0x00, 0x80, 0x3f, 0xcc, 0xcc, 0xcc, 0xff,
    0xb8, 0x77, 0xe5, 0x3e, 0x92, 0xcf, 0x5b, 0x3e, 0xe2, 0x1a, 0x96, 0xc3, 0x3b, 0xa6, 0x96, 0x43,
    0xcd, 0xd7, 0x95, 0xc3, 0xba, 0x7c, 0x14, 0xbf, 0x63, 0xac, 0x2c, 0xbf, 0xa0, 0xd9, 0xe9, 0xbe,
    0x9a, 0x0f, 0x50, 0xbf, 0x5c, 0x5c, 0x04, 0x3f, 0xac, 0x82, 0x89, 0x3e, 0x00, 0x00, 0x80, 0x3f,
    0xcc, 0xcc, 0xcc, 0xff, 0x92, 0x3b, 0xe4, 0x3e, 0x45, 0x2e, 0x58, 0x3e, 0xed, 0x1a, 0x96, 0xc3,
    0x4a, 0xa6, 0x96, 0x43, 0xd5, 0xd7, 0x95, 0xc3, 0xd2, 0x50, 0x82, 0xbe, 0x63, 0x2a, 0x18, 0xbf,
    0xe0, 0x48, 0x43, 0xbf, 0x42, 0x8d, 0x75, 0xbe, 0xb1, 0xb2, 0x39, 0xbf, 0x92, 0x2d, 0x25, 0x3f,
    0x00, 0x00, 0x80, 0x3f, 0xcc, 0xcc, 0xcc, 0xff, 0xb8, 0x77, 0xe5, 0x3e, 0x92, 0xcf, 0x5b, 0x3e,
    0x94, 0x1a, 0x96, 0xc3, 0x40, 0xa6, 0x96, 0x43, 0xeb, 0xd7, 0x95, 0xc3, 0xd3, 0x50, 0x82, 0xbe,
    0x62, 0x2a, 0x18, 0xbf, 0xe1, 0x48, 0x43, 0xbf, 0x42, 0x8d, 0x75, 0xbe, 0xb1, 0xb2, 0x39, 0xbf,
    0x92, 0x2d, 0x25, 0x3f, 0x00, 0x00, 0x80, 0x3f, 0xcc, 0xcc, 0xcc, 0xff, 0xc8, 0x95, 0xd2, 0x3e,
    0x58, 0xe1, 0x46, 0x3e, 0xe2, 0x1a, 0x96, 0xc3, 0x3b, 0xa6, 0x96, 0x43, 0xcd, 0xd7, 0x95, 0xc3,
    0xd2, 0x50, 0x82, 0xbe, 0x62, 0x2a, 0x18, 0xbf, 0xe1, 0x48, 0x43, 0xbf, 0x3c, 0x8d, 0x75, 0xbe,
    0xb1, 0xb2, 0x39, 0xbf, 0x92, 0x2d, 0x25, 0x3f, 0x00, 0x00, 0x80, 0x3f, 0xcc, 0xcc, 0xcc, 0xff,
    0x92, 0x3b, 0xe4, 0x3e, 0x45, 0x2e, 0x58, 0x3e, 0x73, 0x1a, 0x96, 0xc3, 0x62, 0xa6, 0x96, 0x43,
    0xe5, 0xd7, 0x95, 0xc3, 0xef, 0xe4, 0x8d, 0xbe, 0x5b, 0xca, 0x29, 0x3f, 0x9b, 0xf8, 0x31, 0xbf,
    0x8c, 0xf3, 0xf9, 0x3d, 0x5d, 0x81, 0x31, 0xbf, 0x1d, 0xcd, 0x35, 0xbf, 0x00, 0x00, 0x80, 0x3f,
    0xcc, 0xcc, 0xcc, 0xff, 0xf0, 0xfc, 0x06, 0x3f, 0xc1, 0xe1, 0x35, 0x3e, 0xc4, 0x19, 0x96, 0xc3,
    0xd5, 0xa6, 0x96, 0x43, 0xbd, 0xd7, 0x95, 0xc3, 0xef, 0xe4, 0x8d, 0xbe, 0x5b, 0xca, 0x29, 0x3f,
    0x9b, 0xf8, 0x31, 0xbf, 0x8c, 0xf3, 0xf9, 0x3d, 0x5d, 0x81, 0x31, 0xbf, 0x1d, 0xcd, 0x35, 0xbf,
    0x00, 0x00, 0x80, 0x3f, 0xcc, 0xcc, 0xcc, 0xff, 0x79, 0xe9, 0xf6, 0x3e, 0xf2, 0x09, 0xd9, 0x3d,
    0x7c, 0x19, 0x96, 0xc3, 0xe2, 0xa6, 0x96, 0x43, 0xcd, 0xd7, 0x95, 0xc3, 0xef, 0xe4, 0x8d, 0xbe,
    0x5b, 0xca, 0x29, 0x3f, 0x9b, 0xf8, 0x31, 0xbf, 0x8c, 0xf3, 0xf9, 0x3d, 0x5d, 0x81, 0x31, 0xbf,
    0x1d, 0xcd, 0x35, 0xbf, 0x00, 0x00, 0x80, 0x3f, 0xcc, 0xcc, 0xcc, 0xff, 0x63, 0x7e, 0xf6, 0x3e,
    0xe5, 0x61, 0xa1, 0x3d, 0xbf, 0x19, 0x96, 0xc3, 0xd5, 0xa6, 0x96, 0x43, 0xb2, 0xd7, 0x95, 0xc3,
    0xf1, 0xf1, 0xc5, 0x3d, 0x0e, 0xe7, 0x19, 0x3f, 0x26, 0x12, 0x4b, 0x3f, 0x69, 0x07, 0xb6, 0x3d,
    0x5f, 0xe0, 0x49, 0x3f, 0x08, 0xc5, 0x1b, 0xbf, 0x00, 0x00, 0x80, 0x3f, 0xcc, 0xcc, 0xcc, 0xff,
    0xdb, 0x16, 0xf5, 0x3e, 0xdd, 0xb1, 0xd8, 0x3d, 0x0b, 0x1a, 0x96, 0xc3, 0x98, 0xa6, 0x96, 0x43,
    0x7b, 0xd7, 0x95, 0xc3, 0xee, 0xf1, 0xc5, 0x3d, 0x0e, 0xe7, 0x19, 0x3f, 0x26, 0x12, 0x4b, 0x3f,
    0x69, 0x07, 0xb6, 0x3d, 0x5f, 0xe0, 0x49, 0x3f, 0x07, 0xc5, 0x1b, 0xbf, 0x00, 0x00, 0x80, 0x3f,
    0xcc, 0xcc, 0xcc, 0xff, 0xbf, 0xb6, 0xee, 0x3e, 0xae, 0x9a, 0x07, 0x3e, 0x2a, 0x19, 0x96, 0xc3,
    0xd9, 0xa6, 0x96, 0x43, 0xc7, 0xd7, 0x95, 0xc3, 0xee, 0xf1, 0xc5, 0x3d, 0x0e, 0xe7, 0x19, 0x3f,
    0x26, 0x12, 0x4b, 0x3f, 0x63, 0x07, 0xb6, 0x3d, 0x5f, 0xe0, 0x49, 0x3f, 0x07, 0xc5, 0x1b, 0xbf,
    0x00, 0x00, 0x80, 0x3f, 0xcc, 0xcc, 0xcc, 0xff, 0xd6, 0x6e, 0xf3, 0x3e, 0x05, 0x8b, 0x43, 0x3d,
    0x73, 0x1a, 0x96, 0xc3, 0x62, 0xa6, 0x96, 0x43, 0xe5, 0xd7, 0x95, 0xc3, 0xad, 0x1d, 0x84, 0xbe,
    0x1c, 0x9e, 0x24, 0x3f, 0xfe, 0x96, 0x38, 0xbf, 0x30, 0xf8, 0xf3, 0x3e, 0x68, 0x85, 0x10, 0xbf,
    0xbe, 0x89, 0x2c, 0xbf, 0x00, 0x00, 0x80, 0x3f, 0xcc, 0xcc, 0xcc, 0xff, 0xf0, 0xfc, 0x06, 0x3f,
    0xc1, 0xe1, 0x35, 0x3e, 0xa9, 0x1a, 0x96, 0xc3, 0xae, 0xa6, 0x96, 0x43, 0x8e, 0xd7, 0x95, 0xc3,
    0xad, 0x1d, 0x84, 0xbe, 0x1c, 0x9e, 0x24, 0x3f, 0xfe, 0x96, 0x38, 0xbf, 0x2f, 0xf8, 0xf3, 0x3e,
    0x67, 0x85, 0x10, 0xbf, 0xbe, 0x89, 0x2c, 0xbf, 0x00, 0x00, 0x80, 0x3f, 0xcc, 0xcc, 0xcc, 0xff,
    0x49, 0x9d, 0xf8, 0x3e, 0xc0, 0x03, 0x33, 0x3e, 0xc4, 0x19, 0x96, 0xc3, 0xd5, 0xa6, 0x96, 0x43,
    0xbd, 0xd7, 0x95, 0xc3, 0xad, 0x1d, 0x84, 0xbe, 0x1c, 0x9e, 0x24, 0x3f, 0xfe, 0x96, 0x38, 0xbf,
    0x2f, 0xf8, 0xf3, 0x3e, 0x67, 0x85, 0x10, 0xbf, 0xbe, 0x89, 0x2c, 0xbf, 0x00, 0x00, 0x80, 0x3f,
    0xcc, 0xcc, 0xcc, 0xff, 0x79, 0xe9, 0xf6, 0x3e, 0xf2, 0x09, 0xd9, 0x3d, 0xed, 0x1a, 0x96, 0xc3,
    0x4a, 0xa6, 0x96, 0x43, 0xd5, 0xd7, 0x95, 0xc3, 0xee, 0xf5, 0x65, 0xbe, 0x9a, 0x31, 0x29, 0x3f,
    0xa0, 0x50, 0x37, 0xbf, 0x30, 0x87, 0xf6, 0x3e, 0x93, 0x48, 0x10, 0xbf, 0x85, 0xd3, 0x2b, 0xbf,
    0x00, 0x00, 0x80, 0x3f, 0xcc, 0xcc, 0xcc, 0xff, 0xff, 0xea, 0xf9, 0x3e, 0x25, 0x7a, 0x59, 0x3e,
    0xa0, 0x1a, 0x96, 0xc3, 0xb0, 0xa6, 0x96, 0x43, 0x78, 0xd7, 0x95, 0xc3, 0xdc, 0x8a, 0x1e, 0xbe,
    0xbb, 0xd0, 0x7c, 0x3f, 0x9e, 0xfb, 0xe0, 0x3c, 0xfa, 0x3f, 0xa5, 0xbe, 0x21, 0xf7, 0xc6, 0xbc,
    0x4a, 0x38, 0x72, 0xbf, 0x00, 0x00, 0x80, 0x3f, 0xcc, 0xcc, 0xcc, 0xff, 0x3c, 0xdc, 0xf6, 0x3e,
    0x87, 0xdf, 0x2d, 0x3e, 0xbf, 0x19, 0x96, 0xc3, 0xd5, 0xa6, 0x96, 0x43, 0xb2, 0xd7, 0x95, 0xc3,
    0xdd, 0x8a, 0x1e, 0xbe, 0xbb, 0xd0, 0x7c, 0x3f, 0xb8, 0xfb, 0xe0, 0x3c, 0xf9, 0x3f, 0xa5, 0xbe,
    0x07, 0xf7, 0xc6, 0xbc, 0x4a, 0x38, 0x72, 0xbf, 0x00, 0x00, 0x80, 0x3f, 0xcc, 0xcc, 0xcc, 0xff,
    0xdb, 0x16, 0xf5, 0x3e, 0xdd, 0xb1, 0xd8, 0x3d, 0xc4, 0x19, 0x96, 0xc3, 0xd5, 0xa6, 0x96, 0x43,
    0xbd, 0xd7, 0x95, 0xc3, 0xdd, 0x8a, 0x1e, 0xbe, 0xbb, 0xd0, 0x7c, 0x3f, 0xb8, 0xfb, 0xe0, 0x3c,
    0xf9, 0x3f, 0xa5, 0xbe, 0x3a, 0xf7, 0xc6, 0xbc, 0x4a, 0x38, 0x72, 0xbf, 0x00, 0x00, 0x80, 0x3f,
    0xcc, 0xcc, 0xcc, 0xff, 0x79, 0xe9, 0xf6, 0x3e, 0xf2, 0x09, 0xd9, 0x3d, 0x7c, 0x19, 0x96, 0xc3,
    0xe2, 0xa6, 0x96, 0x43, 0xcd, 0xd7, 0x95, 0xc3, 0xfb, 0xb3, 0x30, 0xbe, 0xf1, 0x00, 0x7c, 0x3f,
    0x2c, 0xe7, 0x0d, 0x3d, 0xb8, 0x7a, 0xab, 0xbe, 0x0f, 0x68, 0xd1, 0xbc, 0x55, 0x20, 0x71, 0xbf,
    0x00, 0x00, 0x80, 0x3f, 0xcc, 0xcc, 0xcc, 0xff, 0x63, 0x7e, 0xf6, 0x3e, 0xe5, 0x61, 0xa1, 0x3d,
};
inline constexpr std::size_t g_EndfieldM21PeakVerticesSize = sizeof(g_EndfieldM21PeakVertices);

inline constexpr std::uint8_t g_EndfieldM21PeakIndices[] = {
    0x00, 0x00, 0x01, 0x00, 0x02, 0x00, 0x03, 0x00, 0x04, 0x00, 0x05, 0x00, 0x06, 0x00, 0x07, 0x00,
    0x08, 0x00, 0x09, 0x00, 0x0a, 0x00, 0x0b, 0x00, 0x0c, 0x00, 0x0d, 0x00, 0x0e, 0x00, 0x0f, 0x00,
    0x10, 0x00, 0x11, 0x00, 0x12, 0x00, 0x13, 0x00, 0x14, 0x00, 0x15, 0x00, 0x16, 0x00, 0x17, 0x00,
    0x18, 0x00, 0x19, 0x00, 0x1a, 0x00, 0x1b, 0x00, 0x1c, 0x00, 0x1d, 0x00, 0x1e, 0x00, 0x1f, 0x00,
    0x20, 0x00, 0x21, 0x00, 0x22, 0x00, 0x23, 0x00, 0x24, 0x00, 0x25, 0x00, 0x26, 0x00, 0x27, 0x00,
    0x28, 0x00, 0x29, 0x00, 0x2a, 0x00, 0x2b, 0x00, 0x2c, 0x00, 0x2d, 0x00, 0x2e, 0x00, 0x2f, 0x00,
    0x30, 0x00, 0x31, 0x00, 0x32, 0x00, 0x33, 0x00, 0x34, 0x00, 0x35, 0x00, 0x36, 0x00, 0x37, 0x00,
    0x38, 0x00, 0x39, 0x00, 0x3a, 0x00, 0x3b, 0x00, 0x3c, 0x00, 0x3d, 0x00, 0x3e, 0x00, 0x3f, 0x00,
    0x40, 0x00, 0x41, 0x00, 0x42, 0x00, 0x43, 0x00, 0x44, 0x00, 0x45, 0x00, 0x46, 0x00, 0x47, 0x00,
    0x48, 0x00, 0x49, 0x00, 0x4a, 0x00, 0x4b, 0x00, 0x4c, 0x00, 0x4d, 0x00, 0x4e, 0x00, 0x4f, 0x00,
    0x50, 0x00, 0x51, 0x00, 0x52, 0x00, 0x53, 0x00, 0x54, 0x00, 0x55, 0x00, 0x56, 0x00, 0x57, 0x00,
    0x58, 0x00, 0x59, 0x00, 0x5a, 0x00, 0x5b, 0x00, 0x5c, 0x00, 0x5d, 0x00, 0x5e, 0x00, 0x5f, 0x00,
    0x60, 0x00, 0x61, 0x00, 0x62, 0x00, 0x63, 0x00, 0x64, 0x00, 0x65, 0x00, 0x66, 0x00, 0x67, 0x00,
    0x68, 0x00, 0x68, 0x00, 0x69, 0x00, 0x66, 0x00, 0x6a, 0x00, 0x6b, 0x00, 0x6c, 0x00, 0x6d, 0x00,
    0x6e, 0x00, 0x6f, 0x00, 0x70, 0x00, 0x71, 0x00, 0x72, 0x00, 0x73, 0x00, 0x74, 0x00, 0x75, 0x00,
    0x76, 0x00, 0x77, 0x00, 0x78, 0x00, 0x79, 0x00, 0x7a, 0x00, 0x7b, 0x00, 0x7c, 0x00, 0x7d, 0x00,
    0x7e, 0x00, 0x7f, 0x00, 0x80, 0x00, 0x81, 0x00, 0x82, 0x00, 0x83, 0x00, 0x84, 0x00, 0x85, 0x00,
    0x86, 0x00, 0x87, 0x00, 0x88, 0x00, 0x89, 0x00, 0x8a, 0x00, 0x8b, 0x00, 0x8c, 0x00, 0x8d, 0x00,
    0x8e, 0x00, 0x8f, 0x00, 0x90, 0x00, 0x91, 0x00, 0x92, 0x00, 0x93, 0x00, 0x94, 0x00, 0x95, 0x00,
    0x96, 0x00, 0x97, 0x00, 0x98, 0x00, 0x99, 0x00, 0x9a, 0x00, 0x9b, 0x00, 0x9c, 0x00, 0x9d, 0x00,
    0x9e, 0x00, 0x9f, 0x00, 0xa0, 0x00, 0xa1, 0x00, 0xa2, 0x00, 0xa3, 0x00, 0xa4, 0x00, 0xa5, 0x00,
    0xa6, 0x00, 0xa7, 0x00, 0xa8, 0x00, 0xa9, 0x00, 0xaa, 0x00, 0xab, 0x00, 0xac, 0x00, 0xad, 0x00,
    0xae, 0x00, 0xaf, 0x00, 0xb0, 0x00, 0xb1, 0x00, 0xb2, 0x00, 0xb3, 0x00, 0xb4, 0x00, 0xb5, 0x00,
    0xb6, 0x00, 0xb7, 0x00, 0xb8, 0x00, 0xb9, 0x00, 0xba, 0x00, 0xbb, 0x00, 0xbc, 0x00, 0xbd, 0x00,
    0xbe, 0x00, 0xbf, 0x00, 0xc0, 0x00, 0xc1, 0x00, 0xc2, 0x00, 0xc3, 0x00, 0xc4, 0x00, 0xc5, 0x00,
    0xc6, 0x00, 0xc7, 0x00, 0xc8, 0x00, 0xc9, 0x00, 0xca, 0x00, 0xcb, 0x00, 0xcc, 0x00, 0xcd, 0x00,
    0xce, 0x00, 0xcf, 0x00, 0xd0, 0x00, 0xd1, 0x00, 0xd2, 0x00, 0xd2, 0x00, 0xd3, 0x00, 0xd0, 0x00,
    0xd4, 0x00, 0xd5, 0x00, 0xd6, 0x00, 0xd7, 0x00, 0xd8, 0x00, 0xd9, 0x00, 0xda, 0x00, 0xdb, 0x00,
    0xdc, 0x00, 0xdd, 0x00, 0xde, 0x00, 0xdf, 0x00, 0xe0, 0x00, 0xe1, 0x00, 0xe2, 0x00, 0xe3, 0x00,
    0xe4, 0x00, 0xe5, 0x00, 0xe6, 0x00, 0xe7, 0x00, 0xe8, 0x00, 0xe9, 0x00, 0xea, 0x00, 0xeb, 0x00,
    0xec, 0x00, 0xed, 0x00, 0xee, 0x00, 0xef, 0x00, 0xf0, 0x00, 0xf1, 0x00, 0xf2, 0x00, 0xf3, 0x00,
    0xf4, 0x00, 0xf5, 0x00, 0xf6, 0x00, 0xf7, 0x00, 0xf8, 0x00, 0xf9, 0x00, 0xfa, 0x00, 0xfb, 0x00,
    0xfc, 0x00, 0xfd, 0x00, 0xfe, 0x00, 0xff, 0x00, 0x00, 0x01, 0x01, 0x01, 0x02, 0x01, 0x03, 0x01,
    0x04, 0x01, 0x05, 0x01, 0x06, 0x01, 0x07, 0x01, 0x08, 0x01, 0x09, 0x01, 0x0a, 0x01, 0x0b, 0x01,
    0x0c, 0x01, 0x0d, 0x01, 0x0e, 0x01, 0x0f, 0x01, 0x10, 0x01, 0x11, 0x01, 0x12, 0x01, 0x13, 0x01,
    0x14, 0x01, 0x15, 0x01, 0x16, 0x01, 0x17, 0x01, 0x18, 0x01, 0x19, 0x01, 0x1a, 0x01, 0x1b, 0x01,
    0x1c, 0x01, 0x1d, 0x01, 0x1e, 0x01, 0x1f, 0x01, 0x20, 0x01, 0x21, 0x01, 0x22, 0x01, 0x23, 0x01,
    0x24, 0x01, 0x25, 0x01, 0x26, 0x01, 0x27, 0x01, 0x28, 0x01, 0x29, 0x01, 0x2a, 0x01, 0x2b, 0x01,
    0x2c, 0x01, 0x2d, 0x01, 0x2e, 0x01, 0x2f, 0x01, 0x30, 0x01, 0x31, 0x01, 0x32, 0x01, 0x33, 0x01,
    0x34, 0x01, 0x35, 0x01, 0x36, 0x01, 0x37, 0x01, 0x38, 0x01, 0x39, 0x01, 0x3a, 0x01, 0x3b, 0x01,
    0x3c, 0x01, 0x3d, 0x01, 0x3b, 0x01, 0x3a, 0x01, 0x3e, 0x01, 0x3f, 0x01, 0x40, 0x01, 0x3f, 0x01,
    0x41, 0x01, 0x40, 0x01, 0x42, 0x01, 0x43, 0x01, 0x44, 0x01, 0x45, 0x01, 0x46, 0x01, 0x47, 0x01,
    0x48, 0x01, 0x49, 0x01, 0x4a, 0x01, 0x4b, 0x01, 0x4c, 0x01, 0x4d, 0x01, 0x4e, 0x01, 0x4f, 0x01,
    0x50, 0x01, 0x51, 0x01, 0x52, 0x01, 0x53, 0x01, 0x54, 0x01, 0x55, 0x01, 0x56, 0x01, 0x57, 0x01,
    0x58, 0x01, 0x59, 0x01, 0x5a, 0x01, 0x5b, 0x01, 0x5c, 0x01, 0x5d, 0x01, 0x5e, 0x01, 0x5f, 0x01,
    0x60, 0x01, 0x61, 0x01, 0x62, 0x01, 0x63, 0x01, 0x64, 0x01, 0x65, 0x01, 0x66, 0x01, 0x67, 0x01,
    0x68, 0x01, 0x69, 0x01, 0x6a, 0x01, 0x6b, 0x01, 0x6c, 0x01, 0x6d, 0x01, 0x6e, 0x01, 0x6f, 0x01,
    0x70, 0x01, 0x71, 0x01, 0x72, 0x01, 0x73, 0x01, 0x74, 0x01, 0x75, 0x01, 0x76, 0x01, 0x77, 0x01,
    0x78, 0x01, 0x79, 0x01, 0x7a, 0x01, 0x7b, 0x01, 0x7c, 0x01, 0x7d, 0x01, 0x7e, 0x01, 0x7f, 0x01,
    0x80, 0x01, 0x81, 0x01, 0x82, 0x01, 0x83, 0x01, 0x84, 0x01, 0x85, 0x01, 0x86, 0x01, 0x87, 0x01,
    0x88, 0x01, 0x89, 0x01, 0x8a, 0x01, 0x8b, 0x01, 0x8c, 0x01, 0x8d, 0x01, 0x8e, 0x01, 0x8f, 0x01,
    0x90, 0x01, 0x91, 0x01, 0x92, 0x01, 0x93, 0x01, 0x94, 0x01, 0x95, 0x01, 0x96, 0x01, 0x97, 0x01,
    0x98, 0x01, 0x99, 0x01, 0x9a, 0x01, 0x9b, 0x01, 0x9c, 0x01, 0x9d, 0x01, 0x9e, 0x01, 0x9f, 0x01,
    0xa0, 0x01, 0xa1, 0x01, 0xa2, 0x01, 0xa3, 0x01, 0xa4, 0x01, 0xa5, 0x01, 0xa6, 0x01, 0xa7, 0x01,
    0xa8, 0x01, 0xa9, 0x01, 0xaa, 0x01, 0xaa, 0x01, 0xab, 0x01, 0xa8, 0x01, 0xac, 0x01, 0xad, 0x01,
    0xae, 0x01, 0xaf, 0x01, 0xb0, 0x01, 0xb1, 0x01, 0xb2, 0x01, 0xb3, 0x01, 0xb4, 0x01, 0xb5, 0x01,
    0xb6, 0x01, 0xb7, 0x01, 0xb8, 0x01, 0xb9, 0x01, 0xba, 0x01, 0xbb, 0x01, 0xbc, 0x01, 0xbd, 0x01,
    0xbe, 0x01, 0xbf, 0x01, 0xc0, 0x01, 0xc1, 0x01, 0xc2, 0x01, 0xc3, 0x01, 0xc4, 0x01, 0xc5, 0x01,
    0xc6, 0x01, 0xc7, 0x01, 0xc8, 0x01, 0xc9, 0x01, 0xca, 0x01, 0xcb, 0x01, 0xcc, 0x01, 0xcd, 0x01,
    0xce, 0x01, 0xcf, 0x01, 0xd0, 0x01, 0xd1, 0x01, 0xd2, 0x01, 0xd3, 0x01, 0xd4, 0x01, 0xd5, 0x01,
    0xd6, 0x01, 0xd7, 0x01, 0xd8, 0x01, 0xd9, 0x01, 0xda, 0x01, 0xdb, 0x01, 0xdc, 0x01, 0xdd, 0x01,
    0xde, 0x01, 0xdf, 0x01, 0xe0, 0x01, 0xe1, 0x01, 0xe2, 0x01, 0xe3, 0x01, 0xe4, 0x01, 0xe5, 0x01,
    0xe6, 0x01, 0xe7, 0x01, 0xe8, 0x01, 0xe9, 0x01, 0xea, 0x01, 0xeb, 0x01, 0xec, 0x01, 0xed, 0x01,
    0xee, 0x01, 0xef, 0x01, 0xf0, 0x01, 0xf1, 0x01, 0xf2, 0x01, 0xf3, 0x01, 0xf4, 0x01, 0xf5, 0x01,
    0xf6, 0x01, 0xf7, 0x01, 0xf8, 0x01, 0xf9, 0x01, 0xfa, 0x01, 0xfb, 0x01, 0xfc, 0x01, 0xfd, 0x01,
    0xfe, 0x01, 0xff, 0x01, 0x00, 0x02, 0x01, 0x02, 0x02, 0x02, 0x03, 0x02, 0x04, 0x02, 0x05, 0x02,
    0x06, 0x02, 0x07, 0x02, 0x08, 0x02, 0x09, 0x02, 0x0a, 0x02, 0x0b, 0x02, 0x0c, 0x02, 0x0d, 0x02,
    0x0e, 0x02, 0x0f, 0x02, 0x10, 0x02, 0x11, 0x02, 0x12, 0x02, 0x13, 0x02, 0x14, 0x02, 0x14, 0x02,
    0x15, 0x02, 0x12, 0x02, 0x16, 0x02, 0x17, 0x02, 0x18, 0x02, 0x19, 0x02, 0x1a, 0x02, 0x1b, 0x02,
    0x1c, 0x02, 0x1d, 0x02, 0x1e, 0x02, 0x1f, 0x02, 0x20, 0x02, 0x21, 0x02, 0x22, 0x02, 0x23, 0x02,
    0x24, 0x02, 0x25, 0x02, 0x26, 0x02, 0x27, 0x02, 0x28, 0x02, 0x29, 0x02, 0x2a, 0x02, 0x2b, 0x02,
    0x2c, 0x02, 0x2d, 0x02, 0x2e, 0x02, 0x2f, 0x02, 0x30, 0x02, 0x31, 0x02, 0x32, 0x02, 0x33, 0x02,
    0x34, 0x02, 0x35, 0x02, 0x36, 0x02, 0x37, 0x02, 0x38, 0x02, 0x39, 0x02, 0x3a, 0x02, 0x3b, 0x02,
    0x3c, 0x02, 0x3d, 0x02, 0x3e, 0x02, 0x3f, 0x02, 0x40, 0x02, 0x41, 0x02, 0x42, 0x02, 0x43, 0x02,
    0x44, 0x02, 0x45, 0x02, 0x46, 0x02, 0x47, 0x02, 0x48, 0x02, 0x49, 0x02, 0x4a, 0x02, 0x4b, 0x02,
    0x4c, 0x02, 0x4d, 0x02, 0x4e, 0x02, 0x4f, 0x02, 0x50, 0x02, 0x51, 0x02, 0x52, 0x02, 0x53, 0x02,
    0x54, 0x02, 0x55, 0x02, 0x56, 0x02, 0x57, 0x02, 0x58, 0x02, 0x59, 0x02, 0x5a, 0x02, 0x5b, 0x02,
    0x5c, 0x02, 0x5d, 0x02, 0x5e, 0x02, 0x5f, 0x02, 0x60, 0x02, 0x61, 0x02, 0x62, 0x02, 0x63, 0x02,
    0x64, 0x02, 0x65, 0x02, 0x66, 0x02, 0x67, 0x02, 0x68, 0x02, 0x69, 0x02, 0x6a, 0x02, 0x6b, 0x02,
    0x6c, 0x02, 0x6d, 0x02, 0x6e, 0x02, 0x6f, 0x02, 0x70, 0x02, 0x71, 0x02, 0x72, 0x02, 0x73, 0x02,
    0x74, 0x02, 0x75, 0x02, 0x76, 0x02, 0x77, 0x02, 0x78, 0x02, 0x79, 0x02, 0x7a, 0x02, 0x7b, 0x02,
    0x7c, 0x02, 0x7d, 0x02, 0x7e, 0x02, 0x7f, 0x02, 0x7d, 0x02, 0x7c, 0x02, 0x80, 0x02, 0x81, 0x02,
    0x82, 0x02, 0x81, 0x02, 0x83, 0x02, 0x82, 0x02, 0x84, 0x02, 0x85, 0x02, 0x86, 0x02, 0x87, 0x02,
    0x88, 0x02, 0x89, 0x02, 0x8a, 0x02, 0x8b, 0x02, 0x8c, 0x02, 0x8d, 0x02, 0x8e, 0x02, 0x8f, 0x02,
    0x90, 0x02, 0x91, 0x02, 0x92, 0x02, 0x93, 0x02, 0x94, 0x02, 0x95, 0x02, 0x96, 0x02, 0x97, 0x02,
    0x98, 0x02, 0x99, 0x02, 0x9a, 0x02, 0x9b, 0x02, 0x9c, 0x02, 0x9d, 0x02, 0x9e, 0x02, 0x9f, 0x02,
    0xa0, 0x02, 0xa1, 0x02, 0xa2, 0x02, 0xa3, 0x02, 0xa4, 0x02, 0xa5, 0x02, 0xa6, 0x02, 0xa7, 0x02,
    0xa8, 0x02, 0xa9, 0x02, 0xaa, 0x02, 0xab, 0x02, 0xac, 0x02, 0xad, 0x02, 0xae, 0x02, 0xaf, 0x02,
    0xb0, 0x02, 0xb1, 0x02, 0xb2, 0x02, 0xb3, 0x02, 0xb4, 0x02, 0xb5, 0x02, 0xb6, 0x02, 0xb7, 0x02,
    0xb8, 0x02, 0xb9, 0x02, 0xba, 0x02, 0xbb, 0x02, 0xbc, 0x02, 0xbd, 0x02, 0xbe, 0x02, 0xbf, 0x02,
    0xc0, 0x02, 0xc1, 0x02, 0xc2, 0x02, 0xc3, 0x02, 0xc4, 0x02, 0xc5, 0x02, 0xc6, 0x02, 0xc7, 0x02,
    0xc8, 0x02, 0xc9, 0x02, 0xca, 0x02, 0xcb, 0x02, 0xcc, 0x02, 0xcd, 0x02, 0xce, 0x02, 0xcf, 0x02,
    0xd0, 0x02, 0xd1, 0x02, 0xd2, 0x02, 0xd3, 0x02, 0xd4, 0x02, 0xd5, 0x02, 0xd6, 0x02, 0xd7, 0x02,
    0xd8, 0x02, 0xd9, 0x02, 0xda, 0x02, 0xdb, 0x02, 0xdc, 0x02, 0xdd, 0x02, 0xde, 0x02, 0xdf, 0x02,
    0xe0, 0x02, 0xe1, 0x02, 0xe2, 0x02, 0xe3, 0x02, 0xe4, 0x02, 0xe5, 0x02, 0xe6, 0x02, 0xe7, 0x02,
    0xe8, 0x02, 0xe9, 0x02, 0xea, 0x02, 0xeb, 0x02, 0xec, 0x02, 0xed, 0x02, 0xeb, 0x02, 0xea, 0x02,
    0xee, 0x02, 0xef, 0x02, 0xf0, 0x02, 0xef, 0x02, 0xf1, 0x02, 0xf0, 0x02, 0xf2, 0x02, 0xf3, 0x02,
    0xf4, 0x02, 0xf5, 0x02, 0xf6, 0x02, 0xf7, 0x02, 0xf8, 0x02, 0xf9, 0x02, 0xfa, 0x02, 0xfb, 0x02,
    0xfc, 0x02, 0xfd, 0x02, 0xfe, 0x02, 0xff, 0x02, 0x00, 0x03, 0x01, 0x03, 0x02, 0x03, 0x03, 0x03,
    0x04, 0x03, 0x05, 0x03, 0x06, 0x03, 0x07, 0x03, 0x08, 0x03, 0x09, 0x03, 0x0a, 0x03, 0x0b, 0x03,
    0x0c, 0x03, 0x0d, 0x03, 0x0e, 0x03, 0x0f, 0x03, 0x10, 0x03, 0x11, 0x03, 0x12, 0x03, 0x13, 0x03,
    0x14, 0x03, 0x15, 0x03, 0x16, 0x03, 0x17, 0x03, 0x18, 0x03, 0x19, 0x03, 0x1a, 0x03, 0x1b, 0x03,
    0x1c, 0x03, 0x1d, 0x03, 0x1e, 0x03, 0x1f, 0x03, 0x20, 0x03, 0x21, 0x03, 0x22, 0x03, 0x23, 0x03,
    0x24, 0x03, 0x25, 0x03, 0x26, 0x03, 0x27, 0x03, 0x28, 0x03, 0x29, 0x03, 0x2a, 0x03, 0x2b, 0x03,
    0x2c, 0x03, 0x2d, 0x03, 0x2e, 0x03, 0x2f, 0x03, 0x30, 0x03, 0x31, 0x03, 0x32, 0x03, 0x33, 0x03,
    0x34, 0x03, 0x35, 0x03, 0x36, 0x03, 0x37, 0x03, 0x38, 0x03, 0x39, 0x03, 0x3a, 0x03, 0x3b, 0x03,
    0x3c, 0x03, 0x3d, 0x03, 0x3e, 0x03, 0x3f, 0x03, 0x40, 0x03, 0x41, 0x03, 0x42, 0x03, 0x43, 0x03,
    0x44, 0x03, 0x45, 0x03, 0x46, 0x03, 0x47, 0x03, 0x48, 0x03, 0x49, 0x03, 0x4a, 0x03, 0x4b, 0x03,
    0x4c, 0x03, 0x4d, 0x03, 0x4e, 0x03, 0x4f, 0x03, 0x50, 0x03, 0x51, 0x03, 0x52, 0x03, 0x53, 0x03,
    0x54, 0x03, 0x55, 0x03, 0x56, 0x03, 0x57, 0x03, 0x58, 0x03, 0x59, 0x03, 0x5a, 0x03, 0x5a, 0x03,
    0x5b, 0x03, 0x58, 0x03, 0x5c, 0x03, 0x5d, 0x03, 0x5e, 0x03, 0x5f, 0x03, 0x60, 0x03, 0x61, 0x03,
    0x62, 0x03, 0x63, 0x03, 0x64, 0x03, 0x65, 0x03, 0x66, 0x03, 0x67, 0x03, 0x68, 0x03, 0x69, 0x03,
    0x6a, 0x03, 0x6b, 0x03, 0x6c, 0x03, 0x6d, 0x03, 0x6e, 0x03, 0x6f, 0x03, 0x70, 0x03, 0x71, 0x03,
    0x72, 0x03, 0x73, 0x03, 0x74, 0x03, 0x75, 0x03, 0x76, 0x03, 0x77, 0x03, 0x78, 0x03, 0x79, 0x03,
    0x7a, 0x03, 0x7b, 0x03, 0x7c, 0x03, 0x7d, 0x03, 0x7e, 0x03, 0x7f, 0x03, 0x80, 0x03, 0x81, 0x03,
    0x82, 0x03, 0x83, 0x03, 0x84, 0x03, 0x85, 0x03, 0x86, 0x03, 0x87, 0x03, 0x88, 0x03, 0x89, 0x03,
    0x8a, 0x03, 0x8b, 0x03, 0x8c, 0x03, 0x8d, 0x03, 0x8e, 0x03, 0x8f, 0x03, 0x90, 0x03, 0x91, 0x03,
    0x92, 0x03, 0x93, 0x03, 0x94, 0x03, 0x95, 0x03, 0x96, 0x03, 0x97, 0x03, 0x98, 0x03, 0x99, 0x03,
    0x9a, 0x03, 0x9b, 0x03, 0x9c, 0x03, 0x9d, 0x03, 0x9e, 0x03, 0x9f, 0x03, 0xa0, 0x03, 0xa1, 0x03,
    0xa2, 0x03, 0xa3, 0x03, 0xa4, 0x03, 0xa5, 0x03, 0xa6, 0x03, 0xa7, 0x03, 0xa8, 0x03, 0xa9, 0x03,
    0xaa, 0x03, 0xab, 0x03, 0xac, 0x03, 0xad, 0x03, 0xae, 0x03, 0xaf, 0x03, 0xb0, 0x03, 0xb1, 0x03,
    0xb2, 0x03, 0xb3, 0x03, 0xb4, 0x03, 0xb5, 0x03, 0xb6, 0x03, 0xb7, 0x03, 0xb8, 0x03, 0xb9, 0x03,
    0xba, 0x03, 0xbb, 0x03, 0xbc, 0x03, 0xbd, 0x03, 0xbe, 0x03, 0xbf, 0x03, 0xc0, 0x03, 0xc1, 0x03,
    0xc2, 0x03, 0xc3, 0x03, 0xc4, 0x03, 0xc5, 0x03, 0xc3, 0x03, 0xc2, 0x03, 0xc6, 0x03, 0xc7, 0x03,
    0xc8, 0x03, 0xc7, 0x03, 0xc9, 0x03, 0xc8, 0x03, 0xca, 0x03, 0xcb, 0x03, 0xcc, 0x03, 0xcd, 0x03,
    0xce, 0x03, 0xcf, 0x03, 0xd0, 0x03, 0xd1, 0x03, 0xd2, 0x03, 0xd3, 0x03, 0xd4, 0x03, 0xd5, 0x03,
    0xd6, 0x03, 0xd7, 0x03, 0xd8, 0x03, 0xd9, 0x03, 0xda, 0x03, 0xdb, 0x03, 0xdc, 0x03, 0xdd, 0x03,
    0xde, 0x03, 0xdf, 0x03, 0xe0, 0x03, 0xe1, 0x03, 0xe2, 0x03, 0xe3, 0x03, 0xe4, 0x03, 0xe5, 0x03,
    0xe6, 0x03, 0xe7, 0x03, 0xe8, 0x03, 0xe9, 0x03, 0xea, 0x03, 0xeb, 0x03, 0xec, 0x03, 0xed, 0x03,
    0xee, 0x03, 0xef, 0x03, 0xf0, 0x03, 0xf1, 0x03, 0xf2, 0x03, 0xf3, 0x03, 0xf4, 0x03, 0xf5, 0x03,
    0xf6, 0x03, 0xf7, 0x03, 0xf8, 0x03, 0xf9, 0x03, 0xfa, 0x03, 0xfb, 0x03, 0xfc, 0x03, 0xfd, 0x03,
    0xfe, 0x03, 0xff, 0x03, 0x00, 0x04, 0x01, 0x04, 0x02, 0x04, 0x03, 0x04, 0x04, 0x04, 0x05, 0x04,
    0x06, 0x04, 0x07, 0x04, 0x08, 0x04, 0x09, 0x04, 0x0a, 0x04, 0x0b, 0x04, 0x0c, 0x04, 0x0d, 0x04,
    0x0e, 0x04, 0x0f, 0x04, 0x10, 0x04, 0x11, 0x04, 0x12, 0x04, 0x13, 0x04, 0x14, 0x04, 0x15, 0x04,
    0x16, 0x04, 0x17, 0x04, 0x18, 0x04, 0x19, 0x04, 0x1a, 0x04, 0x1b, 0x04, 0x1c, 0x04, 0x1d, 0x04,
    0x1e, 0x04, 0x1f, 0x04, 0x20, 0x04, 0x21, 0x04, 0x22, 0x04, 0x23, 0x04, 0x24, 0x04, 0x25, 0x04,
    0x26, 0x04, 0x27, 0x04, 0x28, 0x04, 0x29, 0x04, 0x2a, 0x04, 0x2b, 0x04, 0x2c, 0x04, 0x2d, 0x04,
    0x2e, 0x04, 0x2f, 0x04, 0x30, 0x04, 0x31, 0x04, 0x32, 0x04, 0x33, 0x04, 0x31, 0x04, 0x30, 0x04,
    0x34, 0x04, 0x35, 0x04, 0x36, 0x04, 0x35, 0x04, 0x37, 0x04, 0x36, 0x04,
};
inline constexpr std::size_t g_EndfieldM21PeakIndicesSize = sizeof(g_EndfieldM21PeakIndices);

inline constexpr std::uint8_t g_EndfieldM21PeakSecondary[] = {
    0x00, 0x00, 0x00, 0x00, 0xff, 0xff, 0xff, 0xff, 0x00, 0x00, 0xff, 0x00, 0xff, 0x00, 0x00, 0xff,
    0xff, 0x00, 0x00, 0x00,
};
inline constexpr std::size_t g_EndfieldM21PeakSecondarySize = sizeof(g_EndfieldM21PeakSecondary);

inline constexpr std::uint8_t g_EndfieldM21PeakVSCB0[] = {
    0x00, 0x00, 0x80, 0x3f, 0x00, 0x00, 0x00, 0x00, 0x00, 0x00, 0x00, 0x00, 0x00, 0x00, 0x00, 0x00,
    0x00, 0x00, 0x00, 0x00, 0x00, 0x00, 0x00, 0x00, 0x00, 0x00, 0x00, 0x00, 0x00, 0x00, 0x00, 0x00,
};
inline constexpr std::size_t g_EndfieldM21PeakVSCB0Size = sizeof(g_EndfieldM21PeakVSCB0);

inline constexpr std::uint8_t g_EndfieldM21PeakVSCB1[] = {
    0xd6, 0xfe, 0x7f, 0xbf, 0x28, 0x7d, 0xd1, 0xb9, 0xd9, 0x03, 0xc3, 0xbb, 0x00, 0x00, 0x00, 0x00,
    0x00, 0x00, 0x80, 0x2d, 0xcb, 0x6c, 0x7f, 0x3f, 0xf4, 0x30, 0x89, 0xbd, 0x00, 0x00, 0x00, 0x00,
    0x3d, 0x74, 0xc3, 0xbb, 0x54, 0x30, 0x89, 0x3d, 0xa2, 0x6b, 0x7f, 0x3f, 0x00, 0x00, 0x00, 0x00,
    0x8c, 0xe1, 0x96, 0xc3, 0x3f, 0x49, 0x8c, 0xc3, 0x71, 0x1a, 0x9d, 0x43, 0x00, 0x00, 0x80, 0x3f,
    0xd5, 0xfe, 0x7f, 0xbf, 0xc5, 0x49, 0x00, 0x2e, 0x3c, 0x74, 0xc3, 0xbb, 0x00, 0x00, 0x00, 0x00,
    0x28, 0x7d, 0xd1, 0xb9, 0xcb, 0x6c, 0x7f, 0x3f, 0x53, 0x30, 0x89, 0x3d, 0x00, 0x00, 0x00, 0x00,
    0xd8, 0x03, 0xc3, 0xbb, 0xf4, 0x30, 0x89, 0xbd, 0xa0, 0x6b, 0x7f, 0x3f, 0x00, 0x00, 0x00, 0x00,
    0xdb, 0xff, 0x95, 0xc3, 0xba, 0x7e, 0x96, 0x43, 0x11, 0x40, 0x94, 0xc3, 0x00, 0x00, 0x80, 0x3f,
    0x87, 0x2a, 0x4c, 0x40, 0x00, 0x00, 0x00, 0x00, 0x00, 0x00, 0x00, 0x00, 0x00, 0x00, 0x00, 0x00,
    0x00, 0x00, 0x00, 0x00, 0x23, 0x7b, 0xb5, 0xc0, 0x00, 0x00, 0x00, 0x00, 0x00, 0x00, 0x00, 0x00,
    0x72, 0x93, 0x08, 0x39, 0x7e, 0xcd, 0xbc, 0x39, 0x00, 0x54, 0x03, 0x3b, 0x00, 0x00, 0x80, 0xbf,
    0x00, 0x00, 0x00, 0x00, 0x00, 0x00, 0x00, 0x00, 0xde, 0x35, 0xcd, 0x3d, 0x00, 0x00, 0x00, 0x00,
    0x2b, 0x7f, 0xa0, 0x3e, 0x00, 0x00, 0x00, 0x00, 0x00, 0x00, 0x00, 0x00, 0x00, 0x00, 0x00, 0x00,
    0x00, 0x00, 0x00, 0x00, 0x10, 0x8f, 0x34, 0xbe, 0x00, 0x00, 0x00, 0x00, 0x00, 0x00, 0x00, 0x00,
    0x00, 0x00, 0x00, 0x00, 0x00, 0x00, 0x00, 0x00, 0x00, 0x00, 0x00, 0x00, 0x15, 0xae, 0x1f, 0x41,
    0xff, 0x3f, 0x2b, 0x38, 0xff, 0x29, 0x85, 0xb8, 0x00, 0x00, 0x80, 0xbf, 0xf3, 0xd4, 0xa3, 0x3c,
    0x9c, 0x29, 0x4c, 0xc0, 0x4c, 0x5e, 0x14, 0x3b, 0xeb, 0x15, 0x48, 0xb7, 0xd9, 0x03, 0xc3, 0x3b,
    0xd9, 0x61, 0x12, 0xb7, 0xfb, 0x12, 0xb5, 0xc0, 0x22, 0xc2, 0x0c, 0xb9, 0xf4, 0x30, 0x89, 0x3d,
    0x90, 0xd0, 0x9a, 0xbc, 0x39, 0x53, 0xc2, 0xbe, 0xe3, 0x07, 0x03, 0x3b, 0xa2, 0x6b, 0x7f, 0xbf,
    0xf9, 0xa6, 0x70, 0xc4, 0x27, 0xea, 0xc6, 0x44, 0xe5, 0xd6, 0x3a, 0x3f, 0x71, 0x1a, 0x9d, 0xc3,
    0x9c, 0x29, 0x4c, 0xc0, 0x4c, 0x5e, 0x14, 0x3b, 0xeb, 0x15, 0x48, 0xb7, 0xd9, 0x03, 0xc3, 0x3b,
    0xd9, 0x61, 0x12, 0xb7, 0xfb, 0x12, 0xb5, 0xc0, 0x22, 0xc2, 0x0c, 0xb9, 0xf4, 0x30, 0x89, 0x3d,
    0x90, 0xd0, 0x9a, 0xbc, 0x39, 0x53, 0xc2, 0xbe, 0xe3, 0x07, 0x03, 0x3b, 0xa2, 0x6b, 0x7f, 0xbf,
    0x00, 0x00, 0x00, 0x00, 0x00, 0x00, 0x00, 0x00, 0xde, 0x35, 0xcd, 0x3d, 0x00, 0x00, 0x00, 0x00,
    0x70, 0x7e, 0xa0, 0xbe, 0xab, 0xdb, 0x20, 0x2d, 0x7a, 0x13, 0xf5, 0xba, 0x00, 0x00, 0x00, 0x00,
    0x12, 0xc1, 0x93, 0x38, 0x3c, 0x27, 0x34, 0xbe, 0x4a, 0x85, 0x41, 0xbc, 0x00, 0x00, 0x00, 0x00,
    0xd2, 0x1f, 0x3b, 0xc5, 0x18, 0xbe, 0x3b, 0x45, 0x35, 0xf1, 0x38, 0xc5, 0x15, 0xae, 0x1f, 0x41,
    0xf2, 0xcc, 0xbf, 0xc0, 0xff, 0xc3, 0xc2, 0x40, 0xb6, 0xad, 0xdd, 0xc0, 0xf3, 0xd4, 0xa3, 0x3c,
    0x99, 0x29, 0x4c, 0xc0, 0x41, 0x82, 0x14, 0x3b, 0x71, 0x17, 0x48, 0xb7, 0xd9, 0x03, 0xc3, 0x3b,
    0x87, 0x2a, 0x4c, 0x2e, 0xc8, 0x12, 0xb5, 0xc0, 0x34, 0xc3, 0x0c, 0xb9, 0xf4, 0x30, 0x89, 0x3d,
    0x19, 0xe1, 0x9b, 0xbc, 0x51, 0x82, 0xc2, 0xbe, 0xe3, 0x08, 0x03, 0x3b, 0xa2, 0x6b, 0x7f, 0xbf,
    0x98, 0xa9, 0x70, 0xc4, 0x88, 0xe6, 0xc6, 0x44, 0x1f, 0xd8, 0x3a, 0x3f, 0x71, 0x1a, 0x9d, 0xc3,
    0x99, 0x29, 0x4c, 0xc0, 0x41, 0x82, 0x14, 0x3b, 0x71, 0x17, 0x48, 0xb7, 0xd9, 0x03, 0xc3, 0x3b,
    0x87, 0x2a, 0x4c, 0x2e, 0xc8, 0x12, 0xb5, 0xc0, 0x34, 0xc3, 0x0c, 0xb9, 0xf4, 0x30, 0x89, 0x3d,
    0x19, 0xe1, 0x9b, 0xbc, 0x51, 0x82, 0xc2, 0xbe, 0xe3, 0x08, 0x03, 0x3b, 0xa2, 0x6b, 0x7f, 0xbf,
    0x00, 0x00, 0x00, 0x00, 0x00, 0x00, 0x00, 0x00, 0xde, 0x35, 0xcd, 0x3d, 0x00, 0x00, 0x00, 0x00,
    0x70, 0x7e, 0xa0, 0xbe, 0x1f, 0xf7, 0x34, 0x2d, 0x7b, 0x13, 0xf5, 0xba, 0x00, 0x00, 0x00, 0x00,
    0x12, 0xc1, 0x93, 0x38, 0x3c, 0x27, 0x34, 0xbe, 0x4a, 0x85, 0x41, 0xbc, 0x00, 0x00, 0x00, 0x00,
    0xd0, 0x1f, 0x3b, 0xc5, 0x15, 0xbe, 0x3b, 0x45, 0x33, 0xf1, 0x38, 0xc5, 0x13, 0xae, 0x1f, 0x41,
    0x10, 0xce, 0xbf, 0xc0, 0xf8, 0xc5, 0xc2, 0x40, 0x1e, 0xaf, 0xdd, 0xc0, 0x31, 0xd6, 0xa3, 0x3c,
    0x00, 0x00, 0x80, 0x3f, 0x00, 0x00, 0x00, 0x00, 0x00, 0x00, 0x00, 0x00, 0x00, 0x00, 0x00, 0x00,
    0x00, 0x00, 0x00, 0x00, 0x00, 0x00, 0x80, 0x3f, 0x00, 0x00, 0x00, 0x00, 0x00, 0x00, 0x00, 0x00,
    0x00, 0x00, 0x00, 0x00, 0x00, 0x00, 0x00, 0x00, 0x00, 0x00, 0x80, 0x3f, 0x00, 0x00, 0x00, 0x00,
    0x00, 0x00, 0x00, 0x00, 0x00, 0x00, 0x00, 0x00, 0x00, 0x00, 0x00, 0x00, 0x00, 0x00, 0x80, 0x3f,
    0xdb, 0xff, 0x95, 0xc3, 0xba, 0x7e, 0x96, 0x43, 0x11, 0x40, 0x94, 0xc3, 0x00, 0x00, 0x00, 0x00,
    0x96, 0x29, 0x4c, 0xc0, 0xaa, 0x91, 0x14, 0x3b, 0xeb, 0x15, 0x48, 0xb7, 0xd9, 0x03, 0xc3, 0x3b,
    0x3f, 0x62, 0x12, 0x37, 0xb2, 0x12, 0xb5, 0xc0, 0x22, 0xc2, 0x0c, 0xb9, 0xf4, 0x30, 0x89, 0x3d,
    0xa2, 0xf1, 0x9c, 0xbc, 0x80, 0x96, 0xc2, 0xbe, 0xe3, 0x07, 0x03, 0x3b, 0xa2, 0x6b, 0x7f, 0xbf,
    0x37, 0xac, 0x70, 0xc4, 0xfb, 0xe4, 0xc6, 0x44, 0xe5, 0xd6, 0x3a, 0x3f, 0x71, 0x1a, 0x9d, 0xc3,
    0x96, 0x29, 0x4c, 0xc0, 0xaa, 0x91, 0x14, 0x3b, 0xeb, 0x15, 0x48, 0xb7, 0xd9, 0x03, 0xc3, 0x3b,
    0x3f, 0x62, 0x12, 0x37, 0xb2, 0x12, 0xb5, 0xc0, 0x22, 0xc2, 0x0c, 0xb9, 0xf4, 0x30, 0x89, 0x3d,
    0xa2, 0xf1, 0x9c, 0xbc, 0x80, 0x96, 0xc2, 0xbe, 0xe3, 0x07, 0x03, 0x3b, 0xa2, 0x6b, 0x7f, 0xbf,
    0x00, 0x00, 0x00, 0x00, 0x00, 0x00, 0x00, 0x00, 0xde, 0x35, 0xcd, 0x3d, 0x00, 0x00, 0x00, 0x00,
    0x99, 0x29, 0x4c, 0xc0, 0x41, 0x82, 0x14, 0x3b, 0x71, 0x17, 0x48, 0xb7, 0xd9, 0x03, 0xc3, 0x3b,
    0x87, 0x2a, 0x4c, 0x2e, 0xc8, 0x12, 0xb5, 0xc0, 0x34, 0xc3, 0x0c, 0xb9, 0xf4, 0x30, 0x89, 0x3d,
    0x19, 0xe1, 0x9b, 0xbc, 0x51, 0x82, 0xc2, 0xbe, 0xe3, 0x08, 0x03, 0x3b, 0xa2, 0x6b, 0x7f, 0xbf,
    0x98, 0xa9, 0x70, 0xc4, 0x88, 0xe6, 0xc6, 0x44, 0x1f, 0xd8, 0x3a, 0x3f, 0x71, 0x1a, 0x9d, 0xc3,
    0x99, 0x29, 0x4c, 0xc0, 0x41, 0x82, 0x14, 0x3b, 0x71, 0x17, 0x48, 0xb7, 0xd9, 0x03, 0xc3, 0x3b,
    0x87, 0x2a, 0x4c, 0x2e, 0xc8, 0x12, 0xb5, 0xc0, 0x34, 0xc3, 0x0c, 0xb9, 0xf4, 0x30, 0x89, 0x3d,
    0x19, 0xe1, 0x9b, 0xbc, 0x51, 0x82, 0xc2, 0xbe, 0xe3, 0x08, 0x03, 0x3b, 0xa2, 0x6b, 0x7f, 0xbf,
    0x00, 0x00, 0x00, 0x00, 0x00, 0x00, 0x00, 0x80, 0xde, 0x35, 0xcd, 0x3d, 0x00, 0x00, 0x00, 0x00,
    0x70, 0x7e, 0xa0, 0xbe, 0xab, 0xdb, 0x20, 0x2d, 0x7a, 0x13, 0xf5, 0xba, 0x00, 0x00, 0x00, 0x00,
    0x12, 0xc1, 0x93, 0x38, 0x3c, 0x27, 0x34, 0xbe, 0x4a, 0x85, 0x41, 0xbc, 0x00, 0x00, 0x00, 0x00,
    0xd2, 0x1f, 0x3b, 0xc5, 0x18, 0xbe, 0x3b, 0x45, 0x35, 0xf1, 0x38, 0xc5, 0x15, 0xae, 0x1f, 0x41,
    0x46, 0xcc, 0xbf, 0xc0, 0xbd, 0xc4, 0xc2, 0x40, 0xa9, 0xad, 0xdd, 0xc0, 0xf3, 0xd4, 0xa3, 0x3c,
    0x70, 0x7e, 0xa0, 0xbe, 0x1f, 0xf7, 0x34, 0x2d, 0x7b, 0x13, 0xf5, 0xba, 0x00, 0x00, 0x00, 0x00,
    0x12, 0xc1, 0x93, 0x38, 0x3c, 0x27, 0x34, 0xbe, 0x4a, 0x85, 0x41, 0xbc, 0x00, 0x00, 0x00, 0x00,
    0xd0, 0x1f, 0x3b, 0xc5, 0x15, 0xbe, 0x3b, 0x45, 0x33, 0xf1, 0x38, 0xc5, 0x13, 0xae, 0x1f, 0x41,
    0x10, 0xce, 0xbf, 0xc0, 0xf8, 0xc5, 0xc2, 0x40, 0x1e, 0xaf, 0xdd, 0xc0, 0x31, 0xd6, 0xa3, 0x3c,
    0x00, 0x00, 0x80, 0x3f, 0x00, 0x00, 0x80, 0x2e, 0x00, 0x00, 0x80, 0xaa, 0x00, 0x00, 0x00, 0x00,
    0x00, 0x00, 0x00, 0x00, 0x00, 0x00, 0x80, 0x3f, 0x00, 0x00, 0x00, 0x00, 0x00, 0x00, 0x00, 0x00,
    0x00, 0x00, 0x00, 0x00, 0x00, 0x00, 0x00, 0x00, 0x00, 0x00, 0x80, 0x3f, 0x00, 0x00, 0x00, 0x00,
    0x00, 0x00, 0x00, 0xb6, 0x00, 0x00, 0xc0, 0x36, 0x00, 0x00, 0x80, 0xb0, 0xf8, 0xff, 0x7f, 0x3f,
    0x06, 0x40, 0xcd, 0xbf, 0xc8, 0x4c, 0x95, 0x3a, 0x70, 0x17, 0x48, 0xb7, 0xd8, 0x03, 0xc3, 0x3b,
    0x00, 0x00, 0x00, 0x00, 0xb8, 0x09, 0x36, 0xc0, 0x33, 0xc3, 0x0c, 0xb9, 0xf3, 0x30, 0x89, 0x3d,
    0xae, 0xb5, 0x1c, 0xbc, 0x93, 0x8b, 0x43, 0xbe, 0xe2, 0x08, 0x03, 0x3b, 0xa0, 0x6b, 0x7f, 0xbf,
    0xcd, 0xf1, 0xf1, 0xc3, 0xc8, 0xf5, 0x47, 0x44, 0x1d, 0xd8, 0x3a, 0x3f, 0x6f, 0x1a, 0x9d, 0xc3,
    0xba, 0xa4, 0x1f, 0xbf, 0x00, 0x00, 0x00, 0x00, 0x07, 0xc7, 0x73, 0xbb, 0x00, 0x00, 0x00, 0x00,
    0xa5, 0xf8, 0x12, 0x39, 0xda, 0x32, 0xb3, 0xbe, 0xc7, 0x7e, 0xc0, 0xbc, 0x00, 0x00, 0x00, 0x00,
    0xd4, 0x1f, 0x3b, 0xc5, 0x18, 0xbe, 0x3b, 0x45, 0x35, 0xf1, 0x38, 0xc5, 0x15, 0xae, 0x1f, 0x41,
    0x15, 0xce, 0xbf, 0xc0, 0xfd, 0xc5, 0xc2, 0x40, 0x20, 0xaf, 0xdd, 0xc0, 0x33, 0xd6, 0xa3, 0x3c,
    0xdb, 0xff, 0x95, 0xc3, 0xba, 0x7e, 0x96, 0x43, 0x11, 0x40, 0x94, 0xc3, 0x00, 0x00, 0x00, 0x00,
};
inline constexpr std::size_t g_EndfieldM21PeakVSCB1Size = sizeof(g_EndfieldM21PeakVSCB1);

inline constexpr std::uint8_t g_EndfieldM21PeakVSCB2[] = {
    0x00, 0x00, 0x70, 0x45, 0x00, 0x00, 0x07, 0x45, 0x89, 0x88, 0x88, 0x39, 0xd6, 0xb9, 0xf2, 0x39,
    0x00, 0x00, 0x70, 0x45, 0x00, 0x00, 0x07, 0x45, 0x89, 0x88, 0x88, 0x39, 0xd6, 0xb9, 0xf2, 0x39,
    0x00, 0x80, 0xf9, 0x43, 0x00, 0x00, 0x80, 0x3f, 0x14, 0xae, 0x1f, 0x41, 0x0a, 0xd7, 0xa3, 0x3c,
    0x00, 0x00, 0x80, 0xbf, 0xcd, 0xcc, 0xcc, 0x3d, 0x00, 0x00, 0x48, 0x42, 0x0a, 0xd7, 0xa3, 0x3c,
    0x00, 0x00, 0x00, 0x00, 0x00, 0x00, 0x00, 0x00, 0x00, 0x00, 0x00, 0x00, 0x00, 0x00, 0x00, 0x00,
    0x00, 0x00, 0x70, 0x45, 0x00, 0x00, 0x07, 0x45, 0x89, 0x08, 0x80, 0x3f, 0x2c, 0x0f, 0x80, 0x3f,
    0x00, 0x00, 0x00, 0x00, 0x00, 0x00, 0x00, 0x00, 0x00, 0x00, 0x00, 0x00, 0x00, 0x00, 0x00, 0x00,
    0x00, 0x00, 0x00, 0x00, 0x00, 0x00, 0x00, 0x00, 0x00, 0x00, 0x00, 0x00, 0x00, 0x00, 0x00, 0x00,
    0x00, 0x00, 0x00, 0x00, 0x00, 0x00, 0x00, 0x00, 0x00, 0x00, 0x00, 0x00, 0x00, 0x00, 0x00, 0x00,
    0x00, 0x00, 0x00, 0x00, 0x00, 0x00, 0x00, 0x00, 0x00, 0x00, 0x00, 0x00, 0x00, 0x00, 0x00, 0x00,
    0x00, 0x00, 0x00, 0x00, 0x00, 0x00, 0x00, 0x00, 0x00, 0x00, 0x00, 0x00, 0x00, 0x00, 0x00, 0x00,
    0x00, 0x00, 0x00, 0x00, 0x00, 0x00, 0x00, 0x00, 0x00, 0x00, 0x00, 0x00, 0x00, 0x00, 0x00, 0x00,
    0x00, 0x00, 0x00, 0x00, 0x00, 0x00, 0x00, 0x00, 0x00, 0x00, 0x00, 0x00, 0x00, 0x00, 0x00, 0x00,
    0x00, 0x00, 0x00, 0x00, 0x00, 0x00, 0x00, 0x00, 0x00, 0x00, 0x00, 0x00, 0x00, 0x00, 0x00, 0x00,
    0x00, 0x00, 0x00, 0x00, 0x00, 0x00, 0x00, 0x00, 0x00, 0x00, 0x00, 0x00, 0x00, 0x00, 0x00, 0x00,
    0x00, 0x00, 0x00, 0x00, 0x00, 0x00, 0x00, 0x00, 0x00, 0x00, 0x00, 0x00, 0x00, 0x00, 0x00, 0x00,
    0x00, 0x00, 0x00, 0x00, 0x00, 0x00, 0x00, 0x00, 0x00, 0x00, 0x00, 0x00, 0x00, 0x00, 0x00, 0x00,
    0x00, 0x00, 0x00, 0x00, 0x00, 0x00, 0x00, 0x00, 0x00, 0x00, 0x00, 0x00, 0x00, 0x00, 0x00, 0x00,
    0x00, 0x00, 0x00, 0x00, 0x00, 0x00, 0x10, 0x3f, 0x00, 0x00, 0x00, 0x40, 0x00, 0x00, 0x00, 0x00,
    0x00, 0x00, 0x80, 0x3e, 0x72, 0x1c, 0xc7, 0xbe, 0x89, 0x88, 0x88, 0x38, 0x6e, 0xc9, 0x3c, 0xb9,
    0x9b, 0x90, 0x1f, 0x40, 0xc1, 0x74, 0x47, 0x42, 0xc1, 0x74, 0xc7, 0x42, 0x6f, 0xa8, 0x7a, 0x40,
    0xbc, 0x76, 0x4d, 0xbd, 0x84, 0x34, 0xcd, 0xbd, 0x26, 0x2c, 0x4c, 0xbe, 0xa5, 0x12, 0xc8, 0xbe,
    0x7f, 0xad, 0x7f, 0x3f, 0x31, 0xb6, 0x7e, 0x3f, 0x17, 0xdc, 0x7a, 0x3f, 0x33, 0xa5, 0x6b, 0x3f,
    0x48, 0x8a, 0x88, 0x3c, 0xed, 0xfc, 0x6f, 0x42, 0x8a, 0x60, 0x8f, 0x3c, 0x4e, 0x8b, 0x64, 0x42,
    0xc1, 0x74, 0x47, 0x42, 0xa5, 0x12, 0xc8, 0xbe, 0x33, 0xa5, 0x6b, 0x3f, 0x6f, 0xa8, 0x7a, 0x40,
    0xb0, 0x63, 0x47, 0x42, 0x40, 0xe6, 0xcf, 0xbe, 0x07, 0xf2, 0x69, 0x3f, 0xa7, 0x42, 0x79, 0x40,
    0x00, 0x00, 0x80, 0xbf, 0x00, 0x00, 0x00, 0x3f, 0x00, 0x00, 0x00, 0x00, 0x1a, 0x06, 0x00, 0x00,
    0x00, 0x00, 0x80, 0x3f, 0x00, 0x00, 0x80, 0x3f, 0x39, 0x8e, 0xe3, 0x3f, 0xdf, 0x35, 0xcd, 0x3d,
    0x00, 0x00, 0x00, 0x00, 0x00, 0xff, 0x00, 0x00, 0x00, 0x3f, 0x01, 0x00, 0xe0, 0x5e, 0x01, 0x00,
    0x5c, 0x50, 0x93, 0x3e, 0x5c, 0x50, 0x93, 0x3e, 0x00, 0x00, 0x80, 0x3f, 0x00, 0x00, 0x00, 0x00,
    0x00, 0x00, 0x00, 0x00, 0x00, 0x00, 0x00, 0x00, 0x00, 0x00, 0x80, 0x3f, 0x00, 0x00, 0x80, 0x3f,
    0x00, 0x00, 0xe0, 0x40, 0x00, 0x00, 0x00, 0x00, 0x00, 0x00, 0x00, 0x00, 0x00, 0x00, 0x00, 0x00,
    0x00, 0x00, 0x80, 0x3e, 0x96, 0xb1, 0x94, 0x3f, 0x00, 0x00, 0x80, 0x33, 0xff, 0xff, 0x7f, 0x3f,
    0xcf, 0xab, 0x8c, 0xb3, 0x96, 0xb1, 0x94, 0xbf, 0x7f, 0x9d, 0x8c, 0xb3, 0x46, 0xa3, 0x94, 0xbf,
    0xfe, 0x94, 0x86, 0xc2, 0xdc, 0xe2, 0xb1, 0x3f, 0x02, 0x2b, 0xc7, 0x3e, 0x33, 0x33, 0xb3, 0x3e,
    0x00, 0x00, 0x00, 0x00, 0x00, 0x00, 0x00, 0x00, 0x00, 0x00, 0x00, 0x00, 0x00, 0x00, 0x00, 0x00,
    0x00, 0x00, 0x00, 0x00, 0x00, 0x00, 0x00, 0x00, 0x00, 0x00, 0x00, 0x00, 0x00, 0x00, 0x00, 0x00,
    0x00, 0x00, 0x00, 0x00, 0x00, 0x00, 0x00, 0x00, 0x00, 0x00, 0x00, 0x00, 0x00, 0x00, 0x00, 0x00,
    0xe1, 0x7a, 0xd4, 0x3f, 0x00, 0x00, 0x00, 0x00, 0x00, 0x00, 0x00, 0x00, 0x00, 0x00, 0x00, 0x00,
    0x3d, 0x69, 0x87, 0xc2, 0x55, 0xdb, 0x74, 0x40, 0x9a, 0x99, 0xe7, 0xc1, 0xf4, 0xfd, 0x4a, 0x41,
    0x00, 0x00, 0x00, 0x00, 0x00, 0x00, 0x00, 0x00, 0x00, 0x00, 0x00, 0x00, 0x00, 0x00, 0x20, 0x42,
    0x00, 0x00, 0x00, 0x00, 0x00, 0x00, 0x00, 0x00, 0x00, 0x00, 0x00, 0x00, 0x00, 0x00, 0x00, 0x00,
    0x00, 0x00, 0x00, 0x00, 0x00, 0x00, 0x00, 0x00, 0x00, 0x00, 0x00, 0x00, 0x00, 0x00, 0x00, 0x00,
    0xec, 0x4c, 0x0b, 0x41, 0xf4, 0xfd, 0x4a, 0x41, 0x00, 0x00, 0x00, 0x40, 0x00, 0x00, 0x00, 0x00,
    0x00, 0x00, 0x00, 0x00, 0x00, 0x00, 0x00, 0x00, 0x00, 0x00, 0x80, 0x3e, 0x00, 0x00, 0x00, 0x00,
    0x00, 0x00, 0x00, 0x00, 0x00, 0x00, 0x00, 0x00, 0x00, 0x00, 0x00, 0x00, 0x00, 0x00, 0x00, 0x00,
    0x00, 0x00, 0x00, 0x00, 0x00, 0x00, 0x00, 0x00, 0x00, 0x00, 0x00, 0x00, 0x00, 0x00, 0x00, 0x00,
    0x00, 0x00, 0x00, 0x00, 0x00, 0x00, 0x80, 0x3f, 0x00, 0x00, 0x00, 0x00, 0x00, 0x00, 0x00, 0x00,
    0x00, 0x00, 0x00, 0x00, 0x00, 0x00, 0x80, 0x3f, 0x00, 0x00, 0x00, 0x00, 0x00, 0x00, 0x00, 0x00,
    0x00, 0x00, 0x00, 0x00, 0x00, 0x00, 0x00, 0x00, 0x00, 0x00, 0x00, 0x00, 0x00, 0x00, 0x00, 0x00,
    0x00, 0x00, 0x00, 0x00, 0x00, 0x00, 0x00, 0x00, 0x00, 0x00, 0x00, 0x00, 0x00, 0x00, 0x00, 0x00,
    0x00, 0x00, 0x80, 0x3f, 0x6a, 0x21, 0xbb, 0x40, 0x00, 0x00, 0x00, 0x00, 0x00, 0x00, 0x00, 0x00,
    0x00, 0x00, 0x80, 0x3f, 0xc1, 0x8b, 0x81, 0x40, 0x00, 0x00, 0x00, 0x00, 0x00, 0x00, 0x00, 0x00,
    0x00, 0x00, 0x00, 0x00, 0x00, 0x00, 0x00, 0x00, 0x00, 0x00, 0x00, 0x00, 0x00, 0x00, 0x00, 0x00,
    0x00, 0x00, 0x00, 0x00, 0x00, 0x00, 0x00, 0x00, 0x00, 0x00, 0x00, 0x00, 0x00, 0x00, 0x00, 0x00,
    0x00, 0x00, 0x00, 0x40, 0x00, 0x00, 0x00, 0x00, 0x00, 0x00, 0x00, 0x00, 0x00, 0x00, 0x00, 0x00,
    0x00, 0x00, 0x80, 0x3e, 0x46, 0xa3, 0x94, 0x3f, 0x00, 0x00, 0x80, 0x33, 0xff, 0xff, 0x7f, 0x3f,
    0x3d, 0x69, 0x87, 0xc2, 0x55, 0xdb, 0x74, 0x40, 0x9a, 0x99, 0xe7, 0xc1, 0xf4, 0xfd, 0x4a, 0x41,
    0x00, 0x00, 0x00, 0x00, 0x00, 0x00, 0x00, 0x00, 0x00, 0x00, 0x00, 0x00, 0x00, 0x00, 0x20, 0x42,
    0x00, 0x00, 0x00, 0x00, 0x00, 0x00, 0x00, 0x00, 0x00, 0x00, 0x00, 0x00, 0x00, 0x00, 0x00, 0x00,
    0x00, 0x00, 0x00, 0x00, 0x00, 0x00, 0x00, 0x00, 0x00, 0x00, 0x00, 0x00, 0x00, 0x00, 0x00, 0x00,
    0xec, 0x4c, 0x0b, 0x41, 0xf4, 0xfd, 0x4a, 0x41, 0x00, 0x00, 0x00, 0x40, 0x00, 0x00, 0x00, 0x00,
    0x00, 0x00, 0x00, 0x00, 0x00, 0x00, 0x00, 0x00, 0x00, 0x00, 0x80, 0x3e, 0x00, 0x00, 0x00, 0x00,
    0x00, 0x00, 0x00, 0x00, 0x00, 0x00, 0x00, 0x00, 0x00, 0x00, 0x00, 0x00, 0x00, 0x00, 0x00, 0x00,
    0x00, 0x00, 0x00, 0x00, 0x00, 0x00, 0x00, 0x00, 0x00, 0x00, 0x00, 0x00, 0x00, 0x00, 0x00, 0x00,
    0x00, 0x00, 0x80, 0x3f, 0xcb, 0x04, 0xbb, 0x40, 0x00, 0x00, 0x00, 0x00, 0x00, 0x00, 0x00, 0x00,
    0x00, 0x00, 0x80, 0x3f, 0x2d, 0x88, 0x81, 0x40, 0x00, 0x00, 0x00, 0x00, 0x00, 0x00, 0x00, 0x00,
    0x00, 0x00, 0x00, 0x00, 0x00, 0x00, 0x00, 0x00, 0x00, 0x00, 0x00, 0x00, 0x00, 0x00, 0x00, 0x00,
    0x00, 0x00, 0x00, 0x00, 0x00, 0x00, 0x00, 0x00, 0x00, 0x00, 0x00, 0x00, 0x00, 0x00, 0x00, 0x00,
    0x00, 0xc0, 0x86, 0xc2, 0x64, 0x10, 0xd8, 0x3e, 0x00, 0x00, 0xc0, 0x3e, 0x00, 0x00, 0x00, 0x00,
    0x00, 0xc0, 0x86, 0xc2, 0x64, 0x10, 0xd8, 0x3e, 0x00, 0x00, 0xc0, 0x3e, 0x00, 0x00, 0x00, 0x00,
    0x00, 0x00, 0x00, 0x00, 0x00, 0x00, 0x00, 0x00, 0x00, 0x00, 0x00, 0x00, 0x00, 0x00, 0x00, 0x00,
    0x00, 0x00, 0x00, 0x00, 0x00, 0x00, 0x00, 0x00, 0x00, 0x00, 0x80, 0x3f, 0x6f, 0x12, 0x83, 0x3a,
    0xac, 0xc5, 0x27, 0x37, 0xac, 0xc5, 0x27, 0x37, 0xac, 0xc5, 0x27, 0x37, 0x00, 0x00, 0x00, 0x00,
    0x00, 0x00, 0x00, 0x00, 0x00, 0x00, 0x00, 0x00, 0x00, 0x00, 0x00, 0x00, 0x00, 0x00, 0x80, 0xbf,
    0x00, 0x00, 0x00, 0x00, 0x00, 0x00, 0x00, 0x00, 0x00, 0x00, 0x00, 0x00, 0x00, 0x00, 0x00, 0x00,
    0x00, 0x00, 0x00, 0x00, 0x00, 0x00, 0x00, 0x00, 0x00, 0x00, 0x00, 0x00, 0x00, 0xff, 0x7f, 0xc7,
    0x00, 0x00, 0x00, 0x00, 0x00, 0x00, 0x00, 0x00, 0x00, 0x00, 0x00, 0x00, 0x00, 0x00, 0x00, 0x00,
    0x00, 0x00, 0x00, 0x00, 0x00, 0x00, 0x00, 0x00, 0x00, 0x00, 0x00, 0x00, 0x00, 0x00, 0x00, 0x00,
    0x00, 0x00, 0x00, 0x00, 0x00, 0x00, 0x00, 0x00, 0x00, 0x00, 0x00, 0x00, 0x00, 0x00, 0x80, 0x3f,
    0x00, 0x00, 0x00, 0x00, 0x00, 0x00, 0x00, 0x00, 0x00, 0x00, 0x00, 0x00, 0x00, 0x00, 0x00, 0x00,
    0x00, 0x00, 0x00, 0x00, 0x00, 0x00, 0x80, 0x3f, 0x00, 0x00, 0x00, 0x00, 0x00, 0x00, 0x00, 0x00,
    0x00, 0x00, 0x00, 0x00, 0x00, 0x00, 0x00, 0x00, 0x00, 0x00, 0x00, 0x00, 0x00, 0x00, 0x80, 0x3f,
    0x00, 0x00, 0x00, 0x00, 0x00, 0x00, 0x00, 0x00, 0x00, 0x00, 0x00, 0x00, 0x00, 0x00, 0x00, 0x00,
    0x00, 0x00, 0x00, 0x00, 0x00, 0x00, 0x00, 0x00, 0x00, 0x00, 0x00, 0x00, 0x00, 0x00, 0x00, 0x00,
    0x00, 0x00, 0x00, 0x00, 0x00, 0x00, 0x00, 0x00, 0x00, 0x00, 0x00, 0x00, 0x00, 0x00, 0x00, 0x00,
    0x00, 0x00, 0x00, 0x00, 0x00, 0x00, 0x00, 0x00, 0x00, 0x00, 0x00, 0x00, 0x00, 0x00, 0x00, 0x00,
    0x00, 0x00, 0x00, 0x00, 0x00, 0x00, 0x00, 0x00, 0x00, 0x00, 0x00, 0x00, 0x00, 0x00, 0x00, 0x00,
    0x00, 0x00, 0x00, 0x00, 0x00, 0x00, 0x00, 0x00, 0x00, 0x00, 0x00, 0x00, 0x00, 0x00, 0x00, 0x00,
    0x00, 0x00, 0x00, 0x00, 0x00, 0x00, 0x00, 0x00, 0x00, 0x00, 0x00, 0x00, 0x00, 0x00, 0x00, 0x00,
    0x00, 0x00, 0x00, 0x3f, 0x00, 0x00, 0xc0, 0x3e, 0x00, 0x00, 0x00, 0x40, 0x00, 0x00, 0x40, 0xbf,
    0xae, 0x47, 0x61, 0x3f, 0x00, 0x00, 0x4a, 0xc2, 0x21, 0x77, 0x7d, 0x3f, 0x00, 0x00, 0xc8, 0x42,
    0x00, 0x00, 0x00, 0x40, 0x00, 0x00, 0x80, 0xbf, 0x00, 0x00, 0x00, 0x3f, 0x00, 0x00, 0x00, 0x3f,
    0x00, 0x00, 0x80, 0x3f, 0x00, 0x00, 0x00, 0x00, 0x00, 0x00, 0x00, 0x00, 0x00, 0x00, 0x00, 0x00,
    0x00, 0x00, 0x00, 0x00, 0x00, 0x00, 0x00, 0x00, 0x00, 0x00, 0x00, 0x00, 0x00, 0x00, 0x00, 0x00,
    0x00, 0x00, 0x80, 0x3f, 0x00, 0x00, 0x80, 0x3f, 0x00, 0x00, 0x80, 0x3f, 0x00, 0x00, 0x80, 0x3f,
    0x00, 0x00, 0x00, 0x00, 0x00, 0x00, 0x00, 0x00, 0x00, 0x00, 0x00, 0x00, 0x00, 0x00, 0x00, 0x00,
    0x00, 0x00, 0x48, 0x43, 0x00, 0x00, 0x96, 0x43, 0x00, 0x00, 0x80, 0x3f, 0x00, 0x00, 0x00, 0x00,
    0x00, 0x00, 0x80, 0x3f, 0x00, 0x00, 0x80, 0x3f, 0x00, 0x00, 0x80, 0x3f, 0x00, 0x00, 0x00, 0x00,
    0x00, 0x00, 0x80, 0x3f, 0x14, 0x74, 0x64, 0x3f, 0x7b, 0x80, 0x63, 0x3f, 0x00, 0x00, 0x80, 0x3f,
    0x00, 0x00, 0x80, 0x3f, 0x00, 0x00, 0x80, 0x3f, 0x00, 0x00, 0x80, 0x3f, 0x00, 0x00, 0x00, 0x00,
    0x00, 0x00, 0x80, 0x3f, 0x00, 0x00, 0x80, 0x3f, 0x00, 0x00, 0x80, 0x3f, 0x00, 0x00, 0x00, 0x00,
    0x00, 0x00, 0x00, 0x00, 0x00, 0x00, 0x80, 0x3f, 0x00, 0x00, 0x00, 0x00, 0x00, 0x00, 0x00, 0x00,
    0xfe, 0x94, 0x86, 0xc2, 0xdc, 0xe2, 0xb1, 0x3f, 0x02, 0x2b, 0xc7, 0x3e, 0xc1, 0x74, 0x47, 0x42,
};
inline constexpr std::size_t g_EndfieldM21PeakVSCB2Size = sizeof(g_EndfieldM21PeakVSCB2);

inline constexpr std::uint8_t g_EndfieldM21PeakVSCB3[] = {
    0x00, 0x00, 0x80, 0x3f, 0x00, 0x00, 0x00, 0x00, 0x00, 0x00, 0x00, 0x00, 0x00, 0x00, 0x00, 0x00,
    0x00, 0x00, 0x00, 0x00, 0x00, 0x00, 0x80, 0x3f, 0x00, 0x00, 0x00, 0x00, 0x00, 0x00, 0x00, 0x00,
    0x00, 0x00, 0x00, 0x00, 0x00, 0x00, 0x00, 0x00, 0x00, 0x00, 0x80, 0x3f, 0x00, 0x00, 0x00, 0x00,
    0x00, 0x00, 0x00, 0x00, 0x00, 0x00, 0x00, 0x00, 0x00, 0x00, 0x00, 0x00, 0x00, 0x00, 0x80, 0x3f,
    0x00, 0x00, 0x7a, 0x44, 0x00, 0x00, 0x00, 0x00, 0x00, 0x00, 0x00, 0x00, 0x00, 0x00, 0x00, 0x00,
    0x00, 0x00, 0x00, 0x00, 0x00, 0x00, 0x00, 0x00, 0x01, 0x00, 0x00, 0x00, 0x00, 0x00, 0x80, 0x3f,
    0x00, 0x00, 0x80, 0x3f, 0x00, 0x00, 0x00, 0x00, 0x00, 0x00, 0x00, 0x00, 0x00, 0x00, 0x00, 0x00,
    0x00, 0x00, 0x00, 0x00, 0x00, 0x00, 0x80, 0x3f, 0x00, 0x00, 0x00, 0x00, 0x00, 0x00, 0x00, 0x00,
    0x00, 0x00, 0x00, 0x00, 0x00, 0x00, 0x00, 0x00, 0x00, 0x00, 0x80, 0x3f, 0x00, 0x00, 0x00, 0x00,
    0x00, 0x00, 0x00, 0x00, 0x00, 0x00, 0x00, 0x00, 0x00, 0x00, 0x00, 0x00, 0x00, 0x00, 0x80, 0x3f,
    0x00, 0x00, 0x00, 0x00, 0x00, 0x00, 0x80, 0x3f, 0x00, 0x00, 0x00, 0x00, 0x00, 0x00, 0x00, 0x00,
    0x1b, 0x00, 0x00, 0x00, 0x00, 0x00, 0x00, 0x00, 0x00, 0x00, 0x00, 0x00, 0x00, 0x00, 0x00, 0x00,
    0x00, 0x00, 0x00, 0x00, 0x00, 0x00, 0x00, 0x00, 0x00, 0x00, 0x00, 0x00, 0x00, 0x00, 0x00, 0x00,
    0x00, 0x00, 0x00, 0x00, 0x00, 0x00, 0x00, 0x00, 0x00, 0x00, 0x00, 0x00, 0x00, 0x00, 0x00, 0x00,
    0x00, 0x00, 0x00, 0x00, 0x00, 0x00, 0x00, 0x00, 0x00, 0x00, 0x00, 0x00, 0x00, 0x00, 0x00, 0x00,
    0x00, 0x00, 0x00, 0x00, 0x00, 0x00, 0x00, 0x00, 0x00, 0x00, 0x00, 0x00, 0x00, 0x00, 0x00, 0x00,
};
inline constexpr std::size_t g_EndfieldM21PeakVSCB3Size = sizeof(g_EndfieldM21PeakVSCB3);

inline constexpr std::uint8_t g_EndfieldM21PeakVSCB4[] = {
    0x00, 0x00, 0x80, 0x3f, 0x00, 0x00, 0x00, 0x00, 0x00, 0x00, 0x80, 0x3f, 0x00, 0x00, 0x00, 0x00,
    0x00, 0x00, 0x80, 0x3f, 0x00, 0x00, 0x00, 0x00, 0x00, 0x00, 0x00, 0x40, 0x00, 0x00, 0x80, 0x3f,
    0x00, 0x00, 0x00, 0x00, 0x00, 0x00, 0x80, 0x3f, 0x00, 0x00, 0xc0, 0x3f, 0x00, 0x00, 0x00, 0x00,
    0x00, 0x00, 0x80, 0x3f, 0x00, 0x00, 0x00, 0x00, 0x00, 0x00, 0x00, 0x00, 0x00, 0x00, 0x00, 0x00,
    0x00, 0x00, 0x00, 0x00, 0x00, 0x00, 0x00, 0x00, 0x00, 0x00, 0x00, 0x00, 0x00, 0x00, 0x80, 0x3f,
    0x00, 0x00, 0x00, 0x00, 0x00, 0x00, 0x80, 0x3f, 0x00, 0x00, 0x00, 0x00, 0x00, 0x00, 0x00, 0x00,
    0x00, 0x00, 0x00, 0x00, 0x00, 0x00, 0x00, 0x00, 0x00, 0x00, 0x00, 0x00, 0x00, 0x00, 0x00, 0x00,
    0x00, 0x00, 0x80, 0x3f, 0x00, 0x00, 0x00, 0x80, 0x00, 0x00, 0x00, 0x00, 0x00, 0x00, 0x80, 0x3f,
    0x00, 0x00, 0x80, 0x3f, 0x00, 0x00, 0x00, 0x00, 0x00, 0x00, 0x00, 0x00, 0x00, 0x00, 0x00, 0x00,
    0x00, 0x00, 0x80, 0x3f, 0x00, 0x00, 0x80, 0x3f, 0x00, 0x00, 0x00, 0x00, 0x00, 0x00, 0x00, 0x00,
};
inline constexpr std::size_t g_EndfieldM21PeakVSCB4Size = sizeof(g_EndfieldM21PeakVSCB4);

inline constexpr std::uint8_t g_EndfieldM21PeakPSCB0[] = {
    0xd6, 0xfe, 0x7f, 0xbf, 0x28, 0x7d, 0xd1, 0xb9, 0xd9, 0x03, 0xc3, 0xbb, 0x00, 0x00, 0x00, 0x00,
    0x00, 0x00, 0x80, 0x2d, 0xcb, 0x6c, 0x7f, 0x3f, 0xf4, 0x30, 0x89, 0xbd, 0x00, 0x00, 0x00, 0x00,
    0x3d, 0x74, 0xc3, 0xbb, 0x54, 0x30, 0x89, 0x3d, 0xa2, 0x6b, 0x7f, 0x3f, 0x00, 0x00, 0x00, 0x00,
    0x8c, 0xe1, 0x96, 0xc3, 0x3f, 0x49, 0x8c, 0xc3, 0x71, 0x1a, 0x9d, 0x43, 0x00, 0x00, 0x80, 0x3f,
    0xd5, 0xfe, 0x7f, 0xbf, 0xc5, 0x49, 0x00, 0x2e, 0x3c, 0x74, 0xc3, 0xbb, 0x00, 0x00, 0x00, 0x00,
    0x28, 0x7d, 0xd1, 0xb9, 0xcb, 0x6c, 0x7f, 0x3f, 0x53, 0x30, 0x89, 0x3d, 0x00, 0x00, 0x00, 0x00,
    0xd8, 0x03, 0xc3, 0xbb, 0xf4, 0x30, 0x89, 0xbd, 0xa0, 0x6b, 0x7f, 0x3f, 0x00, 0x00, 0x00, 0x00,
    0xdb, 0xff, 0x95, 0xc3, 0xba, 0x7e, 0x96, 0x43, 0x11, 0x40, 0x94, 0xc3, 0x00, 0x00, 0x80, 0x3f,
    0x87, 0x2a, 0x4c, 0x40, 0x00, 0x00, 0x00, 0x00, 0x00, 0x00, 0x00, 0x00, 0x00, 0x00, 0x00, 0x00,
    0x00, 0x00, 0x00, 0x00, 0x23, 0x7b, 0xb5, 0xc0, 0x00, 0x00, 0x00, 0x00, 0x00, 0x00, 0x00, 0x00,
    0x72, 0x93, 0x08, 0x39, 0x7e, 0xcd, 0xbc, 0x39, 0x00, 0x54, 0x03, 0x3b, 0x00, 0x00, 0x80, 0xbf,
    0x00, 0x00, 0x00, 0x00, 0x00, 0x00, 0x00, 0x00, 0xde, 0x35, 0xcd, 0x3d, 0x00, 0x00, 0x00, 0x00,
    0x2b, 0x7f, 0xa0, 0x3e, 0x00, 0x00, 0x00, 0x00, 0x00, 0x00, 0x00, 0x00, 0x00, 0x00, 0x00, 0x00,
    0x00, 0x00, 0x00, 0x00, 0x10, 0x8f, 0x34, 0xbe, 0x00, 0x00, 0x00, 0x00, 0x00, 0x00, 0x00, 0x00,
    0x00, 0x00, 0x00, 0x00, 0x00, 0x00, 0x00, 0x00, 0x00, 0x00, 0x00, 0x00, 0x15, 0xae, 0x1f, 0x41,
    0xff, 0x3f, 0x2b, 0x38, 0xff, 0x29, 0x85, 0xb8, 0x00, 0x00, 0x80, 0xbf, 0xf3, 0xd4, 0xa3, 0x3c,
    0x9c, 0x29, 0x4c, 0xc0, 0x4c, 0x5e, 0x14, 0x3b, 0xeb, 0x15, 0x48, 0xb7, 0xd9, 0x03, 0xc3, 0x3b,
    0xd9, 0x61, 0x12, 0xb7, 0xfb, 0x12, 0xb5, 0xc0, 0x22, 0xc2, 0x0c, 0xb9, 0xf4, 0x30, 0x89, 0x3d,
    0x90, 0xd0, 0x9a, 0xbc, 0x39, 0x53, 0xc2, 0xbe, 0xe3, 0x07, 0x03, 0x3b, 0xa2, 0x6b, 0x7f, 0xbf,
    0xf9, 0xa6, 0x70, 0xc4, 0x27, 0xea, 0xc6, 0x44, 0xe5, 0xd6, 0x3a, 0x3f, 0x71, 0x1a, 0x9d, 0xc3,
    0x9c, 0x29, 0x4c, 0xc0, 0x4c, 0x5e, 0x14, 0x3b, 0xeb, 0x15, 0x48, 0xb7, 0xd9, 0x03, 0xc3, 0x3b,
    0xd9, 0x61, 0x12, 0xb7, 0xfb, 0x12, 0xb5, 0xc0, 0x22, 0xc2, 0x0c, 0xb9, 0xf4, 0x30, 0x89, 0x3d,
    0x90, 0xd0, 0x9a, 0xbc, 0x39, 0x53, 0xc2, 0xbe, 0xe3, 0x07, 0x03, 0x3b, 0xa2, 0x6b, 0x7f, 0xbf,
    0x00, 0x00, 0x00, 0x00, 0x00, 0x00, 0x00, 0x00, 0xde, 0x35, 0xcd, 0x3d, 0x00, 0x00, 0x00, 0x00,
    0x70, 0x7e, 0xa0, 0xbe, 0xab, 0xdb, 0x20, 0x2d, 0x7a, 0x13, 0xf5, 0xba, 0x00, 0x00, 0x00, 0x00,
    0x12, 0xc1, 0x93, 0x38, 0x3c, 0x27, 0x34, 0xbe, 0x4a, 0x85, 0x41, 0xbc, 0x00, 0x00, 0x00, 0x00,
    0xd2, 0x1f, 0x3b, 0xc5, 0x18, 0xbe, 0x3b, 0x45, 0x35, 0xf1, 0x38, 0xc5, 0x15, 0xae, 0x1f, 0x41,
    0xf2, 0xcc, 0xbf, 0xc0, 0xff, 0xc3, 0xc2, 0x40, 0xb6, 0xad, 0xdd, 0xc0, 0xf3, 0xd4, 0xa3, 0x3c,
};
inline constexpr std::size_t g_EndfieldM21PeakPSCB0Size = sizeof(g_EndfieldM21PeakPSCB0);

inline constexpr std::uint8_t g_EndfieldM21PeakPSCB1[] = {
    0x00, 0x00, 0x70, 0x45, 0x00, 0x00, 0x07, 0x45, 0x89, 0x88, 0x88, 0x39, 0xd6, 0xb9, 0xf2, 0x39,
    0x00, 0x00, 0x70, 0x45, 0x00, 0x00, 0x07, 0x45, 0x89, 0x88, 0x88, 0x39, 0xd6, 0xb9, 0xf2, 0x39,
    0x00, 0x80, 0xf9, 0x43, 0x00, 0x00, 0x80, 0x3f, 0x14, 0xae, 0x1f, 0x41, 0x0a, 0xd7, 0xa3, 0x3c,
    0x00, 0x00, 0x80, 0xbf, 0xcd, 0xcc, 0xcc, 0x3d, 0x00, 0x00, 0x48, 0x42, 0x0a, 0xd7, 0xa3, 0x3c,
    0x00, 0x00, 0x00, 0x00, 0x00, 0x00, 0x00, 0x00, 0x00, 0x00, 0x00, 0x00, 0x00, 0x00, 0x00, 0x00,
    0x00, 0x00, 0x70, 0x45, 0x00, 0x00, 0x07, 0x45, 0x89, 0x08, 0x80, 0x3f, 0x2c, 0x0f, 0x80, 0x3f,
    0x00, 0x00, 0x00, 0x00, 0x00, 0x00, 0x00, 0x00, 0x00, 0x00, 0x00, 0x00, 0x00, 0x00, 0x00, 0x00,
    0x00, 0x00, 0x00, 0x00, 0x00, 0x00, 0x00, 0x00, 0x00, 0x00, 0x00, 0x00, 0x00, 0x00, 0x00, 0x00,
    0x00, 0x00, 0x00, 0x00, 0x00, 0x00, 0x00, 0x00, 0x00, 0x00, 0x00, 0x00, 0x00, 0x00, 0x00, 0x00,
    0x00, 0x00, 0x00, 0x00, 0x00, 0x00, 0x00, 0x00, 0x00, 0x00, 0x00, 0x00, 0x00, 0x00, 0x00, 0x00,
    0x00, 0x00, 0x00, 0x00, 0x00, 0x00, 0x00, 0x00, 0x00, 0x00, 0x00, 0x00, 0x00, 0x00, 0x00, 0x00,
    0x00, 0x00, 0x00, 0x00, 0x00, 0x00, 0x00, 0x00, 0x00, 0x00, 0x00, 0x00, 0x00, 0x00, 0x00, 0x00,
    0x00, 0x00, 0x00, 0x00, 0x00, 0x00, 0x00, 0x00, 0x00, 0x00, 0x00, 0x00, 0x00, 0x00, 0x00, 0x00,
    0x00, 0x00, 0x00, 0x00, 0x00, 0x00, 0x00, 0x00, 0x00, 0x00, 0x00, 0x00, 0x00, 0x00, 0x00, 0x00,
    0x00, 0x00, 0x00, 0x00, 0x00, 0x00, 0x00, 0x00, 0x00, 0x00, 0x00, 0x00, 0x00, 0x00, 0x00, 0x00,
    0x00, 0x00, 0x00, 0x00, 0x00, 0x00, 0x00, 0x00, 0x00, 0x00, 0x00, 0x00, 0x00, 0x00, 0x00, 0x00,
    0x00, 0x00, 0x00, 0x00, 0x00, 0x00, 0x00, 0x00, 0x00, 0x00, 0x00, 0x00, 0x00, 0x00, 0x00, 0x00,
    0x00, 0x00, 0x00, 0x00, 0x00, 0x00, 0x00, 0x00, 0x00, 0x00, 0x00, 0x00, 0x00, 0x00, 0x00, 0x00,
    0x00, 0x00, 0x00, 0x00, 0x00, 0x00, 0x10, 0x3f, 0x00, 0x00, 0x00, 0x40, 0x00, 0x00, 0x00, 0x00,
    0x00, 0x00, 0x80, 0x3e, 0x72, 0x1c, 0xc7, 0xbe, 0x89, 0x88, 0x88, 0x38, 0x6e, 0xc9, 0x3c, 0xb9,
    0x9b, 0x90, 0x1f, 0x40, 0xc1, 0x74, 0x47, 0x42, 0xc1, 0x74, 0xc7, 0x42, 0x6f, 0xa8, 0x7a, 0x40,
    0xbc, 0x76, 0x4d, 0xbd, 0x84, 0x34, 0xcd, 0xbd, 0x26, 0x2c, 0x4c, 0xbe, 0xa5, 0x12, 0xc8, 0xbe,
    0x7f, 0xad, 0x7f, 0x3f, 0x31, 0xb6, 0x7e, 0x3f, 0x17, 0xdc, 0x7a, 0x3f, 0x33, 0xa5, 0x6b, 0x3f,
    0x48, 0x8a, 0x88, 0x3c, 0xed, 0xfc, 0x6f, 0x42, 0x8a, 0x60, 0x8f, 0x3c, 0x4e, 0x8b, 0x64, 0x42,
    0xc1, 0x74, 0x47, 0x42, 0xa5, 0x12, 0xc8, 0xbe, 0x33, 0xa5, 0x6b, 0x3f, 0x6f, 0xa8, 0x7a, 0x40,
    0xb0, 0x63, 0x47, 0x42, 0x40, 0xe6, 0xcf, 0xbe, 0x07, 0xf2, 0x69, 0x3f, 0xa7, 0x42, 0x79, 0x40,
    0x00, 0x00, 0x80, 0xbf, 0x00, 0x00, 0x00, 0x3f, 0x00, 0x00, 0x00, 0x00, 0x1a, 0x06, 0x00, 0x00,
    0x00, 0x00, 0x80, 0x3f, 0x00, 0x00, 0x80, 0x3f, 0x39, 0x8e, 0xe3, 0x3f, 0xdf, 0x35, 0xcd, 0x3d,
    0x00, 0x00, 0x00, 0x00, 0x00, 0xff, 0x00, 0x00, 0x00, 0x3f, 0x01, 0x00, 0xe0, 0x5e, 0x01, 0x00,
    0x5c, 0x50, 0x93, 0x3e, 0x5c, 0x50, 0x93, 0x3e, 0x00, 0x00, 0x80, 0x3f, 0x00, 0x00, 0x00, 0x00,
    0x00, 0x00, 0x00, 0x00, 0x00, 0x00, 0x00, 0x00, 0x00, 0x00, 0x80, 0x3f, 0x00, 0x00, 0x80, 0x3f,
    0x00, 0x00, 0xe0, 0x40, 0x00, 0x00, 0x00, 0x00, 0x00, 0x00, 0x00, 0x00, 0x00, 0x00, 0x00, 0x00,
    0x00, 0x00, 0x80, 0x3e, 0x96, 0xb1, 0x94, 0x3f, 0x00, 0x00, 0x80, 0x33, 0xff, 0xff, 0x7f, 0x3f,
    0xcf, 0xab, 0x8c, 0xb3, 0x96, 0xb1, 0x94, 0xbf, 0x7f, 0x9d, 0x8c, 0xb3, 0x46, 0xa3, 0x94, 0xbf,
    0xfe, 0x94, 0x86, 0xc2, 0xdc, 0xe2, 0xb1, 0x3f, 0x02, 0x2b, 0xc7, 0x3e, 0x33, 0x33, 0xb3, 0x3e,
    0x00, 0x00, 0x00, 0x00, 0x00, 0x00, 0x00, 0x00, 0x00, 0x00, 0x00, 0x00, 0x00, 0x00, 0x00, 0x00,
    0x00, 0x00, 0x00, 0x00, 0x00, 0x00, 0x00, 0x00, 0x00, 0x00, 0x00, 0x00, 0x00, 0x00, 0x00, 0x00,
    0x00, 0x00, 0x00, 0x00, 0x00, 0x00, 0x00, 0x00, 0x00, 0x00, 0x00, 0x00, 0x00, 0x00, 0x00, 0x00,
    0xe1, 0x7a, 0xd4, 0x3f, 0x00, 0x00, 0x00, 0x00, 0x00, 0x00, 0x00, 0x00, 0x00, 0x00, 0x00, 0x00,
    0x3d, 0x69, 0x87, 0xc2, 0x55, 0xdb, 0x74, 0x40, 0x9a, 0x99, 0xe7, 0xc1, 0xf4, 0xfd, 0x4a, 0x41,
    0x00, 0x00, 0x00, 0x00, 0x00, 0x00, 0x00, 0x00, 0x00, 0x00, 0x00, 0x00, 0x00, 0x00, 0x20, 0x42,
    0x00, 0x00, 0x00, 0x00, 0x00, 0x00, 0x00, 0x00, 0x00, 0x00, 0x00, 0x00, 0x00, 0x00, 0x00, 0x00,
    0x00, 0x00, 0x00, 0x00, 0x00, 0x00, 0x00, 0x00, 0x00, 0x00, 0x00, 0x00, 0x00, 0x00, 0x00, 0x00,
    0xec, 0x4c, 0x0b, 0x41, 0xf4, 0xfd, 0x4a, 0x41, 0x00, 0x00, 0x00, 0x40, 0x00, 0x00, 0x00, 0x00,
    0x00, 0x00, 0x00, 0x00, 0x00, 0x00, 0x00, 0x00, 0x00, 0x00, 0x80, 0x3e, 0x00, 0x00, 0x00, 0x00,
    0x00, 0x00, 0x00, 0x00, 0x00, 0x00, 0x00, 0x00, 0x00, 0x00, 0x00, 0x00, 0x00, 0x00, 0x00, 0x00,
    0x00, 0x00, 0x00, 0x00, 0x00, 0x00, 0x00, 0x00, 0x00, 0x00, 0x00, 0x00, 0x00, 0x00, 0x00, 0x00,
    0x00, 0x00, 0x00, 0x00, 0x00, 0x00, 0x80, 0x3f, 0x00, 0x00, 0x00, 0x00, 0x00, 0x00, 0x00, 0x00,
    0x00, 0x00, 0x00, 0x00, 0x00, 0x00, 0x80, 0x3f, 0x00, 0x00, 0x00, 0x00, 0x00, 0x00, 0x00, 0x00,
    0x00, 0x00, 0x00, 0x00, 0x00, 0x00, 0x00, 0x00, 0x00, 0x00, 0x00, 0x00, 0x00, 0x00, 0x00, 0x00,
    0x00, 0x00, 0x00, 0x00, 0x00, 0x00, 0x00, 0x00, 0x00, 0x00, 0x00, 0x00, 0x00, 0x00, 0x00, 0x00,
    0x00, 0x00, 0x80, 0x3f, 0x6a, 0x21, 0xbb, 0x40, 0x00, 0x00, 0x00, 0x00, 0x00, 0x00, 0x00, 0x00,
    0x00, 0x00, 0x80, 0x3f, 0xc1, 0x8b, 0x81, 0x40, 0x00, 0x00, 0x00, 0x00, 0x00, 0x00, 0x00, 0x00,
    0x00, 0x00, 0x00, 0x00, 0x00, 0x00, 0x00, 0x00, 0x00, 0x00, 0x00, 0x00, 0x00, 0x00, 0x00, 0x00,
    0x00, 0x00, 0x00, 0x00, 0x00, 0x00, 0x00, 0x00, 0x00, 0x00, 0x00, 0x00, 0x00, 0x00, 0x00, 0x00,
    0x00, 0x00, 0x00, 0x40, 0x00, 0x00, 0x00, 0x00, 0x00, 0x00, 0x00, 0x00, 0x00, 0x00, 0x00, 0x00,
    0x00, 0x00, 0x80, 0x3e, 0x46, 0xa3, 0x94, 0x3f, 0x00, 0x00, 0x80, 0x33, 0xff, 0xff, 0x7f, 0x3f,
    0x3d, 0x69, 0x87, 0xc2, 0x55, 0xdb, 0x74, 0x40, 0x9a, 0x99, 0xe7, 0xc1, 0xf4, 0xfd, 0x4a, 0x41,
    0x00, 0x00, 0x00, 0x00, 0x00, 0x00, 0x00, 0x00, 0x00, 0x00, 0x00, 0x00, 0x00, 0x00, 0x20, 0x42,
    0x00, 0x00, 0x00, 0x00, 0x00, 0x00, 0x00, 0x00, 0x00, 0x00, 0x00, 0x00, 0x00, 0x00, 0x00, 0x00,
    0x00, 0x00, 0x00, 0x00, 0x00, 0x00, 0x00, 0x00, 0x00, 0x00, 0x00, 0x00, 0x00, 0x00, 0x00, 0x00,
    0xec, 0x4c, 0x0b, 0x41, 0xf4, 0xfd, 0x4a, 0x41, 0x00, 0x00, 0x00, 0x40, 0x00, 0x00, 0x00, 0x00,
    0x00, 0x00, 0x00, 0x00, 0x00, 0x00, 0x00, 0x00, 0x00, 0x00, 0x80, 0x3e, 0x00, 0x00, 0x00, 0x00,
    0x00, 0x00, 0x00, 0x00, 0x00, 0x00, 0x00, 0x00, 0x00, 0x00, 0x00, 0x00, 0x00, 0x00, 0x00, 0x00,
    0x00, 0x00, 0x00, 0x00, 0x00, 0x00, 0x00, 0x00, 0x00, 0x00, 0x00, 0x00, 0x00, 0x00, 0x00, 0x00,
    0x00, 0x00, 0x80, 0x3f, 0xcb, 0x04, 0xbb, 0x40, 0x00, 0x00, 0x00, 0x00, 0x00, 0x00, 0x00, 0x00,
    0x00, 0x00, 0x80, 0x3f, 0x2d, 0x88, 0x81, 0x40, 0x00, 0x00, 0x00, 0x00, 0x00, 0x00, 0x00, 0x00,
    0x00, 0x00, 0x00, 0x00, 0x00, 0x00, 0x00, 0x00, 0x00, 0x00, 0x00, 0x00, 0x00, 0x00, 0x00, 0x00,
    0x00, 0x00, 0x00, 0x00, 0x00, 0x00, 0x00, 0x00, 0x00, 0x00, 0x00, 0x00, 0x00, 0x00, 0x00, 0x00,
    0x00, 0xc0, 0x86, 0xc2, 0x64, 0x10, 0xd8, 0x3e, 0x00, 0x00, 0xc0, 0x3e, 0x00, 0x00, 0x00, 0x00,
    0x00, 0xc0, 0x86, 0xc2, 0x64, 0x10, 0xd8, 0x3e, 0x00, 0x00, 0xc0, 0x3e, 0x00, 0x00, 0x00, 0x00,
    0x00, 0x00, 0x00, 0x00, 0x00, 0x00, 0x00, 0x00, 0x00, 0x00, 0x00, 0x00, 0x00, 0x00, 0x00, 0x00,
    0x00, 0x00, 0x00, 0x00, 0x00, 0x00, 0x00, 0x00, 0x00, 0x00, 0x80, 0x3f, 0x6f, 0x12, 0x83, 0x3a,
    0xac, 0xc5, 0x27, 0x37, 0xac, 0xc5, 0x27, 0x37, 0xac, 0xc5, 0x27, 0x37, 0x00, 0x00, 0x00, 0x00,
    0x00, 0x00, 0x00, 0x00, 0x00, 0x00, 0x00, 0x00, 0x00, 0x00, 0x00, 0x00, 0x00, 0x00, 0x80, 0xbf,
    0x00, 0x00, 0x00, 0x00, 0x00, 0x00, 0x00, 0x00, 0x00, 0x00, 0x00, 0x00, 0x00, 0x00, 0x00, 0x00,
    0x00, 0x00, 0x00, 0x00, 0x00, 0x00, 0x00, 0x00, 0x00, 0x00, 0x00, 0x00, 0x00, 0xff, 0x7f, 0xc7,
    0x00, 0x00, 0x00, 0x00, 0x00, 0x00, 0x00, 0x00, 0x00, 0x00, 0x00, 0x00, 0x00, 0x00, 0x00, 0x00,
    0x00, 0x00, 0x00, 0x00, 0x00, 0x00, 0x00, 0x00, 0x00, 0x00, 0x00, 0x00, 0x00, 0x00, 0x00, 0x00,
    0x00, 0x00, 0x00, 0x00, 0x00, 0x00, 0x00, 0x00, 0x00, 0x00, 0x00, 0x00, 0x00, 0x00, 0x80, 0x3f,
    0x00, 0x00, 0x00, 0x00, 0x00, 0x00, 0x00, 0x00, 0x00, 0x00, 0x00, 0x00, 0x00, 0x00, 0x00, 0x00,
    0x00, 0x00, 0x00, 0x00, 0x00, 0x00, 0x80, 0x3f, 0x00, 0x00, 0x00, 0x00, 0x00, 0x00, 0x00, 0x00,
    0x00, 0x00, 0x00, 0x00, 0x00, 0x00, 0x00, 0x00, 0x00, 0x00, 0x00, 0x00, 0x00, 0x00, 0x80, 0x3f,
    0x00, 0x00, 0x00, 0x00, 0x00, 0x00, 0x00, 0x00, 0x00, 0x00, 0x00, 0x00, 0x00, 0x00, 0x00, 0x00,
    0x00, 0x00, 0x00, 0x00, 0x00, 0x00, 0x00, 0x00, 0x00, 0x00, 0x00, 0x00, 0x00, 0x00, 0x00, 0x00,
    0x00, 0x00, 0x00, 0x00, 0x00, 0x00, 0x00, 0x00, 0x00, 0x00, 0x00, 0x00, 0x00, 0x00, 0x00, 0x00,
    0x00, 0x00, 0x00, 0x00, 0x00, 0x00, 0x00, 0x00, 0x00, 0x00, 0x00, 0x00, 0x00, 0x00, 0x00, 0x00,
    0x00, 0x00, 0x00, 0x00, 0x00, 0x00, 0x00, 0x00, 0x00, 0x00, 0x00, 0x00, 0x00, 0x00, 0x00, 0x00,
    0x00, 0x00, 0x00, 0x00, 0x00, 0x00, 0x00, 0x00, 0x00, 0x00, 0x00, 0x00, 0x00, 0x00, 0x00, 0x00,
    0x00, 0x00, 0x00, 0x00, 0x00, 0x00, 0x00, 0x00, 0x00, 0x00, 0x00, 0x00, 0x00, 0x00, 0x00, 0x00,
    0x00, 0x00, 0x00, 0x3f, 0x00, 0x00, 0xc0, 0x3e, 0x00, 0x00, 0x00, 0x40, 0x00, 0x00, 0x40, 0xbf,
    0xae, 0x47, 0x61, 0x3f, 0x00, 0x00, 0x4a, 0xc2, 0x21, 0x77, 0x7d, 0x3f, 0x00, 0x00, 0xc8, 0x42,
    0x00, 0x00, 0x00, 0x40, 0x00, 0x00, 0x80, 0xbf, 0x00, 0x00, 0x00, 0x3f, 0x00, 0x00, 0x00, 0x3f,
    0x00, 0x00, 0x80, 0x3f, 0x00, 0x00, 0x00, 0x00, 0x00, 0x00, 0x00, 0x00, 0x00, 0x00, 0x00, 0x00,
    0x00, 0x00, 0x00, 0x00, 0x00, 0x00, 0x00, 0x00, 0x00, 0x00, 0x00, 0x00, 0x00, 0x00, 0x00, 0x00,
    0x00, 0x00, 0x80, 0x3f, 0x00, 0x00, 0x80, 0x3f, 0x00, 0x00, 0x80, 0x3f, 0x00, 0x00, 0x80, 0x3f,
    0x00, 0x00, 0x00, 0x00, 0x00, 0x00, 0x00, 0x00, 0x00, 0x00, 0x00, 0x00, 0x00, 0x00, 0x00, 0x00,
    0x00, 0x00, 0x48, 0x43, 0x00, 0x00, 0x96, 0x43, 0x00, 0x00, 0x80, 0x3f, 0x00, 0x00, 0x00, 0x00,
    0x00, 0x00, 0x80, 0x3f, 0x00, 0x00, 0x80, 0x3f, 0x00, 0x00, 0x80, 0x3f, 0x00, 0x00, 0x00, 0x00,
    0x00, 0x00, 0x80, 0x3f, 0x14, 0x74, 0x64, 0x3f, 0x7b, 0x80, 0x63, 0x3f, 0x00, 0x00, 0x80, 0x3f,
    0x00, 0x00, 0x80, 0x3f, 0x00, 0x00, 0x80, 0x3f, 0x00, 0x00, 0x80, 0x3f, 0x00, 0x00, 0x00, 0x00,
    0x00, 0x00, 0x80, 0x3f, 0x00, 0x00, 0x80, 0x3f, 0x00, 0x00, 0x80, 0x3f, 0x00, 0x00, 0x00, 0x00,
    0x00, 0x00, 0x00, 0x00, 0x00, 0x00, 0x80, 0x3f, 0x00, 0x00, 0x00, 0x00, 0x00, 0x00, 0x00, 0x00,
    0xfe, 0x94, 0x86, 0xc2, 0xdc, 0xe2, 0xb1, 0x3f, 0x02, 0x2b, 0xc7, 0x3e, 0xc1, 0x74, 0x47, 0x42,
    0x00, 0x00, 0x80, 0x3f, 0x00, 0x00, 0x80, 0x3f, 0x00, 0x00, 0x80, 0x3f, 0x00, 0x00, 0x80, 0x3f,
};
inline constexpr std::size_t g_EndfieldM21PeakPSCB1Size = sizeof(g_EndfieldM21PeakPSCB1);

inline constexpr std::uint8_t g_EndfieldM21PeakPSCB2[] = {
    0x00, 0x00, 0x80, 0x3f, 0x00, 0x00, 0x00, 0x00, 0x00, 0x00, 0x00, 0x00, 0x00, 0x00, 0x00, 0x00,
    0x00, 0x00, 0x00, 0x00, 0x00, 0x00, 0x80, 0x3f, 0x00, 0x00, 0x00, 0x00, 0x00, 0x00, 0x00, 0x00,
    0x00, 0x00, 0x00, 0x00, 0x00, 0x00, 0x00, 0x00, 0x00, 0x00, 0x80, 0x3f, 0x00, 0x00, 0x00, 0x00,
    0x00, 0x00, 0x00, 0x00, 0x00, 0x00, 0x00, 0x00, 0x00, 0x00, 0x00, 0x00, 0x00, 0x00, 0x80, 0x3f,
    0x00, 0x00, 0x7a, 0x44, 0x00, 0x00, 0x00, 0x00, 0x00, 0x00, 0x00, 0x00, 0x00, 0x00, 0x00, 0x00,
    0x00, 0x00, 0x00, 0x00, 0x00, 0x00, 0x00, 0x00, 0x01, 0x00, 0x00, 0x00, 0x00, 0x00, 0x80, 0x3f,
    0x00, 0x00, 0x80, 0x3f, 0x00, 0x00, 0x00, 0x00, 0x00, 0x00, 0x00, 0x00, 0x00, 0x00, 0x00, 0x00,
    0x00, 0x00, 0x00, 0x00, 0x00, 0x00, 0x80, 0x3f, 0x00, 0x00, 0x00, 0x00, 0x00, 0x00, 0x00, 0x00,
    0x00, 0x00, 0x00, 0x00, 0x00, 0x00, 0x00, 0x00, 0x00, 0x00, 0x80, 0x3f, 0x00, 0x00, 0x00, 0x00,
    0x00, 0x00, 0x00, 0x00, 0x00, 0x00, 0x00, 0x00, 0x00, 0x00, 0x00, 0x00, 0x00, 0x00, 0x80, 0x3f,
    0x00, 0x00, 0x00, 0x00, 0x00, 0x00, 0x80, 0x3f, 0x00, 0x00, 0x00, 0x00, 0x00, 0x00, 0x00, 0x00,
    0x1b, 0x00, 0x00, 0x00, 0x00, 0x00, 0x00, 0x00, 0x00, 0x00, 0x00, 0x00, 0x00, 0x00, 0x00, 0x00,
    0x00, 0x00, 0x00, 0x00, 0x00, 0x00, 0x00, 0x00, 0x00, 0x00, 0x00, 0x00, 0x00, 0x00, 0x00, 0x00,
    0x00, 0x00, 0x00, 0x00, 0x00, 0x00, 0x00, 0x00, 0x00, 0x00, 0x00, 0x00, 0x00, 0x00, 0x00, 0x00,
    0x00, 0x00, 0x00, 0x00, 0x00, 0x00, 0x00, 0x00, 0x00, 0x00, 0x00, 0x00, 0x00, 0x00, 0x00, 0x00,
    0x00, 0x00, 0x00, 0x00, 0x00, 0x00, 0x00, 0x00, 0x00, 0x00, 0x00, 0x00, 0x00, 0x00, 0x00, 0x00,
};
inline constexpr std::size_t g_EndfieldM21PeakPSCB2Size = sizeof(g_EndfieldM21PeakPSCB2);

inline constexpr std::uint8_t g_EndfieldM21PeakPSCB3[] = {
    0x74, 0x3e, 0x53, 0x40, 0x27, 0x4e, 0xb8, 0x3f, 0x41, 0x28, 0x71, 0x3e, 0x00, 0x00, 0x80, 0x3f,
};
inline constexpr std::size_t g_EndfieldM21PeakPSCB3Size = sizeof(g_EndfieldM21PeakPSCB3);

inline constexpr std::uint8_t g_EndfieldM21PeakPSCB4[] = {
    0x00, 0x00, 0x80, 0x3f, 0x00, 0x00, 0x00, 0x00, 0x00, 0x00, 0x80, 0x3f, 0x00, 0x00, 0x00, 0x00,
};
inline constexpr std::size_t g_EndfieldM21PeakPSCB4Size = sizeof(g_EndfieldM21PeakPSCB4);
