#pragma once
// Generated by tools/build_endminf_m27_exact_capture_data.py. Do not edit.
// Source: scratch/reverse_engineering/endfield_capture/20260826T141208Z/graphics/frames/2529/metadata.json
#include <cstddef>

inline constexpr unsigned char g_EndfieldM27Vertices[] = {
    0x1b, 0x7f, 0x3f, 0x3f, 0x1e, 0xbe, 0xf6, 0x3e, 0x86, 0x6b, 0x2d, 0x3f, 0x48, 0xc3, 0x36, 0x3f,
    0x60, 0x8d, 0x99, 0x43, 0x00, 0x00, 0x00, 0x00, 0x00, 0x00, 0x00, 0x00, 0x00, 0x00, 0x00, 0x00,
    0xd7, 0x11, 0x96, 0xc3, 0xec, 0x95, 0x96, 0x43, 0x9f, 0xcc, 0x95, 0xc3, 0xc1, 0x0a, 0x3a, 0xbf,
    0x79, 0x93, 0xad, 0xbd, 0x7a, 0x82, 0x2e, 0x3f, 0x05, 0x02, 0x00, 0xcd, 0x4c, 0x56, 0x28, 0x3f,
    0x1a, 0xbb, 0xfb, 0x3e, 0x78, 0xb5, 0x63, 0x3f, 0x5e, 0x43, 0x2a, 0x3f, 0x60, 0x8d, 0x99, 0x43,
    0x00, 0x00, 0x00, 0x00, 0x00, 0x00, 0x00, 0x00, 0x00, 0x00, 0x00, 0x00, 0xed, 0x11, 0x96, 0xc3,
    0xe7, 0x95, 0x96, 0x43, 0xb7, 0xcc, 0x95, 0xc3, 0xc1, 0x0a, 0x3a, 0xbf, 0x7b, 0x93, 0xad, 0xbd,
    0x79, 0x82, 0x2e, 0x3f, 0x05, 0x02, 0x00, 0xcd, 0x62, 0x50, 0x2d, 0x3f, 0x44, 0xee, 0x06, 0x3f,
    0xf8, 0x4b, 0x59, 0x3f, 0x8a, 0x3b, 0x1b, 0x3f, 0x60, 0x8d, 0x99, 0x43, 0x00, 0x00, 0x00, 0x00,
    0x00, 0x00, 0x00, 0x00, 0x00, 0x00, 0x00, 0x00, 0xc9, 0x11, 0x96, 0xc3, 0xf7, 0x95, 0x96, 0x43,
    0xbb, 0xcc, 0x95, 0xc3, 0x7c, 0x4b, 0xb6, 0x3d, 0xfa, 0x5d, 0x7e, 0x3f, 0xe3, 0xcb, 0x8d, 0xbd,
    0x05, 0x02, 0x00, 0xcd, 0x81, 0x4b, 0x48, 0x3e, 0x0a, 0xc6, 0x71, 0x3f, 0xe8, 0xd0, 0x62, 0x3f,
    0xb6, 0x86, 0x04, 0x3f, 0x60, 0x8d, 0x99, 0x43, 0x00, 0x00, 0x00, 0x00, 0x00, 0x00, 0x00, 0x00,
    0x00, 0x00, 0x00, 0x00, 0x41, 0x11, 0x96, 0xc3, 0x3f, 0x95, 0x96, 0x43, 0xd3, 0xcc, 0x95, 0xc3,
    0x0c, 0xdf, 0x67, 0x3f, 0x80, 0xe3, 0x21, 0x3e, 0x32, 0x55, 0xc9, 0xbe, 0x05, 0x02, 0x00, 0xcd,
    0x72, 0x03, 0xd3, 0x3d, 0xce, 0x72, 0x2f, 0x3f, 0x97, 0xd0, 0xb9, 0x3e, 0x80, 0xed, 0x69, 0x3e,
    0x60, 0x8d, 0x99, 0x43, 0x00, 0x00, 0x00, 0x00, 0x00, 0x00, 0x00, 0x00, 0x00, 0x00, 0x00, 0x00,
    0xa6, 0x11, 0x96, 0xc3, 0x85, 0x95, 0x96, 0x43, 0xe3, 0xcc, 0x95, 0xc3, 0x6b, 0x28, 0xd3, 0x3e,
    0xcd, 0xa4, 0xd3, 0x3e, 0xf4, 0xd2, 0x4f, 0xbf, 0x05, 0x02, 0x00, 0xcd, 0xf2, 0xb2, 0xb5, 0x3d,
    0x36, 0x2e, 0x57, 0x3f, 0x60, 0x8f, 0x0e, 0x3f, 0xc8, 0x9c, 0xfa, 0x3e, 0x60, 0x8d, 0x99, 0x43,
    0x00, 0x00, 0x00, 0x00, 0x00, 0x00, 0x00, 0x00, 0x00, 0x00, 0x00, 0x00, 0x58, 0x11, 0x96, 0xc3,
    0xd1, 0x95, 0x96, 0x43, 0xa3, 0xcc, 0x95, 0xc3, 0x6a, 0x8f, 0x21, 0x3f, 0xce, 0x5a, 0x37, 0x3f,
    0x62, 0x84, 0x98, 0xbe, 0x05, 0x02, 0x00, 0xcd, 0x41, 0xb6, 0x71, 0x3e, 0xca, 0x20, 0x4f, 0x3f,
    0xfa, 0x90, 0x41, 0x3f, 0xe6, 0xfd, 0x71, 0x3e, 0x60, 0x8d, 0x99, 0x43, 0x00, 0x00, 0x00, 0x00,
    0x00, 0x00, 0x00, 0x00, 0x00, 0x00, 0x00, 0x00, 0x6b, 0x11, 0x96, 0xc3, 0xce, 0x95, 0x96, 0x43,
    0x75, 0xcc, 0x95, 0xc3, 0xa0, 0x5d, 0x0c, 0x3f, 0xda, 0xe5, 0x47, 0x3f, 0xcf, 0x49, 0x99, 0x3e,
    0x05, 0x02, 0x00, 0xcd, 0xc8, 0x34, 0x99, 0x3e, 0x22, 0x22, 0x51, 0x3f, 0xac, 0x16, 0x5f, 0x3f,
    0xfe, 0x47, 0x21, 0x3e, 0x60, 0x8d, 0x99, 0x43, 0x00, 0x00, 0x00, 0x00, 0x00, 0x00, 0x00, 0x00,
    0x00, 0x00, 0x00, 0x00, 0xd7, 0x11, 0x96, 0xc3, 0xec, 0x95, 0x96, 0x43, 0x9f, 0xcc, 0x95, 0xc3,
    0xd4, 0x10, 0xfc, 0xbd, 0x62, 0x31, 0x72, 0x3f, 0x40, 0x70, 0x99, 0x3e, 0x05, 0x02, 0x00, 0xcd,
    0x11, 0xed, 0x64, 0x3e, 0x0a, 0x2e, 0x79, 0x3f, 0x80, 0x57, 0x79, 0x3f, 0x84, 0x52, 0x06, 0x3f,
    0x60, 0x8d, 0x99, 0x43, 0x00, 0x00, 0x00, 0x00, 0x00, 0x00, 0x00, 0x00, 0x00, 0x00, 0x00, 0x00,
    0xed, 0x11, 0x96, 0xc3, 0xe7, 0x95, 0x96, 0x43, 0xb7, 0xcc, 0x95, 0xc3, 0x63, 0x5d, 0xc5, 0xbe,
    0x36, 0xc0, 0x68, 0x3f, 0xda, 0x3c, 0x21, 0x3e, 0x05, 0x02, 0x00, 0xcd, 0xd9, 0x43, 0x38, 0x3e,
    0x4a, 0xfe, 0x7b, 0x3f, 0x4a, 0x0e, 0x6b, 0x3f, 0x12, 0x28, 0x1b, 0x3f, 0x60, 0x8d, 0x99, 0x43,
    0x00, 0x00, 0x00, 0x00, 0x00, 0x00, 0x00, 0x00, 0x00, 0x00, 0x00, 0x00, 0x41, 0x11, 0x96, 0xc3,
    0x89, 0x95, 0x96, 0x43, 0x71, 0xcc, 0x95, 0xc3, 0xee, 0xf9, 0x78, 0x3f, 0xd2, 0x6c, 0x3b, 0x3e,
    0x6d, 0x0a, 0x13, 0x3e, 0x05, 0x02, 0x00, 0xcd, 0x58, 0xe0, 0x82, 0x3e, 0xce, 0x4b, 0x32, 0x3f,
    0x50, 0xf6, 0x1f, 0x3f, 0xbc, 0x4d, 0xb9, 0x3c, 0x60, 0x8d, 0x99, 0x43, 0x00, 0x00, 0x00, 0x00,
    0x00, 0x00, 0x00, 0x00, 0x00, 0x00, 0x00, 0x00, 0x42, 0x11, 0x96, 0xc3, 0x14, 0x95, 0x96, 0x43,
    0x8d, 0xcc, 0x95, 0xc3, 0x24, 0xfd, 0x7f, 0x3f, 0xd9, 0x4a, 0xd3, 0xbb, 0x26, 0x01, 0xde, 0x3b,
    0x05, 0x02, 0x00, 0xcd, 0x11, 0xba, 0x12, 0x3e, 0x94, 0xa3, 0x18, 0x3f, 0x72, 0x2e, 0x97, 0x3e,
    0xc4, 0xf6, 0xa8, 0x3c, 0x60, 0x8d, 0x99, 0x43, 0x00, 0x00, 0x00, 0x00, 0x00, 0x00, 0x00, 0x00,
    0x00, 0x00, 0x00, 0x00, 0x3d, 0x11, 0x96, 0xc3, 0x9e, 0x95, 0x96, 0x43, 0xac, 0xcc, 0x95, 0xc3,
    0x11, 0xbe, 0x5d, 0x3f, 0x90, 0xc6, 0xa6, 0x3e, 0xf3, 0x09, 0xc2, 0xbe, 0x05, 0x02, 0x00, 0xcd,
    0x61, 0x78, 0x51, 0x3e, 0xae, 0xd3, 0x40, 0x3f, 0x50, 0x8c, 0x1f, 0x3f, 0x1e, 0xac, 0x42, 0x3e,
    0x60, 0x8d, 0x99, 0x43, 0x00, 0x00, 0x00, 0x00, 0x00, 0x00, 0x00, 0x00, 0x00, 0x00, 0x00, 0x00,
    0xa6, 0x11, 0x96, 0xc3, 0x85, 0x95, 0x96, 0x43, 0xe3, 0xcc, 0x95, 0xc3, 0xec, 0x76, 0xfc, 0xbe,
    0xba, 0x57, 0x60, 0xbe, 0x40, 0x89, 0x57, 0xbf, 0x05, 0x02, 0x00, 0xcd, 0x60, 0xe7, 0xd5, 0x3e,
    0x3c, 0x8f, 0x1b, 0x3f, 0x60, 0x8f, 0x0e, 0x3f, 0xc8, 0x9c, 0xfa, 0x3e, 0x60, 0x8d, 0x99, 0x43,
    0x00, 0x00, 0x00, 0x00, 0x00, 0x00, 0x00, 0x00, 0x00, 0x00, 0x00, 0x00, 0xed, 0x11, 0x96, 0xc3,
    0xe7, 0x95, 0x96, 0x43, 0xb7, 0xcc, 0x95, 0xc3, 0x8f, 0xd8, 0xdd, 0xbe, 0x12, 0xcb, 0xb6, 0x3d,
    0x2e, 0x96, 0x65, 0xbf, 0x05, 0x02, 0x00, 0xcd, 0x90, 0x1f, 0x0e, 0x3f, 0x14, 0xa8, 0x2b, 0x3f,
    0xf8, 0x4b, 0x59, 0x3f, 0x8a, 0x3b, 0x1b, 0x3f, 0x60, 0x8d, 0x99, 0x43, 0x00, 0x00, 0x00, 0x00,
    0x00, 0x00, 0x00, 0x00, 0x00, 0x00, 0x00, 0x00, 0xc9, 0x11, 0x96, 0xc3, 0xf7, 0x95, 0x96, 0x43,
    0xbb, 0xcc, 0x95, 0xc3, 0xda, 0xbe, 0x6a, 0xbe, 0x7f, 0x58, 0x83, 0x3e, 0x65, 0x5f, 0x70, 0xbf,
    0x05, 0x02, 0x00, 0xcd, 0xed, 0x32, 0x0b, 0x3f, 0x2b, 0x87, 0x22, 0x3f, 0xe8, 0xd0, 0x62, 0x3f,
    0xb6, 0x86, 0x04, 0x3f, 0x60, 0x8d, 0x99, 0x43, 0x00, 0x00, 0x00, 0x00, 0x00, 0x00, 0x00, 0x00,
    0x00, 0x00, 0x00, 0x00, 0xdc, 0x11, 0x96, 0xc3, 0xa9, 0x95, 0x96, 0x43, 0xad, 0xcc, 0x95, 0xc3,
    0x04, 0x7e, 0x40, 0xbf, 0x03, 0x89, 0x4d, 0xbe, 0x81, 0xc1, 0x20, 0xbf, 0x05, 0x02, 0x00, 0xcd,
    0x78, 0xed, 0xfb, 0x3e, 0xed, 0xa1, 0x2a, 0x3f, 0x86, 0x6b, 0x2d, 0x3f, 0x48, 0xc3, 0x36, 0x3f,
    0x60, 0x8d, 0x99, 0x43, 0x00, 0x00, 0x00, 0x00, 0x00, 0x00, 0x00, 0x00, 0x00, 0x00, 0x00, 0x00,
    0xd1, 0x11, 0x96, 0xc3, 0x55, 0x95, 0x96, 0x43, 0xb9, 0xcc, 0x95, 0xc3, 0xb2, 0x56, 0xfd, 0xbe,
    0x8a, 0x77, 0x96, 0xbe, 0xae, 0x5b, 0x51, 0xbf, 0x05, 0x02, 0x00, 0xcd, 0x39, 0xa6, 0xb5, 0x3e,
    0x5d, 0x72, 0x2e, 0x3f, 0xaa, 0xb1, 0xd4, 0x3e, 0x0a, 0x56, 0x24, 0x3f, 0x60, 0x8d, 0x99, 0x43,
    0x00, 0x00, 0x00, 0x00, 0x00, 0x00, 0x00, 0x00, 0x00, 0x00, 0x00, 0x00, 0x61, 0x11, 0x96, 0xc3,
    0x26, 0x95, 0x96, 0x43, 0xca, 0xcc, 0x95, 0xc3, 0x4d, 0x67, 0x87, 0x3d, 0x3a, 0x8d, 0x2c, 0xbf,
    0x6c, 0x59, 0x3c, 0xbf, 0x05, 0x02, 0x00, 0xcd, 0x03, 0x8e, 0x98, 0x3e, 0x66, 0xeb, 0x0b, 0x3f,
    0x72, 0x8c, 0x91, 0x3e, 0x94, 0x58, 0xaa, 0x3e, 0x60, 0x8d, 0x99, 0x43, 0x00, 0x00, 0x00, 0x00,
    0x00, 0x00, 0x00, 0x00, 0x00, 0x00, 0x00, 0x00, 0x86, 0x11, 0x96, 0xc3, 0x11, 0x95, 0x96, 0x43,
    0xaa, 0xcc, 0x95, 0xc3, 0x2d, 0xc1, 0x0b, 0xbe, 0xc6, 0xd8, 0x3d, 0xbf, 0xb3, 0x25, 0x28, 0xbf,
    0x05, 0x02, 0x00, 0xcd, 0xb7, 0xce, 0x82, 0x3e, 0x28, 0x32, 0x17, 0x3f, 0xbd, 0x1a, 0x3a, 0x3e,
    0x95, 0x22, 0xdd, 0x3e, 0x60, 0x8d, 0x99, 0x43, 0x00, 0x00, 0x00, 0x00, 0x00, 0x00, 0x00, 0x00,
    0x00, 0x00, 0x00, 0x00, 0x41, 0x11, 0x96, 0xc3, 0x3f, 0x95, 0x96, 0x43, 0xd3, 0xcc, 0x95, 0xc3,
    0x76, 0x99, 0x40, 0x3e, 0x9d, 0x62, 0x0c, 0xbf, 0xec, 0x96, 0x50, 0xbf, 0x05, 0x02, 0x00, 0xcd,
    0x8e, 0x8e, 0xaa, 0x3e, 0xf4, 0x5c, 0x00, 0x3f, 0x97, 0xd0, 0xb9, 0x3e, 0x80, 0xed, 0x69, 0x3e,
    0x60, 0x8d, 0x99, 0x43, 0x00, 0x00, 0x00, 0x00, 0x00, 0x00, 0x00, 0x00, 0x00, 0x00, 0x00, 0x00,
    0x42, 0x11, 0x96, 0xc3, 0x14, 0x95, 0x96, 0x43, 0x8d, 0xcc, 0x95, 0xc3, 0x53, 0x77, 0x9e, 0x3e,
    0xa7, 0x8b, 0x5a, 0xbf, 0x50, 0x70, 0xd6, 0xbe, 0x05, 0x02, 0x00, 0xcd, 0x01, 0xdd, 0x6c, 0x3e,
    0x65, 0xef, 0xfe, 0x3e, 0x3f, 0xeb, 0x0d, 0x3e, 0x88, 0x7f, 0x5f, 0x3e, 0x60, 0x8d, 0x99, 0x43,
    0x00, 0x00, 0x00, 0x00, 0x00, 0x00, 0x00, 0x00, 0x00, 0x00, 0x00, 0x00, 0x42, 0x11, 0x96, 0xc3,
    0x14, 0x95, 0x96, 0x43, 0x8d, 0xcc, 0x95, 0xc3, 0x34, 0x20, 0xbf, 0xbe, 0x69, 0x74, 0x5f, 0xbe,
    0xc2, 0xd4, 0x66, 0x3f, 0x05, 0x02, 0x00, 0xcd, 0xe5, 0xe9, 0x76, 0x3e, 0x3a, 0xdd, 0x6f, 0x3f,
    0xc6, 0xf6, 0x95, 0x3e, 0xbc, 0x91, 0x7b, 0x3f, 0x60, 0x8d, 0x99, 0x43, 0x00, 0x00, 0x00, 0x00,
    0x00, 0x00, 0x00, 0x00, 0x00, 0x00, 0x00, 0x00, 0x41, 0x11, 0x96, 0xc3, 0x89, 0x95, 0x96, 0x43,
    0x71, 0xcc, 0x95, 0xc3, 0x34, 0x20, 0xbf, 0xbe, 0x69, 0x74, 0x5f, 0xbe, 0xc2, 0xd4, 0x66, 0x3f,
    0x05, 0x02, 0x00, 0xcd, 0xb9, 0xe2, 0x91, 0x3e, 0x8b, 0xe9, 0x4d, 0x3f, 0x6c, 0xb8, 0x7c, 0x3d,
    0x6e, 0x62, 0x51, 0x3f, 0x60, 0x8d, 0x99, 0x43, 0x00, 0x00, 0x00, 0x00, 0x00, 0x00, 0x00, 0x00,
    0x00, 0x00, 0x00, 0x00, 0x86, 0x11, 0x96, 0xc3, 0x11, 0x95, 0x96, 0x43, 0xaa, 0xcc, 0x95, 0xc3,
    0x34, 0x20, 0xbf, 0xbe, 0x69, 0x74, 0x5f, 0xbe, 0xc2, 0xd4, 0x66, 0x3f, 0x05, 0x02, 0x00, 0xcd,
    0xd1, 0x0b, 0x20, 0x3e, 0xe7, 0xde, 0x6b, 0x3f, 0xd4, 0xa3, 0xe0, 0x3e, 0x1f, 0x55, 0x68, 0x3f,
    0x60, 0x8d, 0x99, 0x43, 0x00, 0x00, 0x00, 0x00, 0x00, 0x00, 0x00, 0x00, 0x00, 0x00, 0x00, 0x00,
    0xd1, 0x11, 0x96, 0xc3, 0x55, 0x95, 0x96, 0x43, 0xb9, 0xcc, 0x95, 0xc3, 0xaf, 0xbe, 0xc7, 0xbe,
    0x66, 0x1c, 0x38, 0xbe, 0x65, 0x2d, 0x67, 0x3f, 0x05, 0x02, 0x00, 0xcd, 0x5a, 0x30, 0xb6, 0x3d,
    0x01, 0x8c, 0x52, 0x3f, 0x96, 0xd1, 0xea, 0x3e, 0xa5, 0x00, 0x39, 0x3f, 0x60, 0x8d, 0x99, 0x43,
    0x00, 0x00, 0x00, 0x00, 0x00, 0x00, 0x00, 0x00, 0x00, 0x00, 0x00, 0x00, 0xdc, 0x11, 0x96, 0xc3,
    0xa9, 0x95, 0x96, 0x43, 0xad, 0xcc, 0x95, 0xc3, 0x3a, 0x8d, 0xca, 0xbe, 0xd5, 0xe0, 0x20, 0xbe,
    0x56, 0xa6, 0x67, 0x3f, 0x05, 0x02, 0x00, 0xcd, 0x52, 0x37, 0xd6, 0x3d, 0xc2, 0x8c, 0x39, 0x3f,
    0x3a, 0x06, 0xa4, 0x3e, 0xee, 0x4e, 0x17, 0x3f, 0x60, 0x8d, 0x99, 0x43, 0x00, 0x00, 0x00, 0x00,
    0x00, 0x00, 0x00, 0x00, 0x00, 0x00, 0x00, 0x00, 0x6b, 0x11, 0x96, 0xc3, 0xce, 0x95, 0x96, 0x43,
    0x75, 0xcc, 0x95, 0xc3, 0x3b, 0x8d, 0xca, 0xbe, 0xd5, 0xe0, 0x20, 0xbe, 0x56, 0xa6, 0x67, 0x3f,
    0x05, 0x02, 0x00, 0xcd, 0xdb, 0xd4, 0x83, 0x3e, 0xb4, 0xd5, 0x36, 0x3f, 0xf0, 0x2d, 0x6f, 0x3c,
    0x02, 0xa2, 0x2b, 0x3f, 0x60, 0x8d, 0x99, 0x43, 0x00, 0x00, 0x00, 0x00, 0x00, 0x00, 0x00, 0x00,
    0x00, 0x00, 0x00, 0x00, 0xd7, 0x11, 0x96, 0xc3, 0xec, 0x95, 0x96, 0x43, 0x9f, 0xcc, 0x95, 0xc3,
    0x3b, 0x8d, 0xca, 0xbe, 0xd5, 0xe0, 0x20, 0xbe, 0x56, 0xa6, 0x67, 0x3f, 0x05, 0x02, 0x00, 0xcd,
    0xed, 0xa2, 0x08, 0x3e, 0xa3, 0x94, 0x26, 0x3f, 0xd9, 0x2f, 0x3b, 0x3e, 0x64, 0x6e, 0x00, 0x3f,
    0x60, 0x8d, 0x99, 0x43, 0x00, 0x00, 0x00, 0x00, 0x00, 0x00, 0x00, 0x00, 0x00, 0x00, 0x00, 0x00,
    0xa1, 0x31, 0x96, 0xc3, 0x43, 0x99, 0x96, 0x43, 0x45, 0xc0, 0x95, 0xc3, 0x7a, 0x8f, 0xfa, 0x3d,
    0xa1, 0xea, 0x68, 0x3e, 0x81, 0x50, 0x77, 0x3f, 0x6a, 0x1e, 0x02, 0xec, 0x1b, 0x7f, 0x3f, 0x3f,
    0x1e, 0xbe, 0xf6, 0x3e, 0x86, 0x6b, 0x2d, 0x3f, 0x48, 0xc3, 0x36, 0x3f, 0x3b, 0x22, 0xf6, 0x43,
    0x00, 0x00, 0x00, 0x00, 0x00, 0x00, 0x00, 0x00, 0x00, 0x00, 0x00, 0x00, 0xf9, 0x31, 0x96, 0xc3,
    0x61, 0x99, 0x96, 0x43, 0x40, 0xc0, 0x95, 0xc3, 0x78, 0x8f, 0xfa, 0x3d, 0xa2, 0xea, 0x68, 0x3e,
    0x81, 0x50, 0x77, 0x3f, 0x6a, 0x1e, 0x02, 0xec, 0x4c, 0x56, 0x28, 0x3f, 0x1a, 0xbb, 0xfb, 0x3e,
    0x78, 0xb5, 0x63, 0x3f, 0x5e, 0x43, 0x2a, 0x3f, 0x3b, 0x22, 0xf6, 0x43, 0x00, 0x00, 0x00, 0x00,
    0x00, 0x00, 0x00, 0x00, 0x00, 0x00, 0x00, 0x00, 0xf7, 0x31, 0x96, 0xc3, 0x36, 0x99, 0x96, 0x43,
    0x37, 0xc0, 0x95, 0xc3, 0x7a, 0x8f, 0xfa, 0x3d, 0xa1, 0xea, 0x68, 0x3e, 0x81, 0x50, 0x77, 0x3f,
    0x6a, 0x1e, 0x02, 0xec, 0x62, 0x50, 0x2d, 0x3f, 0x44, 0xee, 0x06, 0x3f, 0xf8, 0x4b, 0x59, 0x3f,
    0x8a, 0x3b, 0x1b, 0x3f, 0x3b, 0x22, 0xf6, 0x43, 0x00, 0x00, 0x00, 0x00, 0x00, 0x00, 0x00, 0x00,
    0x00, 0x00, 0x00, 0x00, 0x0a, 0x32, 0x96, 0xc3, 0x4a, 0x99, 0x96, 0x43, 0x63, 0xc0, 0x95, 0xc3,
    0x34, 0x8c, 0x7d, 0xbf, 0x58, 0x0e, 0xc3, 0x3d, 0xb6, 0xc2, 0xcc, 0xbd, 0x6a, 0x1e, 0x02, 0xec,
    0x81, 0x4b, 0x48, 0x3e, 0x0a, 0xc6, 0x71, 0x3f, 0xe8, 0xd0, 0x62, 0x3f, 0xb6, 0x86, 0x04, 0x3f,
    0x3b, 0x22, 0xf6, 0x43, 0x00, 0x00, 0x00, 0x00, 0x00, 0x00, 0x00, 0x00, 0x00, 0x00, 0x00, 0x00,
    0x0e, 0x31, 0x96, 0xc3, 0x6c, 0x99, 0x96, 0x43, 0x18, 0xc1, 0x95, 0xc3, 0x57, 0xf5, 0x20, 0xbe,
    0x2c, 0x45, 0xf1, 0x3d, 0x2f, 0x03, 0x7b, 0xbf, 0x6a, 0x1e, 0x02, 0xec, 0x72, 0x03, 0xd3, 0x3d,
    0xce, 0x72, 0x2f, 0x3f, 0x97, 0xd0, 0xb9, 0x3e, 0x80, 0xed, 0x69, 0x3e, 0x3b, 0x22, 0xf6, 0x43,
    0x00, 0x00, 0x00, 0x00, 0x00, 0x00, 0x00, 0x00, 0x00, 0x00, 0x00, 0x00, 0x75, 0x31, 0x96, 0xc3,
    0x22, 0x99, 0x96, 0x43, 0xaa, 0xc0, 0x95, 0xc3, 0xb4, 0xf8, 0xf3, 0xbe, 0x59, 0x87, 0xe9, 0xbe,
    0xf0, 0x68, 0x40, 0xbf, 0x6a, 0x1e, 0x02, 0xec, 0xf2, 0xb2, 0xb5, 0x3d, 0x36, 0x2e, 0x57, 0x3f,
    0x60, 0x8f, 0x0e, 0x3f, 0xc8, 0x9c, 0xfa, 0x3e, 0x3b, 0x22, 0xf6, 0x43, 0x00, 0x00, 0x00, 0x00,
    0x00, 0x00, 0x00, 0x00, 0x00, 0x00, 0x00, 0x00, 0xcd, 0x31, 0x96, 0xc3, 0xac, 0x99, 0x96, 0x43,
    0xda, 0xc0, 0x95, 0xc3, 0x99, 0xd4, 0x36, 0xbf, 0x72, 0xc2, 0x04, 0x3e, 0xe1, 0x16, 0x30, 0xbf,
    0x6a, 0x1e, 0x02, 0xec, 0x41, 0xb6, 0x71, 0x3e, 0xca, 0x20, 0x4f, 0x3f, 0xfa, 0x90, 0x41, 0x3f,
    0xe6, 0xfd, 0x71, 0x3e, 0x3b, 0x22, 0xf6, 0x43, 0x00, 0x00, 0x00, 0x00, 0x00, 0x00, 0x00, 0x00,
    0x00, 0x00, 0x00, 0x00, 0xc4, 0x31, 0x96, 0xc3, 0xd6, 0x99, 0x96, 0x43, 0xa5, 0xc0, 0x95, 0xc3,
    0x3d, 0x55, 0x38, 0xbf, 0x18, 0x36, 0x1d, 0x3f, 0xbc, 0x6e, 0xa5, 0xbe, 0x6a, 0x1e, 0x02, 0xec,
    0xc8, 0x34, 0x99, 0x3e, 0x22, 0x22, 0x51, 0x3f, 0xac, 0x16, 0x5f, 0x3f, 0xfe, 0x47, 0x21, 0x3e,
    0x3b, 0x22, 0xf6, 0x43, 0x00, 0x00, 0x00, 0x00, 0x00, 0x00, 0x00, 0x00, 0x00, 0x00, 0x00, 0x00,
    0xf9, 0x31, 0x96, 0xc3, 0x61, 0x99, 0x96, 0x43, 0x40, 0xc0, 0x95, 0xc3, 0xc6, 0x14, 0x6a, 0xbf,
    0x97, 0xd5, 0x9c, 0x3e, 0x42, 0x8a, 0x87, 0x3e, 0x6a, 0x1e, 0x02, 0xec, 0x11, 0xed, 0x64, 0x3e,
    0x0a, 0x2e, 0x79, 0x3f, 0x80, 0x57, 0x79, 0x3f, 0x84, 0x52, 0x06, 0x3f, 0x3b, 0x22, 0xf6, 0x43,
    0x00, 0x00, 0x00, 0x00, 0x00, 0x00, 0x00, 0x00, 0x00, 0x00, 0x00, 0x00, 0xf7, 0x31, 0x96, 0xc3,
    0x36, 0x99, 0x96, 0x43, 0x37, 0xc0, 0x95, 0xc3, 0x60, 0x81, 0x67, 0xbf, 0x59, 0x06, 0x52, 0x3d,
    0x42, 0xf8, 0xd8, 0x3e, 0x6a, 0x1e, 0x02, 0xec, 0xd9, 0x43, 0x38, 0x3e, 0x4a, 0xfe, 0x7b, 0x3f,
    0x4a, 0x0e, 0x6b, 0x3f, 0x12, 0x28, 0x1b, 0x3f, 0x3b, 0x22, 0xf6, 0x43, 0x00, 0x00, 0x00, 0x00,
    0x00, 0x00, 0x00, 0x00, 0x00, 0x00, 0x00, 0x00, 0x63, 0x31, 0x96, 0xc3, 0xec, 0x99, 0x96, 0x43,
    0xd5, 0xc0, 0x95, 0xc3, 0x2a, 0x44, 0xfc, 0xbd, 0x14, 0x43, 0x1e, 0x3f, 0xa3, 0xbb, 0x46, 0xbf,
    0x6a, 0x1e, 0x02, 0xec, 0x58, 0xe0, 0x82, 0x3e, 0xce, 0x4b, 0x32, 0x3f, 0x50, 0xf6, 0x1f, 0x3f,
    0xbc, 0x4d, 0xb9, 0x3c, 0x3b, 0x22, 0xf6, 0x43, 0x00, 0x00, 0x00, 0x00, 0x00, 0x00, 0x00, 0x00,
    0x00, 0x00, 0x00, 0x00, 0xc9, 0x30, 0x96, 0xc3, 0xb8, 0x99, 0x96, 0x43, 0xe9, 0xc0, 0x95, 0xc3,
    0x8c, 0x67, 0x55, 0x3d, 0xe2, 0xba, 0xfb, 0x3e, 0xaf, 0x85, 0x5e, 0xbf, 0x6a, 0x1e, 0x02, 0xec,
    0x11, 0xba, 0x12, 0x3e, 0x94, 0xa3, 0x18, 0x3f, 0x72, 0x2e, 0x97, 0x3e, 0xc4, 0xf6, 0xa8, 0x3c,
    0x3b, 0x22, 0xf6, 0x43, 0x00, 0x00, 0x00, 0x00, 0x00, 0x00, 0x00, 0x00, 0x00, 0x00, 0x00, 0x00,
    0x89, 0x31, 0x96, 0xc3, 0xac, 0x99, 0x96, 0x43, 0x01, 0xc1, 0x95, 0xc3, 0x79, 0xe9, 0xa5, 0xbe,
    0xa5, 0xe5, 0x04, 0x3e, 0x93, 0xe5, 0x6f, 0xbf, 0x6a, 0x1e, 0x02, 0xec, 0x61, 0x78, 0x51, 0x3e,
    0xae, 0xd3, 0x40, 0x3f, 0x50, 0x8c, 0x1f, 0x3f, 0x1e, 0xac, 0x42, 0x3e, 0x3b, 0x22, 0xf6, 0x43,
    0x00, 0x00, 0x00, 0x00, 0x00, 0x00, 0x00, 0x00, 0x00, 0x00, 0x00, 0x00, 0x75, 0x31, 0x96, 0xc3,
    0x22, 0x99, 0x96, 0x43, 0xaa, 0xc0, 0x95, 0xc3, 0x4c, 0x32, 0xdd, 0x3d, 0xbf, 0x77, 0x7e, 0xbf,
    0x0e, 0x88, 0x86, 0x3c, 0x6a, 0x1e, 0x02, 0xec, 0x60, 0xe7, 0xd5, 0x3e, 0x3c, 0x8f, 0x1b, 0x3f,
    0x60, 0x8f, 0x0e, 0x3f, 0xc8, 0x9c, 0xfa, 0x3e, 0x3b, 0x22, 0xf6, 0x43, 0x00, 0x00, 0x00, 0x00,
    0x00, 0x00, 0x00, 0x00, 0x00, 0x00, 0x00, 0x00, 0xf7, 0x31, 0x96, 0xc3, 0x36, 0x99, 0x96, 0x43,
    0x37, 0xc0, 0x95, 0xc3, 0xf4, 0x31, 0x4e, 0xbe, 0x14, 0x4d, 0x7a, 0xbf, 0x67, 0xa5, 0x71, 0xbd,
    0x6a, 0x1e, 0x02, 0xec, 0x90, 0x1f, 0x0e, 0x3f, 0x14, 0xa8, 0x2b, 0x3f, 0xf8, 0x4b, 0x59, 0x3f,
    0x8a, 0x3b, 0x1b, 0x3f, 0x3b, 0x22, 0xf6, 0x43, 0x00, 0x00, 0x00, 0x00, 0x00, 0x00, 0x00, 0x00,
    0x00, 0x00, 0x00, 0x00, 0x0a, 0x32, 0x96, 0xc3, 0x4a, 0x99, 0x96, 0x43, 0x63, 0xc0, 0x95, 0xc3,
    0x3a, 0xbc, 0xb9, 0xbe, 0x37, 0x68, 0x65, 0xbf, 0x95, 0xe7, 0x82, 0xbe, 0x6a, 0x1e, 0x02, 0xec,
    0xed, 0x32, 0x0b, 0x3f, 0x2b, 0x87, 0x22, 0x3f, 0xe8, 0xd0, 0x62, 0x3f, 0xb6, 0x86, 0x04, 0x3f,
    0x3b, 0x22, 0xf6, 0x43, 0x00, 0x00, 0x00, 0x00, 0x00, 0x00, 0x00, 0x00, 0x00, 0x00, 0x00, 0x00,
    0xa1, 0x31, 0x96, 0xc3, 0x43, 0x99, 0x96, 0x43, 0x45, 0xc0, 0x95, 0xc3, 0xcd, 0x82, 0xcd, 0x3d,
    0x5d, 0xb7, 0x6e, 0xbf, 0x95, 0xa8, 0xb1, 0x3e, 0x6a, 0x1e, 0x02, 0xec, 0x78, 0xed, 0xfb, 0x3e,
    0xed, 0xa1, 0x2a, 0x3f, 0x86, 0x6b, 0x2d, 0x3f, 0x48, 0xc3, 0x36, 0x3f, 0x3b, 0x22, 0xf6, 0x43,
    0x00, 0x00, 0x00, 0x00, 0x00, 0x00, 0x00, 0x00, 0x00, 0x00, 0x00, 0x00, 0x31, 0x31, 0x96, 0xc3,
    0x2f, 0x99, 0x96, 0x43, 0x5b, 0xc0, 0x95, 0xc3, 0x9d, 0x2f, 0x3d, 0x3e, 0x18, 0x7c, 0x7b, 0xbf,
    0x21, 0x36, 0xec, 0x3c, 0x6a, 0x1e, 0x02, 0xec, 0x39, 0xa6, 0xb5, 0x3e, 0x5d, 0x72, 0x2e, 0x3f,
    0xaa, 0xb1, 0xd4, 0x3e, 0x0a, 0x56, 0x24, 0x3f, 0x3b, 0x22, 0xf6, 0x43, 0x00, 0x00, 0x00, 0x00,
    0x00, 0x00, 0x00, 0x00, 0x00, 0x00, 0x00, 0x00, 0xec, 0x30, 0x96, 0xc3, 0x5e, 0x99, 0x96, 0x43,
    0xec, 0xc0, 0x95, 0xc3, 0xe8, 0xa1, 0x18, 0x3f, 0x78, 0x61, 0x2e, 0xbf, 0xc9, 0x89, 0xd9, 0xbe,
    0x6a, 0x1e, 0x02, 0xec, 0x03, 0x8e, 0x98, 0x3e, 0x66, 0xeb, 0x0b, 0x3f, 0x72, 0x8c, 0x91, 0x3e,
    0x94, 0x58, 0xaa, 0x3e, 0x3b, 0x22, 0xf6, 0x43, 0x00, 0x00, 0x00, 0x00, 0x00, 0x00, 0x00, 0x00,
    0x00, 0x00, 0x00, 0x00, 0xcd, 0x30, 0x96, 0xc3, 0x68, 0x99, 0x96, 0x43, 0xab, 0xc0, 0x95, 0xc3,
    0xfd, 0x94, 0x29, 0x3f, 0x6d, 0x0f, 0x38, 0xbf, 0x0a, 0x66, 0x57, 0xbe, 0x6a, 0x1e, 0x02, 0xec,
    0xb7, 0xce, 0x82, 0x3e, 0x28, 0x32, 0x17, 0x3f, 0xbd, 0x1a, 0x3a, 0x3e, 0x95, 0x22, 0xdd, 0x3e,
    0x3b, 0x22, 0xf6, 0x43, 0x00, 0x00, 0x00, 0x00, 0x00, 0x00, 0x00, 0x00, 0x00, 0x00, 0x00, 0x00,
    0x0e, 0x31, 0x96, 0xc3, 0x6c, 0x99, 0x96, 0x43, 0x18, 0xc1, 0x95, 0xc3, 0xfd, 0xf2, 0xef, 0x3e,
    0xe8, 0x19, 0x2d, 0xbf, 0xe7, 0x86, 0x11, 0xbf, 0x6a, 0x1e, 0x02, 0xec, 0x8e, 0x8e, 0xaa, 0x3e,
    0xf4, 0x5c, 0x00, 0x3f, 0x97, 0xd0, 0xb9, 0x3e, 0x80, 0xed, 0x69, 0x3e, 0x3b, 0x22, 0xf6, 0x43,
    0x00, 0x00, 0x00, 0x00, 0x00, 0x00, 0x00, 0x00, 0x00, 0x00, 0x00, 0x00, 0xc9, 0x30, 0x96, 0xc3,
    0xb8, 0x99, 0x96, 0x43, 0xe9, 0xc0, 0x95, 0xc3, 0x5a, 0x90, 0x51, 0x3f, 0x79, 0xea, 0x9d, 0xbe,
    0xd7, 0x11, 0xf8, 0xbe, 0x6a, 0x1e, 0x02, 0xec, 0x01, 0xdd, 0x6c, 0x3e, 0x65, 0xef, 0xfe, 0x3e,
    0x3f, 0xeb, 0x0d, 0x3e, 0x88, 0x7f, 0x5f, 0x3e, 0x3b, 0x22, 0xf6, 0x43, 0x00, 0x00, 0x00, 0x00,
    0x00, 0x00, 0x00, 0x00, 0x00, 0x00, 0x00, 0x00, 0xc9, 0x30, 0x96, 0xc3, 0xb8, 0x99, 0x96, 0x43,
    0xe9, 0xc0, 0x95, 0xc3, 0x57, 0x61, 0x96, 0x3e, 0x84, 0x32, 0x13, 0x3f, 0xd6, 0x7c, 0x43, 0x3f,
    0x6a, 0x1e, 0x02, 0xec, 0xe5, 0xe9, 0x76, 0x3e, 0x3a, 0xdd, 0x6f, 0x3f, 0xc6, 0xf6, 0x95, 0x3e,
    0xbc, 0x91, 0x7b, 0x3f, 0x3b, 0x22, 0xf6, 0x43, 0x00, 0x00, 0x00, 0x00, 0x00, 0x00, 0x00, 0x00,
    0x00, 0x00, 0x00, 0x00, 0x63, 0x31, 0x96, 0xc3, 0xec, 0x99, 0x96, 0x43, 0xd5, 0xc0, 0x95, 0xc3,
    0x57, 0x61, 0x96, 0x3e, 0x84, 0x32, 0x13, 0x3f, 0xd6, 0x7c, 0x43, 0x3f, 0x6a, 0x1e, 0x02, 0xec,
    0xb9, 0xe2, 0x91, 0x3e, 0x8b, 0xe9, 0x4d, 0x3f, 0x6c, 0xb8, 0x7c, 0x3d, 0x6e, 0x62, 0x51, 0x3f,
    0x3b, 0x22, 0xf6, 0x43, 0x00, 0x00, 0x00, 0x00, 0x00, 0x00, 0x00, 0x00, 0x00, 0x00, 0x00, 0x00,
    0xcd, 0x30, 0x96, 0xc3, 0x68, 0x99, 0x96, 0x43, 0xab, 0xc0, 0x95, 0xc3, 0x57, 0x61, 0x96, 0x3e,
    0x84, 0x32, 0x13, 0x3f, 0xd6, 0x7c, 0x43, 0x3f, 0x6a, 0x1e, 0x02, 0xec, 0xd1, 0x0b, 0x20, 0x3e,
    0xe7, 0xde, 0x6b, 0x3f, 0xd4, 0xa3, 0xe0, 0x3e, 0x1f, 0x55, 0x68, 0x3f, 0x3b, 0x22, 0xf6, 0x43,
    0x00, 0x00, 0x00, 0x00, 0x00, 0x00, 0x00, 0x00, 0x00, 0x00, 0x00, 0x00, 0x31, 0x31, 0x96, 0xc3,
    0x2f, 0x99, 0x96, 0x43, 0x5b, 0xc0, 0x95, 0xc3, 0xde, 0x84, 0x82, 0x3e, 0x28, 0x82, 0x12, 0x3f,
    0xdd, 0x87, 0x47, 0x3f, 0x6a, 0x1e, 0x02, 0xec, 0x5a, 0x30, 0xb6, 0x3d, 0x01, 0x8c, 0x52, 0x3f,
    0x96, 0xd1, 0xea, 0x3e, 0xa5, 0x00, 0x39, 0x3f, 0x3b, 0x22, 0xf6, 0x43, 0x00, 0x00, 0x00, 0x00,
    0x00, 0x00, 0x00, 0x00, 0x00, 0x00, 0x00, 0x00, 0xa1, 0x31, 0x96, 0xc3, 0x43, 0x99, 0x96, 0x43,
    0x45, 0xc0, 0x95, 0xc3, 0x04, 0xe6, 0x6d, 0x3e, 0x9d, 0xe3, 0x12, 0x3f, 0x9c, 0x0d, 0x49, 0x3f,
    0x6a, 0x1e, 0x02, 0xec, 0x52, 0x37, 0xd6, 0x3d, 0xc2, 0x8c, 0x39, 0x3f, 0x3a, 0x06, 0xa4, 0x3e,
    0xee, 0x4e, 0x17, 0x3f, 0x3b, 0x22, 0xf6, 0x43, 0x00, 0x00, 0x00, 0x00, 0x00, 0x00, 0x00, 0x00,
    0x00, 0x00, 0x00, 0x00, 0xc4, 0x31, 0x96, 0xc3, 0xd6, 0x99, 0x96, 0x43, 0xa5, 0xc0, 0x95, 0xc3,
    0x04, 0xe6, 0x6d, 0x3e, 0x9d, 0xe3, 0x12, 0x3f, 0x9c, 0x0d, 0x49, 0x3f, 0x6a, 0x1e, 0x02, 0xec,
    0xdb, 0xd4, 0x83, 0x3e, 0xb4, 0xd5, 0x36, 0x3f, 0xf0, 0x2d, 0x6f, 0x3c, 0x02, 0xa2, 0x2b, 0x3f,
    0x3b, 0x22, 0xf6, 0x43, 0x00, 0x00, 0x00, 0x00, 0x00, 0x00, 0x00, 0x00, 0x00, 0x00, 0x00, 0x00,
    0xf9, 0x31, 0x96, 0xc3, 0x61, 0x99, 0x96, 0x43, 0x40, 0xc0, 0x95, 0xc3, 0x04, 0xe6, 0x6d, 0x3e,
    0x9d, 0xe3, 0x12, 0x3f, 0x9c, 0x0d, 0x49, 0x3f, 0x6a, 0x1e, 0x02, 0xec, 0xed, 0xa2, 0x08, 0x3e,
    0xa3, 0x94, 0x26, 0x3f, 0xd9, 0x2f, 0x3b, 0x3e, 0x64, 0x6e, 0x00, 0x3f, 0x3b, 0x22, 0xf6, 0x43,
    0x00, 0x00, 0x00, 0x00, 0x00, 0x00, 0x00, 0x00, 0x00, 0x00, 0x00, 0x00, 0x13, 0x2d, 0x96, 0xc3,
    0x9b, 0xb4, 0x96, 0x43, 0x8b, 0xb9, 0x95, 0xc3, 0x60, 0xfe, 0x0c, 0x3e, 0x7f, 0x2e, 0x03, 0xbe,
    0x93, 0x6e, 0x7b, 0x3f, 0x0c, 0x04, 0x01, 0xd2, 0x1b, 0x7f, 0x3f, 0x3f, 0x1e, 0xbe, 0xf6, 0x3e,
    0x86, 0x6b, 0x2d, 0x3f, 0x48, 0xc3, 0x36, 0x3f, 0xa3, 0x1d, 0x3c, 0x44, 0x00, 0x00, 0x00, 0x00,
    0x00, 0x00, 0x00, 0x00, 0x00, 0x00, 0x00, 0x00, 0x86, 0x2d, 0x96, 0xc3, 0x6d, 0xb4, 0x96, 0x43,
    0x81, 0xb9, 0x95, 0xc3, 0x60, 0xfe, 0x0c, 0x3e, 0x7f, 0x2e, 0x03, 0xbe, 0x93, 0x6e, 0x7b, 0x3f,
    0x0c, 0x04, 0x01, 0xd2, 0x4c, 0x56, 0x28, 0x3f, 0x1a, 0xbb, 0xfb, 0x3e, 0x78, 0xb5, 0x63, 0x3f,
    0x5e, 0x43, 0x2a, 0x3f, 0xa3, 0x1d, 0x3c, 0x44, 0x00, 0x00, 0x00, 0x00, 0x00, 0x00, 0x00, 0x00,
    0x00, 0x00, 0x00, 0x00, 0x5f, 0x2d, 0x96, 0xc3, 0x42, 0xb4, 0x96, 0x43, 0x8c, 0xb9, 0x95, 0xc3,
    0x60, 0xfe, 0x0c, 0x3e, 0x7f, 0x2e, 0x03, 0xbe, 0x93, 0x6e, 0x7b, 0x3f, 0x0c, 0x04, 0x01, 0xd2,
    0x62, 0x50, 0x2d, 0x3f, 0x44, 0xee, 0x06, 0x3f, 0xf8, 0x4b, 0x59, 0x3f, 0x8a, 0x3b, 0x1b, 0x3f,
    0xa3, 0x1d, 0x3c, 0x44, 0x00, 0x00, 0x00, 0x00, 0x00, 0x00, 0x00, 0x00, 0x00, 0x00, 0x00, 0x00,
    0x8f, 0x2d, 0x96, 0xc3, 0x5b, 0xb4, 0x96, 0x43, 0xb9, 0xb9, 0x95, 0xc3, 0x5e, 0xb3, 0x5a, 0xbf,
    0x22, 0x90, 0xff, 0xbe, 0x26, 0x7b, 0x14, 0xbe, 0x0c, 0x04, 0x01, 0xd2, 0x81, 0x4b, 0x48, 0x3e,
    0x0a, 0xc6, 0x71, 0x3f, 0xe8, 0xd0, 0x62, 0x3f, 0xb6, 0x86, 0x04, 0x3f, 0xa3, 0x1d, 0x3c, 0x44,
    0x00, 0x00, 0x00, 0x00, 0x00, 0x00, 0x00, 0x00, 0x00, 0x00, 0x00, 0x00, 0xcc, 0x2c, 0x96, 0xc3,
    0xa3, 0xb5, 0x96, 0x43, 0x63, 0xba, 0x95, 0xc3, 0x76, 0xfb, 0xbd, 0xbe, 0x57, 0x1b, 0xb5, 0x3e,
    0x3a, 0xcd, 0x5b, 0xbf, 0x0c, 0x04, 0x01, 0xd2, 0x72, 0x03, 0xd3, 0x3d, 0xce, 0x72, 0x2f, 0x3f,
    0x97, 0xd0, 0xb9, 0x3e, 0x80, 0xed, 0x69, 0x3e, 0xa3, 0x1d, 0x3c, 0x44, 0x00, 0x00, 0x00, 0x00,
    0x00, 0x00, 0x00, 0x00, 0x00, 0x00, 0x00, 0x00, 0xe3, 0x2c, 0x96, 0xc3, 0xd3, 0xb4, 0x96, 0x43,
    0x12, 0xba, 0x95, 0xc3, 0x7b, 0xeb, 0x78, 0xbe, 0x05, 0xd0, 0xa7, 0xbe, 0x4d, 0xb7, 0x69, 0xbf,
    0x0c, 0x04, 0x01, 0xd2, 0xf2, 0xb2, 0xb5, 0x3d, 0x36, 0x2e, 0x57, 0x3f, 0x60, 0x8f, 0x0e, 0x3f,
    0xc8, 0x9c, 0xfa, 0x3e, 0xa3, 0x1d, 0x3c, 0x44, 0x00, 0x00, 0x00, 0x00, 0x00, 0x00, 0x00, 0x00,
    0x00, 0x00, 0x00, 0x00, 0xb9, 0x2d, 0x96, 0xc3, 0x24, 0xb5, 0x96, 0x43, 0x0d, 0xba, 0x95, 0xc3,
    0xc6, 0x7d, 0x43, 0xbf, 0x28, 0xb8, 0xb1, 0xbd, 0x0e, 0xc9, 0x23, 0xbf, 0x0c, 0x04, 0x01, 0xd2,
    0x41, 0xb6, 0x71, 0x3e, 0xca, 0x20, 0x4f, 0x3f, 0xfa, 0x90, 0x41, 0x3f, 0xe6, 0xfd, 0x71, 0x3e,
    0xa3, 0x1d, 0x3c, 0x44, 0x00, 0x00, 0x00, 0x00, 0x00, 0x00, 0x00, 0x00, 0x00, 0x00, 0x00, 0x00,
    0xc3, 0x2d, 0x96, 0xc3, 0x38, 0xb5, 0x96, 0x43, 0xb6, 0xb9, 0x95, 0xc3, 0x9c, 0xc3, 0x7c, 0xbf,
    0x01, 0x18, 0xe5, 0x3d, 0xc4, 0xf4, 0xe5, 0xbd, 0x0c, 0x04, 0x01, 0xd2, 0xc8, 0x34, 0x99, 0x3e,
    0x22, 0x22, 0x51, 0x3f, 0xac, 0x16, 0x5f, 0x3f, 0xfe, 0x47, 0x21, 0x3e, 0xa3, 0x1d, 0x3c, 0x44,
    0x00, 0x00, 0x00, 0x00, 0x00, 0x00, 0x00, 0x00, 0x00, 0x00, 0x00, 0x00, 0x86, 0x2d, 0x96, 0xc3,
    0x6d, 0xb4, 0x96, 0x43, 0x81, 0xb9, 0x95, 0xc3, 0x92, 0x3f, 0x5a, 0xbf, 0x87, 0x30, 0xe2, 0xbe,
    0x99, 0x03, 0x8f, 0x3e, 0x0c, 0x04, 0x01, 0xd2, 0x11, 0xed, 0x64, 0x3e, 0x0a, 0x2e, 0x79, 0x3f,
    0x80, 0x57, 0x79, 0x3f, 0x84, 0x52, 0x06, 0x3f, 0xa3, 0x1d, 0x3c, 0x44, 0x00, 0x00, 0x00, 0x00,
    0x00, 0x00, 0x00, 0x00, 0x00, 0x00, 0x00, 0x00, 0x5f, 0x2d, 0x96, 0xc3, 0x42, 0xb4, 0x96, 0x43,
    0x8c, 0xb9, 0x95, 0xc3, 0x1b, 0x63, 0x2a, 0xbf, 0x58, 0x6c, 0x2c, 0xbf, 0x41, 0x9d, 0xa4, 0x3e,
    0x0c, 0x04, 0x01, 0xd2, 0xd9, 0x43, 0x38, 0x3e, 0x4a, 0xfe, 0x7b, 0x3f, 0x4a, 0x0e, 0x6b, 0x3f,
    0x12, 0x28, 0x1b, 0x3f, 0xa3, 0x1d, 0x3c, 0x44, 0x00, 0x00, 0x00, 0x00, 0x00, 0x00, 0x00, 0x00,
    0x00, 0x00, 0x00, 0x00, 0x7a, 0x2d, 0x96, 0xc3, 0xb3, 0xb5, 0x96, 0x43, 0xd7, 0xb9, 0x95, 0xc3,
    0xff, 0x14, 0x1a, 0xbf, 0x56, 0xdc, 0x25, 0x3f, 0x1b, 0x0a, 0xef, 0xbe, 0x0c, 0x04, 0x01, 0xd2,
    0x58, 0xe0, 0x82, 0x3e, 0xce, 0x4b, 0x32, 0x3f, 0x50, 0xf6, 0x1f, 0x3f, 0xbc, 0x4d, 0xb9, 0x3c,
    0xa3, 0x1d, 0x3c, 0x44, 0x00, 0x00, 0x00, 0x00, 0x00, 0x00, 0x00, 0x00, 0x00, 0x00, 0x00, 0x00,
    0xb4, 0x2c, 0x96, 0xc3, 0x0a, 0xb6, 0x96, 0x43, 0xf9, 0xb9, 0x95, 0xc3, 0x90, 0xf5, 0xcf, 0xbe,
    0x8e, 0x70, 0x33, 0x3f, 0xe2, 0x15, 0x16, 0xbf, 0x0c, 0x04, 0x01, 0xd2, 0x11, 0xba, 0x12, 0x3e,
    0x94, 0xa3, 0x18, 0x3f, 0x72, 0x2e, 0x97, 0x3e, 0xc4, 0xf6, 0xa8, 0x3c, 0xa3, 0x1d, 0x3c, 0x44,
    0x00, 0x00, 0x00, 0x00, 0x00, 0x00, 0x00, 0x00, 0x00, 0x00, 0x00, 0x00, 0x7a, 0x2d, 0x96, 0xc3,
    0x6f, 0xb5, 0x96, 0x43, 0x34, 0xba, 0x95, 0xc3, 0x8f, 0x6c, 0x00, 0xbf, 0x76, 0x15, 0x7a, 0x3e,
    0xd7, 0x72, 0x54, 0xbf, 0x0c, 0x04, 0x01, 0xd2, 0x61, 0x78, 0x51, 0x3e, 0xae, 0xd3, 0x40, 0x3f,
    0x50, 0x8c, 0x1f, 0x3f, 0x1e, 0xac, 0x42, 0x3e, 0xa3, 0x1d, 0x3c, 0x44, 0x00, 0x00, 0x00, 0x00,
    0x00, 0x00, 0x00, 0x00, 0x00, 0x00, 0x00, 0x00, 0xe3, 0x2c, 0x96, 0xc3, 0xd3, 0xb4, 0x96, 0x43,
    0x12, 0xba, 0x95, 0xc3, 0xb9, 0x61, 0x2c, 0x3f, 0x41, 0xac, 0x22, 0xbf, 0x71, 0x79, 0xc1, 0xbe,
    0x0c, 0x04, 0x01, 0xd2, 0x60, 0xe7, 0xd5, 0x3e, 0x3c, 0x8f, 0x1b, 0x3f, 0x60, 0x8f, 0x0e, 0x3f,
    0xc8, 0x9c, 0xfa, 0x3e, 0xa3, 0x1d, 0x3c, 0x44, 0x00, 0x00, 0x00, 0x00, 0x00, 0x00, 0x00, 0x00,
    0x00, 0x00, 0x00, 0x00, 0x5f, 0x2d, 0x96, 0xc3, 0x42, 0xb4, 0x96, 0x43, 0x8c, 0xb9, 0x95, 0xc3,
    0x1a, 0x18, 0xd0, 0x3e, 0x8a, 0xc3, 0x48, 0xbf, 0xba, 0x08, 0xf0, 0xbe, 0x0c, 0x04, 0x01, 0xd2,
    0x90, 0x1f, 0x0e, 0x3f, 0x14, 0xa8, 0x2b, 0x3f, 0xf8, 0x4b, 0x59, 0x3f, 0x8a, 0x3b, 0x1b, 0x3f,
    0xa3, 0x1d, 0x3c, 0x44, 0x00, 0x00, 0x00, 0x00, 0x00, 0x00, 0x00, 0x00, 0x00, 0x00, 0x00, 0x00,
    0x8f, 0x2d, 0x96, 0xc3, 0x5b, 0xb4, 0x96, 0x43, 0xb9, 0xb9, 0x95, 0xc3, 0x4c, 0x43, 0x48, 0x3e,
    0xc8, 0x77, 0x40, 0xbf, 0x47, 0x33, 0x21, 0xbf, 0x0c, 0x04, 0x01, 0xd2, 0xed, 0x32, 0x0b, 0x3f,
    0x2b, 0x87, 0x22, 0x3f, 0xe8, 0xd0, 0x62, 0x3f, 0xb6, 0x86, 0x04, 0x3f, 0xa3, 0x1d, 0x3c, 0x44,
    0x00, 0x00, 0x00, 0x00, 0x00, 0x00, 0x00, 0x00, 0x00, 0x00, 0x00, 0x00, 0x13, 0x2d, 0x96, 0xc3,
    0x9b, 0xb4, 0x96, 0x43, 0x8b, 0xb9, 0x95, 0xc3, 0x3e, 0xea, 0x30, 0x3f, 0x98, 0x88, 0x38, 0xbf,
    0x57, 0x4c, 0x59, 0xbd, 0x0c, 0x04, 0x01, 0xd2, 0x78, 0xed, 0xfb, 0x3e, 0xed, 0xa1, 0x2a, 0x3f,
    0x86, 0x6b, 0x2d, 0x3f, 0x48, 0xc3, 0x36, 0x3f, 0xa3, 0x1d, 0x3c, 0x44, 0x00, 0x00, 0x00, 0x00,
    0x00, 0x00, 0x00, 0x00, 0x00, 0x00, 0x00, 0x00, 0x93, 0x2c, 0x96, 0xc3, 0xee, 0xb4, 0x96, 0x43,
    0xa3, 0xb9, 0x95, 0xc3, 0x12, 0xad, 0x3a, 0x3f, 0xb4, 0xcf, 0x15, 0xbf, 0x89, 0x99, 0xb5, 0xbe,
    0x0c, 0x04, 0x01, 0xd2, 0x39, 0xa6, 0xb5, 0x3e, 0x5d, 0x72, 0x2e, 0x3f, 0xaa, 0xb1, 0xd4, 0x3e,
    0x0a, 0x56, 0x24, 0x3f, 0xa3, 0x1d, 0x3c, 0x44, 0x00, 0x00, 0x00, 0x00, 0x00, 0x00, 0x00, 0x00,
    0x00, 0x00, 0x00, 0x00, 0x93, 0x2c, 0x96, 0xc3, 0x9b, 0xb5, 0x96, 0x43, 0x31, 0xba, 0x95, 0xc3,
    0xb7, 0x2a, 0x4b, 0x3f, 0x1a, 0xcd, 0x3b, 0x3d, 0x96, 0x4f, 0x1b, 0xbf, 0x0c, 0x04, 0x01, 0xd2,
    0x03, 0x8e, 0x98, 0x3e, 0x66, 0xeb, 0x0b, 0x3f, 0x72, 0x8c, 0x91, 0x3e, 0x94, 0x58, 0xaa, 0x3e,
    0xa3, 0x1d, 0x3c, 0x44, 0x00, 0x00, 0x00, 0x00, 0x00, 0x00, 0x00, 0x00, 0x00, 0x00, 0x00, 0x00,
    0x6a, 0x2c, 0x96, 0xc3, 0x9d, 0xb5, 0x96, 0x43, 0xd9, 0xb9, 0x95, 0xc3, 0x11, 0x2e, 0x68, 0x3f,
    0x0d, 0x98, 0xa8, 0xbc, 0xd4, 0x69, 0xd7, 0xbe, 0x0c, 0x04, 0x01, 0xd2, 0xb7, 0xce, 0x82, 0x3e,
    0x28, 0x32, 0x17, 0x3f, 0xbd, 0x1a, 0x3a, 0x3e, 0x95, 0x22, 0xdd, 0x3e, 0xa3, 0x1d, 0x3c, 0x44,
    0x00, 0x00, 0x00, 0x00, 0x00, 0x00, 0x00, 0x00, 0x00, 0x00, 0x00, 0x00, 0xcc, 0x2c, 0x96, 0xc3,
    0xa3, 0xb5, 0x96, 0x43, 0x63, 0xba, 0x95, 0xc3, 0xce, 0x05, 0x2a, 0x3f, 0x8d, 0x23, 0xd0, 0x3c,
    0x4f, 0x46, 0x3f, 0xbf, 0x0c, 0x04, 0x01, 0xd2, 0x8e, 0x8e, 0xaa, 0x3e, 0xf4, 0x5c, 0x00, 0x3f,
    0x97, 0xd0, 0xb9, 0x3e, 0x80, 0xed, 0x69, 0x3e, 0xa3, 0x1d, 0x3c, 0x44, 0x00, 0x00, 0x00, 0x00,
    0x00, 0x00, 0x00, 0x00, 0x00, 0x00, 0x00, 0x00, 0xb4, 0x2c, 0x96, 0xc3, 0x0a, 0xb6, 0x96, 0x43,
    0xf9, 0xb9, 0x95, 0xc3, 0x7f, 0x0c, 0x3d, 0x3f, 0xc2, 0xb2, 0xed, 0x3e, 0x0b, 0x5f, 0xfa, 0xbe,
    0x0c, 0x04, 0x01, 0xd2, 0x01, 0xdd, 0x6c, 0x3e, 0x65, 0xef, 0xfe, 0x3e, 0x3f, 0xeb, 0x0d, 0x3e,
    0x88, 0x7f, 0x5f, 0x3e, 0xa3, 0x1d, 0x3c, 0x44, 0x00, 0x00, 0x00, 0x00, 0x00, 0x00, 0x00, 0x00,
    0x00, 0x00, 0x00, 0x00, 0xb4, 0x2c, 0x96, 0xc3, 0x0a, 0xb6, 0x96, 0x43, 0xf9, 0xb9, 0x95, 0xc3,
    0x0b, 0x2c, 0x00, 0x3d, 0x33, 0x12, 0x97, 0x3e, 0xa8, 0x78, 0x74, 0x3f, 0x0c, 0x04, 0x01, 0xd2,
    0xe5, 0xe9, 0x76, 0x3e, 0x3a, 0xdd, 0x6f, 0x3f, 0xc6, 0xf6, 0x95, 0x3e, 0xbc, 0x91, 0x7b, 0x3f,
    0xa3, 0x1d, 0x3c, 0x44, 0x00, 0x00, 0x00, 0x00, 0x00, 0x00, 0x00, 0x00, 0x00, 0x00, 0x00, 0x00,
    0x7a, 0x2d, 0x96, 0xc3, 0xb3, 0xb5, 0x96, 0x43, 0xd7, 0xb9, 0x95, 0xc3, 0x0b, 0x2c, 0x00, 0x3d,
    0x33, 0x12, 0x97, 0x3e, 0xa8, 0x78, 0x74, 0x3f, 0x0c, 0x04, 0x01, 0xd2, 0xb9, 0xe2, 0x91, 0x3e,
    0x8b, 0xe9, 0x4d, 0x3f, 0x6c, 0xb8, 0x7c, 0x3d, 0x6e, 0x62, 0x51, 0x3f, 0xa3, 0x1d, 0x3c, 0x44,
    0x00, 0x00, 0x00, 0x00, 0x00, 0x00, 0x00, 0x00, 0x00, 0x00, 0x00, 0x00, 0x6a, 0x2c, 0x96, 0xc3,
    0x9d, 0xb5, 0x96, 0x43, 0xd9, 0xb9, 0x95, 0xc3, 0x0b, 0x2c, 0x00, 0x3d, 0x33, 0x12, 0x97, 0x3e,
    0xa8, 0x78, 0x74, 0x3f, 0x0c, 0x04, 0x01, 0xd2, 0xd1, 0x0b, 0x20, 0x3e, 0xe7, 0xde, 0x6b, 0x3f,
    0xd4, 0xa3, 0xe0, 0x3e, 0x1f, 0x55, 0x68, 0x3f, 0xa3, 0x1d, 0x3c, 0x44, 0x00, 0x00, 0x00, 0x00,
    0x00, 0x00, 0x00, 0x00, 0x00, 0x00, 0x00, 0x00, 0x93, 0x2c, 0x96, 0xc3, 0xee, 0xb4, 0x96, 0x43,
    0xa3, 0xb9, 0x95, 0xc3, 0xf8, 0x05, 0xaa, 0x3b, 0x1c, 0xfc, 0x86, 0x3e, 0x75, 0xf0, 0x76, 0x3f,
    0x0c, 0x04, 0x01, 0xd2, 0x5a, 0x30, 0xb6, 0x3d, 0x01, 0x8c, 0x52, 0x3f, 0x96, 0xd1, 0xea, 0x3e,
    0xa5, 0x00, 0x39, 0x3f, 0xa3, 0x1d, 0x3c, 0x44, 0x00, 0x00, 0x00, 0x00, 0x00, 0x00, 0x00, 0x00,
    0x00, 0x00, 0x00, 0x00, 0x13, 0x2d, 0x96, 0xc3, 0x9b, 0xb4, 0x96, 0x43, 0x8b, 0xb9, 0x95, 0xc3,
    0xb6, 0x42, 0x4b, 0xbc, 0x98, 0xa9, 0x7e, 0x3e, 0xcc, 0xef, 0x77, 0x3f, 0x0c, 0x04, 0x01, 0xd2,
    0x52, 0x37, 0xd6, 0x3d, 0xc2, 0x8c, 0x39, 0x3f, 0x3a, 0x06, 0xa4, 0x3e, 0xee, 0x4e, 0x17, 0x3f,
    0xa3, 0x1d, 0x3c, 0x44, 0x00, 0x00, 0x00, 0x00, 0x00, 0x00, 0x00, 0x00, 0x00, 0x00, 0x00, 0x00,
    0xc3, 0x2d, 0x96, 0xc3, 0x38, 0xb5, 0x96, 0x43, 0xb6, 0xb9, 0x95, 0xc3, 0xaf, 0x42, 0x4b, 0xbc,
    0x98, 0xa9, 0x7e, 0x3e, 0xcc, 0xef, 0x77, 0x3f, 0x0c, 0x04, 0x01, 0xd2, 0xdb, 0xd4, 0x83, 0x3e,
    0xb4, 0xd5, 0x36, 0x3f, 0xf0, 0x2d, 0x6f, 0x3c, 0x02, 0xa2, 0x2b, 0x3f, 0xa3, 0x1d, 0x3c, 0x44,
    0x00, 0x00, 0x00, 0x00, 0x00, 0x00, 0x00, 0x00, 0x00, 0x00, 0x00, 0x00, 0x86, 0x2d, 0x96, 0xc3,
    0x6d, 0xb4, 0x96, 0x43, 0x81, 0xb9, 0x95, 0xc3, 0xaf, 0x42, 0x4b, 0xbc, 0x98, 0xa9, 0x7e, 0x3e,
    0xcc, 0xef, 0x77, 0x3f, 0x0c, 0x04, 0x01, 0xd2, 0xed, 0xa2, 0x08, 0x3e, 0xa3, 0x94, 0x26, 0x3f,
    0xd9, 0x2f, 0x3b, 0x3e, 0x64, 0x6e, 0x00, 0x3f, 0xa3, 0x1d, 0x3c, 0x44, 0x00, 0x00, 0x00, 0x00,
    0x00, 0x00, 0x00, 0x00, 0x00, 0x00, 0x00, 0x00, 0x64, 0x0d, 0x96, 0xc3, 0x90, 0xba, 0x96, 0x43,
    0xe5, 0xcf, 0x95, 0xc3, 0xe1, 0xad, 0x10, 0xbe, 0x2c, 0x55, 0x9a, 0xbe, 0xf3, 0x65, 0x71, 0x3f,
    0xff, 0x45, 0x04, 0xff, 0x1b, 0x7f, 0x3f, 0x3f, 0x1e, 0xbe, 0xf6, 0x3e, 0x86, 0x6b, 0x2d, 0x3f,
    0x48, 0xc3, 0x36, 0x3f, 0xd7, 0xd2, 0xe2, 0x42, 0x00, 0x00, 0x00, 0x00, 0x00, 0x00, 0x00, 0x00,
    0x00, 0x00, 0x00, 0x00, 0x5a, 0x0e, 0x96, 0xc3, 0xea, 0xba, 0x96, 0x43, 0xed, 0xcf, 0x95, 0xc3,
    0xe2, 0xad, 0x10, 0xbe, 0x2c, 0x55, 0x9a, 0xbe, 0xf3, 0x65, 0x71, 0x3f, 0xff, 0x45, 0x04, 0xff,
    0x4c, 0x56, 0x28, 0x3f, 0x1a, 0xbb, 0xfb, 0x3e, 0x78, 0xb5, 0x63, 0x3f, 0x5e, 0x43, 0x2a, 0x3f,
    0xd7, 0xd2, 0xe2, 0x42, 0x00, 0x00, 0x00, 0x00, 0x00, 0x00, 0x00, 0x00, 0x00, 0x00, 0x00, 0x00,
    0x56, 0x0e, 0x96, 0xc3, 0x73, 0xba, 0x96, 0x43, 0x12, 0xd0, 0x95, 0xc3, 0xe1, 0xad, 0x10, 0xbe,
    0x2c, 0x55, 0x9a, 0xbe, 0xf3, 0x65, 0x71, 0x3f, 0xff, 0x45, 0x04, 0xff, 0x62, 0x50, 0x2d, 0x3f,
    0x44, 0xee, 0x06, 0x3f, 0xf8, 0x4b, 0x59, 0x3f, 0x8a, 0x3b, 0x1b, 0x3f, 0xd7, 0xd2, 0xe2, 0x42,
    0x00, 0x00, 0x00, 0x00, 0x00, 0x00, 0x00, 0x00, 0x00, 0x00, 0x00, 0x00, 0x6d, 0x0e, 0x96, 0xc3,
    0xea, 0xba, 0x96, 0x43, 0x6a, 0xd0, 0x95, 0xc3, 0x31, 0x30, 0x6f, 0xbf, 0x22, 0x31, 0x67, 0x3e,
    0x4f, 0x33, 0x8d, 0xbe, 0xff, 0x45, 0x04, 0xff, 0x81, 0x4b, 0x48, 0x3e, 0x0a, 0xc6, 0x71, 0x3f,
    0xe8, 0xd0, 0x62, 0x3f, 0xb6, 0x86, 0x04, 0x3f, 0xd7, 0xd2, 0xe2, 0x42, 0x00, 0x00, 0x00, 0x00,
    0x00, 0x00, 0x00, 0x00, 0x00, 0x00, 0x00, 0x00, 0x40, 0x0b, 0x96, 0xc3, 0xf8, 0xbb, 0x96, 0x43,
    0x2f, 0xd1, 0x95, 0xc3, 0x43, 0x9a, 0xc4, 0x3d, 0x3a, 0xd5, 0x1b, 0x3f, 0x2a, 0x9d, 0x49, 0xbf,
    0xff, 0x45, 0x04, 0xff, 0x72, 0x03, 0xd3, 0x3d, 0xce, 0x72, 0x2f, 0x3f, 0x97, 0xd0, 0xb9, 0x3e,
    0x80, 0xed, 0x69, 0x3e, 0xd7, 0xd2, 0xe2, 0x42, 0x00, 0x00, 0x00, 0x00, 0x00, 0x00, 0x00, 0x00,
    0x00, 0x00, 0x00, 0x00, 0x9e, 0x0c, 0x96, 0xc3, 0xc3, 0xba, 0x96, 0x43, 0xe0, 0xd0, 0x95, 0xc3,
    0xd2, 0x8d, 0x7b, 0xbe, 0x37, 0x3c, 0xfb, 0x3c, 0xf5, 0x07, 0x78, 0xbf, 0xff, 0x45, 0x04, 0xff,
    0xf2, 0xb2, 0xb5, 0x3d, 0x36, 0x2e, 0x57, 0x3f, 0x60, 0x8f, 0x0e, 0x3f, 0xc8, 0x9c, 0xfa, 0x3e,
    0xd7, 0xd2, 0xe2, 0x42, 0x00, 0x00, 0x00, 0x00, 0x00, 0x00, 0x00, 0x00, 0x00, 0x00, 0x00, 0x00,
    0x7d, 0x0d, 0x96, 0xc3, 0x6f, 0xbc, 0x96, 0x43, 0xc8, 0xd0, 0x95, 0xc3, 0x80, 0x81, 0x04, 0xbf,
    0x1a, 0x49, 0x06, 0x3f, 0x49, 0x0c, 0x2d, 0xbf, 0xff, 0x45, 0x04, 0xff, 0x41, 0xb6, 0x71, 0x3e,
    0xca, 0x20, 0x4f, 0x3f, 0xfa, 0x90, 0x41, 0x3f, 0xe6, 0xfd, 0x71, 0x3e, 0xd7, 0xd2, 0xe2, 0x42,
    0x00, 0x00, 0x00, 0x00, 0x00, 0x00, 0x00, 0x00, 0x00, 0x00, 0x00, 0x00, 0x90, 0x0d, 0x96, 0xc3,
    0x86, 0xbc, 0x96, 0x43, 0x0b, 0xd0, 0x95, 0xc3, 0x9a, 0x92, 0x23, 0xbf, 0xab, 0x1b, 0x42, 0x3f,
    0x03, 0xca, 0x04, 0xbe, 0xff, 0x45, 0x04, 0xff, 0xc8, 0x34, 0x99, 0x3e, 0x22, 0x22, 0x51, 0x3f,
    0xac, 0x16, 0x5f, 0x3f, 0xfe, 0x47, 0x21, 0x3e, 0xd7, 0xd2, 0xe2, 0x42, 0x00, 0x00, 0x00, 0x00,
    0x00, 0x00, 0x00, 0x00, 0x00, 0x00, 0x00, 0x00, 0x5a, 0x0e, 0x96, 0xc3, 0xea, 0xba, 0x96, 0x43,
    0xed, 0xcf, 0x95, 0xc3, 0x47, 0xe5, 0x76, 0xbf, 0x0d, 0xf7, 0x5d, 0x3e, 0x09, 0xe2, 0x1a, 0x3e,
    0xff, 0x45, 0x04, 0xff, 0x11, 0xed, 0x64, 0x3e, 0x0a, 0x2e, 0x79, 0x3f, 0x80, 0x57, 0x79, 0x3f,
    0x84, 0x52, 0x06, 0x3f, 0xd7, 0xd2, 0xe2, 0x42, 0x00, 0x00, 0x00, 0x00, 0x00, 0x00, 0x00, 0x00,
    0x00, 0x00, 0x00, 0x00, 0x56, 0x0e, 0x96, 0xc3, 0x73, 0xba, 0x96, 0x43, 0x12, 0xd0, 0x95, 0xc3,
    0xb8, 0x00, 0x7c, 0xbf, 0xe0, 0x91, 0xaa, 0xbd, 0xd4, 0xcb, 0x1e, 0x3e, 0xff, 0x45, 0x04, 0xff,
    0xd9, 0x43, 0x38, 0x3e, 0x4a, 0xfe, 0x7b, 0x3f, 0x4a, 0x0e, 0x6b, 0x3f, 0x12, 0x28, 0x1b, 0x3f,
    0xd7, 0xd2, 0xe2, 0x42, 0x00, 0x00, 0x00, 0x00, 0x00, 0x00, 0x00, 0x00, 0x00, 0x00, 0x00, 0x00,
    0x68, 0x0c, 0x96, 0xc3, 0xe5, 0xbc, 0x96, 0x43, 0x17, 0xd0, 0x95, 0xc3, 0x33, 0x7d, 0x5c, 0x3d,
    0xce, 0xd7, 0x6e, 0x3f, 0xd6, 0x35, 0xb6, 0xbe, 0xff, 0x45, 0x04, 0xff, 0x58, 0xe0, 0x82, 0x3e,
    0xce, 0x4b, 0x32, 0x3f, 0x50, 0xf6, 0x1f, 0x3f, 0xbc, 0x4d, 0xb9, 0x3c, 0xd7, 0xd2, 0xe2, 0x42,
    0x00, 0x00, 0x00, 0x00, 0x00, 0x00, 0x00, 0x00, 0x00, 0x00, 0x00, 0x00, 0xb0, 0x0a, 0x96, 0xc3,
    0x5b, 0xbc, 0x96, 0x43, 0x27, 0xd0, 0x95, 0xc3, 0xf1, 0x55, 0x81, 0x3e, 0xd2, 0xb4, 0x5a, 0x3f,
    0xad, 0x90, 0xe8, 0xbe, 0xff, 0x45, 0x04, 0xff, 0x11, 0xba, 0x12, 0x3e, 0x94, 0xa3, 0x18, 0x3f,
    0x72, 0x2e, 0x97, 0x3e, 0xc4, 0xf6, 0xa8, 0x3c, 0xd7, 0xd2, 0xe2, 0x42, 0x00, 0x00, 0x00, 0x00,
    0x00, 0x00, 0x00, 0x00, 0x00, 0x00, 0x00, 0x00, 0xa6, 0x0c, 0x96, 0xc3, 0x93, 0xbc, 0x96, 0x43,
    0xf2, 0xd0, 0x95, 0xc3, 0x63, 0x3e, 0x9d, 0xbd, 0x82, 0xec, 0x1c, 0x3f, 0xa4, 0x4e, 0x49, 0xbf,
    0xff, 0x45, 0x04, 0xff, 0x61, 0x78, 0x51, 0x3e, 0xae, 0xd3, 0x40, 0x3f, 0x50, 0x8c, 0x1f, 0x3f,
    0x1e, 0xac, 0x42, 0x3e, 0xd7, 0xd2, 0xe2, 0x42, 0x00, 0x00, 0x00, 0x00, 0x00, 0x00, 0x00, 0x00,
    0x00, 0x00, 0x00, 0x00, 0x9e, 0x0c, 0x96, 0xc3, 0xc3, 0xba, 0x96, 0x43, 0xe0, 0xd0, 0x95, 0xc3,
    0x9f, 0xc6, 0x13, 0x3e, 0x13, 0x6e, 0x5f, 0xbf, 0x9b, 0xbf, 0xee, 0xbe, 0xff, 0x45, 0x04, 0xff,
    0x60, 0xe7, 0xd5, 0x3e, 0x3c, 0x8f, 0x1b, 0x3f, 0x60, 0x8f, 0x0e, 0x3f, 0xc8, 0x9c, 0xfa, 0x3e,
    0xd7, 0xd2, 0xe2, 0x42, 0x00, 0x00, 0x00, 0x00, 0x00, 0x00, 0x00, 0x00, 0x00, 0x00, 0x00, 0x00,
    0x56, 0x0e, 0x96, 0xc3, 0x73, 0xba, 0x96, 0x43, 0x12, 0xd0, 0x95, 0xc3, 0xbf, 0xc9, 0x0a, 0xbe,
    0x55, 0xa8, 0x4a, 0xbf, 0xdd, 0x84, 0x18, 0xbf, 0xff, 0x45, 0x04, 0xff, 0x90, 0x1f, 0x0e, 0x3f,
    0x14, 0xa8, 0x2b, 0x3f, 0xf8, 0x4b, 0x59, 0x3f, 0x8a, 0x3b, 0x1b, 0x3f, 0xd7, 0xd2, 0xe2, 0x42,
    0x00, 0x00, 0x00, 0x00, 0x00, 0x00, 0x00, 0x00, 0x00, 0x00, 0x00, 0x00, 0x6d, 0x0e, 0x96, 0xc3,
    0xea, 0xba, 0x96, 0x43, 0x6a, 0xd0, 0x95, 0xc3, 0x70, 0x11, 0x7a, 0xbe, 0x1e, 0x7f, 0x1b, 0xbf,
    0x1c, 0x84, 0x41, 0xbf, 0xff, 0x45, 0x04, 0xff, 0xed, 0x32, 0x0b, 0x3f, 0x2b, 0x87, 0x22, 0x3f,
    0xe8, 0xd0, 0x62, 0x3f, 0xb6, 0x86, 0x04, 0x3f, 0xd7, 0xd2, 0xe2, 0x42, 0x00, 0x00, 0x00, 0x00,
    0x00, 0x00, 0x00, 0x00, 0x00, 0x00, 0x00, 0x00, 0x64, 0x0d, 0x96, 0xc3, 0x90, 0xba, 0x96, 0x43,
    0xe5, 0xcf, 0x95, 0xc3, 0xe6, 0x49, 0x48, 0x3d, 0xcb, 0x38, 0x7c, 0xbf, 0x61, 0xf9, 0x27, 0xbe,
    0xff, 0x45, 0x04, 0xff, 0x78, 0xed, 0xfb, 0x3e, 0xed, 0xa1, 0x2a, 0x3f, 0x86, 0x6b, 0x2d, 0x3f,
    0x48, 0xc3, 0x36, 0x3f, 0xd7, 0xd2, 0xe2, 0x42, 0x00, 0x00, 0x00, 0x00, 0x00, 0x00, 0x00, 0x00,
    0x00, 0x00, 0x00, 0x00, 0x21, 0x0c, 0x96, 0xc3, 0x61, 0xba, 0x96, 0x43, 0xe9, 0xcf, 0x95, 0xc3,
    0xd0, 0xcf, 0x5b, 0x3e, 0x2f, 0x52, 0x60, 0xbf, 0x96, 0xdf, 0xdc, 0xbe, 0xff, 0x45, 0x04, 0xff,
    0x39, 0xa6, 0xb5, 0x3e, 0x5d, 0x72, 0x2e, 0x3f, 0xaa, 0xb1, 0xd4, 0x3e, 0x0a, 0x56, 0x24, 0x3f,
    0xd7, 0xd2, 0xe2, 0x42, 0x00, 0x00, 0x00, 0x00, 0x00, 0x00, 0x00, 0x00, 0x00, 0x00, 0x00, 0x00,
    0x03, 0x0b, 0x96, 0xc3, 0x8f, 0xbb, 0x96, 0x43, 0xc6, 0xd0, 0x95, 0xc3, 0x6d, 0x24, 0x37, 0x3f,
    0x7d, 0x54, 0xdb, 0xbe, 0x58, 0x4f, 0x0d, 0xbf, 0xff, 0x45, 0x04, 0xff, 0x03, 0x8e, 0x98, 0x3e,
    0x66, 0xeb, 0x0b, 0x3f, 0x72, 0x8c, 0x91, 0x3e, 0x94, 0x58, 0xaa, 0x3e, 0xd7, 0xd2, 0xe2, 0x42,
    0x00, 0x00, 0x00, 0x00, 0x00, 0x00, 0x00, 0x00, 0x00, 0x00, 0x00, 0x00, 0xdf, 0x0a, 0x96, 0xc3,
    0x43, 0xbb, 0x96, 0x43, 0x0d, 0xd0, 0x95, 0xc3, 0x9d, 0xc3, 0x39, 0x3f, 0xb3, 0x2d, 0x13, 0xbf,
    0xea, 0x8e, 0xc1, 0xbe, 0xff, 0x45, 0x04, 0xff, 0xb7, 0xce, 0x82, 0x3e, 0x28, 0x32, 0x17, 0x3f,
    0xbd, 0x1a, 0x3a, 0x3e, 0x95, 0x22, 0xdd, 0x3e, 0xd7, 0xd2, 0xe2, 0x42, 0x00, 0x00, 0x00, 0x00,
    0x00, 0x00, 0x00, 0x00, 0x00, 0x00, 0x00, 0x00, 0x40, 0x0b, 0x96, 0xc3, 0xf8, 0xbb, 0x96, 0x43,
    0x2f, 0xd1, 0x95, 0xc3, 0x97, 0x0c, 0x21, 0x3f, 0xbb, 0x04, 0xae, 0xbe, 0x1c, 0xf7, 0x32, 0xbf,
    0xff, 0x45, 0x04, 0xff, 0x8e, 0x8e, 0xaa, 0x3e, 0xf4, 0x5c, 0x00, 0x3f, 0x97, 0xd0, 0xb9, 0x3e,
    0x80, 0xed, 0x69, 0x3e, 0xd7, 0xd2, 0xe2, 0x42, 0x00, 0x00, 0x00, 0x00, 0x00, 0x00, 0x00, 0x00,
    0x00, 0x00, 0x00, 0x00, 0xb0, 0x0a, 0x96, 0xc3, 0x5b, 0xbc, 0x96, 0x43, 0x27, 0xd0, 0x95, 0xc3,
    0xcd, 0xc5, 0x6d, 0x3f, 0x8c, 0xf5, 0xca, 0xbd, 0x07, 0xd4, 0xb6, 0xbe, 0xff, 0x45, 0x04, 0xff,
    0x01, 0xdd, 0x6c, 0x3e, 0x65, 0xef, 0xfe, 0x3e, 0x3f, 0xeb, 0x0d, 0x3e, 0x88, 0x7f, 0x5f, 0x3e,
    0xd7, 0xd2, 0xe2, 0x42, 0x00, 0x00, 0x00, 0x00, 0x00, 0x00, 0x00, 0x00, 0x00, 0x00, 0x00, 0x00,
    0xb0, 0x0a, 0x96, 0xc3, 0x5b, 0xbc, 0x96, 0x43, 0x27, 0xd0, 0x95, 0xc3, 0xd3, 0x30, 0x79, 0x3d,
    0xa6, 0x7a, 0xa9, 0x3d, 0x69, 0xa5, 0x7e, 0x3f, 0xff, 0x45, 0x04, 0xff, 0xe5, 0xe9, 0x76, 0x3e,
    0x3a, 0xdd, 0x6f, 0x3f, 0xc6, 0xf6, 0x95, 0x3e, 0xbc, 0x91, 0x7b, 0x3f, 0xd7, 0xd2, 0xe2, 0x42,
    0x00, 0x00, 0x00, 0x00, 0x00, 0x00, 0x00, 0x00, 0x00, 0x00, 0x00, 0x00, 0x68, 0x0c, 0x96, 0xc3,
    0xe5, 0xbc, 0x96, 0x43, 0x17, 0xd0, 0x95, 0xc3, 0xd3, 0x30, 0x79, 0x3d, 0xa6, 0x7a, 0xa9, 0x3d,
    0x69, 0xa5, 0x7e, 0x3f, 0xff, 0x45, 0x04, 0xff, 0xb9, 0xe2, 0x91, 0x3e, 0x8b, 0xe9, 0x4d, 0x3f,
    0x6c, 0xb8, 0x7c, 0x3d, 0x6e, 0x62, 0x51, 0x3f, 0xd7, 0xd2, 0xe2, 0x42, 0x00, 0x00, 0x00, 0x00,
    0x00, 0x00, 0x00, 0x00, 0x00, 0x00, 0x00, 0x00, 0xdf, 0x0a, 0x96, 0xc3, 0x43, 0xbb, 0x96, 0x43,
    0x0d, 0xd0, 0x95, 0xc3, 0xd2, 0x30, 0x79, 0x3d, 0xa6, 0x7a, 0xa9, 0x3d, 0x69, 0xa5, 0x7e, 0x3f,
    0xff, 0x45, 0x04, 0xff, 0xd1, 0x0b, 0x20, 0x3e, 0xe7, 0xde, 0x6b, 0x3f, 0xd4, 0xa3, 0xe0, 0x3e,
    0x1f, 0x55, 0x68, 0x3f, 0xd7, 0xd2, 0xe2, 0x42, 0x00, 0x00, 0x00, 0x00, 0x00, 0x00, 0x00, 0x00,
    0x00, 0x00, 0x00, 0x00, 0x21, 0x0c, 0x96, 0xc3, 0x61, 0xba, 0x96, 0x43, 0xe9, 0xcf, 0x95, 0xc3,
    0x8c, 0x4a, 0x9f, 0x3c, 0x0b, 0x02, 0x9c, 0x3d, 0x29, 0x35, 0x7f, 0x3f, 0xff, 0x45, 0x04, 0xff,
    0x5a, 0x30, 0xb6, 0x3d, 0x01, 0x8c, 0x52, 0x3f, 0x96, 0xd1, 0xea, 0x3e, 0xa5, 0x00, 0x39, 0x3f,
    0xd7, 0xd2, 0xe2, 0x42, 0x00, 0x00, 0x00, 0x00, 0x00, 0x00, 0x00, 0x00, 0x00, 0x00, 0x00, 0x00,
    0x64, 0x0d, 0x96, 0xc3, 0x90, 0xba, 0x96, 0x43, 0xe5, 0xcf, 0x95, 0xc3, 0xd1, 0xea, 0x81, 0xbb,
    0x5c, 0xe2, 0x9c, 0x3d, 0xed, 0x3e, 0x7f, 0x3f, 0xff, 0x45, 0x04, 0xff, 0x52, 0x37, 0xd6, 0x3d,
    0xc2, 0x8c, 0x39, 0x3f, 0x3a, 0x06, 0xa4, 0x3e, 0xee, 0x4e, 0x17, 0x3f, 0xd7, 0xd2, 0xe2, 0x42,
    0x00, 0x00, 0x00, 0x00, 0x00, 0x00, 0x00, 0x00, 0x00, 0x00, 0x00, 0x00, 0x90, 0x0d, 0x96, 0xc3,
    0x86, 0xbc, 0x96, 0x43, 0x0b, 0xd0, 0x95, 0xc3, 0xc4, 0xea, 0x81, 0xbb, 0x5b, 0xe2, 0x9c, 0x3d,
    0xed, 0x3e, 0x7f, 0x3f, 0xff, 0x45, 0x04, 0xff, 0xdb, 0xd4, 0x83, 0x3e, 0xb4, 0xd5, 0x36, 0x3f,
    0xf0, 0x2d, 0x6f, 0x3c, 0x02, 0xa2, 0x2b, 0x3f, 0xd7, 0xd2, 0xe2, 0x42, 0x00, 0x00, 0x00, 0x00,
    0x00, 0x00, 0x00, 0x00, 0x00, 0x00, 0x00, 0x00, 0x5a, 0x0e, 0x96, 0xc3, 0xea, 0xba, 0x96, 0x43,
    0xed, 0xcf, 0x95, 0xc3, 0xc4, 0xea, 0x81, 0xbb, 0x5b, 0xe2, 0x9c, 0x3d, 0xed, 0x3e, 0x7f, 0x3f,
    0xff, 0x45, 0x04, 0xff, 0xed, 0xa2, 0x08, 0x3e, 0xa3, 0x94, 0x26, 0x3f, 0xd9, 0x2f, 0x3b, 0x3e,
    0x64, 0x6e, 0x00, 0x3f, 0xd7, 0xd2, 0xe2, 0x42, 0x00, 0x00, 0x00, 0x00, 0x00, 0x00, 0x00, 0x00,
    0x00, 0x00, 0x00, 0x00, 0x80, 0x12, 0x96, 0xc3, 0x06, 0x93, 0x96, 0x43, 0xc8, 0xda, 0x95, 0xc3,
    0x80, 0xe2, 0xce, 0x3d, 0x0b, 0x87, 0x27, 0x3e, 0x2a, 0x39, 0x7b, 0x3f, 0x04, 0x01, 0x00, 0xcb,
    0x1b, 0x7f, 0x3f, 0x3f, 0x1e, 0xbe, 0xf6, 0x3e, 0x86, 0x6b, 0x2d, 0x3f, 0x48, 0xc3, 0x36, 0x3f,
    0x9b, 0x13, 0x5f, 0x44, 0x00, 0x00, 0x00, 0x00, 0x00, 0x00, 0x00, 0x00, 0x00, 0x00, 0x00, 0x00,
    0x89, 0x13, 0x96, 0xc3, 0x4b, 0x93, 0x96, 0x43, 0xb8, 0xda, 0x95, 0xc3, 0x7f, 0xe2, 0xce, 0x3d,
    0x0c, 0x87, 0x27, 0x3e, 0x2a, 0x39, 0x7b, 0x3f, 0x04, 0x01, 0x00, 0xcb, 0x4c, 0x56, 0x28, 0x3f,
    0x1a, 0xbb, 0xfb, 0x3e, 0x78, 0xb5, 0x63, 0x3f, 0x5e, 0x43, 0x2a, 0x3f, 0x9b, 0x13, 0x5f, 0x44,
    0x00, 0x00, 0x00, 0x00, 0x00, 0x00, 0x00, 0x00, 0x00, 0x00, 0x00, 0x00, 0x79, 0x13, 0x96, 0xc3,
    0xcb, 0x92, 0x96, 0x43, 0xa5, 0xda, 0x95, 0xc3, 0x80, 0xe2, 0xce, 0x3d, 0x0b, 0x87, 0x27, 0x3e,
    0x2a, 0x39, 0x7b, 0x3f, 0x04, 0x01, 0x00, 0xcb, 0x62, 0x50, 0x2d, 0x3f, 0x44, 0xee, 0x06, 0x3f,
    0xf8, 0x4b, 0x59, 0x3f, 0x8a, 0x3b, 0x1b, 0x3f, 0x9b, 0x13, 0x5f, 0x44, 0x00, 0x00, 0x00, 0x00,
    0x00, 0x00, 0x00, 0x00, 0x00, 0x00, 0x00, 0x00, 0xb7, 0x13, 0x96, 0xc3, 0x0d, 0x93, 0x96, 0x43,
    0x24, 0xdb, 0x95, 0xc3, 0xf9, 0x88, 0x7e, 0xbf, 0x6f, 0xb4, 0xf6, 0x3c, 0xc8, 0xe9, 0xd1, 0xbd,
    0x04, 0x01, 0x00, 0xcb, 0x81, 0x4b, 0x48, 0x3e, 0x0a, 0xc6, 0x71, 0x3f, 0xe8, 0xd0, 0x62, 0x3f,
    0xb6, 0x86, 0x04, 0x3f, 0x9b, 0x13, 0x5f, 0x44, 0x00, 0x00, 0x00, 0x00, 0x00, 0x00, 0x00, 0x00,
    0x00, 0x00, 0x00, 0x00, 0xd6, 0x10, 0x96, 0xc3, 0xce, 0x93, 0x96, 0x43, 0x28, 0xdd, 0x95, 0xc3,
    0x6a, 0xda, 0x24, 0xbe, 0xc5, 0x9d, 0x36, 0x3e, 0x7c, 0x80, 0x78, 0xbf, 0x04, 0x01, 0x00, 0xcb,
    0x72, 0x03, 0xd3, 0x3d, 0xce, 0x72, 0x2f, 0x3f, 0x97, 0xd0, 0xb9, 0x3e, 0x80, 0xed, 0x69, 0x3e,
    0x9b, 0x13, 0x5f, 0x44, 0x00, 0x00, 0x00, 0x00, 0x00, 0x00, 0x00, 0x00, 0x00, 0x00, 0x00, 0x00,
    0xf5, 0x11, 0x96, 0xc3, 0xc6, 0x92, 0x96, 0x43, 0xf7, 0xdb, 0x95, 0xc3, 0x66, 0x7b, 0xe0, 0xbe,
    0x53, 0x84, 0xdd, 0xbe, 0x5d, 0xab, 0x49, 0xbf, 0x04, 0x01, 0x00, 0xcb, 0xf2, 0xb2, 0xb5, 0x3d,
    0x36, 0x2e, 0x57, 0x3f, 0x60, 0x8f, 0x0e, 0x3f, 0xc8, 0x9c, 0xfa, 0x3e, 0x9b, 0x13, 0x5f, 0x44,
    0x00, 0x00, 0x00, 0x00, 0x00, 0x00, 0x00, 0x00, 0x00, 0x00, 0x00, 0x00, 0x17, 0x13, 0x96, 0xc3,
    0x53, 0x94, 0x96, 0x43, 0x6a, 0xdc, 0x95, 0xc3, 0x61, 0xfa, 0x37, 0xbf, 0xed, 0x03, 0x03, 0x3e,
    0xe4, 0xf8, 0x2e, 0xbf, 0x04, 0x01, 0x00, 0xcb, 0x41, 0xb6, 0x71, 0x3e, 0xca, 0x20, 0x4f, 0x3f,
    0xfa, 0x90, 0x41, 0x3f, 0xe6, 0xfd, 0x71, 0x3e, 0x9b, 0x13, 0x5f, 0x44, 0x00, 0x00, 0x00, 0x00,
    0x00, 0x00, 0x00, 0x00, 0x00, 0x00, 0x00, 0x00, 0x06, 0x13, 0x96, 0xc3, 0xc2, 0x94, 0x96, 0x43,
    0xc6, 0xdb, 0x95, 0xc3, 0xb7, 0xfa, 0x42, 0xbf, 0x5e, 0x15, 0x15, 0x3f, 0x3d, 0x82, 0x91, 0xbe,
    0x04, 0x01, 0x00, 0xcb, 0xc8, 0x34, 0x99, 0x3e, 0x22, 0x22, 0x51, 0x3f, 0xac, 0x16, 0x5f, 0x3f,
    0xfe, 0x47, 0x21, 0x3e, 0x9b, 0x13, 0x5f, 0x44, 0x00, 0x00, 0x00, 0x00, 0x00, 0x00, 0x00, 0x00,
    0x00, 0x00, 0x00, 0x00, 0x89, 0x13, 0x96, 0xc3, 0x4b, 0x93, 0x96, 0x43, 0xb8, 0xda, 0x95, 0xc3,
    0x6f, 0x7f, 0x6f, 0xbf, 0xf8, 0xd2, 0x5f, 0x3e, 0x18, 0x11, 0x8e, 0x3e, 0x04, 0x01, 0x00, 0xcb,
    0x11, 0xed, 0x64, 0x3e, 0x0a, 0x2e, 0x79, 0x3f, 0x80, 0x57, 0x79, 0x3f, 0x84, 0x52, 0x06, 0x3f,
    0x9b, 0x13, 0x5f, 0x44, 0x00, 0x00, 0x00, 0x00, 0x00, 0x00, 0x00, 0x00, 0x00, 0x00, 0x00, 0x00,
    0x79, 0x13, 0x96, 0xc3, 0xcb, 0x92, 0x96, 0x43, 0xa5, 0xda, 0x95, 0xc3, 0x63, 0x54, 0x68, 0xbf,
    0x6d, 0xf2, 0x3c, 0xbd, 0x5c, 0xb9, 0xd5, 0x3e, 0x04, 0x01, 0x00, 0xcb, 0xd9, 0x43, 0x38, 0x3e,
    0x4a, 0xfe, 0x7b, 0x3f, 0x4a, 0x0e, 0x6b, 0x3f, 0x12, 0x28, 0x1b, 0x3f, 0x9b, 0x13, 0x5f, 0x44,
    0x00, 0x00, 0x00, 0x00, 0x00, 0x00, 0x00, 0x00, 0x00, 0x00, 0x00, 0x00, 0xed, 0x11, 0x96, 0xc3,
    0x22, 0x95, 0x96, 0x43, 0x4a, 0xdc, 0x95, 0xc3, 0x5c, 0x97, 0x28, 0xbe, 0x05, 0xd4, 0x29, 0x3f,
    0x0c, 0xdd, 0x3a, 0xbf, 0x04, 0x01, 0x00, 0xcb, 0x58, 0xe0, 0x82, 0x3e, 0xce, 0x4b, 0x32, 0x3f,
    0x50, 0xf6, 0x1f, 0x3f, 0xbc, 0x4d, 0xb9, 0x3c, 0x9b, 0x13, 0x5f, 0x44, 0x00, 0x00, 0x00, 0x00,
    0x00, 0x00, 0x00, 0x00, 0x00, 0x00, 0x00, 0x00, 0x1d, 0x10, 0x96, 0xc3, 0xb0, 0x94, 0x96, 0x43,
    0x8c, 0xdc, 0x95, 0xc3, 0x01, 0x9f, 0xa2, 0x3c, 0x46, 0xa1, 0x0e, 0x3f, 0x68, 0x86, 0x54, 0xbf,
    0x04, 0x01, 0x00, 0xcb, 0x11, 0xba, 0x12, 0x3e, 0x94, 0xa3, 0x18, 0x3f, 0x72, 0x2e, 0x97, 0x3e,
    0xc4, 0xf6, 0xa8, 0x3c, 0x9b, 0x13, 0x5f, 0x44, 0x00, 0x00, 0x00, 0x00, 0x00, 0x00, 0x00, 0x00,
    0x00, 0x00, 0x00, 0x00, 0x4c, 0x12, 0x96, 0xc3, 0x6a, 0x94, 0x96, 0x43, 0xd9, 0xdc, 0x95, 0xc3,
    0x8d, 0x2d, 0xa8, 0xbe, 0xa7, 0x18, 0x33, 0x3e, 0x27, 0x9d, 0x6d, 0xbf, 0x04, 0x01, 0x00, 0xcb,
    0x61, 0x78, 0x51, 0x3e, 0xae, 0xd3, 0x40, 0x3f, 0x50, 0x8c, 0x1f, 0x3f, 0x1e, 0xac, 0x42, 0x3e,
    0x9b, 0x13, 0x5f, 0x44, 0x00, 0x00, 0x00, 0x00, 0x00, 0x00, 0x00, 0x00, 0x00, 0x00, 0x00, 0x00,
    0xf5, 0x11, 0x96, 0xc3, 0xc6, 0x92, 0x96, 0x43, 0xf7, 0xdb, 0x95, 0xc3, 0xd5, 0xc6, 0x38, 0x3e,
    0x11, 0x65, 0x7b, 0xbf, 0x34, 0xd7, 0x63, 0xbd, 0x04, 0x01, 0x00, 0xcb, 0x60, 0xe7, 0xd5, 0x3e,
    0x3c, 0x8f, 0x1b, 0x3f, 0x60, 0x8f, 0x0e, 0x3f, 0xc8, 0x9c, 0xfa, 0x3e, 0x9b, 0x13, 0x5f, 0x44,
    0x00, 0x00, 0x00, 0x00, 0x00, 0x00, 0x00, 0x00, 0x00, 0x00, 0x00, 0x00, 0x79, 0x13, 0x96, 0xc3,
    0xcb, 0x92, 0x96, 0x43, 0xa5, 0xda, 0x95, 0xc3, 0x64, 0x09, 0x04, 0xbe, 0x70, 0x94, 0x7b, 0xbf,
    0xe9, 0xe1, 0x07, 0xbe, 0x04, 0x01, 0x00, 0xcb, 0x90, 0x1f, 0x0e, 0x3f, 0x14, 0xa8, 0x2b, 0x3f,
    0xf8, 0x4b, 0x59, 0x3f, 0x8a, 0x3b, 0x1b, 0x3f, 0x9b, 0x13, 0x5f, 0x44, 0x00, 0x00, 0x00, 0x00,
    0x00, 0x00, 0x00, 0x00, 0x00, 0x00, 0x00, 0x00, 0xb7, 0x13, 0x96, 0xc3, 0x0d, 0x93, 0x96, 0x43,
    0x24, 0xdb, 0x95, 0xc3, 0xba, 0x0a, 0x97, 0xbe, 0x46, 0x13, 0x66, 0xbf, 0xa3, 0x1b, 0xa6, 0xbe,
    0x04, 0x01, 0x00, 0xcb, 0xed, 0x32, 0x0b, 0x3f, 0x2b, 0x87, 0x22, 0x3f, 0xe8, 0xd0, 0x62, 0x3f,
    0xb6, 0x86, 0x04, 0x3f, 0x9b, 0x13, 0x5f, 0x44, 0x00, 0x00, 0x00, 0x00, 0x00, 0x00, 0x00, 0x00,
    0x00, 0x00, 0x00, 0x00, 0x80, 0x12, 0x96, 0xc3, 0x06, 0x93, 0x96, 0x43, 0xc8, 0xda, 0x95, 0xc3,
    0x25, 0xd2, 0x2a, 0x3e, 0xdf, 0x22, 0x72, 0xbf, 0xc0, 0x94, 0x8e, 0x3e, 0x04, 0x01, 0x00, 0xcb,
    0x78, 0xed, 0xfb, 0x3e, 0xed, 0xa1, 0x2a, 0x3f, 0x86, 0x6b, 0x2d, 0x3f, 0x48, 0xc3, 0x36, 0x3f,
    0x9b, 0x13, 0x5f, 0x44, 0x00, 0x00, 0x00, 0x00, 0x00, 0x00, 0x00, 0x00, 0x00, 0x00, 0x00, 0x00,
    0x32, 0x11, 0x96, 0xc3, 0xe9, 0x92, 0x96, 0x43, 0x0b, 0xdb, 0x95, 0xc3, 0x5c, 0x1c, 0x83, 0x3e,
    0x0c, 0x3c, 0x77, 0xbf, 0x22, 0x86, 0x2a, 0xbd, 0x04, 0x01, 0x00, 0xcb, 0x39, 0xa6, 0xb5, 0x3e,
    0x5d, 0x72, 0x2e, 0x3f, 0xaa, 0xb1, 0xd4, 0x3e, 0x0a, 0x56, 0x24, 0x3f, 0x9b, 0x13, 0x5f, 0x44,
    0x00, 0x00, 0x00, 0x00, 0x00, 0x00, 0x00, 0x00, 0x00, 0x00, 0x00, 0x00, 0x72, 0x10, 0x96, 0xc3,
    0xa2, 0x93, 0x96, 0x43, 0xa8, 0xdc, 0x95, 0xc3, 0x3d, 0x7b, 0x25, 0x3f, 0xd1, 0x49, 0x1a, 0xbf,
    0xe9, 0x8e, 0xef, 0xbe, 0x04, 0x01, 0x00, 0xcb, 0x03, 0x8e, 0x98, 0x3e, 0x66, 0xeb, 0x0b, 0x3f,
    0x72, 0x8c, 0x91, 0x3e, 0x94, 0x58, 0xaa, 0x3e, 0x9b, 0x13, 0x5f, 0x44, 0x00, 0x00, 0x00, 0x00,
    0x00, 0x00, 0x00, 0x00, 0x00, 0x00, 0x00, 0x00, 0x19, 0x10, 0x96, 0xc3, 0xb8, 0x93, 0x96, 0x43,
    0xe8, 0xdb, 0x95, 0xc3, 0x01, 0xd9, 0x36, 0x3f, 0xcd, 0xbf, 0x26, 0xbf, 0x1a, 0x1c, 0x83, 0xbe,
    0x04, 0x01, 0x00, 0xcb, 0xb7, 0xce, 0x82, 0x3e, 0x28, 0x32, 0x17, 0x3f, 0xbd, 0x1a, 0x3a, 0x3e,
    0x95, 0x22, 0xdd, 0x3e, 0x9b, 0x13, 0x5f, 0x44, 0x00, 0x00, 0x00, 0x00, 0x00, 0x00, 0x00, 0x00,
    0x00, 0x00, 0x00, 0x00, 0xd6, 0x10, 0x96, 0xc3, 0xce, 0x93, 0x96, 0x43, 0x28, 0xdd, 0x95, 0xc3,
    0x9c, 0xfb, 0x04, 0x3f, 0x3d, 0xab, 0x18, 0xbf, 0x21, 0xaa, 0x1c, 0xbf, 0x04, 0x01, 0x00, 0xcb,
    0x8e, 0x8e, 0xaa, 0x3e, 0xf4, 0x5c, 0x00, 0x3f, 0x97, 0xd0, 0xb9, 0x3e, 0x80, 0xed, 0x69, 0x3e,
    0x9b, 0x13, 0x5f, 0x44, 0x00, 0x00, 0x00, 0x00, 0x00, 0x00, 0x00, 0x00, 0x00, 0x00, 0x00, 0x00,
    0x1d, 0x10, 0x96, 0xc3, 0xb0, 0x94, 0x96, 0x43, 0x8c, 0xdc, 0x95, 0xc3, 0xbc, 0x56, 0x57, 0x3f,
    0x9c, 0x71, 0x58, 0xbe, 0xc9, 0xd9, 0xfe, 0xbe, 0x04, 0x01, 0x00, 0xcb, 0x01, 0xdd, 0x6c, 0x3e,
    0x65, 0xef, 0xfe, 0x3e, 0x3f, 0xeb, 0x0d, 0x3e, 0x88, 0x7f, 0x5f, 0x3e, 0x9b, 0x13, 0x5f, 0x44,
    0x00, 0x00, 0x00, 0x00, 0x00, 0x00, 0x00, 0x00, 0x00, 0x00, 0x00, 0x00, 0x1d, 0x10, 0x96, 0xc3,
    0xb0, 0x94, 0x96, 0x43, 0x8c, 0xdc, 0x95, 0xc3, 0x99, 0x50, 0x7d, 0x3e, 0x8d, 0x65, 0x09, 0x3f,
    0x59, 0x83, 0x4e, 0x3f, 0x04, 0x01, 0x00, 0xcb, 0xe5, 0xe9, 0x76, 0x3e, 0x3a, 0xdd, 0x6f, 0x3f,
    0xc6, 0xf6, 0x95, 0x3e, 0xbc, 0x91, 0x7b, 0x3f, 0x9b, 0x13, 0x5f, 0x44, 0x00, 0x00, 0x00, 0x00,
    0x00, 0x00, 0x00, 0x00, 0x00, 0x00, 0x00, 0x00, 0xed, 0x11, 0x96, 0xc3, 0x22, 0x95, 0x96, 0x43,
    0x4a, 0xdc, 0x95, 0xc3, 0x99, 0x50, 0x7d, 0x3e, 0x8d, 0x65, 0x09, 0x3f, 0x59, 0x83, 0x4e, 0x3f,
    0x04, 0x01, 0x00, 0xcb, 0xb9, 0xe2, 0x91, 0x3e, 0x8b, 0xe9, 0x4d, 0x3f, 0x6c, 0xb8, 0x7c, 0x3d,
    0x6e, 0x62, 0x51, 0x3f, 0x9b, 0x13, 0x5f, 0x44, 0x00, 0x00, 0x00, 0x00, 0x00, 0x00, 0x00, 0x00,
    0x00, 0x00, 0x00, 0x00, 0x19, 0x10, 0x96, 0xc3, 0xb8, 0x93, 0x96, 0x43, 0xe8, 0xdb, 0x95, 0xc3,
    0x99, 0x50, 0x7d, 0x3e, 0x8d, 0x65, 0x09, 0x3f, 0x59, 0x83, 0x4e, 0x3f, 0x04, 0x01, 0x00, 0xcb,
    0xd1, 0x0b, 0x20, 0x3e, 0xe7, 0xde, 0x6b, 0x3f, 0xd4, 0xa3, 0xe0, 0x3e, 0x1f, 0x55, 0x68, 0x3f,
    0x9b, 0x13, 0x5f, 0x44, 0x00, 0x00, 0x00, 0x00, 0x00, 0x00, 0x00, 0x00, 0x00, 0x00, 0x00, 0x00,
    0x32, 0x11, 0x96, 0xc3, 0xe9, 0x92, 0x96, 0x43, 0x0b, 0xdb, 0x95, 0xc3, 0x22, 0xd4, 0x55, 0x3e,
    0xaa, 0xb0, 0x07, 0x3f, 0x6a, 0x65, 0x52, 0x3f, 0x04, 0x01, 0x00, 0xcb, 0x5a, 0x30, 0xb6, 0x3d,
    0x01, 0x8c, 0x52, 0x3f, 0x96, 0xd1, 0xea, 0x3e, 0xa5, 0x00, 0x39, 0x3f, 0x9b, 0x13, 0x5f, 0x44,
    0x00, 0x00, 0x00, 0x00, 0x00, 0x00, 0x00, 0x00, 0x00, 0x00, 0x00, 0x00, 0x80, 0x12, 0x96, 0xc3,
    0x06, 0x93, 0x96, 0x43, 0xc8, 0xda, 0x95, 0xc3, 0xdd, 0x9c, 0x3e, 0x3e, 0x0f, 0x89, 0x07, 0x3f,
    0x9e, 0xe2, 0x53, 0x3f, 0x04, 0x01, 0x00, 0xcb, 0x52, 0x37, 0xd6, 0x3d, 0xc2, 0x8c, 0x39, 0x3f,
    0x3a, 0x06, 0xa4, 0x3e, 0xee, 0x4e, 0x17, 0x3f, 0x9b, 0x13, 0x5f, 0x44, 0x00, 0x00, 0x00, 0x00,
    0x00, 0x00, 0x00, 0x00, 0x00, 0x00, 0x00, 0x00, 0x06, 0x13, 0x96, 0xc3, 0xc2, 0x94, 0x96, 0x43,
    0xc6, 0xdb, 0x95, 0xc3, 0xde, 0x9c, 0x3e, 0x3e, 0x0f, 0x89, 0x07, 0x3f, 0x9e, 0xe2, 0x53, 0x3f,
    0x04, 0x01, 0x00, 0xcb, 0xdb, 0xd4, 0x83, 0x3e, 0xb4, 0xd5, 0x36, 0x3f, 0xf0, 0x2d, 0x6f, 0x3c,
    0x02, 0xa2, 0x2b, 0x3f, 0x9b, 0x13, 0x5f, 0x44, 0x00, 0x00, 0x00, 0x00, 0x00, 0x00, 0x00, 0x00,
    0x00, 0x00, 0x00, 0x00, 0x89, 0x13, 0x96, 0xc3, 0x4b, 0x93, 0x96, 0x43, 0xb8, 0xda, 0x95, 0xc3,
    0xde, 0x9c, 0x3e, 0x3e, 0x0f, 0x89, 0x07, 0x3f, 0x9e, 0xe2, 0x53, 0x3f, 0x04, 0x01, 0x00, 0xcb,
    0xed, 0xa2, 0x08, 0x3e, 0xa3, 0x94, 0x26, 0x3f, 0xd9, 0x2f, 0x3b, 0x3e, 0x64, 0x6e, 0x00, 0x3f,
    0x9b, 0x13, 0x5f, 0x44, 0x00, 0x00, 0x00, 0x00, 0x00, 0x00, 0x00, 0x00, 0x00, 0x00, 0x00, 0x00,
    0x2f, 0x38, 0x96, 0xc3, 0x96, 0xad, 0x96, 0x43, 0x5a, 0xc5, 0x95, 0xc3, 0x78, 0xa6, 0x1f, 0xbd,
    0xf2, 0x8b, 0xde, 0x3c, 0x00, 0xb6, 0x7f, 0x3f, 0xa6, 0x2e, 0x03, 0xf5, 0x1b, 0x7f, 0x3f, 0x3f,
    0x1e, 0xbe, 0xf6, 0x3e, 0x86, 0x6b, 0x2d, 0x3f, 0x48, 0xc3, 0x36, 0x3f, 0xc0, 0x4f, 0x61, 0x44,
    0x00, 0x00, 0x00, 0x00, 0x00, 0x00, 0x00, 0x00, 0x00, 0x00, 0x00, 0x00, 0x22, 0x39, 0x96, 0xc3,
    0x41, 0xae, 0x96, 0x43, 0x68, 0xc5, 0x95, 0xc3, 0x7a, 0xa6, 0x1f, 0xbd, 0xfe, 0x8b, 0xde, 0x3c,
    0x00, 0xb6, 0x7f, 0x3f, 0xa6, 0x2e, 0x03, 0xf5, 0x4c, 0x56, 0x28, 0x3f, 0x1a, 0xbb, 0xfb, 0x3e,
    0x78, 0xb5, 0x63, 0x3f, 0x5e, 0x43, 0x2a, 0x3f, 0xc0, 0x4f, 0x61, 0x44, 0x00, 0x00, 0x00, 0x00,
    0x00, 0x00, 0x00, 0x00, 0x00, 0x00, 0x00, 0x00, 0x45, 0x39, 0x96, 0xc3, 0xb8, 0xad, 0x96, 0x43,
    0x66, 0xc5, 0x95, 0xc3, 0x78, 0xa6, 0x1f, 0xbd, 0xf2, 0x8b, 0xde, 0x3c, 0x00, 0xb6, 0x7f, 0x3f,
    0xa6, 0x2e, 0x03, 0xf5, 0x62, 0x50, 0x2d, 0x3f, 0x44, 0xee, 0x06, 0x3f, 0xf8, 0x4b, 0x59, 0x3f,
    0x8a, 0x3b, 0x1b, 0x3f, 0xc0, 0x4f, 0x61, 0x44, 0x00, 0x00, 0x00, 0x00, 0x00, 0x00, 0x00, 0x00,
    0x00, 0x00, 0x00, 0x00, 0x50, 0x39, 0x96, 0xc3, 0x1f, 0xae, 0x96, 0x43, 0xec, 0xc5, 0x95, 0xc3,
    0x5f, 0xca, 0x62, 0xbf, 0x00, 0xbb, 0xca, 0x3e, 0xdc, 0x74, 0x77, 0xbe, 0xa6, 0x2e, 0x03, 0xf5,
    0x81, 0x4b, 0x48, 0x3e, 0x0a, 0xc6, 0x71, 0x3f, 0xe8, 0xd0, 0x62, 0x3f, 0xb6, 0x86, 0x04, 0x3f,
    0xc0, 0x4f, 0x61, 0x44, 0x00, 0x00, 0x00, 0x00, 0x00, 0x00, 0x00, 0x00, 0x00, 0x00, 0x00, 0x00,
    0xbe, 0x35, 0x96, 0xc3, 0xf3, 0xad, 0x96, 0x43, 0x7a, 0xc7, 0x95, 0xc3, 0x97, 0x4b, 0xc8, 0x3d,
    0x63, 0x32, 0x9f, 0x3e, 0xe6, 0x04, 0x72, 0xbf, 0xa6, 0x2e, 0x03, 0xf5, 0x72, 0x03, 0xd3, 0x3d,
    0xce, 0x72, 0x2f, 0x3f, 0x97, 0xd0, 0xb9, 0x3e, 0x80, 0xed, 0x69, 0x3e, 0xc0, 0x4f, 0x61, 0x44,
    0x00, 0x00, 0x00, 0x00, 0x00, 0x00, 0x00, 0x00, 0x00, 0x00, 0x00, 0x00, 0x7e, 0x37, 0x96, 0xc3,
    0x3c, 0xad, 0x96, 0x43, 0x90, 0xc6, 0x95, 0xc3, 0xd2, 0xdc, 0xcc, 0xbe, 0x3d, 0xb5, 0x30, 0xbe,
    0xe2, 0x6a, 0x66, 0xbf, 0xa6, 0x2e, 0x03, 0xf5, 0xf2, 0xb2, 0xb5, 0x3d, 0x36, 0x2e, 0x57, 0x3f,
    0x60, 0x8f, 0x0e, 0x3f, 0xc8, 0x9c, 0xfa, 0x3e, 0xc0, 0x4f, 0x61, 0x44, 0x00, 0x00, 0x00, 0x00,
    0x00, 0x00, 0x00, 0x00, 0x00, 0x00, 0x00, 0x00, 0xf5, 0x37, 0x96, 0xc3, 0x48, 0xaf, 0x96, 0x43,
    0xf7, 0xc6, 0x95, 0xc3, 0x89, 0xc2, 0xf9, 0xbe, 0x40, 0x0e, 0xe1, 0x3e, 0x8e, 0x13, 0x41, 0xbf,
    0xa6, 0x2e, 0x03, 0xf5, 0x41, 0xb6, 0x71, 0x3e, 0xca, 0x20, 0x4f, 0x3f, 0xfa, 0x90, 0x41, 0x3f,
    0xe6, 0xfd, 0x71, 0x3e, 0xc0, 0x4f, 0x61, 0x44, 0x00, 0x00, 0x00, 0x00, 0x00, 0x00, 0x00, 0x00,
    0x00, 0x00, 0x00, 0x00, 0xdc, 0x37, 0x96, 0xc3, 0xa2, 0xaf, 0x96, 0x43, 0x34, 0xc6, 0x95, 0xc3,
    0xb5, 0x1b, 0xe6, 0xbe, 0xb5, 0x4a, 0x57, 0x3f, 0x24, 0x3f, 0x9a, 0xbe, 0xa6, 0x2e, 0x03, 0xf5,
    0xc8, 0x34, 0x99, 0x3e, 0x22, 0x22, 0x51, 0x3f, 0xac, 0x16, 0x5f, 0x3f, 0xfe, 0x47, 0x21, 0x3e,
    0xc0, 0x4f, 0x61, 0x44, 0x00, 0x00, 0x00, 0x00, 0x00, 0x00, 0x00, 0x00, 0x00, 0x00, 0x00, 0x00,
    0x22, 0x39, 0x96, 0xc3, 0x41, 0xae, 0x96, 0x43, 0x68, 0xc5, 0x95, 0xc3, 0x15, 0x27, 0x57, 0xbf,
    0x51, 0xfa, 0x03, 0x3f, 0xa2, 0xfb, 0x2a, 0x3e, 0xa6, 0x2e, 0x03, 0xf5, 0x11, 0xed, 0x64, 0x3e,
    0x0a, 0x2e, 0x79, 0x3f, 0x80, 0x57, 0x79, 0x3f, 0x84, 0x52, 0x06, 0x3f, 0xc0, 0x4f, 0x61, 0x44,
    0x00, 0x00, 0x00, 0x00, 0x00, 0x00, 0x00, 0x00, 0x00, 0x00, 0x00, 0x00, 0x45, 0x39, 0x96, 0xc3,
    0xb8, 0xad, 0x96, 0x43, 0x66, 0xc5, 0x95, 0xc3, 0xa3, 0x67, 0x6e, 0xbf, 0xa0, 0x0e, 0x7d, 0x3e,
    0xe7, 0x10, 0x89, 0x3e, 0xa6, 0x2e, 0x03, 0xf5, 0xd9, 0x43, 0x38, 0x3e, 0x4a, 0xfe, 0x7b, 0x3f,
    0x4a, 0x0e, 0x6b, 0x3f, 0x12, 0x28, 0x1b, 0x3f, 0xc0, 0x4f, 0x61, 0x44, 0x00, 0x00, 0x00, 0x00,
    0x00, 0x00, 0x00, 0x00, 0x00, 0x00, 0x00, 0x00, 0x85, 0x36, 0x96, 0xc3, 0xa1, 0xaf, 0x96, 0x43,
    0x83, 0xc6, 0x95, 0xc3, 0x34, 0x36, 0x5a, 0x3e, 0x2e, 0xa9, 0x3d, 0x3f, 0x84, 0x0f, 0x23, 0xbf,
    0xa6, 0x2e, 0x03, 0xf5, 0x58, 0xe0, 0x82, 0x3e, 0xce, 0x4b, 0x32, 0x3f, 0x50, 0xf6, 0x1f, 0x3f,
    0xbc, 0x4d, 0xb9, 0x3c, 0xc0, 0x4f, 0x61, 0x44, 0x00, 0x00, 0x00, 0x00, 0x00, 0x00, 0x00, 0x00,
    0x00, 0x00, 0x00, 0x00, 0xd3, 0x34, 0x96, 0xc3, 0x7f, 0xae, 0x96, 0x43, 0x92, 0xc6, 0x95, 0xc3,
    0x60, 0x71, 0xbb, 0x3e, 0x98, 0xad, 0x15, 0x3f, 0x8f, 0x55, 0x39, 0xbf, 0xa6, 0x2e, 0x03, 0xf5,
    0x11, 0xba, 0x12, 0x3e, 0x94, 0xa3, 0x18, 0x3f, 0x72, 0x2e, 0x97, 0x3e, 0xc4, 0xf6, 0xa8, 0x3c,
    0xc0, 0x4f, 0x61, 0x44, 0x00, 0x00, 0x00, 0x00, 0x00, 0x00, 0x00, 0x00, 0x00, 0x00, 0x00, 0x00,
    0x0b, 0x37, 0x96, 0xc3, 0x1b, 0xaf, 0x96, 0x43, 0x48, 0xc7, 0x95, 0xc3, 0x16, 0xa5, 0x86, 0xbd,
    0x56, 0x8c, 0xba, 0x3e, 0xdf, 0xce, 0x6d, 0xbf, 0xa6, 0x2e, 0x03, 0xf5, 0x61, 0x78, 0x51, 0x3e,
    0xae, 0xd3, 0x40, 0x3f, 0x50, 0x8c, 0x1f, 0x3f, 0x1e, 0xac, 0x42, 0x3e, 0xc0, 0x4f, 0x61, 0x44,
    0x00, 0x00, 0x00, 0x00, 0x00, 0x00, 0x00, 0x00, 0x00, 0x00, 0x00, 0x00, 0x7e, 0x37, 0x96, 0xc3,
    0x3c, 0xad, 0x96, 0x43, 0x90, 0xc6, 0x95, 0xc3, 0xe5, 0x54, 0x20, 0xbe, 0xbc, 0xc0, 0x78, 0xbf,
    0x20, 0x2b, 0x35, 0xbe, 0xa6, 0x2e, 0x03, 0xf5, 0x60, 0xe7, 0xd5, 0x3e, 0x3c, 0x8f, 0x1b, 0x3f,
    0x60, 0x8f, 0x0e, 0x3f, 0xc8, 0x9c, 0xfa, 0x3e, 0xc0, 0x4f, 0x61, 0x44, 0x00, 0x00, 0x00, 0x00,
    0x00, 0x00, 0x00, 0x00, 0x00, 0x00, 0x00, 0x00, 0x45, 0x39, 0x96, 0xc3, 0xb8, 0xad, 0x96, 0x43,
    0x66, 0xc5, 0x95, 0xc3, 0xc0, 0xa3, 0xda, 0xbe, 0xdf, 0x91, 0x5a, 0xbf, 0x8b, 0x7a, 0x98, 0xbe,
    0xa6, 0x2e, 0x03, 0xf5, 0x90, 0x1f, 0x0e, 0x3f, 0x14, 0xa8, 0x2b, 0x3f, 0xf8, 0x4b, 0x59, 0x3f,
    0x8a, 0x3b, 0x1b, 0x3f, 0xc0, 0x4f, 0x61, 0x44, 0x00, 0x00, 0x00, 0x00, 0x00, 0x00, 0x00, 0x00,
    0x00, 0x00, 0x00, 0x00, 0x50, 0x39, 0x96, 0xc3, 0x1f, 0xae, 0x96, 0x43, 0xec, 0xc5, 0x95, 0xc3,
    0x72, 0xca, 0x03, 0xbf, 0x73, 0xda, 0x32, 0xbf, 0x17, 0x64, 0xfe, 0xbe, 0xa6, 0x2e, 0x03, 0xf5,
    0xed, 0x32, 0x0b, 0x3f, 0x2b, 0x87, 0x22, 0x3f, 0xe8, 0xd0, 0x62, 0x3f, 0xb6, 0x86, 0x04, 0x3f,
    0xc0, 0x4f, 0x61, 0x44, 0x00, 0x00, 0x00, 0x00, 0x00, 0x00, 0x00, 0x00, 0x00, 0x00, 0x00, 0x00,
    0x2f, 0x38, 0x96, 0xc3, 0x96, 0xad, 0x96, 0x43, 0x5a, 0xc5, 0x95, 0xc3, 0xa2, 0xff, 0x61, 0xbe,
    0x3f, 0x97, 0x76, 0xbf, 0x71, 0xce, 0x1c, 0x3e, 0xa6, 0x2e, 0x03, 0xf5, 0x78, 0xed, 0xfb, 0x3e,
    0xed, 0xa1, 0x2a, 0x3f, 0x86, 0x6b, 0x2d, 0x3f, 0x48, 0xc3, 0x36, 0x3f, 0xc0, 0x4f, 0x61, 0x44,
    0x00, 0x00, 0x00, 0x00, 0x00, 0x00, 0x00, 0x00, 0x00, 0x00, 0x00, 0x00, 0xdf, 0x36, 0x96, 0xc3,
    0xfc, 0xac, 0x96, 0x43, 0x71, 0xc5, 0x95, 0xc3, 0xb2, 0x30, 0xac, 0xbd, 0x1f, 0x33, 0x7c, 0xbf,
    0xe6, 0x42, 0x19, 0xbe, 0xa6, 0x2e, 0x03, 0xf5, 0x39, 0xa6, 0xb5, 0x3e, 0x5d, 0x72, 0x2e, 0x3f,
    0xaa, 0xb1, 0xd4, 0x3e, 0x0a, 0x56, 0x24, 0x3f, 0xc0, 0x4f, 0x61, 0x44, 0x00, 0x00, 0x00, 0x00,
    0x00, 0x00, 0x00, 0x00, 0x00, 0x00, 0x00, 0x00, 0x85, 0x35, 0x96, 0xc3, 0x93, 0xad, 0x96, 0x43,
    0xe9, 0xc6, 0x95, 0xc3, 0xa2, 0xd5, 0xf5, 0x3e, 0x48, 0x2a, 0x40, 0xbf, 0xd5, 0x60, 0xe8, 0xbe,
    0xa6, 0x2e, 0x03, 0xf5, 0x03, 0x8e, 0x98, 0x3e, 0x66, 0xeb, 0x0b, 0x3f, 0x72, 0x8c, 0x91, 0x3e,
    0x94, 0x58, 0xaa, 0x3e, 0xc0, 0x4f, 0x61, 0x44, 0x00, 0x00, 0x00, 0x00, 0x00, 0x00, 0x00, 0x00,
    0x00, 0x00, 0x00, 0x00, 0x4c, 0x35, 0x96, 0xc3, 0x74, 0xad, 0x96, 0x43, 0x0c, 0xc6, 0x95, 0xc3,
    0x82, 0xa2, 0xf8, 0x3e, 0x0b, 0xe0, 0x56, 0xbf, 0x8c, 0x1d, 0x7a, 0xbe, 0xa6, 0x2e, 0x03, 0xf5,
    0xb7, 0xce, 0x82, 0x3e, 0x28, 0x32, 0x17, 0x3f, 0xbd, 0x1a, 0x3a, 0x3e, 0x95, 0x22, 0xdd, 0x3e,
    0xc0, 0x4f, 0x61, 0x44, 0x00, 0x00, 0x00, 0x00, 0x00, 0x00, 0x00, 0x00, 0x00, 0x00, 0x00, 0x00,
    0xbe, 0x35, 0x96, 0xc3, 0xf3, 0xad, 0x96, 0x43, 0x7a, 0xc7, 0x95, 0xc3, 0x0a, 0x2c, 0xc9, 0x3e,
    0x27, 0x9e, 0x2f, 0xbf, 0x25, 0xc5, 0x1c, 0xbf, 0xa6, 0x2e, 0x03, 0xf5, 0x8e, 0x8e, 0xaa, 0x3e,
    0xf4, 0x5c, 0x00, 0x3f, 0x97, 0xd0, 0xb9, 0x3e, 0x80, 0xed, 0x69, 0x3e, 0xc0, 0x4f, 0x61, 0x44,
    0x00, 0x00, 0x00, 0x00, 0x00, 0x00, 0x00, 0x00, 0x00, 0x00, 0x00, 0x00, 0xd3, 0x34, 0x96, 0xc3,
    0x7f, 0xae, 0x96, 0x43, 0x92, 0xc6, 0x95, 0xc3, 0x86, 0x4e, 0x4c, 0x3f, 0xca, 0xf3, 0xe8, 0xbe,
    0x92, 0x44, 0xca, 0xbe, 0xa6, 0x2e, 0x03, 0xf5, 0x01, 0xdd, 0x6c, 0x3e, 0x65, 0xef, 0xfe, 0x3e,
    0x3f, 0xeb, 0x0d, 0x3e, 0x88, 0x7f, 0x5f, 0x3e, 0xc0, 0x4f, 0x61, 0x44, 0x00, 0x00, 0x00, 0x00,
    0x00, 0x00, 0x00, 0x00, 0x00, 0x00, 0x00, 0x00, 0xd3, 0x34, 0x96, 0xc3, 0x7f, 0xae, 0x96, 0x43,
    0x92, 0xc6, 0x95, 0xc3, 0xe9, 0x00, 0x83, 0x3e, 0xfc, 0x3c, 0xac, 0x3e, 0xc6, 0x02, 0x68, 0x3f,
    0xa6, 0x2e, 0x03, 0xf5, 0xe5, 0xe9, 0x76, 0x3e, 0x3a, 0xdd, 0x6f, 0x3f, 0xc6, 0xf6, 0x95, 0x3e,
    0xbc, 0x91, 0x7b, 0x3f, 0xc0, 0x4f, 0x61, 0x44, 0x00, 0x00, 0x00, 0x00, 0x00, 0x00, 0x00, 0x00,
    0x00, 0x00, 0x00, 0x00, 0x85, 0x36, 0x96, 0xc3, 0xa1, 0xaf, 0x96, 0x43, 0x83, 0xc6, 0x95, 0xc3,
    0xe9, 0x00, 0x83, 0x3e, 0xfc, 0x3c, 0xac, 0x3e, 0xc6, 0x02, 0x68, 0x3f, 0xa6, 0x2e, 0x03, 0xf5,
    0xb9, 0xe2, 0x91, 0x3e, 0x8b, 0xe9, 0x4d, 0x3f, 0x6c, 0xb8, 0x7c, 0x3d, 0x6e, 0x62, 0x51, 0x3f,
    0xc0, 0x4f, 0x61, 0x44, 0x00, 0x00, 0x00, 0x00, 0x00, 0x00, 0x00, 0x00, 0x00, 0x00, 0x00, 0x00,
    0x4c, 0x35, 0x96, 0xc3, 0x74, 0xad, 0x96, 0x43, 0x0c, 0xc6, 0x95, 0xc3, 0xe9, 0x00, 0x83, 0x3e,
    0xfa, 0x3c, 0xac, 0x3e, 0xc6, 0x02, 0x68, 0x3f, 0xa6, 0x2e, 0x03, 0xf5, 0xd1, 0x0b, 0x20, 0x3e,
    0xe7, 0xde, 0x6b, 0x3f, 0xd4, 0xa3, 0xe0, 0x3e, 0x1f, 0x55, 0x68, 0x3f, 0xc0, 0x4f, 0x61, 0x44,
    0x00, 0x00, 0x00, 0x00, 0x00, 0x00, 0x00, 0x00, 0x00, 0x00, 0x00, 0x00, 0xdf, 0x36, 0x96, 0xc3,
    0xfc, 0xac, 0x96, 0x43, 0x71, 0xc5, 0x95, 0xc3, 0xd8, 0x5a, 0x5c, 0x3e, 0xeb, 0x7e, 0xaf, 0x3e,
    0xea, 0x18, 0x6a, 0x3f, 0xa6, 0x2e, 0x03, 0xf5, 0x5a, 0x30, 0xb6, 0x3d, 0x01, 0x8c, 0x52, 0x3f,
    0x96, 0xd1, 0xea, 0x3e, 0xa5, 0x00, 0x39, 0x3f, 0xc0, 0x4f, 0x61, 0x44, 0x00, 0x00, 0x00, 0x00,
    0x00, 0x00, 0x00, 0x00, 0x00, 0x00, 0x00, 0x00, 0x2f, 0x38, 0x96, 0xc3, 0x96, 0xad, 0x96, 0x43,
    0x5a, 0xc5, 0x95, 0xc3, 0xfb, 0x9f, 0x45, 0x3e, 0x25, 0x21, 0xb3, 0x3e, 0x42, 0xad, 0x6a, 0x3f,
    0xa6, 0x2e, 0x03, 0xf5, 0x52, 0x37, 0xd6, 0x3d, 0xc2, 0x8c, 0x39, 0x3f, 0x3a, 0x06, 0xa4, 0x3e,
    0xee, 0x4e, 0x17, 0x3f, 0xc0, 0x4f, 0x61, 0x44, 0x00, 0x00, 0x00, 0x00, 0x00, 0x00, 0x00, 0x00,
    0x00, 0x00, 0x00, 0x00, 0xdc, 0x37, 0x96, 0xc3, 0xa2, 0xaf, 0x96, 0x43, 0x34, 0xc6, 0x95, 0xc3,
    0xfb, 0x9f, 0x45, 0x3e, 0x25, 0x21, 0xb3, 0x3e, 0x42, 0xad, 0x6a, 0x3f, 0xa6, 0x2e, 0x03, 0xf5,
    0xdb, 0xd4, 0x83, 0x3e, 0xb4, 0xd5, 0x36, 0x3f, 0xf0, 0x2d, 0x6f, 0x3c, 0x02, 0xa2, 0x2b, 0x3f,
    0xc0, 0x4f, 0x61, 0x44, 0x00, 0x00, 0x00, 0x00, 0x00, 0x00, 0x00, 0x00, 0x00, 0x00, 0x00, 0x00,
    0x22, 0x39, 0x96, 0xc3, 0x41, 0xae, 0x96, 0x43, 0x68, 0xc5, 0x95, 0xc3, 0xfb, 0x9f, 0x45, 0x3e,
    0x25, 0x21, 0xb3, 0x3e, 0x42, 0xad, 0x6a, 0x3f, 0xa6, 0x2e, 0x03, 0xf5, 0xed, 0xa2, 0x08, 0x3e,
    0xa3, 0x94, 0x26, 0x3f, 0xd9, 0x2f, 0x3b, 0x3e, 0x64, 0x6e, 0x00, 0x3f, 0xc0, 0x4f, 0x61, 0x44,
    0x00, 0x00, 0x00, 0x00, 0x00, 0x00, 0x00, 0x00, 0x00, 0x00, 0x00, 0x00, 0xf1, 0x28, 0x96, 0xc3,
    0x97, 0x96, 0x96, 0x43, 0x57, 0xbb, 0x95, 0xc3, 0x91, 0x25, 0x8c, 0x3e, 0xa3, 0x6c, 0x1c, 0xbf,
    0x7d, 0x26, 0x3e, 0x3f, 0x02, 0x01, 0x00, 0xc9, 0x1b, 0x7f, 0x3f, 0x3f, 0x1e, 0xbe, 0xf6, 0x3e,
    0x86, 0x6b, 0x2d, 0x3f, 0x48, 0xc3, 0x36, 0x3f, 0x35, 0x5e, 0x16, 0x43, 0x00, 0x00, 0x00, 0x00,
    0x00, 0x00, 0x00, 0x00, 0x00, 0x00, 0x00, 0x00, 0x6f, 0x29, 0x96, 0xc3, 0x2a, 0x96, 0x96, 0x43,
    0x82, 0xbb, 0x95, 0xc3, 0x91, 0x25, 0x8c, 0x3e, 0xa3, 0x6c, 0x1c, 0xbf, 0x7d, 0x26, 0x3e, 0x3f,
    0x02, 0x01, 0x00, 0xc9, 0x4c, 0x56, 0x28, 0x3f, 0x1a, 0xbb, 0xfb, 0x3e, 0x78, 0xb5, 0x63, 0x3f,
    0x5e, 0x43, 0x2a, 0x3f, 0x35, 0x5e, 0x16, 0x43, 0x00, 0x00, 0x00, 0x00, 0x00, 0x00, 0x00, 0x00,
    0x00, 0x00, 0x00, 0x00, 0x2a, 0x29, 0x96, 0xc3, 0x18, 0x96, 0x96, 0x43, 0xab, 0xbb, 0x95, 0xc3,
    0x91, 0x25, 0x8c, 0x3e, 0xa3, 0x6c, 0x1c, 0xbf, 0x7d, 0x26, 0x3e, 0x3f, 0x02, 0x01, 0x00, 0xc9,
    0x62, 0x50, 0x2d, 0x3f, 0x44, 0xee, 0x06, 0x3f, 0xf8, 0x4b, 0x59, 0x3f, 0x8a, 0x3b, 0x1b, 0x3f,
    0x35, 0x5e, 0x16, 0x43, 0x00, 0x00, 0x00, 0x00, 0x00, 0x00, 0x00, 0x00, 0x00, 0x00, 0x00, 0x00,
    0x7b, 0x29, 0x96, 0xc3, 0x40, 0x96, 0x96, 0x43, 0xd2, 0xbb, 0x95, 0xc3, 0xc1, 0xa8, 0x24, 0xbf,
    0x56, 0xef, 0x13, 0xbf, 0x44, 0x9a, 0x00, 0xbf, 0x02, 0x01, 0x00, 0xc9, 0x81, 0x4b, 0x48, 0x3e,
    0x0a, 0xc6, 0x71, 0x3f, 0xe8, 0xd0, 0x62, 0x3f, 0xb6, 0x86, 0x04, 0x3f, 0x35, 0x5e, 0x16, 0x43,
    0x00, 0x00, 0x00, 0x00, 0x00, 0x00, 0x00, 0x00, 0x00, 0x00, 0x00, 0x00, 0x31, 0x29, 0x96, 0xc3,
    0x76, 0x98, 0x96, 0x43, 0x6f, 0xbb, 0x95, 0xc3, 0xfe, 0x50, 0x0e, 0xbf, 0x44, 0x7f, 0x21, 0x3f,
    0x15, 0x91, 0x0a, 0xbf, 0x02, 0x01, 0x00, 0xc9, 0x72, 0x03, 0xd3, 0x3d, 0xce, 0x72, 0x2f, 0x3f,
    0x97, 0xd0, 0xb9, 0x3e, 0x80, 0xed, 0x69, 0x3e, 0x35, 0x5e, 0x16, 0x43, 0x00, 0x00, 0x00, 0x00,
    0x00, 0x00, 0x00, 0x00, 0x00, 0x00, 0x00, 0x00, 0xe0, 0x28, 0x96, 0xc3, 0x53, 0x97, 0x96, 0x43,
    0xbc, 0xbb, 0x95, 0xc3, 0xcb, 0xc3, 0x56, 0xbe, 0x39, 0x80, 0x47, 0x3e, 0x7b, 0x49, 0x75, 0xbf,
    0x02, 0x01, 0x00, 0xc9, 0xf2, 0xb2, 0xb5, 0x3d, 0x36, 0x2e, 0x57, 0x3f, 0x60, 0x8f, 0x0e, 0x3f,
    0xc8, 0x9c, 0xfa, 0x3e, 0x35, 0x5e, 0x16, 0x43, 0x00, 0x00, 0x00, 0x00, 0x00, 0x00, 0x00, 0x00,
    0x00, 0x00, 0x00, 0x00, 0x1c, 0x2a, 0x96, 0xc3, 0x40, 0x97, 0x96, 0x43, 0x99, 0xbb, 0x95, 0xc3,
    0x52, 0x05, 0x40, 0xbf, 0x9d, 0x9f, 0x34, 0x3d, 0x82, 0xed, 0x28, 0xbf, 0x02, 0x01, 0x00, 0xc9,
    0x41, 0xb6, 0x71, 0x3e, 0xca, 0x20, 0x4f, 0x3f, 0xfa, 0x90, 0x41, 0x3f, 0xe6, 0xfd, 0x71, 0x3e,
    0x35, 0x5e, 0x16, 0x43, 0x00, 0x00, 0x00, 0x00, 0x00, 0x00, 0x00, 0x00, 0x00, 0x00, 0x00, 0x00,
    0x26, 0x2a, 0x96, 0xc3, 0x0a, 0x97, 0x96, 0x43, 0x28, 0xbb, 0x95, 0xc3, 0xea, 0xec, 0x78, 0xbf,
    0x53, 0x5b, 0x3c, 0xbe, 0x2b, 0x3a, 0x13, 0xbe, 0x02, 0x01, 0x00, 0xc9, 0xc8, 0x34, 0x99, 0x3e,
    0x22, 0x22, 0x51, 0x3f, 0xac, 0x16, 0x5f, 0x3f, 0xfe, 0x47, 0x21, 0x3e, 0x35, 0x5e, 0x16, 0x43,
    0x00, 0x00, 0x00, 0x00, 0x00, 0x00, 0x00, 0x00, 0x00, 0x00, 0x00, 0x00, 0x6f, 0x29, 0x96, 0xc3,
    0x2a, 0x96, 0x96, 0x43, 0x82, 0xbb, 0x95, 0xc3, 0x89, 0x06, 0x1e, 0xbf, 0x0f, 0xe2, 0x46, 0xbf,
    0x0a, 0x2e, 0xfe, 0xbd, 0x02, 0x01, 0x00, 0xc9, 0x11, 0xed, 0x64, 0x3e, 0x0a, 0x2e, 0x79, 0x3f,
    0x80, 0x57, 0x79, 0x3f, 0x84, 0x52, 0x06, 0x3f, 0x35, 0x5e, 0x16, 0x43, 0x00, 0x00, 0x00, 0x00,
    0x00, 0x00, 0x00, 0x00, 0x00, 0x00, 0x00, 0x00, 0x2a, 0x29, 0x96, 0xc3, 0x18, 0x96, 0x96, 0x43,
    0xab, 0xbb, 0x95, 0xc3, 0x5c, 0xf0, 0xb7, 0xbe, 0xfb, 0x60, 0x69, 0xbf, 0xe6, 0x6d, 0x4c, 0xbe,
    0x02, 0x01, 0x00, 0xc9, 0xd9, 0x43, 0x38, 0x3e, 0x4a, 0xfe, 0x7b, 0x3f, 0x4a, 0x0e, 0x6b, 0x3f,
    0x12, 0x28, 0x1b, 0x3f, 0x35, 0x5e, 0x16, 0x43, 0x00, 0x00, 0x00, 0x00, 0x00, 0x00, 0x00, 0x00,
    0x00, 0x00, 0x00, 0x00, 0x06, 0x2a, 0x96, 0xc3, 0xc7, 0x97, 0x96, 0x43, 0xe0, 0xba, 0x95, 0xc3,
    0x94, 0xd7, 0x54, 0xbf, 0xaf, 0xae, 0x0c, 0x3f, 0x53, 0x54, 0xa8, 0xbd, 0x02, 0x01, 0x00, 0xc9,
    0x58, 0xe0, 0x82, 0x3e, 0xce, 0x4b, 0x32, 0x3f, 0x50, 0xf6, 0x1f, 0x3f, 0xbc, 0x4d, 0xb9, 0x3c,
    0x35, 0x5e, 0x16, 0x43, 0x00, 0x00, 0x00, 0x00, 0x00, 0x00, 0x00, 0x00, 0x00, 0x00, 0x00, 0x00,
    0x33, 0x29, 0x96, 0xc3, 0x98, 0x98, 0x96, 0x43, 0xa1, 0xba, 0x95, 0xc3, 0x56, 0xce, 0x2d, 0xbf,
    0x7d, 0x28, 0x39, 0x3f, 0x8a, 0x3d, 0x01, 0xbe, 0x02, 0x01, 0x00, 0xc9, 0x11, 0xba, 0x12, 0x3e,
    0x94, 0xa3, 0x18, 0x3f, 0x72, 0x2e, 0x97, 0x3e, 0xc4, 0xf6, 0xa8, 0x3c, 0x35, 0x5e, 0x16, 0x43,
    0x00, 0x00, 0x00, 0x00, 0x00, 0x00, 0x00, 0x00, 0x00, 0x00, 0x00, 0x00, 0xf3, 0x29, 0x96, 0xc3,
    0xca, 0x97, 0x96, 0x43, 0x7e, 0xbb, 0x95, 0xc3, 0x3d, 0x3f, 0x23, 0xbf, 0xee, 0x25, 0xfa, 0x3e,
    0xcb, 0x74, 0x18, 0xbf, 0x02, 0x01, 0x00, 0xc9, 0x61, 0x78, 0x51, 0x3e, 0xae, 0xd3, 0x40, 0x3f,
    0x50, 0x8c, 0x1f, 0x3f, 0x1e, 0xac, 0x42, 0x3e, 0x35, 0x5e, 0x16, 0x43, 0x00, 0x00, 0x00, 0x00,
    0x00, 0x00, 0x00, 0x00, 0x00, 0x00, 0x00, 0x00, 0xe0, 0x28, 0x96, 0xc3, 0x53, 0x97, 0x96, 0x43,
    0xbc, 0xbb, 0x95, 0xc3, 0x3b, 0x87, 0x4e, 0x3f, 0x17, 0x76, 0x08, 0xbd, 0x15, 0x07, 0x17, 0xbf,
    0x02, 0x01, 0x00, 0xc9, 0x60, 0xe7, 0xd5, 0x3e, 0x3c, 0x8f, 0x1b, 0x3f, 0x60, 0x8f, 0x0e, 0x3f,
    0xc8, 0x9c, 0xfa, 0x3e, 0x35, 0x5e, 0x16, 0x43, 0x00, 0x00, 0x00, 0x00, 0x00, 0x00, 0x00, 0x00,
    0x00, 0x00, 0x00, 0x00, 0x2a, 0x29, 0x96, 0xc3, 0x18, 0x96, 0x96, 0x43, 0xab, 0xbb, 0x95, 0xc3,
    0x6f, 0x3f, 0x19, 0x3f, 0xfa, 0xcd, 0x3a, 0xbe, 0xd0, 0xac, 0x47, 0xbf, 0x02, 0x01, 0x00, 0xc9,
    0x90, 0x1f, 0x0e, 0x3f, 0x14, 0xa8, 0x2b, 0x3f, 0xf8, 0x4b, 0x59, 0x3f, 0x8a, 0x3b, 0x1b, 0x3f,
    0x35, 0x5e, 0x16, 0x43, 0x00, 0x00, 0x00, 0x00, 0x00, 0x00, 0x00, 0x00, 0x00, 0x00, 0x00, 0x00,
    0x7b, 0x29, 0x96, 0xc3, 0x40, 0x96, 0x96, 0x43, 0xd2, 0xbb, 0x95, 0xc3, 0x3d, 0x73, 0xbf, 0x3e,
    0xfa, 0x5f, 0x0c, 0xbe, 0x51, 0xd2, 0x6a, 0xbf, 0x02, 0x01, 0x00, 0xc9, 0xed, 0x32, 0x0b, 0x3f,
    0x2b, 0x87, 0x22, 0x3f, 0xe8, 0xd0, 0x62, 0x3f, 0xb6, 0x86, 0x04, 0x3f, 0x35, 0x5e, 0x16, 0x43,
    0x00, 0x00, 0x00, 0x00, 0x00, 0x00, 0x00, 0x00, 0x00, 0x00, 0x00, 0x00, 0xf1, 0x28, 0x96, 0xc3,
    0x97, 0x96, 0x96, 0x43, 0x57, 0xbb, 0x95, 0xc3, 0x9a, 0xcc, 0x62, 0x3f, 0xd6, 0xcd, 0x8d, 0xbe,
    0xe6, 0x7b, 0xbe, 0xbe, 0x02, 0x01, 0x00, 0xc9, 0x78, 0xed, 0xfb, 0x3e, 0xed, 0xa1, 0x2a, 0x3f,
    0x86, 0x6b, 0x2d, 0x3f, 0x48, 0xc3, 0x36, 0x3f, 0x35, 0x5e, 0x16, 0x43, 0x00, 0x00, 0x00, 0x00,
    0x00, 0x00, 0x00, 0x00, 0x00, 0x00, 0x00, 0x00, 0x76, 0x28, 0x96, 0xc3, 0x3d, 0x97, 0x96, 0x43,
    0x1b, 0xbb, 0x95, 0xc3, 0xc0, 0x1d, 0x58, 0x3f, 0xd2, 0x8f, 0x20, 0x3c, 0xe1, 0x32, 0x09, 0xbf,
    0x02, 0x01, 0x00, 0xc9, 0x39, 0xa6, 0xb5, 0x3e, 0x5d, 0x72, 0x2e, 0x3f, 0xaa, 0xb1, 0xd4, 0x3e,
    0x0a, 0x56, 0x24, 0x3f, 0x35, 0x5e, 0x16, 0x43, 0x00, 0x00, 0x00, 0x00, 0x00, 0x00, 0x00, 0x00,
    0x00, 0x00, 0x00, 0x00, 0xdc, 0x28, 0x96, 0xc3, 0x60, 0x98, 0x96, 0x43, 0x33, 0xbb, 0x95, 0xc3,
    0x49, 0xd1, 0x29, 0x3f, 0x98, 0xd9, 0x25, 0x3f, 0x6d, 0xbf, 0xbf, 0xbe, 0x02, 0x01, 0x00, 0xc9,
    0x03, 0x8e, 0x98, 0x3e, 0x66, 0xeb, 0x0b, 0x3f, 0x72, 0x8c, 0x91, 0x3e, 0x94, 0x58, 0xaa, 0x3e,
    0x35, 0x5e, 0x16, 0x43, 0x00, 0x00, 0x00, 0x00, 0x00, 0x00, 0x00, 0x00, 0x00, 0x00, 0x00, 0x00,
    0x9c, 0x28, 0x96, 0xc3, 0x30, 0x98, 0x96, 0x43, 0xc8, 0xba, 0x95, 0xc3, 0xa2, 0xa3, 0x4f, 0x3f,
    0x17, 0xa9, 0x07, 0x3f, 0xba, 0x8e, 0x7d, 0xbe, 0x02, 0x01, 0x00, 0xc9, 0xb7, 0xce, 0x82, 0x3e,
    0x28, 0x32, 0x17, 0x3f, 0xbd, 0x1a, 0x3a, 0x3e, 0x95, 0x22, 0xdd, 0x3e, 0x35, 0x5e, 0x16, 0x43,
    0x00, 0x00, 0x00, 0x00, 0x00, 0x00, 0x00, 0x00, 0x00, 0x00, 0x00, 0x00, 0x31, 0x29, 0x96, 0xc3,
    0x76, 0x98, 0x96, 0x43, 0x6f, 0xbb, 0x95, 0xc3, 0x5c, 0xea, 0x08, 0x3f, 0xb9, 0x59, 0x2b, 0x3f,
    0x05, 0x05, 0x04, 0xbf, 0x02, 0x01, 0x00, 0xc9, 0x8e, 0x8e, 0xaa, 0x3e, 0xf4, 0x5c, 0x00, 0x3f,
    0x97, 0xd0, 0xb9, 0x3e, 0x80, 0xed, 0x69, 0x3e, 0x35, 0x5e, 0x16, 0x43, 0x00, 0x00, 0x00, 0x00,
    0x00, 0x00, 0x00, 0x00, 0x00, 0x00, 0x00, 0x00, 0x33, 0x29, 0x96, 0xc3, 0x98, 0x98, 0x96, 0x43,
    0xa1, 0xba, 0x95, 0xc3, 0x1b, 0x79, 0xf6, 0x3e, 0x59, 0x0f, 0x60, 0x3f, 0x4e, 0x44, 0x41, 0xbd,
    0x02, 0x01, 0x00, 0xc9, 0x01, 0xdd, 0x6c, 0x3e, 0x65, 0xef, 0xfe, 0x3e, 0x3f, 0xeb, 0x0d, 0x3e,
    0x88, 0x7f, 0x5f, 0x3e, 0x35, 0x5e, 0x16, 0x43, 0x00, 0x00, 0x00, 0x00, 0x00, 0x00, 0x00, 0x00,
    0x00, 0x00, 0x00, 0x00, 0x33, 0x29, 0x96, 0xc3, 0x98, 0x98, 0x96, 0x43, 0xa1, 0xba, 0x95, 0xc3,
    0x81, 0x9d, 0xdf, 0x3c, 0x3e, 0x06, 0xa1, 0xbe, 0xce, 0xe8, 0x72, 0x3f, 0x02, 0x01, 0x00, 0xc9,
    0xe5, 0xe9, 0x76, 0x3e, 0x3a, 0xdd, 0x6f, 0x3f, 0xc6, 0xf6, 0x95, 0x3e, 0xbc, 0x91, 0x7b, 0x3f,
    0x35, 0x5e, 0x16, 0x43, 0x00, 0x00, 0x00, 0x00, 0x00, 0x00, 0x00, 0x00, 0x00, 0x00, 0x00, 0x00,
    0x06, 0x2a, 0x96, 0xc3, 0xc7, 0x97, 0x96, 0x43, 0xe0, 0xba, 0x95, 0xc3, 0x81, 0x9d, 0xdf, 0x3c,
    0x3e, 0x06, 0xa1, 0xbe, 0xce, 0xe8, 0x72, 0x3f, 0x02, 0x01, 0x00, 0xc9, 0xb9, 0xe2, 0x91, 0x3e,
    0x8b, 0xe9, 0x4d, 0x3f, 0x6c, 0xb8, 0x7c, 0x3d, 0x6e, 0x62, 0x51, 0x3f, 0x35, 0x5e, 0x16, 0x43,
    0x00, 0x00, 0x00, 0x00, 0x00, 0x00, 0x00, 0x00, 0x00, 0x00, 0x00, 0x00, 0x9c, 0x28, 0x96, 0xc3,
    0x30, 0x98, 0x96, 0x43, 0xc8, 0xba, 0x95, 0xc3, 0x81, 0x9d, 0xdf, 0x3c, 0x3e, 0x06, 0xa1, 0xbe,
    0xce, 0xe8, 0x72, 0x3f, 0x02, 0x01, 0x00, 0xc9, 0xd1, 0x0b, 0x20, 0x3e, 0xe7, 0xde, 0x6b, 0x3f,
    0xd4, 0xa3, 0xe0, 0x3e, 0x1f, 0x55, 0x68, 0x3f, 0x35, 0x5e, 0x16, 0x43, 0x00, 0x00, 0x00, 0x00,
    0x00, 0x00, 0x00, 0x00, 0x00, 0x00, 0x00, 0x00, 0x76, 0x28, 0x96, 0xc3, 0x3d, 0x97, 0x96, 0x43,
    0x1b, 0xbb, 0x95, 0xc3, 0x94, 0x4b, 0x6f, 0x3c, 0xfb, 0x60, 0xb4, 0xbe, 0xc7, 0x8e, 0x6f, 0x3f,
    0x02, 0x01, 0x00, 0xc9, 0x5a, 0x30, 0xb6, 0x3d, 0x01, 0x8c, 0x52, 0x3f, 0x96, 0xd1, 0xea, 0x3e,
    0xa5, 0x00, 0x39, 0x3f, 0x35, 0x5e, 0x16, 0x43, 0x00, 0x00, 0x00, 0x00, 0x00, 0x00, 0x00, 0x00,
    0x00, 0x00, 0x00, 0x00, 0xf1, 0x28, 0x96, 0xc3, 0x97, 0x96, 0x96, 0x43, 0x57, 0xbb, 0x95, 0xc3,
    0x5c, 0xd7, 0x6f, 0x3b, 0x99, 0x46, 0xbe, 0xbe, 0xd8, 0xa9, 0x6d, 0x3f, 0x02, 0x01, 0x00, 0xc9,
    0x52, 0x37, 0xd6, 0x3d, 0xc2, 0x8c, 0x39, 0x3f, 0x3a, 0x06, 0xa4, 0x3e, 0xee, 0x4e, 0x17, 0x3f,
    0x35, 0x5e, 0x16, 0x43, 0x00, 0x00, 0x00, 0x00, 0x00, 0x00, 0x00, 0x00, 0x00, 0x00, 0x00, 0x00,
    0x26, 0x2a, 0x96, 0xc3, 0x0a, 0x97, 0x96, 0x43, 0x28, 0xbb, 0x95, 0xc3, 0x78, 0xd7, 0x6f, 0x3b,
    0x99, 0x46, 0xbe, 0xbe, 0xd8, 0xa9, 0x6d, 0x3f, 0x02, 0x01, 0x00, 0xc9, 0xdb, 0xd4, 0x83, 0x3e,
    0xb4, 0xd5, 0x36, 0x3f, 0xf0, 0x2d, 0x6f, 0x3c, 0x02, 0xa2, 0x2b, 0x3f, 0x35, 0x5e, 0x16, 0x43,
    0x00, 0x00, 0x00, 0x00, 0x00, 0x00, 0x00, 0x00, 0x00, 0x00, 0x00, 0x00, 0x6f, 0x29, 0x96, 0xc3,
    0x2a, 0x96, 0x96, 0x43, 0x82, 0xbb, 0x95, 0xc3, 0x78, 0xd7, 0x6f, 0x3b, 0x99, 0x46, 0xbe, 0xbe,
    0xd8, 0xa9, 0x6d, 0x3f, 0x02, 0x01, 0x00, 0xc9, 0xed, 0xa2, 0x08, 0x3e, 0xa3, 0x94, 0x26, 0x3f,
    0xd9, 0x2f, 0x3b, 0x3e, 0x64, 0x6e, 0x00, 0x3f, 0x35, 0x5e, 0x16, 0x43, 0x00, 0x00, 0x00, 0x00,
    0x00, 0x00, 0x00, 0x00, 0x00, 0x00, 0x00, 0x00, 0xf3, 0x1c, 0x96, 0xc3, 0x29, 0xc0, 0x96, 0x43,
    0xae, 0xcc, 0x95, 0xc3, 0x95, 0xb2, 0xc6, 0x3e, 0x63, 0xbb, 0x9a, 0xbd, 0x58, 0x24, 0x6b, 0x3f,
    0xad, 0x30, 0x03, 0xf6, 0x1b, 0x7f, 0x3f, 0x3f, 0x1e, 0xbe, 0xf6, 0x3e, 0x86, 0x6b, 0x2d, 0x3f,
    0x48, 0xc3, 0x36, 0x3f, 0x68, 0xec, 0xc9, 0x43, 0x00, 0x00, 0x00, 0x00, 0x00, 0x00, 0x00, 0x00,
    0x00, 0x00, 0x00, 0x00, 0x02, 0x1d, 0x96, 0xc3, 0x97, 0xbf, 0x96, 0x43, 0xb3, 0xcc, 0x95, 0xc3,
    0x95, 0xb2, 0xc6, 0x3e, 0x64, 0xbb, 0x9a, 0xbd, 0x58, 0x24, 0x6b, 0x3f, 0xad, 0x30, 0x03, 0xf6,
    0x4c, 0x56, 0x28, 0x3f, 0x1a, 0xbb, 0xfb, 0x3e, 0x78, 0xb5, 0x63, 0x3f, 0x5e, 0x43, 0x2a, 0x3f,
    0x68, 0xec, 0xc9, 0x43, 0x00, 0x00, 0x00, 0x00, 0x00, 0x00, 0x00, 0x00, 0x00, 0x00, 0x00, 0x00,
    0xc4, 0x1c, 0x96, 0xc3, 0xaa, 0xbf, 0x96, 0x43, 0xcc, 0xcc, 0x95, 0xc3, 0x95, 0xb2, 0xc6, 0x3e,
    0x63, 0xbb, 0x9a, 0xbd, 0x58, 0x24, 0x6b, 0x3f, 0xad, 0x30, 0x03, 0xf6, 0x62, 0x50, 0x2d, 0x3f,
    0x44, 0xee, 0x06, 0x3f, 0xf8, 0x4b, 0x59, 0x3f, 0x8a, 0x3b, 0x1b, 0x3f, 0x68, 0xec, 0xc9, 0x43,
    0x00, 0x00, 0x00, 0x00, 0x00, 0x00, 0x00, 0x00, 0x00, 0x00, 0x00, 0x00, 0x04, 0x1d, 0x96, 0xc3,
    0x8d, 0xbf, 0x96, 0x43, 0xf9, 0xcc, 0x95, 0xc3, 0x7c, 0x5b, 0xde, 0xbb, 0xdb, 0x0a, 0x75, 0xbf,
    0xd2, 0x26, 0x94, 0xbe, 0xad, 0x30, 0x03, 0xf6, 0x81, 0x4b, 0x48, 0x3e, 0x0a, 0xc6, 0x71, 0x3f,
    0xe8, 0xd0, 0x62, 0x3f, 0xb6, 0x86, 0x04, 0x3f, 0x68, 0xec, 0xc9, 0x43, 0x00, 0x00, 0x00, 0x00,
    0x00, 0x00, 0x00, 0x00, 0x00, 0x00, 0x00, 0x00, 0x0d, 0x1e, 0x96, 0xc3, 0x22, 0xc1, 0x96, 0x43,
    0x51, 0xcd, 0x95, 0xc3, 0xf7, 0xf7, 0x29, 0xbf, 0xcb, 0x48, 0x3e, 0xbd, 0x3e, 0x10, 0x3f, 0xbf,
    0xad, 0x30, 0x03, 0xf6, 0x72, 0x03, 0xd3, 0x3d, 0xce, 0x72, 0x2f, 0x3f, 0x97, 0xd0, 0xb9, 0x3e,
    0x80, 0xed, 0x69, 0x3e, 0x68, 0xec, 0xc9, 0x43, 0x00, 0x00, 0x00, 0x00, 0x00, 0x00, 0x00, 0x00,
    0x00, 0x00, 0x00, 0x00, 0x33, 0x1d, 0x96, 0xc3, 0x8f, 0xc0, 0x96, 0x43, 0x35, 0xcd, 0x95, 0xc3,
    0xc8, 0x6c, 0x06, 0xbd, 0x7f, 0xa0, 0x6d, 0xbe, 0xb8, 0xde, 0x78, 0xbf, 0xad, 0x30, 0x03, 0xf6,
    0xf2, 0xb2, 0xb5, 0x3d, 0x36, 0x2e, 0x57, 0x3f, 0x60, 0x8f, 0x0e, 0x3f, 0xc8, 0x9c, 0xfa, 0x3e,
    0x68, 0xec, 0xc9, 0x43, 0x00, 0x00, 0x00, 0x00, 0x00, 0x00, 0x00, 0x00, 0x00, 0x00, 0x00, 0x00,
    0xfb, 0x1d, 0x96, 0xc3, 0xdb, 0xbf, 0x96, 0x43, 0x1c, 0xcd, 0x95, 0xc3, 0xe0, 0x4b, 0xd9, 0xbe,
    0x18, 0x28, 0x1f, 0xbf, 0x76, 0x86, 0x28, 0xbf, 0xad, 0x30, 0x03, 0xf6, 0x41, 0xb6, 0x71, 0x3e,
    0xca, 0x20, 0x4f, 0x3f, 0xfa, 0x90, 0x41, 0x3f, 0xe6, 0xfd, 0x71, 0x3e, 0x68, 0xec, 0xc9, 0x43,
    0x00, 0x00, 0x00, 0x00, 0x00, 0x00, 0x00, 0x00, 0x00, 0x00, 0x00, 0x00, 0xfe, 0x1d, 0x96, 0xc3,
    0xcc, 0xbf, 0x96, 0x43, 0xb3, 0xcc, 0x95, 0xc3, 0x0b, 0xb2, 0x15, 0xbf, 0x31, 0xff, 0x4d, 0xbf,
    0xf5, 0x88, 0xd2, 0xbd, 0xad, 0x30, 0x03, 0xf6, 0xc8, 0x34, 0x99, 0x3e, 0x22, 0x22, 0x51, 0x3f,
    0xac, 0x16, 0x5f, 0x3f, 0xfe, 0x47, 0x21, 0x3e, 0x68, 0xec, 0xc9, 0x43, 0x00, 0x00, 0x00, 0x00,
    0x00, 0x00, 0x00, 0x00, 0x00, 0x00, 0x00, 0x00, 0x02, 0x1d, 0x96, 0xc3, 0x97, 0xbf, 0x96, 0x43,
    0xb3, 0xcc, 0x95, 0xc3, 0xc7, 0xea, 0x18, 0x3d, 0x77, 0x77, 0x7d, 0xbf, 0x8f, 0x86, 0x0a, 0x3e,
    0xad, 0x30, 0x03, 0xf6, 0x11, 0xed, 0x64, 0x3e, 0x0a, 0x2e, 0x79, 0x3f, 0x80, 0x57, 0x79, 0x3f,
    0x84, 0x52, 0x06, 0x3f, 0x68, 0xec, 0xc9, 0x43, 0x00, 0x00, 0x00, 0x00, 0x00, 0x00, 0x00, 0x00,
    0x00, 0x00, 0x00, 0x00, 0xc4, 0x1c, 0x96, 0xc3, 0xaa, 0xbf, 0x96, 0x43, 0xcc, 0xcc, 0x95, 0xc3,
    0x1d, 0x53, 0xaa, 0x3e, 0x16, 0x71, 0x6f, 0xbf, 0x0b, 0xb6, 0xf6, 0x3d, 0xad, 0x30, 0x03, 0xf6,
    0xd9, 0x43, 0x38, 0x3e, 0x4a, 0xfe, 0x7b, 0x3f, 0x4a, 0x0e, 0x6b, 0x3f, 0x12, 0x28, 0x1b, 0x3f,
    0x68, 0xec, 0xc9, 0x43, 0x00, 0x00, 0x00, 0x00, 0x00, 0x00, 0x00, 0x00, 0x00, 0x00, 0x00, 0x00,
    0x5a, 0x1e, 0x96, 0xc3, 0x5f, 0xc0, 0x96, 0x43, 0xb1, 0xcc, 0x95, 0xc3, 0xf7, 0x58, 0x70, 0xbf,
    0xb2, 0xa7, 0x31, 0xbe, 0x0a, 0x45, 0x98, 0xbe, 0xad, 0x30, 0x03, 0xf6, 0x58, 0xe0, 0x82, 0x3e,
    0xce, 0x4b, 0x32, 0x3f, 0x50, 0xf6, 0x1f, 0x3f, 0xbc, 0x4d, 0xb9, 0x3c, 0x68, 0xec, 0xc9, 0x43,
    0x00, 0x00, 0x00, 0x00, 0x00, 0x00, 0x00, 0x00, 0x00, 0x00, 0x00, 0x00, 0x4d, 0x1e, 0x96, 0xc3,
    0x60, 0xc1, 0x96, 0x43, 0xb7, 0xcc, 0x95, 0xc3, 0x27, 0x08, 0x6b, 0xbf, 0xc3, 0x7e, 0x23, 0x3d,
    0x40, 0xe8, 0xc9, 0xbe, 0xad, 0x30, 0x03, 0xf6, 0x11, 0xba, 0x12, 0x3e, 0x94, 0xa3, 0x18, 0x3f,
    0x72, 0x2e, 0x97, 0x3e, 0xc4, 0xf6, 0xa8, 0x3c, 0x68, 0xec, 0xc9, 0x43, 0x00, 0x00, 0x00, 0x00,
    0x00, 0x00, 0x00, 0x00, 0x00, 0x00, 0x00, 0x00, 0x2d, 0x1e, 0x96, 0xc3, 0x4a, 0xc0, 0x96, 0x43,
    0x2f, 0xcd, 0x95, 0xc3, 0xd7, 0x21, 0x20, 0xbf, 0x02, 0x15, 0x5c, 0xbe, 0x9f, 0x01, 0x40, 0xbf,
    0xad, 0x30, 0x03, 0xf6, 0x61, 0x78, 0x51, 0x3e, 0xae, 0xd3, 0x40, 0x3f, 0x50, 0x8c, 0x1f, 0x3f,
    0x1e, 0xac, 0x42, 0x3e, 0x68, 0xec, 0xc9, 0x43, 0x00, 0x00, 0x00, 0x00, 0x00, 0x00, 0x00, 0x00,
    0x00, 0x00, 0x00, 0x00, 0x33, 0x1d, 0x96, 0xc3, 0x8f, 0xc0, 0x96, 0x43, 0x35, 0xcd, 0x95, 0xc3,
    0xbb, 0x2b, 0x47, 0x3f, 0xf2, 0x60, 0xb9, 0x3e, 0xe0, 0x6f, 0x03, 0xbf, 0xad, 0x30, 0x03, 0xf6,
    0x60, 0xe7, 0xd5, 0x3e, 0x3c, 0x8f, 0x1b, 0x3f, 0x60, 0x8f, 0x0e, 0x3f, 0xc8, 0x9c, 0xfa, 0x3e,
    0x68, 0xec, 0xc9, 0x43, 0x00, 0x00, 0x00, 0x00, 0x00, 0x00, 0x00, 0x00, 0x00, 0x00, 0x00, 0x00,
    0xc4, 0x1c, 0x96, 0xc3, 0xaa, 0xbf, 0x96, 0x43, 0xcc, 0xcc, 0x95, 0xc3, 0x3c, 0x84, 0x42, 0x3f,
    0x49, 0xdb, 0x94, 0x3d, 0x43, 0x63, 0x25, 0xbf, 0xad, 0x30, 0x03, 0xf6, 0x90, 0x1f, 0x0e, 0x3f,
    0x14, 0xa8, 0x2b, 0x3f, 0xf8, 0x4b, 0x59, 0x3f, 0x8a, 0x3b, 0x1b, 0x3f, 0x68, 0xec, 0xc9, 0x43,
    0x00, 0x00, 0x00, 0x00, 0x00, 0x00, 0x00, 0x00, 0x00, 0x00, 0x00, 0x00, 0x04, 0x1d, 0x96, 0xc3,
    0x8d, 0xbf, 0x96, 0x43, 0xf9, 0xcc, 0x95, 0xc3, 0x63, 0x0e, 0x19, 0x3f, 0xe2, 0x73, 0x9b, 0xbd,
    0xe1, 0x48, 0x4c, 0xbf, 0xad, 0x30, 0x03, 0xf6, 0xed, 0x32, 0x0b, 0x3f, 0x2b, 0x87, 0x22, 0x3f,
    0xe8, 0xd0, 0x62, 0x3f, 0xb6, 0x86, 0x04, 0x3f, 0x68, 0xec, 0xc9, 0x43, 0x00, 0x00, 0x00, 0x00,
    0x00, 0x00, 0x00, 0x00, 0x00, 0x00, 0x00, 0x00, 0xf3, 0x1c, 0x96, 0xc3, 0x29, 0xc0, 0x96, 0x43,
    0xae, 0xcc, 0x95, 0xc3, 0xff, 0x17, 0x6e, 0x3f, 0xa4, 0x1e, 0x96, 0x3e, 0x61, 0xbf, 0x62, 0xbe,
    0xad, 0x30, 0x03, 0xf6, 0x78, 0xed, 0xfb, 0x3e, 0xed, 0xa1, 0x2a, 0x3f, 0x86, 0x6b, 0x2d, 0x3f,
    0x48, 0xc3, 0x36, 0x3f, 0x68, 0xec, 0xc9, 0x43, 0x00, 0x00, 0x00, 0x00, 0x00, 0x00, 0x00, 0x00,
    0x00, 0x00, 0x00, 0x00, 0x06, 0x1d, 0x96, 0xc3, 0xde, 0xc0, 0x96, 0x43, 0xac, 0xcc, 0x95, 0xc3,
    0x3c, 0x31, 0x44, 0x3f, 0x59, 0x77, 0xdc, 0x3e, 0x6b, 0x13, 0xf4, 0xbe, 0xad, 0x30, 0x03, 0xf6,
    0x39, 0xa6, 0xb5, 0x3e, 0x5d, 0x72, 0x2e, 0x3f, 0xaa, 0xb1, 0xd4, 0x3e, 0x0a, 0x56, 0x24, 0x3f,
    0x68, 0xec, 0xc9, 0x43, 0x00, 0x00, 0x00, 0x00, 0x00, 0x00, 0x00, 0x00, 0x00, 0x00, 0x00, 0x00,
    0xd9, 0x1d, 0x96, 0xc3, 0x51, 0xc1, 0x96, 0x43, 0x18, 0xcd, 0x95, 0xc3, 0xcf, 0x1a, 0x4f, 0x3e,
    0x9b, 0x85, 0x4e, 0x3f, 0xfc, 0x23, 0x0e, 0xbf, 0xad, 0x30, 0x03, 0xf6, 0x03, 0x8e, 0x98, 0x3e,
    0x66, 0xeb, 0x0b, 0x3f, 0x72, 0x8c, 0x91, 0x3e, 0x94, 0x58, 0xaa, 0x3e, 0x68, 0xec, 0xc9, 0x43,
    0x00, 0x00, 0x00, 0x00, 0x00, 0x00, 0x00, 0x00, 0x00, 0x00, 0x00, 0x00, 0xae, 0x1d, 0x96, 0xc3,
    0x6e, 0xc1, 0x96, 0x43, 0xb3, 0xcc, 0x95, 0xc3, 0xbc, 0xa9, 0xb4, 0x3e, 0x79, 0xb6, 0x59, 0x3f,
    0x0c, 0xc6, 0xc7, 0xbe, 0xad, 0x30, 0x03, 0xf6, 0xb7, 0xce, 0x82, 0x3e, 0x28, 0x32, 0x17, 0x3f,
    0xbd, 0x1a, 0x3a, 0x3e, 0x95, 0x22, 0xdd, 0x3e, 0x68, 0xec, 0xc9, 0x43, 0x00, 0x00, 0x00, 0x00,
    0x00, 0x00, 0x00, 0x00, 0x00, 0x00, 0x00, 0x00, 0x0d, 0x1e, 0x96, 0xc3, 0x22, 0xc1, 0x96, 0x43,
    0x51, 0xcd, 0x95, 0xc3, 0x4e, 0x4e, 0x03, 0x3e, 0xdd, 0x0a, 0x34, 0x3f, 0x89, 0x01, 0x33, 0xbf,
    0xad, 0x30, 0x03, 0xf6, 0x8e, 0x8e, 0xaa, 0x3e, 0xf4, 0x5c, 0x00, 0x3f, 0x97, 0xd0, 0xb9, 0x3e,
    0x80, 0xed, 0x69, 0x3e, 0x68, 0xec, 0xc9, 0x43, 0x00, 0x00, 0x00, 0x00, 0x00, 0x00, 0x00, 0x00,
    0x00, 0x00, 0x00, 0x00, 0x4d, 0x1e, 0x96, 0xc3, 0x60, 0xc1, 0x96, 0x43, 0xb7, 0xcc, 0x95, 0xc3,
    0xc3, 0x9a, 0x1f, 0xbe, 0x14, 0xeb, 0x6d, 0x3f, 0x71, 0x55, 0xab, 0xbe, 0xad, 0x30, 0x03, 0xf6,
    0x01, 0xdd, 0x6c, 0x3e, 0x65, 0xef, 0xfe, 0x3e, 0x3f, 0xeb, 0x0d, 0x3e, 0x88, 0x7f, 0x5f, 0x3e,
    0x68, 0xec, 0xc9, 0x43, 0x00, 0x00, 0x00, 0x00, 0x00, 0x00, 0x00, 0x00, 0x00, 0x00, 0x00, 0x00,
    0x4d, 0x1e, 0x96, 0xc3, 0x60, 0xc1, 0x96, 0x43, 0xb7, 0xcc, 0x95, 0xc3, 0x02, 0xb8, 0xf3, 0xbc,
    0x29, 0x79, 0xc9, 0x3c, 0x2a, 0xcf, 0x7f, 0x3f, 0xad, 0x30, 0x03, 0xf6, 0xe5, 0xe9, 0x76, 0x3e,
    0x3a, 0xdd, 0x6f, 0x3f, 0xc6, 0xf6, 0x95, 0x3e, 0xbc, 0x91, 0x7b, 0x3f, 0x68, 0xec, 0xc9, 0x43,
    0x00, 0x00, 0x00, 0x00, 0x00, 0x00, 0x00, 0x00, 0x00, 0x00, 0x00, 0x00, 0x5a, 0x1e, 0x96, 0xc3,
    0x5f, 0xc0, 0x96, 0x43, 0xb1, 0xcc, 0x95, 0xc3, 0x02, 0xb8, 0xf3, 0xbc, 0x29, 0x79, 0xc9, 0x3c,
    0x2a, 0xcf, 0x7f, 0x3f, 0xad, 0x30, 0x03, 0xf6, 0xb9, 0xe2, 0x91, 0x3e, 0x8b, 0xe9, 0x4d, 0x3f,
    0x6c, 0xb8, 0x7c, 0x3d, 0x6e, 0x62, 0x51, 0x3f, 0x68, 0xec, 0xc9, 0x43, 0x00, 0x00, 0x00, 0x00,
    0x00, 0x00, 0x00, 0x00, 0x00, 0x00, 0x00, 0x00, 0xae, 0x1d, 0x96, 0xc3, 0x6e, 0xc1, 0x96, 0x43,
    0xb3, 0xcc, 0x95, 0xc3, 0x01, 0xb8, 0xf3, 0xbc, 0x29, 0x79, 0xc9, 0x3c, 0x2a, 0xcf, 0x7f, 0x3f,
    0xad, 0x30, 0x03, 0xf6, 0xd1, 0x0b, 0x20, 0x3e, 0xe7, 0xde, 0x6b, 0x3f, 0xd4, 0xa3, 0xe0, 0x3e,
    0x1f, 0x55, 0x68, 0x3f, 0x68, 0xec, 0xc9, 0x43, 0x00, 0x00, 0x00, 0x00, 0x00, 0x00, 0x00, 0x00,
    0x00, 0x00, 0x00, 0x00, 0x06, 0x1d, 0x96, 0xc3, 0xde, 0xc0, 0x96, 0x43, 0xac, 0xcc, 0x95, 0xc3,
    0x54, 0x2b, 0x56, 0xbc, 0xec, 0xfb, 0x63, 0xbc, 0x0f, 0xf4, 0x7f, 0x3f, 0xad, 0x30, 0x03, 0xf6,
    0x5a, 0x30, 0xb6, 0x3d, 0x01, 0x8c, 0x52, 0x3f, 0x96, 0xd1, 0xea, 0x3e, 0xa5, 0x00, 0x39, 0x3f,
    0x68, 0xec, 0xc9, 0x43, 0x00, 0x00, 0x00, 0x00, 0x00, 0x00, 0x00, 0x00, 0x00, 0x00, 0x00, 0x00,
    0xf3, 0x1c, 0x96, 0xc3, 0x29, 0xc0, 0x96, 0x43, 0xae, 0xcc, 0x95, 0xc3, 0xbd, 0x09, 0xfd, 0xbb,
    0x7f, 0x56, 0x16, 0xbd, 0xe5, 0xd1, 0x7f, 0x3f, 0xad, 0x30, 0x03, 0xf6, 0x52, 0x37, 0xd6, 0x3d,
    0xc2, 0x8c, 0x39, 0x3f, 0x3a, 0x06, 0xa4, 0x3e, 0xee, 0x4e, 0x17, 0x3f, 0x68, 0xec, 0xc9, 0x43,
    0x00, 0x00, 0x00, 0x00, 0x00, 0x00, 0x00, 0x00, 0x00, 0x00, 0x00, 0x00, 0xfe, 0x1d, 0x96, 0xc3,
    0xcc, 0xbf, 0x96, 0x43, 0xb3, 0xcc, 0x95, 0xc3, 0xb7, 0x09, 0xfd, 0xbb, 0x7d, 0x56, 0x16, 0xbd,
    0xe5, 0xd1, 0x7f, 0x3f, 0xad, 0x30, 0x03, 0xf6, 0xdb, 0xd4, 0x83, 0x3e, 0xb4, 0xd5, 0x36, 0x3f,
    0xf0, 0x2d, 0x6f, 0x3c, 0x02, 0xa2, 0x2b, 0x3f, 0x68, 0xec, 0xc9, 0x43, 0x00, 0x00, 0x00, 0x00,
    0x00, 0x00, 0x00, 0x00, 0x00, 0x00, 0x00, 0x00, 0x02, 0x1d, 0x96, 0xc3, 0x97, 0xbf, 0x96, 0x43,
    0xb3, 0xcc, 0x95, 0xc3, 0xb7, 0x09, 0xfd, 0xbb, 0x7d, 0x56, 0x16, 0xbd, 0xe5, 0xd1, 0x7f, 0x3f,
    0xad, 0x30, 0x03, 0xf6, 0xed, 0xa2, 0x08, 0x3e, 0xa3, 0x94, 0x26, 0x3f, 0xd9, 0x2f, 0x3b, 0x3e,
    0x64, 0x6e, 0x00, 0x3f, 0x68, 0xec, 0xc9, 0x43, 0x00, 0x00, 0x00, 0x00, 0x00, 0x00, 0x00, 0x00,
    0x00, 0x00, 0x00, 0x00, 0x55, 0x20, 0x96, 0xc3, 0xe6, 0xba, 0x96, 0x43, 0x22, 0xdc, 0x95, 0xc3,
    0x28, 0xf5, 0x0c, 0xbd, 0xd7, 0xef, 0x5b, 0xbf, 0xcd, 0xb6, 0x02, 0xbf, 0x01, 0x01, 0x00, 0xc8,
    0x1b, 0x7f, 0x3f, 0x3f, 0x1e, 0xbe, 0xf6, 0x3e, 0x86, 0x6b, 0x2d, 0x3f, 0x48, 0xc3, 0x36, 0x3f,
    0x1d, 0x23, 0x86, 0x41, 0x00, 0x00, 0x00, 0x00, 0x00, 0x00, 0x00, 0x00, 0x00, 0x00, 0x00, 0x00,
    0xe8, 0x20, 0x96, 0xc3, 0x0f, 0xbb, 0x96, 0x43, 0x5e, 0xdc, 0x95, 0xc3, 0x2f, 0xf5, 0x0c, 0xbd,
    0xd7, 0xef, 0x5b, 0xbf, 0xcd, 0xb6, 0x02, 0xbf, 0x01, 0x01, 0x00, 0xc8, 0x4c, 0x56, 0x28, 0x3f,
    0x1a, 0xbb, 0xfb, 0x3e, 0x78, 0xb5, 0x63, 0x3f, 0x5e, 0x43, 0x2a, 0x3f, 0x1d, 0x23, 0x86, 0x41,
    0x00, 0x00, 0x00, 0x00, 0x00, 0x00, 0x00, 0x00, 0x00, 0x00, 0x00, 0x00, 0xaf, 0x20, 0x96, 0xc3,
    0x29, 0xbb, 0x96, 0x43, 0x8d, 0xdc, 0x95, 0xc3, 0x28, 0xf5, 0x0c, 0xbd, 0xd7, 0xef, 0x5b, 0xbf,
    0xcd, 0xb6, 0x02, 0xbf, 0x01, 0x01, 0x00, 0xc8, 0x62, 0x50, 0x2d, 0x3f, 0x44, 0xee, 0x06, 0x3f,
    0xf8, 0x4b, 0x59, 0x3f, 0x8a, 0x3b, 0x1b, 0x3f, 0x1d, 0x23, 0x86, 0x41, 0x00, 0x00, 0x00, 0x00,
    0x00, 0x00, 0x00, 0x00, 0x00, 0x00, 0x00, 0x00, 0xe4, 0x20, 0x96, 0xc3, 0x5e, 0xbb, 0x96, 0x43,
    0x56, 0xdc, 0x95, 0xc3, 0x1f, 0x82, 0x45, 0xbf, 0x18, 0xf0, 0xfd, 0x3e, 0x74, 0x03, 0xcc, 0xbe,
    0x01, 0x01, 0x00, 0xc8, 0x81, 0x4b, 0x48, 0x3e, 0x0a, 0xc6, 0x71, 0x3f, 0xe8, 0xd0, 0x62, 0x3f,
    0xb6, 0x86, 0x04, 0x3f, 0x1d, 0x23, 0x86, 0x41, 0x00, 0x00, 0x00, 0x00, 0x00, 0x00, 0x00, 0x00,
    0x00, 0x00, 0x00, 0x00, 0xe1, 0x1f, 0x96, 0xc3, 0x4a, 0xbb, 0x96, 0x43, 0x71, 0xda, 0x95, 0xc3,
    0xa5, 0x3a, 0x70, 0xbe, 0x95, 0xbf, 0x34, 0x3f, 0x98, 0x0d, 0x2b, 0x3f, 0x01, 0x01, 0x00, 0xc8,
    0x72, 0x03, 0xd3, 0x3d, 0xce, 0x72, 0x2f, 0x3f, 0x97, 0xd0, 0xb9, 0x3e, 0x80, 0xed, 0x69, 0x3e,
    0x1d, 0x23, 0x86, 0x41, 0x00, 0x00, 0x00, 0x00, 0x00, 0x00, 0x00, 0x00, 0x00, 0x00, 0x00, 0x00,
    0xfc, 0x1f, 0x96, 0xc3, 0x5c, 0xbb, 0x96, 0x43, 0x97, 0xdb, 0x95, 0xc3, 0x10, 0x27, 0x3b, 0xbd,
    0xbd, 0x2f, 0x7f, 0x3f, 0x9f, 0xa3, 0x85, 0x3d, 0x01, 0x01, 0x00, 0xc8, 0xf2, 0xb2, 0xb5, 0x3d,
    0x36, 0x2e, 0x57, 0x3f, 0x60, 0x8f, 0x0e, 0x3f, 0xc8, 0x9c, 0xfa, 0x3e, 0x1d, 0x23, 0x86, 0x41,
    0x00, 0x00, 0x00, 0x00, 0x00, 0x00, 0x00, 0x00, 0x00, 0x00, 0x00, 0x00, 0x1a, 0x21, 0x96, 0xc3,
    0x64, 0xbb, 0x96, 0x43, 0x37, 0xdb, 0x95, 0xc3, 0x93, 0xeb, 0x1f, 0xbf, 0xfe, 0xad, 0x42, 0x3f,
    0xef, 0x9b, 0x35, 0x3e, 0x01, 0x01, 0x00, 0xc8, 0x41, 0xb6, 0x71, 0x3e, 0xca, 0x20, 0x4f, 0x3f,
    0xfa, 0x90, 0x41, 0x3f, 0xe6, 0xfd, 0x71, 0x3e, 0x1d, 0x23, 0x86, 0x41, 0x00, 0x00, 0x00, 0x00,
    0x00, 0x00, 0x00, 0x00, 0x00, 0x00, 0x00, 0x00, 0x3e, 0x21, 0x96, 0xc3, 0xf5, 0xba, 0x96, 0x43,
    0x4e, 0xdb, 0x95, 0xc3, 0x09, 0xb7, 0x74, 0xbf, 0xb5, 0xaf, 0x81, 0x3e, 0x2d, 0x1a, 0x18, 0x3e,
    0x01, 0x01, 0x00, 0xc8, 0xc8, 0x34, 0x99, 0x3e, 0x22, 0x22, 0x51, 0x3f, 0xac, 0x16, 0x5f, 0x3f,
    0xfe, 0x47, 0x21, 0x3e, 0x1d, 0x23, 0x86, 0x41, 0x00, 0x00, 0x00, 0x00, 0x00, 0x00, 0x00, 0x00,
    0x00, 0x00, 0x00, 0x00, 0xe8, 0x20, 0x96, 0xc3, 0x0f, 0xbb, 0x96, 0x43, 0x5e, 0xdc, 0x95, 0xc3,
    0x38, 0x10, 0x5a, 0xbf, 0xbd, 0x83, 0xbc, 0x3d, 0xf3, 0x04, 0x04, 0xbf, 0x01, 0x01, 0x00, 0xc8,
    0x11, 0xed, 0x64, 0x3e, 0x0a, 0x2e, 0x79, 0x3f, 0x80, 0x57, 0x79, 0x3f, 0x84, 0x52, 0x06, 0x3f,
    0x1d, 0x23, 0x86, 0x41, 0x00, 0x00, 0x00, 0x00, 0x00, 0x00, 0x00, 0x00, 0x00, 0x00, 0x00, 0x00,
    0xaf, 0x20, 0x96, 0xc3, 0x29, 0xbb, 0x96, 0x43, 0x8d, 0xdc, 0x95, 0xc3, 0xe0, 0x77, 0x28, 0xbf,
    0x89, 0x05, 0xdd, 0x3d, 0xc2, 0xc3, 0x3e, 0xbf, 0x01, 0x01, 0x00, 0xc8, 0xd9, 0x43, 0x38, 0x3e,
    0x4a, 0xfe, 0x7b, 0x3f, 0x4a, 0x0e, 0x6b, 0x3f, 0x12, 0x28, 0x1b, 0x3f, 0x1d, 0x23, 0x86, 0x41,
    0x00, 0x00, 0x00, 0x00, 0x00, 0x00, 0x00, 0x00, 0x00, 0x00, 0x00, 0x00, 0xe5, 0x20, 0x96, 0xc3,
    0xca, 0xba, 0x96, 0x43, 0xa7, 0xda, 0x95, 0xc3, 0xc6, 0x34, 0x0e, 0xbf, 0xb7, 0xc8, 0x91, 0x3e,
    0x1d, 0x00, 0x48, 0x3f, 0x01, 0x01, 0x00, 0xc8, 0x58, 0xe0, 0x82, 0x3e, 0xce, 0x4b, 0x32, 0x3f,
    0x50, 0xf6, 0x1f, 0x3f, 0xbc, 0x4d, 0xb9, 0x3c, 0x1d, 0x23, 0x86, 0x41, 0x00, 0x00, 0x00, 0x00,
    0x00, 0x00, 0x00, 0x00, 0x00, 0x00, 0x00, 0x00, 0xe6, 0x1f, 0x96, 0xc3, 0x90, 0xba, 0x96, 0x43,
    0x2d, 0xda, 0x95, 0xc3, 0x09, 0x2d, 0xb1, 0xbe, 0x31, 0x19, 0xaa, 0x3e, 0x1b, 0x9f, 0x60, 0x3f,
    0x01, 0x01, 0x00, 0xc8, 0x11, 0xba, 0x12, 0x3e, 0x94, 0xa3, 0x18, 0x3f, 0x72, 0x2e, 0x97, 0x3e,
    0xc4, 0xf6, 0xa8, 0x3c, 0x1d, 0x23, 0x86, 0x41, 0x00, 0x00, 0x00, 0x00, 0x00, 0x00, 0x00, 0x00,
    0x00, 0x00, 0x00, 0x00, 0xc7, 0x20, 0x96, 0xc3, 0x5a, 0xbb, 0x96, 0x43, 0xc8, 0xda, 0x95, 0xc3,
    0xcb, 0xec, 0xb7, 0xbe, 0x27, 0xcb, 0x3f, 0x3f, 0x1e, 0x75, 0x0e, 0x3f, 0x01, 0x01, 0x00, 0xc8,
    0x61, 0x78, 0x51, 0x3e, 0xae, 0xd3, 0x40, 0x3f, 0x50, 0x8c, 0x1f, 0x3f, 0x1e, 0xac, 0x42, 0x3e,
    0x1d, 0x23, 0x86, 0x41, 0x00, 0x00, 0x00, 0x00, 0x00, 0x00, 0x00, 0x00, 0x00, 0x00, 0x00, 0x00,
    0xfc, 0x1f, 0x96, 0xc3, 0x5c, 0xbb, 0x96, 0x43, 0x97, 0xdb, 0x95, 0xc3, 0x51, 0x65, 0x47, 0x3f,
    0xb5, 0xd9, 0xe8, 0x3e, 0x68, 0x1c, 0xdd, 0xbe, 0x01, 0x01, 0x00, 0xc8, 0x60, 0xe7, 0xd5, 0x3e,
    0x3c, 0x8f, 0x1b, 0x3f, 0x60, 0x8f, 0x0e, 0x3f, 0xc8, 0x9c, 0xfa, 0x3e, 0x1d, 0x23, 0x86, 0x41,
    0x00, 0x00, 0x00, 0x00, 0x00, 0x00, 0x00, 0x00, 0x00, 0x00, 0x00, 0x00, 0xaf, 0x20, 0x96, 0xc3,
    0x29, 0xbb, 0x96, 0x43, 0x8d, 0xdc, 0x95, 0xc3, 0x2d, 0xac, 0x0b, 0x3f, 0x25, 0xde, 0x25, 0x3f,
    0x53, 0x12, 0x08, 0xbf, 0x01, 0x01, 0x00, 0xc8, 0x90, 0x1f, 0x0e, 0x3f, 0x14, 0xa8, 0x2b, 0x3f,
    0xf8, 0x4b, 0x59, 0x3f, 0x8a, 0x3b, 0x1b, 0x3f, 0x1d, 0x23, 0x86, 0x41, 0x00, 0x00, 0x00, 0x00,
    0x00, 0x00, 0x00, 0x00, 0x00, 0x00, 0x00, 0x00, 0xe4, 0x20, 0x96, 0xc3, 0x5e, 0xbb, 0x96, 0x43,
    0x56, 0xdc, 0x95, 0xc3, 0x14, 0x48, 0xbb, 0x3e, 0xf1, 0x54, 0x52, 0x3f, 0x4c, 0xdb, 0xdf, 0xbe,
    0x01, 0x01, 0x00, 0xc8, 0xed, 0x32, 0x0b, 0x3f, 0x2b, 0x87, 0x22, 0x3f, 0xe8, 0xd0, 0x62, 0x3f,
    0xb6, 0x86, 0x04, 0x3f, 0x1d, 0x23, 0x86, 0x41, 0x00, 0x00, 0x00, 0x00, 0x00, 0x00, 0x00, 0x00,
    0x00, 0x00, 0x00, 0x00, 0x55, 0x20, 0x96, 0xc3, 0xe6, 0xba, 0x96, 0x43, 0x22, 0xdc, 0x95, 0xc3,
    0x98, 0x5d, 0x3e, 0x3f, 0x83, 0xb2, 0x45, 0x3e, 0x5b, 0xdf, 0x23, 0xbf, 0x01, 0x01, 0x00, 0xc8,
    0x78, 0xed, 0xfb, 0x3e, 0xed, 0xa1, 0x2a, 0x3f, 0x86, 0x6b, 0x2d, 0x3f, 0x48, 0xc3, 0x36, 0x3f,
    0x1d, 0x23, 0x86, 0x41, 0x00, 0x00, 0x00, 0x00, 0x00, 0x00, 0x00, 0x00, 0x00, 0x00, 0x00, 0x00,
    0xb3, 0x1f, 0x96, 0xc3, 0xb6, 0xba, 0x96, 0x43, 0xb0, 0xdb, 0x95, 0xc3, 0x21, 0x4f, 0x53, 0x3f,
    0x53, 0x68, 0xce, 0x3e, 0x3a, 0x52, 0xca, 0xbe, 0x01, 0x01, 0x00, 0xc8, 0x39, 0xa6, 0xb5, 0x3e,
    0x5d, 0x72, 0x2e, 0x3f, 0xaa, 0xb1, 0xd4, 0x3e, 0x0a, 0x56, 0x24, 0x3f, 0x1d, 0x23, 0x86, 0x41,
    0x00, 0x00, 0x00, 0x00, 0x00, 0x00, 0x00, 0x00, 0x00, 0x00, 0x00, 0x00, 0xa3, 0x1f, 0x96, 0xc3,
    0x04, 0xbb, 0x96, 0x43, 0x96, 0xda, 0x95, 0xc3, 0x01, 0x8f, 0x62, 0x3f, 0xcb, 0xee, 0xbc, 0x3e,
    0x72, 0x5f, 0x91, 0x3e, 0x01, 0x01, 0x00, 0xc8, 0x03, 0x8e, 0x98, 0x3e, 0x66, 0xeb, 0x0b, 0x3f,
    0x72, 0x8c, 0x91, 0x3e, 0x94, 0x58, 0xaa, 0x3e, 0x1d, 0x23, 0x86, 0x41, 0x00, 0x00, 0x00, 0x00,
    0x00, 0x00, 0x00, 0x00, 0x00, 0x00, 0x00, 0x00, 0x84, 0x1f, 0x96, 0xc3, 0x91, 0xba, 0x96, 0x43,
    0xc1, 0xda, 0x95, 0xc3, 0xe3, 0xa1, 0x77, 0x3f, 0x32, 0x7a, 0x52, 0x3e, 0x3a, 0x13, 0x18, 0x3e,
    0x01, 0x01, 0x00, 0xc8, 0xb7, 0xce, 0x82, 0x3e, 0x28, 0x32, 0x17, 0x3f, 0xbd, 0x1a, 0x3a, 0x3e,
    0x95, 0x22, 0xdd, 0x3e, 0x1d, 0x23, 0x86, 0x41, 0x00, 0x00, 0x00, 0x00, 0x00, 0x00, 0x00, 0x00,
    0x00, 0x00, 0x00, 0x00, 0xe1, 0x1f, 0x96, 0xc3, 0x4a, 0xbb, 0x96, 0x43, 0x71, 0xda, 0x95, 0xc3,
    0xc3, 0x0e, 0x49, 0x3f, 0x78, 0x68, 0x07, 0x3f, 0x87, 0xa3, 0xa4, 0x3e, 0x01, 0x01, 0x00, 0xc8,
    0x8e, 0x8e, 0xaa, 0x3e, 0xf4, 0x5c, 0x00, 0x3f, 0x97, 0xd0, 0xb9, 0x3e, 0x80, 0xed, 0x69, 0x3e,
    0x1d, 0x23, 0x86, 0x41, 0x00, 0x00, 0x00, 0x00, 0x00, 0x00, 0x00, 0x00, 0x00, 0x00, 0x00, 0x00,
    0xe6, 0x1f, 0x96, 0xc3, 0x90, 0xba, 0x96, 0x43, 0x2d, 0xda, 0x95, 0xc3, 0x07, 0xcd, 0x46, 0x3f,
    0x2b, 0x85, 0xe1, 0x3d, 0x7f, 0xce, 0x1e, 0x3f, 0x01, 0x01, 0x00, 0xc8, 0x01, 0xdd, 0x6c, 0x3e,
    0x65, 0xef, 0xfe, 0x3e, 0x3f, 0xeb, 0x0d, 0x3e, 0x88, 0x7f, 0x5f, 0x3e, 0x1d, 0x23, 0x86, 0x41,
    0x00, 0x00, 0x00, 0x00, 0x00, 0x00, 0x00, 0x00, 0x00, 0x00, 0x00, 0x00, 0xe6, 0x1f, 0x96, 0xc3,
    0x90, 0xba, 0x96, 0x43, 0x2d, 0xda, 0x95, 0xc3, 0x05, 0xfc, 0x2a, 0xbe, 0x31, 0xc7, 0x7a, 0xbf,
    0xc5, 0xf6, 0xe4, 0xbd, 0x01, 0x01, 0x00, 0xc8, 0xe5, 0xe9, 0x76, 0x3e, 0x3a, 0xdd, 0x6f, 0x3f,
    0xc6, 0xf6, 0x95, 0x3e, 0xbc, 0x91, 0x7b, 0x3f, 0x1d, 0x23, 0x86, 0x41, 0x00, 0x00, 0x00, 0x00,
    0x00, 0x00, 0x00, 0x00, 0x00, 0x00, 0x00, 0x00, 0xe5, 0x20, 0x96, 0xc3, 0xca, 0xba, 0x96, 0x43,
    0xa7, 0xda, 0x95, 0xc3, 0x05, 0xfc, 0x2a, 0xbe, 0x31, 0xc7, 0x7a, 0xbf, 0xc5, 0xf6, 0xe4, 0xbd,
    0x01, 0x01, 0x00, 0xc8, 0xb9, 0xe2, 0x91, 0x3e, 0x8b, 0xe9, 0x4d, 0x3f, 0x6c, 0xb8, 0x7c, 0x3d,
    0x6e, 0x62, 0x51, 0x3f, 0x1d, 0x23, 0x86, 0x41, 0x00, 0x00, 0x00, 0x00, 0x00, 0x00, 0x00, 0x00,
    0x00, 0x00, 0x00, 0x00, 0x84, 0x1f, 0x96, 0xc3, 0x91, 0xba, 0x96, 0x43, 0xc1, 0xda, 0x95, 0xc3,
    0x05, 0xfc, 0x2a, 0xbe, 0x31, 0xc7, 0x7a, 0xbf, 0xc5, 0xf6, 0xe4, 0xbd, 0x01, 0x01, 0x00, 0xc8,
    0xd1, 0x0b, 0x20, 0x3e, 0xe7, 0xde, 0x6b, 0x3f, 0xd4, 0xa3, 0xe0, 0x3e, 0x1f, 0x55, 0x68, 0x3f,
    0x1d, 0x23, 0x86, 0x41, 0x00, 0x00, 0x00, 0x00, 0x00, 0x00, 0x00, 0x00, 0x00, 0x00, 0x00, 0x00,
    0xb3, 0x1f, 0x96, 0xc3, 0xb6, 0xba, 0x96, 0x43, 0xb0, 0xdb, 0x95, 0xc3, 0x86, 0x74, 0x44, 0xbe,
    0x6a, 0x82, 0x78, 0xbf, 0x18, 0xe3, 0x13, 0xbe, 0x01, 0x01, 0x00, 0xc8, 0x5a, 0x30, 0xb6, 0x3d,
    0x01, 0x8c, 0x52, 0x3f, 0x96, 0xd1, 0xea, 0x3e, 0xa5, 0x00, 0x39, 0x3f, 0x1d, 0x23, 0x86, 0x41,
    0x00, 0x00, 0x00, 0x00, 0x00, 0x00, 0x00, 0x00, 0x00, 0x00, 0x00, 0x00, 0x55, 0x20, 0x96, 0xc3,
    0xe6, 0xba, 0x96, 0x43, 0x22, 0xdc, 0x95, 0xc3, 0x5c, 0xa3, 0x55, 0xbe, 0xfe, 0x01, 0x77, 0xbf,
    0xe7, 0x7d, 0x23, 0xbe, 0x01, 0x01, 0x00, 0xc8, 0x52, 0x37, 0xd6, 0x3d, 0xc2, 0x8c, 0x39, 0x3f,
    0x3a, 0x06, 0xa4, 0x3e, 0xee, 0x4e, 0x17, 0x3f, 0x1d, 0x23, 0x86, 0x41, 0x00, 0x00, 0x00, 0x00,
    0x00, 0x00, 0x00, 0x00, 0x00, 0x00, 0x00, 0x00, 0x3e, 0x21, 0x96, 0xc3, 0xf5, 0xba, 0x96, 0x43,
    0x4e, 0xdb, 0x95, 0xc3, 0x5c, 0xa3, 0x55, 0xbe, 0xfe, 0x01, 0x77, 0xbf, 0xe7, 0x7d, 0x23, 0xbe,
    0x01, 0x01, 0x00, 0xc8, 0xdb, 0xd4, 0x83, 0x3e, 0xb4, 0xd5, 0x36, 0x3f, 0xf0, 0x2d, 0x6f, 0x3c,
    0x02, 0xa2, 0x2b, 0x3f, 0x1d, 0x23, 0x86, 0x41, 0x00, 0x00, 0x00, 0x00, 0x00, 0x00, 0x00, 0x00,
    0x00, 0x00, 0x00, 0x00, 0xe8, 0x20, 0x96, 0xc3, 0x0f, 0xbb, 0x96, 0x43, 0x5e, 0xdc, 0x95, 0xc3,
    0x5c, 0xa3, 0x55, 0xbe, 0xfe, 0x01, 0x77, 0xbf, 0xe7, 0x7d, 0x23, 0xbe, 0x01, 0x01, 0x00, 0xc8,
    0xed, 0xa2, 0x08, 0x3e, 0xa3, 0x94, 0x26, 0x3f, 0xd9, 0x2f, 0x3b, 0x3e, 0x64, 0x6e, 0x00, 0x3f,
    0x1d, 0x23, 0x86, 0x41, 0x00, 0x00, 0x00, 0x00, 0x00, 0x00, 0x00, 0x00, 0x00, 0x00, 0x00, 0x00,
    0x26, 0x24, 0x96, 0xc3, 0xf9, 0xbb, 0x96, 0x43, 0x88, 0xd9, 0x95, 0xc3, 0x0b, 0xca, 0xf2, 0xbe,
    0x65, 0x48, 0x54, 0x3f, 0xed, 0x76, 0x97, 0xbe, 0xa4, 0x2d, 0x03, 0xf5, 0x1b, 0x7f, 0x3f, 0x3f,
    0x1e, 0xbe, 0xf6, 0x3e, 0x86, 0x6b, 0x2d, 0x3f, 0x48, 0xc3, 0x36, 0x3f, 0xad, 0x33, 0x8e, 0x43,
    0x00, 0x00, 0x00, 0x00, 0x00, 0x00, 0x00, 0x00, 0x00, 0x00, 0x00, 0x00, 0x56, 0x24, 0x96, 0xc3,
    0x10, 0xbc, 0x96, 0x43, 0xfb, 0xd8, 0x95, 0xc3, 0x0b, 0xca, 0xf2, 0xbe, 0x65, 0x48, 0x54, 0x3f,
    0xed, 0x76, 0x97, 0xbe, 0xa4, 0x2d, 0x03, 0xf5, 0x4c, 0x56, 0x28, 0x3f, 0x1a, 0xbb, 0xfb, 0x3e,
    0x78, 0xb5, 0x63, 0x3f, 0x5e, 0x43, 0x2a, 0x3f, 0xad, 0x33, 0x8e, 0x43, 0x00, 0x00, 0x00, 0x00,
    0x00, 0x00, 0x00, 0x00, 0x00, 0x00, 0x00, 0x00, 0x17, 0x24, 0x96, 0xc3, 0x30, 0xbc, 0x96, 0x43,
    0x06, 0xd9, 0x95, 0xc3, 0x0b, 0xca, 0xf2, 0xbe, 0x65, 0x48, 0x54, 0x3f, 0xed, 0x76, 0x97, 0xbe,
    0xa4, 0x2d, 0x03, 0xf5, 0x62, 0x50, 0x2d, 0x3f, 0x44, 0xee, 0x06, 0x3f, 0xf8, 0x4b, 0x59, 0x3f,
    0x8a, 0x3b, 0x1b, 0x3f, 0xad, 0x33, 0x8e, 0x43, 0x00, 0x00, 0x00, 0x00, 0x00, 0x00, 0x00, 0x00,
    0x00, 0x00, 0x00, 0x00, 0x24, 0x24, 0x96, 0xc3, 0xea, 0xbb, 0x96, 0x43, 0xd7, 0xd8, 0x95, 0xc3,
    0x13, 0x20, 0x7d, 0xbd, 0x16, 0x04, 0xaa, 0x3d, 0x19, 0xa0, 0x7e, 0x3f, 0xa4, 0x2d, 0x03, 0xf5,
    0x81, 0x4b, 0x48, 0x3e, 0x0a, 0xc6, 0x71, 0x3f, 0xe8, 0xd0, 0x62, 0x3f, 0xb6, 0x86, 0x04, 0x3f,
    0xad, 0x33, 0x8e, 0x43, 0x00, 0x00, 0x00, 0x00, 0x00, 0x00, 0x00, 0x00, 0x00, 0x00, 0x00, 0x00,
    0x0e, 0x24, 0x96, 0xc3, 0x76, 0xba, 0x96, 0x43, 0x29, 0xda, 0x95, 0xc3, 0xfd, 0x86, 0x14, 0x3e,
    0x4a, 0xab, 0x6c, 0xbf, 0xbc, 0x7f, 0xb4, 0x3e, 0xa4, 0x2d, 0x03, 0xf5, 0x72, 0x03, 0xd3, 0x3d,
    0xce, 0x72, 0x2f, 0x3f, 0x97, 0xd0, 0xb9, 0x3e, 0x80, 0xed, 0x69, 0x3e, 0xad, 0x33, 0x8e, 0x43,
    0x00, 0x00, 0x00, 0x00, 0x00, 0x00, 0x00, 0x00, 0x00, 0x00, 0x00, 0x00, 0xc8, 0x23, 0x96, 0xc3,
    0x5e, 0xbb, 0x96, 0x43, 0xb1, 0xd9, 0x95, 0xc3, 0xe4, 0xc1, 0x23, 0x3f, 0x59, 0xc7, 0xfd, 0xbe,
    0x17, 0x65, 0x16, 0x3f, 0xa4, 0x2d, 0x03, 0xf5, 0xf2, 0xb2, 0xb5, 0x3d, 0x36, 0x2e, 0x57, 0x3f,
    0x60, 0x8f, 0x0e, 0x3f, 0xc8, 0x9c, 0xfa, 0x3e, 0xad, 0x33, 0x8e, 0x43, 0x00, 0x00, 0x00, 0x00,
    0x00, 0x00, 0x00, 0x00, 0x00, 0x00, 0x00, 0x00, 0x8a, 0x24, 0x96, 0xc3, 0xf8, 0xba, 0x96, 0x43,
    0x09, 0xd9, 0x95, 0xc3, 0x96, 0x72, 0x70, 0x3d, 0xec, 0x98, 0x09, 0xbf, 0x81, 0x5a, 0x57, 0x3f,
    0xa4, 0x2d, 0x03, 0xf5, 0x41, 0xb6, 0x71, 0x3e, 0xca, 0x20, 0x4f, 0x3f, 0xfa, 0x90, 0x41, 0x3f,
    0xe6, 0xfd, 0x71, 0x3e, 0xad, 0x33, 0x8e, 0x43, 0x00, 0x00, 0x00, 0x00, 0x00, 0x00, 0x00, 0x00,
    0x00, 0x00, 0x00, 0x00, 0xe1, 0x24, 0x96, 0xc3, 0x34, 0xbb, 0x96, 0x43, 0x24, 0xd9, 0x95, 0xc3,
    0x02, 0x31, 0x01, 0xbf, 0x5c, 0xe7, 0xa1, 0xbe, 0xaf, 0xa6, 0x4d, 0x3f, 0xa4, 0x2d, 0x03, 0xf5,
    0xc8, 0x34, 0x99, 0x3e, 0x22, 0x22, 0x51, 0x3f, 0xac, 0x16, 0x5f, 0x3f, 0xfe, 0x47, 0x21, 0x3e,
    0xad, 0x33, 0x8e, 0x43, 0x00, 0x00, 0x00, 0x00, 0x00, 0x00, 0x00, 0x00, 0x00, 0x00, 0x00, 0x00,
    0x56, 0x24, 0x96, 0xc3, 0x10, 0xbc, 0x96, 0x43, 0xfb, 0xd8, 0x95, 0xc3, 0x25, 0x33, 0xb9, 0xbe,
    0x0a, 0x32, 0xb7, 0x3e, 0x7b, 0x63, 0x5c, 0x3f, 0xa4, 0x2d, 0x03, 0xf5, 0x11, 0xed, 0x64, 0x3e,
    0x0a, 0x2e, 0x79, 0x3f, 0x80, 0x57, 0x79, 0x3f, 0x84, 0x52, 0x06, 0x3f, 0xad, 0x33, 0x8e, 0x43,
    0x00, 0x00, 0x00, 0x00, 0x00, 0x00, 0x00, 0x00, 0x00, 0x00, 0x00, 0x00, 0x17, 0x24, 0x96, 0xc3,
    0x30, 0xbc, 0x96, 0x43, 0x06, 0xd9, 0x95, 0xc3, 0xa0, 0x5b, 0x21, 0xbe, 0xb4, 0x4f, 0x12, 0x3f,
    0xd5, 0x28, 0x4e, 0x3f, 0xa4, 0x2d, 0x03, 0xf5, 0xd9, 0x43, 0x38, 0x3e, 0x4a, 0xfe, 0x7b, 0x3f,
    0x4a, 0x0e, 0x6b, 0x3f, 0x12, 0x28, 0x1b, 0x3f, 0xad, 0x33, 0x8e, 0x43, 0x00, 0x00, 0x00, 0x00,
    0x00, 0x00, 0x00, 0x00, 0x00, 0x00, 0x00, 0x00, 0xf0, 0x24, 0x96, 0xc3, 0xc3, 0xba, 0x96, 0x43,
    0xac, 0xd9, 0x95, 0xc3, 0x9a, 0x7e, 0xc8, 0xbe, 0x50, 0xf9, 0x5d, 0xbf, 0xb0, 0xa8, 0x9d, 0x3e,
    0xa4, 0x2d, 0x03, 0xf5, 0x58, 0xe0, 0x82, 0x3e, 0xce, 0x4b, 0x32, 0x3f, 0x50, 0xf6, 0x1f, 0x3f,
    0xbc, 0x4d, 0xb9, 0x3c, 0xad, 0x33, 0x8e, 0x43, 0x00, 0x00, 0x00, 0x00, 0x00, 0x00, 0x00, 0x00,
    0x00, 0x00, 0x00, 0x00, 0x98, 0x24, 0x96, 0xc3, 0x87, 0xba, 0x96, 0x43, 0x9d, 0xda, 0x95, 0xc3,
    0x4e, 0x9b, 0x7b, 0xbe, 0x69, 0x45, 0x75, 0xbf, 0x12, 0xcf, 0x16, 0x3e, 0xa4, 0x2d, 0x03, 0xf5,
    0x11, 0xba, 0x12, 0x3e, 0x94, 0xa3, 0x18, 0x3f, 0x72, 0x2e, 0x97, 0x3e, 0xc4, 0xf6, 0xa8, 0x3c,
    0xad, 0x33, 0x8e, 0x43, 0x00, 0x00, 0x00, 0x00, 0x00, 0x00, 0x00, 0x00, 0x00, 0x00, 0x00, 0x00,
    0x7a, 0x24, 0x96, 0xc3, 0xa7, 0xba, 0x96, 0x43, 0x69, 0xd9, 0x95, 0xc3, 0xae, 0x49, 0xfb, 0x3d,
    0x26, 0x3f, 0x5a, 0xbf, 0x79, 0x11, 0x02, 0x3f, 0xa4, 0x2d, 0x03, 0xf5, 0x61, 0x78, 0x51, 0x3e,
    0xae, 0xd3, 0x40, 0x3f, 0x50, 0x8c, 0x1f, 0x3f, 0x1e, 0xac, 0x42, 0x3e, 0xad, 0x33, 0x8e, 0x43,
    0x00, 0x00, 0x00, 0x00, 0x00, 0x00, 0x00, 0x00, 0x00, 0x00, 0x00, 0x00, 0xc8, 0x23, 0x96, 0xc3,
    0x5e, 0xbb, 0x96, 0x43, 0xb1, 0xd9, 0x95, 0xc3, 0xa2, 0x47, 0x74, 0x3f, 0xa2, 0xe1, 0x7e, 0x3e,
    0x03, 0xda, 0x29, 0xbe, 0xa4, 0x2d, 0x03, 0xf5, 0x60, 0xe7, 0xd5, 0x3e, 0x3c, 0x8f, 0x1b, 0x3f,
    0x60, 0x8f, 0x0e, 0x3f, 0xc8, 0x9c, 0xfa, 0x3e, 0xad, 0x33, 0x8e, 0x43, 0x00, 0x00, 0x00, 0x00,
    0x00, 0x00, 0x00, 0x00, 0x00, 0x00, 0x00, 0x00, 0x17, 0x24, 0x96, 0xc3, 0x30, 0xbc, 0x96, 0x43,
    0x06, 0xd9, 0x95, 0xc3, 0xbe, 0xa4, 0x75, 0x3f, 0x2b, 0x3c, 0x72, 0x3e, 0xb6, 0x5a, 0x1c, 0x3e,
    0xa4, 0x2d, 0x03, 0xf5, 0x90, 0x1f, 0x0e, 0x3f, 0x14, 0xa8, 0x2b, 0x3f, 0xf8, 0x4b, 0x59, 0x3f,
    0x8a, 0x3b, 0x1b, 0x3f, 0xad, 0x33, 0x8e, 0x43, 0x00, 0x00, 0x00, 0x00, 0x00, 0x00, 0x00, 0x00,
    0x00, 0x00, 0x00, 0x00, 0x24, 0x24, 0x96, 0xc3, 0xea, 0xbb, 0x96, 0x43, 0xd7, 0xd8, 0x95, 0xc3,
    0xa7, 0xe5, 0x6e, 0x3f, 0x1e, 0x68, 0x80, 0x3d, 0x1f, 0x2e, 0xb5, 0x3e, 0xa4, 0x2d, 0x03, 0xf5,
    0xed, 0x32, 0x0b, 0x3f, 0x2b, 0x87, 0x22, 0x3f, 0xe8, 0xd0, 0x62, 0x3f, 0xb6, 0x86, 0x04, 0x3f,
    0xad, 0x33, 0x8e, 0x43, 0x00, 0x00, 0x00, 0x00, 0x00, 0x00, 0x00, 0x00, 0x00, 0x00, 0x00, 0x00,
    0x26, 0x24, 0x96, 0xc3, 0xf9, 0xbb, 0x96, 0x43, 0x88, 0xd9, 0x95, 0xc3, 0xcc, 0xd0, 0x4e, 0x3f,
    0x01, 0x04, 0x0c, 0x3f, 0x52, 0xd1, 0x60, 0xbe, 0xa4, 0x2d, 0x03, 0xf5, 0x78, 0xed, 0xfb, 0x3e,
    0xed, 0xa1, 0x2a, 0x3f, 0x86, 0x6b, 0x2d, 0x3f, 0x48, 0xc3, 0x36, 0x3f, 0xad, 0x33, 0x8e, 0x43,
    0x00, 0x00, 0x00, 0x00, 0x00, 0x00, 0x00, 0x00, 0x00, 0x00, 0x00, 0x00, 0xfe, 0x23, 0x96, 0xc3,
    0xba, 0xbb, 0x96, 0x43, 0x33, 0xda, 0x95, 0xc3, 0xab, 0x7d, 0x70, 0x3f, 0x84, 0xcc, 0x77, 0x3e,
    0xa5, 0x97, 0x78, 0xbe, 0xa4, 0x2d, 0x03, 0xf5, 0x39, 0xa6, 0xb5, 0x3e, 0x5d, 0x72, 0x2e, 0x3f,
    0xaa, 0xb1, 0xd4, 0x3e, 0x0a, 0x56, 0x24, 0x3f, 0xad, 0x33, 0x8e, 0x43, 0x00, 0x00, 0x00, 0x00,
    0x00, 0x00, 0x00, 0x00, 0x00, 0x00, 0x00, 0x00, 0x0b, 0x24, 0x96, 0xc3, 0xb4, 0xba, 0x96, 0x43,
    0x6d, 0xda, 0x95, 0xc3, 0xc1, 0x47, 0x44, 0x3f, 0x8f, 0x20, 0xb2, 0xbe, 0x48, 0x1f, 0x0a, 0xbf,
    0xa4, 0x2d, 0x03, 0xf5, 0x03, 0x8e, 0x98, 0x3e, 0x66, 0xeb, 0x0b, 0x3f, 0x72, 0x8c, 0x91, 0x3e,
    0x94, 0x58, 0xaa, 0x3e, 0xad, 0x33, 0x8e, 0x43, 0x00, 0x00, 0x00, 0x00, 0x00, 0x00, 0x00, 0x00,
    0x00, 0x00, 0x00, 0x00, 0x36, 0x24, 0x96, 0xc3, 0x08, 0xbb, 0x96, 0x43, 0xb2, 0xda, 0x95, 0xc3,
    0xf8, 0x18, 0x3f, 0x3f, 0x11, 0x9b, 0x18, 0xbe, 0xcb, 0x04, 0x26, 0xbf, 0xa4, 0x2d, 0x03, 0xf5,
    0xb7, 0xce, 0x82, 0x3e, 0x28, 0x32, 0x17, 0x3f, 0xbd, 0x1a, 0x3a, 0x3e, 0x95, 0x22, 0xdd, 0x3e,
    0xad, 0x33, 0x8e, 0x43, 0x00, 0x00, 0x00, 0x00, 0x00, 0x00, 0x00, 0x00, 0x00, 0x00, 0x00, 0x00,
    0x0e, 0x24, 0x96, 0xc3, 0x76, 0xba, 0x96, 0x43, 0x29, 0xda, 0x95, 0xc3, 0x88, 0xd8, 0x4c, 0x3f,
    0x69, 0xea, 0xea, 0xbe, 0x1b, 0xc4, 0xc5, 0xbe, 0xa4, 0x2d, 0x03, 0xf5, 0x8e, 0x8e, 0xaa, 0x3e,
    0xf4, 0x5c, 0x00, 0x3f, 0x97, 0xd0, 0xb9, 0x3e, 0x80, 0xed, 0x69, 0x3e, 0xad, 0x33, 0x8e, 0x43,
    0x00, 0x00, 0x00, 0x00, 0x00, 0x00, 0x00, 0x00, 0x00, 0x00, 0x00, 0x00, 0x98, 0x24, 0x96, 0xc3,
    0x87, 0xba, 0x96, 0x43, 0x9d, 0xda, 0x95, 0xc3, 0xfc, 0x0c, 0xd8, 0x3e, 0x96, 0x9c, 0x0b, 0xbf,
    0xc1, 0x67, 0x39, 0xbf, 0xa4, 0x2d, 0x03, 0xf5, 0x01, 0xdd, 0x6c, 0x3e, 0x65, 0xef, 0xfe, 0x3e,
    0x3f, 0xeb, 0x0d, 0x3e, 0x88, 0x7f, 0x5f, 0x3e, 0xad, 0x33, 0x8e, 0x43, 0x00, 0x00, 0x00, 0x00,
    0x00, 0x00, 0x00, 0x00, 0x00, 0x00, 0x00, 0x00, 0x98, 0x24, 0x96, 0xc3, 0x87, 0xba, 0x96, 0x43,
    0x9d, 0xda, 0x95, 0xc3, 0xc0, 0xbf, 0x41, 0xbf, 0xa4, 0x84, 0x03, 0x3f, 0x74, 0xe2, 0xce, 0xbe,
    0xa4, 0x2d, 0x03, 0xf5, 0xe5, 0xe9, 0x76, 0x3e, 0x3a, 0xdd, 0x6f, 0x3f, 0xc6, 0xf6, 0x95, 0x3e,
    0xbc, 0x91, 0x7b, 0x3f, 0xad, 0x33, 0x8e, 0x43, 0x00, 0x00, 0x00, 0x00, 0x00, 0x00, 0x00, 0x00,
    0x00, 0x00, 0x00, 0x00, 0xf0, 0x24, 0x96, 0xc3, 0xc3, 0xba, 0x96, 0x43, 0xac, 0xd9, 0x95, 0xc3,
    0xc0, 0xbf, 0x41, 0xbf, 0xa4, 0x84, 0x03, 0x3f, 0x74, 0xe2, 0xce, 0xbe, 0xa4, 0x2d, 0x03, 0xf5,
    0xb9, 0xe2, 0x91, 0x3e, 0x8b, 0xe9, 0x4d, 0x3f, 0x6c, 0xb8, 0x7c, 0x3d, 0x6e, 0x62, 0x51, 0x3f,
    0xad, 0x33, 0x8e, 0x43, 0x00, 0x00, 0x00, 0x00, 0x00, 0x00, 0x00, 0x00, 0x00, 0x00, 0x00, 0x00,
    0x36, 0x24, 0x96, 0xc3, 0x08, 0xbb, 0x96, 0x43, 0xb2, 0xda, 0x95, 0xc3, 0xc0, 0xbf, 0x41, 0xbf,
    0xa4, 0x84, 0x03, 0x3f, 0x74, 0xe2, 0xce, 0xbe, 0xa4, 0x2d, 0x03, 0xf5, 0xd1, 0x0b, 0x20, 0x3e,
    0xe7, 0xde, 0x6b, 0x3f, 0xd4, 0xa3, 0xe0, 0x3e, 0x1f, 0x55, 0x68, 0x3f, 0xad, 0x33, 0x8e, 0x43,
    0x00, 0x00, 0x00, 0x00, 0x00, 0x00, 0x00, 0x00, 0x00, 0x00, 0x00, 0x00, 0xfe, 0x23, 0x96, 0xc3,
    0xba, 0xbb, 0x96, 0x43, 0x33, 0xda, 0x95, 0xc3, 0x67, 0x1c, 0x42, 0xbf, 0x0d, 0x8a, 0x09, 0x3f,
    0x29, 0x1a, 0xbd, 0xbe, 0xa4, 0x2d, 0x03, 0xf5, 0x5a, 0x30, 0xb6, 0x3d, 0x01, 0x8c, 0x52, 0x3f,
    0x96, 0xd1, 0xea, 0x3e, 0xa5, 0x00, 0x39, 0x3f, 0xad, 0x33, 0x8e, 0x43, 0x00, 0x00, 0x00, 0x00,
    0x00, 0x00, 0x00, 0x00, 0x00, 0x00, 0x00, 0x00, 0x26, 0x24, 0x96, 0xc3, 0xf9, 0xbb, 0x96, 0x43,
    0x88, 0xd9, 0x95, 0xc3, 0x62, 0xdb, 0x42, 0xbf, 0x23, 0x0f, 0x0c, 0x3f, 0xf4, 0x53, 0xb2, 0xbe,
    0xa4, 0x2d, 0x03, 0xf5, 0x52, 0x37, 0xd6, 0x3d, 0xc2, 0x8c, 0x39, 0x3f, 0x3a, 0x06, 0xa4, 0x3e,
    0xee, 0x4e, 0x17, 0x3f, 0xad, 0x33, 0x8e, 0x43, 0x00, 0x00, 0x00, 0x00, 0x00, 0x00, 0x00, 0x00,
    0x00, 0x00, 0x00, 0x00, 0xe1, 0x24, 0x96, 0xc3, 0x34, 0xbb, 0x96, 0x43, 0x24, 0xd9, 0x95, 0xc3,
    0x62, 0xdb, 0x42, 0xbf, 0x23, 0x0f, 0x0c, 0x3f, 0xf4, 0x53, 0xb2, 0xbe, 0xa4, 0x2d, 0x03, 0xf5,
    0xdb, 0xd4, 0x83, 0x3e, 0xb4, 0xd5, 0x36, 0x3f, 0xf0, 0x2d, 0x6f, 0x3c, 0x02, 0xa2, 0x2b, 0x3f,
    0xad, 0x33, 0x8e, 0x43, 0x00, 0x00, 0x00, 0x00, 0x00, 0x00, 0x00, 0x00, 0x00, 0x00, 0x00, 0x00,
    0x56, 0x24, 0x96, 0xc3, 0x10, 0xbc, 0x96, 0x43, 0xfb, 0xd8, 0x95, 0xc3, 0x62, 0xdb, 0x42, 0xbf,
    0x23, 0x0f, 0x0c, 0x3f, 0xf4, 0x53, 0xb2, 0xbe, 0xa4, 0x2d, 0x03, 0xf5, 0xed, 0xa2, 0x08, 0x3e,
    0xa3, 0x94, 0x26, 0x3f, 0xd9, 0x2f, 0x3b, 0x3e, 0x64, 0x6e, 0x00, 0x3f, 0xad, 0x33, 0x8e, 0x43,
    0x00, 0x00, 0x00, 0x00, 0x00, 0x00, 0x00, 0x00, 0x00, 0x00, 0x00, 0x00, 0x70, 0x35, 0x96, 0xc3,
    0xd0, 0x96, 0x96, 0x43, 0x2d, 0xc7, 0x95, 0xc3, 0xb9, 0x0f, 0x19, 0x3f, 0xeb, 0xc4, 0x89, 0x3e,
    0xa4, 0x4b, 0x41, 0x3f, 0x03, 0x01, 0x00, 0xcb, 0x1b, 0x7f, 0x3f, 0x3f, 0x1e, 0xbe, 0xf6, 0x3e,
    0x86, 0x6b, 0x2d, 0x3f, 0x48, 0xc3, 0x36, 0x3f, 0x4d, 0xa8, 0x4d, 0x44, 0x00, 0x00, 0x00, 0x00,
    0x00, 0x00, 0x00, 0x00, 0x00, 0x00, 0x00, 0x00, 0x18, 0x35, 0x96, 0xc3, 0xec, 0x96, 0x96, 0x43,
    0x7d, 0xc7, 0x95, 0xc3, 0xb9, 0x0f, 0x19, 0x3f, 0xeb, 0xc4, 0x89, 0x3e, 0xa4, 0x4b, 0x41, 0x3f,
    0x03, 0x01, 0x00, 0xcb, 0x4c, 0x56, 0x28, 0x3f, 0x1a, 0xbb, 0xfb, 0x3e, 0x78, 0xb5, 0x63, 0x3f,
    0x5e, 0x43, 0x2a, 0x3f, 0x4d, 0xa8, 0x4d, 0x44, 0x00, 0x00, 0x00, 0x00, 0x00, 0x00, 0x00, 0x00,
    0x00, 0x00, 0x00, 0x00, 0x39, 0x35, 0x96, 0xc3, 0x1a, 0x97, 0x96, 0x43, 0x73, 0xc7, 0x95, 0xc3,
    0xb9, 0x0f, 0x19, 0x3f, 0xeb, 0xc4, 0x89, 0x3e, 0xa4, 0x4b, 0x41, 0x3f, 0x03, 0x01, 0x00, 0xcb,
    0x62, 0x50, 0x2d, 0x3f, 0x44, 0xee, 0x06, 0x3f, 0xf8, 0x4b, 0x59, 0x3f, 0x8a, 0x3b, 0x1b, 0x3f,
    0x4d, 0xa8, 0x4d, 0x44, 0x00, 0x00, 0x00, 0x00, 0x00, 0x00, 0x00, 0x00, 0x00, 0x00, 0x00, 0x00,
    0x38, 0x35, 0x96, 0xc3, 0xf4, 0x96, 0x96, 0x43, 0xae, 0xc7, 0x95, 0xc3, 0xa0, 0xd6, 0x03, 0x3f,
    0x6b, 0xe9, 0xac, 0x3e, 0x63, 0xb1, 0x49, 0xbf, 0x03, 0x01, 0x00, 0xcb, 0x81, 0x4b, 0x48, 0x3e,
    0x0a, 0xc6, 0x71, 0x3f, 0xe8, 0xd0, 0x62, 0x3f, 0xb6, 0x86, 0x04, 0x3f, 0x4d, 0xa8, 0x4d, 0x44,
    0x00, 0x00, 0x00, 0x00, 0x00, 0x00, 0x00, 0x00, 0x00, 0x00, 0x00, 0x00, 0x3e, 0x36, 0x96, 0xc3,
    0xc1, 0x95, 0x96, 0x43, 0x5e, 0xc7, 0x95, 0xc3, 0x88, 0x8c, 0xb3, 0xbe, 0x8c, 0xe0, 0x02, 0xbf,
    0x11, 0xde, 0x48, 0xbf, 0x03, 0x01, 0x00, 0xcb, 0x72, 0x03, 0xd3, 0x3d, 0xce, 0x72, 0x2f, 0x3f,
    0x97, 0xd0, 0xb9, 0x3e, 0x80, 0xed, 0x69, 0x3e, 0x4d, 0xa8, 0x4d, 0x44, 0x00, 0x00, 0x00, 0x00,
    0x00, 0x00, 0x00, 0x00, 0x00, 0x00, 0x00, 0x00, 0xf1, 0x35, 0x96, 0xc3, 0x91, 0x96, 0x96, 0x43,
    0x5e, 0xc7, 0x95, 0xc3, 0x92, 0x68, 0xed, 0xbe, 0x7d, 0xd6, 0x2d, 0x3e, 0xf5, 0x9c, 0x5e, 0xbf,
    0x03, 0x01, 0x00, 0xcb, 0xf2, 0xb2, 0xb5, 0x3d, 0x36, 0x2e, 0x57, 0x3f, 0x60, 0x8f, 0x0e, 0x3f,
    0xc8, 0x9c, 0xfa, 0x3e, 0x4d, 0xa8, 0x4d, 0x44, 0x00, 0x00, 0x00, 0x00, 0x00, 0x00, 0x00, 0x00,
    0x00, 0x00, 0x00, 0x00, 0x5a, 0x35, 0x96, 0xc3, 0x22, 0x96, 0x96, 0x43, 0xdc, 0xc7, 0x95, 0xc3,
    0x83, 0xcf, 0xbc, 0x3d, 0x68, 0xd7, 0xe8, 0xbd, 0x24, 0x3e, 0x7d, 0xbf, 0x03, 0x01, 0x00, 0xcb,
    0x41, 0xb6, 0x71, 0x3e, 0xca, 0x20, 0x4f, 0x3f, 0xfa, 0x90, 0x41, 0x3f, 0xe6, 0xfd, 0x71, 0x3e,
    0x4d, 0xa8, 0x4d, 0x44, 0x00, 0x00, 0x00, 0x00, 0x00, 0x00, 0x00, 0x00, 0x00, 0x00, 0x00, 0x00,
    0x16, 0x35, 0x96, 0xc3, 0x18, 0x96, 0x96, 0x43, 0xa3, 0xc7, 0x95, 0xc3, 0xce, 0x35, 0x1e, 0x3f,
    0xf6, 0x2f, 0x8e, 0xbe, 0xf5, 0x48, 0x3c, 0xbf, 0x03, 0x01, 0x00, 0xcb, 0xc8, 0x34, 0x99, 0x3e,
    0x22, 0x22, 0x51, 0x3f, 0xac, 0x16, 0x5f, 0x3f, 0xfe, 0x47, 0x21, 0x3e, 0x4d, 0xa8, 0x4d, 0x44,
    0x00, 0x00, 0x00, 0x00, 0x00, 0x00, 0x00, 0x00, 0x00, 0x00, 0x00, 0x00, 0x18, 0x35, 0x96, 0xc3,
    0xec, 0x96, 0x96, 0x43, 0x7d, 0xc7, 0x95, 0xc3, 0xc6, 0xc2, 0x4f, 0x3f, 0xdb, 0x44, 0xab, 0x3e,
    0xb1, 0x42, 0xf5, 0xbe, 0x03, 0x01, 0x00, 0xcb, 0x11, 0xed, 0x64, 0x3e, 0x0a, 0x2e, 0x79, 0x3f,
    0x80, 0x57, 0x79, 0x3f, 0x84, 0x52, 0x06, 0x3f, 0x4d, 0xa8, 0x4d, 0x44, 0x00, 0x00, 0x00, 0x00,
    0x00, 0x00, 0x00, 0x00, 0x00, 0x00, 0x00, 0x00, 0x39, 0x35, 0x96, 0xc3, 0x1a, 0x97, 0x96, 0x43,
    0x73, 0xc7, 0x95, 0xc3, 0x09, 0xd9, 0x36, 0x3f, 0x7a, 0x95, 0x18, 0x3f, 0xbe, 0xd6, 0xbb, 0xbe,
    0x03, 0x01, 0x00, 0xcb, 0xd9, 0x43, 0x38, 0x3e, 0x4a, 0xfe, 0x7b, 0x3f, 0x4a, 0x0e, 0x6b, 0x3f,
    0x12, 0x28, 0x1b, 0x3f, 0x4d, 0xa8, 0x4d, 0x44, 0x00, 0x00, 0x00, 0x00, 0x00, 0x00, 0x00, 0x00,
    0x00, 0x00, 0x00, 0x00, 0x64, 0x35, 0x96, 0xc3, 0xa8, 0x95, 0x96, 0x43, 0x70, 0xc7, 0x95, 0xc3,
    0x5b, 0x54, 0xa8, 0x3d, 0xd1, 0x6e, 0x49, 0xbf, 0x20, 0x95, 0x1c, 0xbf, 0x03, 0x01, 0x00, 0xcb,
    0x58, 0xe0, 0x82, 0x3e, 0xce, 0x4b, 0x32, 0x3f, 0x50, 0xf6, 0x1f, 0x3f, 0xbc, 0x4d, 0xb9, 0x3c,
    0x4d, 0xa8, 0x4d, 0x44, 0x00, 0x00, 0x00, 0x00, 0x00, 0x00, 0x00, 0x00, 0x00, 0x00, 0x00, 0x00,
    0x07, 0x36, 0x96, 0xc3, 0x6f, 0x95, 0x96, 0x43, 0xf0, 0xc6, 0x95, 0xc3, 0x5c, 0x5b, 0x11, 0xbe,
    0x25, 0xb7, 0x52, 0xbf, 0x92, 0xc3, 0x0c, 0xbf, 0x03, 0x01, 0x00, 0xcb, 0x11, 0xba, 0x12, 0x3e,
    0x94, 0xa3, 0x18, 0x3f, 0x72, 0x2e, 0x97, 0x3e, 0xc4, 0xf6, 0xa8, 0x3c, 0x4d, 0xa8, 0x4d, 0x44,
    0x00, 0x00, 0x00, 0x00, 0x00, 0x00, 0x00, 0x00, 0x00, 0x00, 0x00, 0x00, 0xa2, 0x35, 0x96, 0xc3,
    0xdf, 0x95, 0x96, 0x43, 0xbd, 0xc7, 0x95, 0xc3, 0xed, 0xf0, 0x70, 0xbe, 0x9d, 0x6d, 0xd7, 0xbe,
    0xe7, 0x49, 0x60, 0xbf, 0x03, 0x01, 0x00, 0xcb, 0x61, 0x78, 0x51, 0x3e, 0xae, 0xd3, 0x40, 0x3f,
    0x50, 0x8c, 0x1f, 0x3f, 0x1e, 0xac, 0x42, 0x3e, 0x4d, 0xa8, 0x4d, 0x44, 0x00, 0x00, 0x00, 0x00,
    0x00, 0x00, 0x00, 0x00, 0x00, 0x00, 0x00, 0x00, 0xf1, 0x35, 0x96, 0xc3, 0x91, 0x96, 0x96, 0x43,
    0x5e, 0xc7, 0x95, 0xc3, 0x33, 0x8f, 0x3a, 0xbf, 0x9e, 0x4a, 0x2e, 0x3f, 0x30, 0x8a, 0x96, 0x3d,
    0x03, 0x01, 0x00, 0xcb, 0x60, 0xe7, 0xd5, 0x3e, 0x3c, 0x8f, 0x1b, 0x3f, 0x60, 0x8f, 0x0e, 0x3f,
    0xc8, 0x9c, 0xfa, 0x3e, 0x4d, 0xa8, 0x4d, 0x44, 0x00, 0x00, 0x00, 0x00, 0x00, 0x00, 0x00, 0x00,
    0x00, 0x00, 0x00, 0x00, 0x39, 0x35, 0x96, 0xc3, 0x1a, 0x97, 0x96, 0x43, 0x73, 0xc7, 0x95, 0xc3,
    0x05, 0xa5, 0x19, 0xbf, 0x24, 0x0e, 0x46, 0x3f, 0xe9, 0xfa, 0x4f, 0xbe, 0x03, 0x01, 0x00, 0xcb,
    0x90, 0x1f, 0x0e, 0x3f, 0x14, 0xa8, 0x2b, 0x3f, 0xf8, 0x4b, 0x59, 0x3f, 0x8a, 0x3b, 0x1b, 0x3f,
    0x4d, 0xa8, 0x4d, 0x44, 0x00, 0x00, 0x00, 0x00, 0x00, 0x00, 0x00, 0x00, 0x00, 0x00, 0x00, 0x00,
    0x38, 0x35, 0x96, 0xc3, 0xf4, 0x96, 0x96, 0x43, 0xae, 0xc7, 0x95, 0xc3, 0xb7, 0x9d, 0x10, 0xbf,
    0x7b, 0x61, 0x30, 0x3f, 0x89, 0x7b, 0xe8, 0xbe, 0x03, 0x01, 0x00, 0xcb, 0xed, 0x32, 0x0b, 0x3f,
    0x2b, 0x87, 0x22, 0x3f, 0xe8, 0xd0, 0x62, 0x3f, 0xb6, 0x86, 0x04, 0x3f, 0x4d, 0xa8, 0x4d, 0x44,
    0x00, 0x00, 0x00, 0x00, 0x00, 0x00, 0x00, 0x00, 0x00, 0x00, 0x00, 0x00, 0x70, 0x35, 0x96, 0xc3,
    0xd0, 0x96, 0x96, 0x43, 0x2d, 0xc7, 0x95, 0xc3, 0x03, 0xa1, 0x02, 0xbf, 0x15, 0xc1, 0x4e, 0x3f,
    0x19, 0x53, 0x97, 0x3e, 0x03, 0x01, 0x00, 0xcb, 0x78, 0xed, 0xfb, 0x3e, 0xed, 0xa1, 0x2a, 0x3f,
    0x86, 0x6b, 0x2d, 0x3f, 0x48, 0xc3, 0x36, 0x3f, 0x4d, 0xa8, 0x4d, 0x44, 0x00, 0x00, 0x00, 0x00,
    0x00, 0x00, 0x00, 0x00, 0x00, 0x00, 0x00, 0x00, 0xdc, 0x35, 0x96, 0xc3, 0x90, 0x96, 0x96, 0x43,
    0xd6, 0xc6, 0x95, 0xc3, 0x8c, 0xce, 0x40, 0xbf, 0x76, 0xa8, 0x24, 0x3f, 0x6d, 0x61, 0x0d, 0x3e,
    0x03, 0x01, 0x00, 0xcb, 0x39, 0xa6, 0xb5, 0x3e, 0x5d, 0x72, 0x2e, 0x3f, 0xaa, 0xb1, 0xd4, 0x3e,
    0x0a, 0x56, 0x24, 0x3f, 0x4d, 0xa8, 0x4d, 0x44, 0x00, 0x00, 0x00, 0x00, 0x00, 0x00, 0x00, 0x00,
    0x00, 0x00, 0x00, 0x00, 0x42, 0x36, 0x96, 0xc3, 0xd8, 0x95, 0x96, 0x43, 0x16, 0xc7, 0x95, 0xc3,
    0x98, 0xc6, 0x7d, 0xbf, 0xc9, 0x5d, 0x6a, 0x3b, 0xa7, 0xa4, 0x06, 0x3e, 0x03, 0x01, 0x00, 0xcb,
    0x03, 0x8e, 0x98, 0x3e, 0x66, 0xeb, 0x0b, 0x3f, 0x72, 0x8c, 0x91, 0x3e, 0x94, 0x58, 0xaa, 0x3e,
    0x4d, 0xa8, 0x4d, 0x44, 0x00, 0x00, 0x00, 0x00, 0x00, 0x00, 0x00, 0x00, 0x00, 0x00, 0x00, 0x00,
    0x22, 0x36, 0x96, 0xc3, 0xe7, 0x95, 0x96, 0x43, 0xbe, 0xc6, 0x95, 0xc3, 0x35, 0x60, 0x70, 0xbf,
    0x05, 0x33, 0xe0, 0x3d, 0x5a, 0xf9, 0xa6, 0x3e, 0x03, 0x01, 0x00, 0xcb, 0xb7, 0xce, 0x82, 0x3e,
    0x28, 0x32, 0x17, 0x3f, 0xbd, 0x1a, 0x3a, 0x3e, 0x95, 0x22, 0xdd, 0x3e, 0x4d, 0xa8, 0x4d, 0x44,
    0x00, 0x00, 0x00, 0x00, 0x00, 0x00, 0x00, 0x00, 0x00, 0x00, 0x00, 0x00, 0x3e, 0x36, 0x96, 0xc3,
    0xc1, 0x95, 0x96, 0x43, 0x5e, 0xc7, 0x95, 0xc3, 0x91, 0x84, 0x7f, 0xbf, 0xe3, 0x68, 0x66, 0xbc,
    0xde, 0x97, 0x74, 0xbd, 0x03, 0x01, 0x00, 0xcb, 0x8e, 0x8e, 0xaa, 0x3e, 0xf4, 0x5c, 0x00, 0x3f,
    0x97, 0xd0, 0xb9, 0x3e, 0x80, 0xed, 0x69, 0x3e, 0x4d, 0xa8, 0x4d, 0x44, 0x00, 0x00, 0x00, 0x00,
    0x00, 0x00, 0x00, 0x00, 0x00, 0x00, 0x00, 0x00, 0x07, 0x36, 0x96, 0xc3, 0x6f, 0x95, 0x96, 0x43,
    0xf0, 0xc6, 0x95, 0xc3, 0x08, 0x0c, 0x61, 0xbf, 0x3c, 0x01, 0xcd, 0xbe, 0x13, 0x69, 0x84, 0x3e,
    0x03, 0x01, 0x00, 0xcb, 0x01, 0xdd, 0x6c, 0x3e, 0x65, 0xef, 0xfe, 0x3e, 0x3f, 0xeb, 0x0d, 0x3e,
    0x88, 0x7f, 0x5f, 0x3e, 0x4d, 0xa8, 0x4d, 0x44, 0x00, 0x00, 0x00, 0x00, 0x00, 0x00, 0x00, 0x00,
    0x00, 0x00, 0x00, 0x00, 0x07, 0x36, 0x96, 0xc3, 0x6f, 0x95, 0x96, 0x43, 0xf0, 0xc6, 0x95, 0xc3,
    0xa1, 0xe9, 0x24, 0x3f, 0x40, 0x8a, 0x29, 0xbe, 0xc8, 0x29, 0x3f, 0x3f, 0x03, 0x01, 0x00, 0xcb,
    0xe5, 0xe9, 0x76, 0x3e, 0x3a, 0xdd, 0x6f, 0x3f, 0xc6, 0xf6, 0x95, 0x3e, 0xbc, 0x91, 0x7b, 0x3f,
    0x4d, 0xa8, 0x4d, 0x44, 0x00, 0x00, 0x00, 0x00, 0x00, 0x00, 0x00, 0x00, 0x00, 0x00, 0x00, 0x00,
    0x64, 0x35, 0x96, 0xc3, 0xa8, 0x95, 0x96, 0x43, 0x70, 0xc7, 0x95, 0xc3, 0xa1, 0xe9, 0x24, 0x3f,
    0x40, 0x8a, 0x29, 0xbe, 0xc8, 0x29, 0x3f, 0x3f, 0x03, 0x01, 0x00, 0xcb, 0xb9, 0xe2, 0x91, 0x3e,
    0x8b, 0xe9, 0x4d, 0x3f, 0x6c, 0xb8, 0x7c, 0x3d, 0x6e, 0x62, 0x51, 0x3f, 0x4d, 0xa8, 0x4d, 0x44,
    0x00, 0x00, 0x00, 0x00, 0x00, 0x00, 0x00, 0x00, 0x00, 0x00, 0x00, 0x00, 0x22, 0x36, 0x96, 0xc3,
    0xe7, 0x95, 0x96, 0x43, 0xbe, 0xc6, 0x95, 0xc3, 0xa1, 0xe9, 0x24, 0x3f, 0x40, 0x8a, 0x29, 0xbe,
    0xc8, 0x29, 0x3f, 0x3f, 0x03, 0x01, 0x00, 0xcb, 0xd1, 0x0b, 0x20, 0x3e, 0xe7, 0xde, 0x6b, 0x3f,
    0xd4, 0xa3, 0xe0, 0x3e, 0x1f, 0x55, 0x68, 0x3f, 0x4d, 0xa8, 0x4d, 0x44, 0x00, 0x00, 0x00, 0x00,
    0x00, 0x00, 0x00, 0x00, 0x00, 0x00, 0x00, 0x00, 0xdc, 0x35, 0x96, 0xc3, 0x90, 0x96, 0x96, 0x43,
    0xd6, 0xc6, 0x95, 0xc3, 0xf7, 0x93, 0x2b, 0x3f, 0xed, 0xf5, 0x0c, 0xbe, 0x00, 0xb2, 0x3a, 0x3f,
    0x03, 0x01, 0x00, 0xcb, 0x5a, 0x30, 0xb6, 0x3d, 0x01, 0x8c, 0x52, 0x3f, 0x96, 0xd1, 0xea, 0x3e,
    0xa5, 0x00, 0x39, 0x3f, 0x4d, 0xa8, 0x4d, 0x44, 0x00, 0x00, 0x00, 0x00, 0x00, 0x00, 0x00, 0x00,
    0x00, 0x00, 0x00, 0x00, 0x70, 0x35, 0x96, 0xc3, 0xd0, 0x96, 0x96, 0x43, 0x2d, 0xc7, 0x95, 0xc3,
    0x49, 0x90, 0x2f, 0x3f, 0x40, 0x47, 0x00, 0xbe, 0xe0, 0x88, 0x37, 0x3f, 0x03, 0x01, 0x00, 0xcb,
    0x52, 0x37, 0xd6, 0x3d, 0xc2, 0x8c, 0x39, 0x3f, 0x3a, 0x06, 0xa4, 0x3e, 0xee, 0x4e, 0x17, 0x3f,
    0x4d, 0xa8, 0x4d, 0x44, 0x00, 0x00, 0x00, 0x00, 0x00, 0x00, 0x00, 0x00, 0x00, 0x00, 0x00, 0x00,
    0x16, 0x35, 0x96, 0xc3, 0x18, 0x96, 0x96, 0x43, 0xa3, 0xc7, 0x95, 0xc3, 0x49, 0x90, 0x2f, 0x3f,
    0x40, 0x47, 0x00, 0xbe, 0xe0, 0x88, 0x37, 0x3f, 0x03, 0x01, 0x00, 0xcb, 0xdb, 0xd4, 0x83, 0x3e,
    0xb4, 0xd5, 0x36, 0x3f, 0xf0, 0x2d, 0x6f, 0x3c, 0x02, 0xa2, 0x2b, 0x3f, 0x4d, 0xa8, 0x4d, 0x44,
    0x00, 0x00, 0x00, 0x00, 0x00, 0x00, 0x00, 0x00, 0x00, 0x00, 0x00, 0x00, 0x18, 0x35, 0x96, 0xc3,
    0xec, 0x96, 0x96, 0x43, 0x7d, 0xc7, 0x95, 0xc3, 0x49, 0x90, 0x2f, 0x3f, 0x40, 0x47, 0x00, 0xbe,
    0xe0, 0x88, 0x37, 0x3f, 0x03, 0x01, 0x00, 0xcb, 0xed, 0xa2, 0x08, 0x3e, 0xa3, 0x94, 0x26, 0x3f,
    0xd9, 0x2f, 0x3b, 0x3e, 0x64, 0x6e, 0x00, 0x3f, 0x4d, 0xa8, 0x4d, 0x44, 0x00, 0x00, 0x00, 0x00,
    0x00, 0x00, 0x00, 0x00, 0x00, 0x00, 0x00, 0x00, 0x58, 0x1c, 0x96, 0xc3, 0x67, 0x9e, 0x96, 0x43,
    0x59, 0xea, 0x95, 0xc3, 0xb1, 0xad, 0xcc, 0x3e, 0x9f, 0x5b, 0x8e, 0xbe, 0x33, 0x99, 0x5f, 0xbf,
    0x03, 0x01, 0x00, 0x4d, 0x1b, 0x7f, 0x3f, 0x3f, 0x1e, 0xbe, 0xf6, 0x3e, 0x86, 0x6b, 0x2d, 0x3f,
    0x48, 0xc3, 0x36, 0x3f, 0x0a, 0xeb, 0xe3, 0x43, 0x00, 0x00, 0x00, 0x00, 0x00, 0x00, 0x00, 0x00,
    0x00, 0x00, 0x00, 0x00, 0x8d, 0x1c, 0x96, 0xc3, 0x80, 0x9e, 0x96, 0x43, 0x7a, 0xea, 0x95, 0xc3,
    0xb1, 0xad, 0xcc, 0x3e, 0x9f, 0x5b, 0x8e, 0xbe, 0x33, 0x99, 0x5f, 0xbf, 0x03, 0x01, 0x00, 0x4d,
    0x4c, 0x56, 0x28, 0x3f, 0x1a, 0xbb, 0xfb, 0x3e, 0x78, 0xb5, 0x63, 0x3f, 0x5e, 0x43, 0x2a, 0x3f,
    0x0a, 0xeb, 0xe3, 0x43, 0x00, 0x00, 0x00, 0x00, 0x00, 0x00, 0x00, 0x00, 0x00, 0x00, 0x00, 0x00,
    0x77, 0x1c, 0x96, 0xc3, 0x97, 0x9e, 0x96, 0x43, 0x76, 0xea, 0x95, 0xc3, 0xb1, 0xad, 0xcc, 0x3e,
    0x9f, 0x5b, 0x8e, 0xbe, 0x33, 0x99, 0x5f, 0xbf, 0x03, 0x01, 0x00, 0x4d, 0x62, 0x50, 0x2d, 0x3f,
    0x44, 0xee, 0x06, 0x3f, 0xf8, 0x4b, 0x59, 0x3f, 0x8a, 0x3b, 0x1b, 0x3f, 0x0a, 0xeb, 0xe3, 0x43,
    0x00, 0x00, 0x00, 0x00, 0x00, 0x00, 0x00, 0x00, 0x00, 0x00, 0x00, 0x00, 0x98, 0x1c, 0x96, 0xc3,
    0x96, 0x9e, 0x96, 0x43, 0x63, 0xea, 0x95, 0xc3, 0x2c, 0xc8, 0x40, 0xbf, 0x6b, 0x29, 0x15, 0x3f,
    0x30, 0x7c, 0x9c, 0xbe, 0x03, 0x01, 0x00, 0x4d, 0x81, 0x4b, 0x48, 0x3e, 0x0a, 0xc6, 0x71, 0x3f,
    0xe8, 0xd0, 0x62, 0x3f, 0xb6, 0x86, 0x04, 0x3f, 0x0a, 0xeb, 0xe3, 0x43, 0x00, 0x00, 0x00, 0x00,
    0x00, 0x00, 0x00, 0x00, 0x00, 0x00, 0x00, 0x00, 0x6c, 0x1c, 0x96, 0xc3, 0x0f, 0x9e, 0x96, 0x43,
    0xb4, 0xe9, 0x95, 0xc3, 0xbc, 0x21, 0x22, 0xbf, 0x3c, 0x0b, 0x2a, 0x3d, 0x40, 0xd4, 0x45, 0x3f,
    0x03, 0x01, 0x00, 0x4d, 0x72, 0x03, 0xd3, 0x3d, 0xce, 0x72, 0x2f, 0x3f, 0x97, 0xd0, 0xb9, 0x3e,
    0x80, 0xed, 0x69, 0x3e, 0x0a, 0xeb, 0xe3, 0x43, 0x00, 0x00, 0x00, 0x00, 0x00, 0x00, 0x00, 0x00,
    0x00, 0x00, 0x00, 0x00, 0x57, 0x1c, 0x96, 0xc3, 0x66, 0x9e, 0x96, 0x43, 0x06, 0xea, 0x95, 0xc3,
    0xf4, 0xec, 0xca, 0xbe, 0x5f, 0x62, 0x2d, 0x3f, 0xfa, 0xad, 0x1e, 0x3f, 0x03, 0x01, 0x00, 0x4d,
    0xf2, 0xb2, 0xb5, 0x3d, 0x36, 0x2e, 0x57, 0x3f, 0x60, 0x8f, 0x0e, 0x3f, 0xc8, 0x9c, 0xfa, 0x3e,
    0x0a, 0xeb, 0xe3, 0x43, 0x00, 0x00, 0x00, 0x00, 0x00, 0x00, 0x00, 0x00, 0x00, 0x00, 0x00, 0x00,
    0xcd, 0x1c, 0x96, 0xc3, 0x46, 0x9e, 0x96, 0x43, 0x1c, 0xea, 0x95, 0xc3, 0x48, 0x48, 0x5e, 0xbf,
    0x9d, 0x3a, 0xc8, 0x3e, 0x7a, 0x40, 0x9c, 0x3e, 0x03, 0x01, 0x00, 0x4d, 0x41, 0xb6, 0x71, 0x3e,
    0xca, 0x20, 0x4f, 0x3f, 0xfa, 0x90, 0x41, 0x3f, 0xe6, 0xfd, 0x71, 0x3e, 0x0a, 0xeb, 0xe3, 0x43,
    0x00, 0x00, 0x00, 0x00, 0x00, 0x00, 0x00, 0x00, 0x00, 0x00, 0x00, 0x00, 0xc8, 0x1c, 0x96, 0xc3,
    0x2a, 0x9e, 0x96, 0x43, 0x44, 0xea, 0x95, 0xc3, 0x36, 0xa7, 0x7c, 0xbf, 0x87, 0xed, 0xa6, 0x3c,
    0x49, 0xb7, 0x23, 0xbe, 0x03, 0x01, 0x00, 0x4d, 0xc8, 0x34, 0x99, 0x3e, 0x22, 0x22, 0x51, 0x3f,
    0xac, 0x16, 0x5f, 0x3f, 0xfe, 0x47, 0x21, 0x3e, 0x0a, 0xeb, 0xe3, 0x43, 0x00, 0x00, 0x00, 0x00,
    0x00, 0x00, 0x00, 0x00, 0x00, 0x00, 0x00, 0x00, 0x8d, 0x1c, 0x96, 0xc3, 0x80, 0x9e, 0x96, 0x43,
    0x7a, 0xea, 0x95, 0xc3, 0x43, 0x10, 0x28, 0xbf, 0x77, 0x47, 0xba, 0x3e, 0x66, 0x29, 0x29, 0xbf,
    0x03, 0x01, 0x00, 0x4d, 0x11, 0xed, 0x64, 0x3e, 0x0a, 0x2e, 0x79, 0x3f, 0x80, 0x57, 0x79, 0x3f,
    0x84, 0x52, 0x06, 0x3f, 0x0a, 0xeb, 0xe3, 0x43, 0x00, 0x00, 0x00, 0x00, 0x00, 0x00, 0x00, 0x00,
    0x00, 0x00, 0x00, 0x00, 0x77, 0x1c, 0x96, 0xc3, 0x97, 0x9e, 0x96, 0x43, 0x76, 0xea, 0x95, 0xc3,
    0xf6, 0x5e, 0xd9, 0xbe, 0xa2, 0x78, 0x0b, 0x3f, 0xff, 0x1f, 0x39, 0xbf, 0x03, 0x01, 0x00, 0x4d,
    0xd9, 0x43, 0x38, 0x3e, 0x4a, 0xfe, 0x7b, 0x3f, 0x4a, 0x0e, 0x6b, 0x3f, 0x12, 0x28, 0x1b, 0x3f,
    0x0a, 0xeb, 0xe3, 0x43, 0x00, 0x00, 0x00, 0x00, 0x00, 0x00, 0x00, 0x00, 0x00, 0x00, 0x00, 0x00,
    0xb4, 0x1c, 0x96, 0xc3, 0xf0, 0x9d, 0x96, 0x43, 0x10, 0xea, 0x95, 0xc3, 0x0b, 0x85, 0x4f, 0xbf,
    0xd6, 0xdf, 0xb9, 0xbe, 0x07, 0x3d, 0xeb, 0x3e, 0x03, 0x01, 0x00, 0x4d, 0x58, 0xe0, 0x82, 0x3e,
    0xce, 0x4b, 0x32, 0x3f, 0x50, 0xf6, 0x1f, 0x3f, 0xbc, 0x4d, 0xb9, 0x3c, 0x0a, 0xeb, 0xe3, 0x43,
    0x00, 0x00, 0x00, 0x00, 0x00, 0x00, 0x00, 0x00, 0x00, 0x00, 0x00, 0x00, 0x5c, 0x1c, 0x96, 0xc3,
    0xc4, 0x9d, 0x96, 0x43, 0xcf, 0xe9, 0x95, 0xc3, 0xc2, 0x1e, 0x2a, 0xbf, 0xd5, 0xda, 0xc2, 0xbe,
    0x4a, 0xa1, 0x24, 0x3f, 0x03, 0x01, 0x00, 0x4d, 0x11, 0xba, 0x12, 0x3e, 0x94, 0xa3, 0x18, 0x3f,
    0x72, 0x2e, 0x97, 0x3e, 0xc4, 0xf6, 0xa8, 0x3c, 0x0a, 0xeb, 0xe3, 0x43, 0x00, 0x00, 0x00, 0x00,
    0x00, 0x00, 0x00, 0x00, 0x00, 0x00, 0x00, 0x00, 0xba, 0x1c, 0x96, 0xc3, 0x26, 0x9e, 0x96, 0x43,
    0xf1, 0xe9, 0x95, 0xc3, 0x65, 0xbf, 0x3a, 0xbf, 0x04, 0x7c, 0x10, 0x3e, 0x72, 0x56, 0x2b, 0x3f,
    0x03, 0x01, 0x00, 0x4d, 0x61, 0x78, 0x51, 0x3e, 0xae, 0xd3, 0x40, 0x3f, 0x50, 0x8c, 0x1f, 0x3f,
    0x1e, 0xac, 0x42, 0x3e, 0x0a, 0xeb, 0xe3, 0x43, 0x00, 0x00, 0x00, 0x00, 0x00, 0x00, 0x00, 0x00,
    0x00, 0x00, 0x00, 0x00, 0x57, 0x1c, 0x96, 0xc3, 0x66, 0x9e, 0x96, 0x43, 0x06, 0xea, 0x95, 0xc3,
    0x92, 0x68, 0x2a, 0x3f, 0xa9, 0x34, 0x2d, 0x3f, 0x70, 0x34, 0xa1, 0x3e, 0x03, 0x01, 0x00, 0x4d,
    0x60, 0xe7, 0xd5, 0x3e, 0x3c, 0x8f, 0x1b, 0x3f, 0x60, 0x8f, 0x0e, 0x3f, 0xc8, 0x9c, 0xfa, 0x3e,
    0x0a, 0xeb, 0xe3, 0x43, 0x00, 0x00, 0x00, 0x00, 0x00, 0x00, 0x00, 0x00, 0x00, 0x00, 0x00, 0x00,
    0x77, 0x1c, 0x96, 0xc3, 0x97, 0x9e, 0x96, 0x43, 0x76, 0xea, 0x95, 0xc3, 0x08, 0xd4, 0xd5, 0x3e,
    0xe6, 0xb3, 0x5e, 0x3f, 0xe8, 0x4b, 0x86, 0x3e, 0x03, 0x01, 0x00, 0x4d, 0x90, 0x1f, 0x0e, 0x3f,
    0x14, 0xa8, 0x2b, 0x3f, 0xf8, 0x4b, 0x59, 0x3f, 0x8a, 0x3b, 0x1b, 0x3f, 0x0a, 0xeb, 0xe3, 0x43,
    0x00, 0x00, 0x00, 0x00, 0x00, 0x00, 0x00, 0x00, 0x00, 0x00, 0x00, 0x00, 0x98, 0x1c, 0x96, 0xc3,
    0x96, 0x9e, 0x96, 0x43, 0x63, 0xea, 0x95, 0xc3, 0x9d, 0x3e, 0x2f, 0x3e, 0x56, 0x89, 0x6b, 0x3f,
    0x48, 0x6f, 0xb4, 0x3e, 0x03, 0x01, 0x00, 0x4d, 0xed, 0x32, 0x0b, 0x3f, 0x2b, 0x87, 0x22, 0x3f,
    0xe8, 0xd0, 0x62, 0x3f, 0xb6, 0x86, 0x04, 0x3f, 0x0a, 0xeb, 0xe3, 0x43, 0x00, 0x00, 0x00, 0x00,
    0x00, 0x00, 0x00, 0x00, 0x00, 0x00, 0x00, 0x00, 0x58, 0x1c, 0x96, 0xc3, 0x67, 0x9e, 0x96, 0x43,
    0x59, 0xea, 0x95, 0xc3, 0xbb, 0x92, 0x47, 0x3f, 0xdc, 0x54, 0x20, 0x3f, 0x9f, 0xf3, 0x1e, 0x3b,
    0x03, 0x01, 0x00, 0x4d, 0x78, 0xed, 0xfb, 0x3e, 0xed, 0xa1, 0x2a, 0x3f, 0x86, 0x6b, 0x2d, 0x3f,
    0x48, 0xc3, 0x36, 0x3f, 0x0a, 0xeb, 0xe3, 0x43, 0x00, 0x00, 0x00, 0x00, 0x00, 0x00, 0x00, 0x00,
    0x00, 0x00, 0x00, 0x00, 0x22, 0x1c, 0x96, 0xc3, 0x3d, 0x9e, 0x96, 0x43, 0x29, 0xea, 0x95, 0xc3,
    0xb5, 0x07, 0x37, 0x3f, 0xac, 0xf2, 0x1d, 0x3f, 0xcb, 0x62, 0xa8, 0x3e, 0x03, 0x01, 0x00, 0x4d,
    0x39, 0xa6, 0xb5, 0x3e, 0x5d, 0x72, 0x2e, 0x3f, 0xaa, 0xb1, 0xd4, 0x3e, 0x0a, 0x56, 0x24, 0x3f,
    0x0a, 0xeb, 0xe3, 0x43, 0x00, 0x00, 0x00, 0x00, 0x00, 0x00, 0x00, 0x00, 0x00, 0x00, 0x00, 0x00,
    0x47, 0x1c, 0x96, 0xc3, 0x06, 0x9e, 0x96, 0x43, 0xc4, 0xe9, 0x95, 0xc3, 0x69, 0x0a, 0x18, 0x3f,
    0x84, 0x26, 0x07, 0x3e, 0x85, 0x2b, 0x4b, 0x3f, 0x03, 0x01, 0x00, 0x4d, 0x03, 0x8e, 0x98, 0x3e,
    0x66, 0xeb, 0x0b, 0x3f, 0x72, 0x8c, 0x91, 0x3e, 0x94, 0x58, 0xaa, 0x3e, 0x0a, 0xeb, 0xe3, 0x43,
    0x00, 0x00, 0x00, 0x00, 0x00, 0x00, 0x00, 0x00, 0x00, 0x00, 0x00, 0x00, 0x27, 0x1c, 0x96, 0xc3,
    0xf0, 0x9d, 0x96, 0x43, 0xe7, 0xe9, 0x95, 0xc3, 0x87, 0xad, 0x42, 0x3f, 0x7e, 0x60, 0xe3, 0x3d,
    0x76, 0xcb, 0x23, 0x3f, 0x03, 0x01, 0x00, 0x4d, 0xb7, 0xce, 0x82, 0x3e, 0x28, 0x32, 0x17, 0x3f,
    0xbd, 0x1a, 0x3a, 0x3e, 0x95, 0x22, 0xdd, 0x3e, 0x0a, 0xeb, 0xe3, 0x43, 0x00, 0x00, 0x00, 0x00,
    0x00, 0x00, 0x00, 0x00, 0x00, 0x00, 0x00, 0x00, 0x6c, 0x1c, 0x96, 0xc3, 0x0f, 0x9e, 0x96, 0x43,
    0xb4, 0xe9, 0x95, 0xc3, 0xfa, 0x2d, 0xe1, 0x3e, 0x8b, 0x41, 0x5d, 0x3e, 0xb0, 0x28, 0x5f, 0x3f,
    0x03, 0x01, 0x00, 0x4d, 0x8e, 0x8e, 0xaa, 0x3e, 0xf4, 0x5c, 0x00, 0x3f, 0x97, 0xd0, 0xb9, 0x3e,
    0x80, 0xed, 0x69, 0x3e, 0x0a, 0xeb, 0xe3, 0x43, 0x00, 0x00, 0x00, 0x00, 0x00, 0x00, 0x00, 0x00,
    0x00, 0x00, 0x00, 0x00, 0x5c, 0x1c, 0x96, 0xc3, 0xc4, 0x9d, 0x96, 0x43, 0xcf, 0xe9, 0x95, 0xc3,
    0x00, 0xbb, 0xfb, 0x3e, 0x21, 0x22, 0x96, 0xbe, 0xf9, 0xe6, 0x51, 0x3f, 0x03, 0x01, 0x00, 0x4d,
    0x01, 0xdd, 0x6c, 0x3e, 0x65, 0xef, 0xfe, 0x3e, 0x3f, 0xeb, 0x0d, 0x3e, 0x88, 0x7f, 0x5f, 0x3e,
    0x0a, 0xeb, 0xe3, 0x43, 0x00, 0x00, 0x00, 0x00, 0x00, 0x00, 0x00, 0x00, 0x00, 0x00, 0x00, 0x00,
    0x5c, 0x1c, 0x96, 0xc3, 0xc4, 0x9d, 0x96, 0x43, 0xcf, 0xe9, 0x95, 0xc3, 0x70, 0xec, 0x58, 0x3e,
    0x9b, 0x95, 0x25, 0xbf, 0x0d, 0x8e, 0x3b, 0xbf, 0x03, 0x01, 0x00, 0x4d, 0xe5, 0xe9, 0x76, 0x3e,
    0x3a, 0xdd, 0x6f, 0x3f, 0xc6, 0xf6, 0x95, 0x3e, 0xbc, 0x91, 0x7b, 0x3f, 0x0a, 0xeb, 0xe3, 0x43,
    0x00, 0x00, 0x00, 0x00, 0x00, 0x00, 0x00, 0x00, 0x00, 0x00, 0x00, 0x00, 0xb4, 0x1c, 0x96, 0xc3,
    0xf0, 0x9d, 0x96, 0x43, 0x10, 0xea, 0x95, 0xc3, 0x70, 0xec, 0x58, 0x3e, 0x9b, 0x95, 0x25, 0xbf,
    0x0d, 0x8e, 0x3b, 0xbf, 0x03, 0x01, 0x00, 0x4d, 0xb9, 0xe2, 0x91, 0x3e, 0x8b, 0xe9, 0x4d, 0x3f,
    0x6c, 0xb8, 0x7c, 0x3d, 0x6e, 0x62, 0x51, 0x3f, 0x0a, 0xeb, 0xe3, 0x43, 0x00, 0x00, 0x00, 0x00,
    0x00, 0x00, 0x00, 0x00, 0x00, 0x00, 0x00, 0x00, 0x27, 0x1c, 0x96, 0xc3, 0xf0, 0x9d, 0x96, 0x43,
    0xe7, 0xe9, 0x95, 0xc3, 0x70, 0xec, 0x58, 0x3e, 0x9b, 0x95, 0x25, 0xbf, 0x0d, 0x8e, 0x3b, 0xbf,
    0x03, 0x01, 0x00, 0x4d, 0xd1, 0x0b, 0x20, 0x3e, 0xe7, 0xde, 0x6b, 0x3f, 0xd4, 0xa3, 0xe0, 0x3e,
    0x1f, 0x55, 0x68, 0x3f, 0x0a, 0xeb, 0xe3, 0x43, 0x00, 0x00, 0x00, 0x00, 0x00, 0x00, 0x00, 0x00,
    0x00, 0x00, 0x00, 0x00, 0x22, 0x1c, 0x96, 0xc3, 0x3d, 0x9e, 0x96, 0x43, 0x29, 0xea, 0x95, 0xc3,
    0xe4, 0x15, 0x48, 0x3e, 0x8d, 0xa4, 0x1e, 0xbf, 0xbf, 0x97, 0x42, 0xbf, 0x03, 0x01, 0x00, 0x4d,
    0x5a, 0x30, 0xb6, 0x3d, 0x01, 0x8c, 0x52, 0x3f, 0x96, 0xd1, 0xea, 0x3e, 0xa5, 0x00, 0x39, 0x3f,
    0x0a, 0xeb, 0xe3, 0x43, 0x00, 0x00, 0x00, 0x00, 0x00, 0x00, 0x00, 0x00, 0x00, 0x00, 0x00, 0x00,
    0x58, 0x1c, 0x96, 0xc3, 0x67, 0x9e, 0x96, 0x43, 0x59, 0xea, 0x95, 0xc3, 0x5d, 0xdd, 0x3a, 0x3e,
    0x35, 0x2a, 0x1b, 0xbf, 0x7a, 0x2f, 0x46, 0xbf, 0x03, 0x01, 0x00, 0x4d, 0x52, 0x37, 0xd6, 0x3d,
    0xc2, 0x8c, 0x39, 0x3f, 0x3a, 0x06, 0xa4, 0x3e, 0xee, 0x4e, 0x17, 0x3f, 0x0a, 0xeb, 0xe3, 0x43,
    0x00, 0x00, 0x00, 0x00, 0x00, 0x00, 0x00, 0x00, 0x00, 0x00, 0x00, 0x00, 0xc8, 0x1c, 0x96, 0xc3,
    0x2a, 0x9e, 0x96, 0x43, 0x44, 0xea, 0x95, 0xc3, 0x5e, 0xdd, 0x3a, 0x3e, 0x35, 0x2a, 0x1b, 0xbf,
    0x7a, 0x2f, 0x46, 0xbf, 0x03, 0x01, 0x00, 0x4d, 0xdb, 0xd4, 0x83, 0x3e, 0xb4, 0xd5, 0x36, 0x3f,
    0xf0, 0x2d, 0x6f, 0x3c, 0x02, 0xa2, 0x2b, 0x3f, 0x0a, 0xeb, 0xe3, 0x43, 0x00, 0x00, 0x00, 0x00,
    0x00, 0x00, 0x00, 0x00, 0x00, 0x00, 0x00, 0x00, 0x8d, 0x1c, 0x96, 0xc3, 0x80, 0x9e, 0x96, 0x43,
    0x7a, 0xea, 0x95, 0xc3, 0x5e, 0xdd, 0x3a, 0x3e, 0x35, 0x2a, 0x1b, 0xbf, 0x7a, 0x2f, 0x46, 0xbf,
    0x03, 0x01, 0x00, 0x4d, 0xed, 0xa2, 0x08, 0x3e, 0xa3, 0x94, 0x26, 0x3f, 0xd9, 0x2f, 0x3b, 0x3e,
    0x64, 0x6e, 0x00, 0x3f, 0x0a, 0xeb, 0xe3, 0x43, 0x00, 0x00, 0x00, 0x00, 0x00, 0x00, 0x00, 0x00,
    0x00, 0x00, 0x00, 0x00, 0xba, 0x0c, 0x96, 0xc3, 0x3d, 0xab, 0x96, 0x43, 0xb4, 0xe1, 0x95, 0xc3,
    0x6c, 0xd1, 0x7d, 0x3f, 0x9d, 0x84, 0x1d, 0x3c, 0xf9, 0x0b, 0x05, 0x3e, 0x53, 0x18, 0x02, 0xe8,
    0x1b, 0x7f, 0x3f, 0x3f, 0x1e, 0xbe, 0xf6, 0x3e, 0x86, 0x6b, 0x2d, 0x3f, 0x48, 0xc3, 0x36, 0x3f,
    0x56, 0x87, 0x41, 0x44, 0x00, 0x00, 0x00, 0x00, 0x00, 0x00, 0x00, 0x00, 0x00, 0x00, 0x00, 0x00,
    0x8d, 0x0c, 0x96, 0xc3, 0x69, 0xab, 0x96, 0x43, 0x12, 0xe3, 0x95, 0xc3, 0x6c, 0xd1, 0x7d, 0x3f,
    0x96, 0x84, 0x1d, 0x3c, 0xf9, 0x0b, 0x05, 0x3e, 0x53, 0x18, 0x02, 0xe8, 0x4c, 0x56, 0x28, 0x3f,
    0x1a, 0xbb, 0xfb, 0x3e, 0x78, 0xb5, 0x63, 0x3f, 0x5e, 0x43, 0x2a, 0x3f, 0x56, 0x87, 0x41, 0x44,
    0x00, 0x00, 0x00, 0x00, 0x00, 0x00, 0x00, 0x00, 0x00, 0x00, 0x00, 0x00, 0x99, 0x0c, 0x96, 0xc3,
    0xff, 0xab, 0x96, 0x43, 0xc4, 0xe2, 0x95, 0xc3, 0x6c, 0xd1, 0x7d, 0x3f, 0x9d, 0x84, 0x1d, 0x3c,
    0xf9, 0x0b, 0x05, 0x3e, 0x53, 0x18, 0x02, 0xe8, 0x62, 0x50, 0x2d, 0x3f, 0x44, 0xee, 0x06, 0x3f,
    0xf8, 0x4b, 0x59, 0x3f, 0x8a, 0x3b, 0x1b, 0x3f, 0x56, 0x87, 0x41, 0x44, 0x00, 0x00, 0x00, 0x00,
    0x00, 0x00, 0x00, 0x00, 0x00, 0x00, 0x00, 0x00, 0x25, 0x0d, 0x96, 0xc3, 0xac, 0xab, 0x96, 0x43,
    0x3c, 0xe3, 0x95, 0xc3, 0x10, 0x08, 0x9c, 0xbd, 0x55, 0xa6, 0x9a, 0x3e, 0x1e, 0x43, 0x73, 0xbf,
    0x53, 0x18, 0x02, 0xe8, 0x81, 0x4b, 0x48, 0x3e, 0x0a, 0xc6, 0x71, 0x3f, 0xe8, 0xd0, 0x62, 0x3f,
    0xb6, 0x86, 0x04, 0x3f, 0x56, 0x87, 0x41, 0x44, 0x00, 0x00, 0x00, 0x00, 0x00, 0x00, 0x00, 0x00,
    0x00, 0x00, 0x00, 0x00, 0x8c, 0x0f, 0x96, 0xc3, 0xf2, 0xa8, 0x96, 0x43, 0x51, 0xe0, 0x95, 0xc3,
    0xb9, 0xc6, 0x67, 0xbf, 0x3e, 0x2d, 0x99, 0xbe, 0xc5, 0x45, 0x9a, 0xbe, 0x53, 0x18, 0x02, 0xe8,
    0x72, 0x03, 0xd3, 0x3d, 0xce, 0x72, 0x2f, 0x3f, 0x97, 0xd0, 0xb9, 0x3e, 0x80, 0xed, 0x69, 0x3e,
    0x56, 0x87, 0x41, 0x44, 0x00, 0x00, 0x00, 0x00, 0x00, 0x00, 0x00, 0x00, 0x00, 0x00, 0x00, 0x00,
    0x4f, 0x0e, 0x96, 0xc3, 0xfd, 0xaa, 0x96, 0x43, 0x14, 0xe1, 0x95, 0xc3, 0xdb, 0x03, 0x5b, 0xbf,
    0x22, 0x90, 0xc9, 0x3e, 0x1e, 0x2e, 0xac, 0xbe, 0x53, 0x18, 0x02, 0xe8, 0xf2, 0xb2, 0xb5, 0x3d,
    0x36, 0x2e, 0x57, 0x3f, 0x60, 0x8f, 0x0e, 0x3f, 0xc8, 0x9c, 0xfa, 0x3e, 0x56, 0x87, 0x41, 0x44,
    0x00, 0x00, 0x00, 0x00, 0x00, 0x00, 0x00, 0x00, 0x00, 0x00, 0x00, 0x00, 0x6a, 0x0e, 0x96, 0xc3,
    0x8d, 0xa9, 0x96, 0x43, 0x30, 0xe3, 0x95, 0xc3, 0x2a, 0x60, 0x20, 0xbf, 0xa5, 0xfe, 0x66, 0x39,
    0xe4, 0x89, 0x47, 0xbf, 0x53, 0x18, 0x02, 0xe8, 0x41, 0xb6, 0x71, 0x3e, 0xca, 0x20, 0x4f, 0x3f,
    0xfa, 0x90, 0x41, 0x3f, 0xe6, 0xfd, 0x71, 0x3e, 0x56, 0x87, 0x41, 0x44, 0x00, 0x00, 0x00, 0x00,
    0x00, 0x00, 0x00, 0x00, 0x00, 0x00, 0x00, 0x00, 0x7b, 0x0d, 0x96, 0xc3, 0x2b, 0xa9, 0x96, 0x43,
    0x39, 0xe3, 0x95, 0xc3, 0x72, 0x2a, 0x0c, 0xbe, 0x59, 0x60, 0xa4, 0xbe, 0x0c, 0xe7, 0x6f, 0xbf,
    0x53, 0x18, 0x02, 0xe8, 0xc8, 0x34, 0x99, 0x3e, 0x22, 0x22, 0x51, 0x3f, 0xac, 0x16, 0x5f, 0x3f,
    0xfe, 0x47, 0x21, 0x3e, 0x56, 0x87, 0x41, 0x44, 0x00, 0x00, 0x00, 0x00, 0x00, 0x00, 0x00, 0x00,
    0x00, 0x00, 0x00, 0x00, 0x8d, 0x0c, 0x96, 0xc3, 0x69, 0xab, 0x96, 0x43, 0x12, 0xe3, 0x95, 0xc3,
    0x63, 0x5d, 0xab, 0x3e, 0x1d, 0xd8, 0x3c, 0x3e, 0x15, 0x92, 0x6c, 0xbf, 0x53, 0x18, 0x02, 0xe8,
    0x11, 0xed, 0x64, 0x3e, 0x0a, 0x2e, 0x79, 0x3f, 0x80, 0x57, 0x79, 0x3f, 0x84, 0x52, 0x06, 0x3f,
    0x56, 0x87, 0x41, 0x44, 0x00, 0x00, 0x00, 0x00, 0x00, 0x00, 0x00, 0x00, 0x00, 0x00, 0x00, 0x00,
    0x99, 0x0c, 0x96, 0xc3, 0xff, 0xab, 0x96, 0x43, 0xc4, 0xe2, 0x95, 0xc3, 0xb3, 0x6d, 0xd3, 0x3e,
    0x06, 0x93, 0xe3, 0x3e, 0x77, 0x80, 0x4b, 0xbf, 0x53, 0x18, 0x02, 0xe8, 0xd9, 0x43, 0x38, 0x3e,
    0x4a, 0xfe, 0x7b, 0x3f, 0x4a, 0x0e, 0x6b, 0x3f, 0x12, 0x28, 0x1b, 0x3f, 0x56, 0x87, 0x41, 0x44,
    0x00, 0x00, 0x00, 0x00, 0x00, 0x00, 0x00, 0x00, 0x00, 0x00, 0x00, 0x00, 0x0d, 0x0e, 0x96, 0xc3,
    0x16, 0xa8, 0x96, 0x43, 0x1e, 0xe2, 0x95, 0xc3, 0x14, 0x7f, 0x10, 0xbf, 0x85, 0x9b, 0x31, 0xbf,
    0xc3, 0x04, 0xe5, 0xbe, 0x53, 0x18, 0x02, 0xe8, 0x58, 0xe0, 0x82, 0x3e, 0xce, 0x4b, 0x32, 0x3f,
    0x50, 0xf6, 0x1f, 0x3f, 0xbc, 0x4d, 0xb9, 0x3c, 0x56, 0x87, 0x41, 0x44, 0x00, 0x00, 0x00, 0x00,
    0x00, 0x00, 0x00, 0x00, 0x00, 0x00, 0x00, 0x00, 0x8b, 0x0e, 0x96, 0xc3, 0xba, 0xa7, 0x96, 0x43,
    0xc1, 0xdf, 0x95, 0xc3, 0x4f, 0x4b, 0x30, 0xbf, 0x30, 0x72, 0x2e, 0xbf, 0x2b, 0xc5, 0x7d, 0xbe,
    0x53, 0x18, 0x02, 0xe8, 0x11, 0xba, 0x12, 0x3e, 0x94, 0xa3, 0x18, 0x3f, 0x72, 0x2e, 0x97, 0x3e,
    0xc4, 0xf6, 0xa8, 0x3c, 0x56, 0x87, 0x41, 0x44, 0x00, 0x00, 0x00, 0x00, 0x00, 0x00, 0x00, 0x00,
    0x00, 0x00, 0x00, 0x00, 0xf4, 0x0e, 0x96, 0xc3, 0xf8, 0xa8, 0x96, 0x43, 0x52, 0xe2, 0x95, 0xc3,
    0x00, 0x9a, 0x5c, 0xbf, 0x27, 0x20, 0x6a, 0xbe, 0xd2, 0xe7, 0xe7, 0xbe, 0x53, 0x18, 0x02, 0xe8,
    0x61, 0x78, 0x51, 0x3e, 0xae, 0xd3, 0x40, 0x3f, 0x50, 0x8c, 0x1f, 0x3f, 0x1e, 0xac, 0x42, 0x3e,
    0x56, 0x87, 0x41, 0x44, 0x00, 0x00, 0x00, 0x00, 0x00, 0x00, 0x00, 0x00, 0x00, 0x00, 0x00, 0x00,
    0x4f, 0x0e, 0x96, 0xc3, 0xfd, 0xaa, 0x96, 0x43, 0x14, 0xe1, 0x95, 0xc3, 0x97, 0x36, 0x8b, 0xbe,
    0xdc, 0xde, 0x52, 0x3f, 0x52, 0xc0, 0xfe, 0x3e, 0x53, 0x18, 0x02, 0xe8, 0x60, 0xe7, 0xd5, 0x3e,
    0x3c, 0x8f, 0x1b, 0x3f, 0x60, 0x8f, 0x0e, 0x3f, 0xc8, 0x9c, 0xfa, 0x3e, 0x56, 0x87, 0x41, 0x44,
    0x00, 0x00, 0x00, 0x00, 0x00, 0x00, 0x00, 0x00, 0x00, 0x00, 0x00, 0x00, 0x99, 0x0c, 0x96, 0xc3,
    0xff, 0xab, 0x96, 0x43, 0xc4, 0xe2, 0x95, 0xc3, 0xb0, 0x0c, 0xaf, 0xbe, 0xce, 0xff, 0x6a, 0x3f,
    0x90, 0xf1, 0x4d, 0x3e, 0x53, 0x18, 0x02, 0xe8, 0x90, 0x1f, 0x0e, 0x3f, 0x14, 0xa8, 0x2b, 0x3f,
    0xf8, 0x4b, 0x59, 0x3f, 0x8a, 0x3b, 0x1b, 0x3f, 0x56, 0x87, 0x41, 0x44, 0x00, 0x00, 0x00, 0x00,
    0x00, 0x00, 0x00, 0x00, 0x00, 0x00, 0x00, 0x00, 0x25, 0x0d, 0x96, 0xc3, 0xac, 0xab, 0x96, 0x43,
    0x3c, 0xe3, 0x95, 0xc3, 0x24, 0xfb, 0x01, 0xbf, 0xff, 0x8b, 0x5c, 0x3f, 0xa4, 0x90, 0x25, 0xba,
    0x53, 0x18, 0x02, 0xe8, 0xed, 0x32, 0x0b, 0x3f, 0x2b, 0x87, 0x22, 0x3f, 0xe8, 0xd0, 0x62, 0x3f,
    0xb6, 0x86, 0x04, 0x3f, 0x56, 0x87, 0x41, 0x44, 0x00, 0x00, 0x00, 0x00, 0x00, 0x00, 0x00, 0x00,
    0x00, 0x00, 0x00, 0x00, 0xba, 0x0c, 0x96, 0xc3, 0x3d, 0xab, 0x96, 0x43, 0xb4, 0xe1, 0x95, 0xc3,
    0x39, 0xda, 0x7e, 0x3d, 0xf2, 0x9b, 0x5c, 0x3f, 0x1a, 0xe5, 0x00, 0x3f, 0x53, 0x18, 0x02, 0xe8,
    0x78, 0xed, 0xfb, 0x3e, 0xed, 0xa1, 0x2a, 0x3f, 0x86, 0x6b, 0x2d, 0x3f, 0x48, 0xc3, 0x36, 0x3f,
    0x56, 0x87, 0x41, 0x44, 0x00, 0x00, 0x00, 0x00, 0x00, 0x00, 0x00, 0x00, 0x00, 0x00, 0x00, 0x00,
    0x1f, 0x0d, 0x96, 0xc3, 0xb7, 0xaa, 0x96, 0x43, 0x1b, 0xe0, 0x95, 0xc3, 0xa9, 0x13, 0x83, 0xbe,
    0x3d, 0xf6, 0x48, 0x3f, 0xae, 0x69, 0x10, 0x3f, 0x53, 0x18, 0x02, 0xe8, 0x39, 0xa6, 0xb5, 0x3e,
    0x5d, 0x72, 0x2e, 0x3f, 0xaa, 0xb1, 0xd4, 0x3e, 0x0a, 0x56, 0x24, 0x3f, 0x56, 0x87, 0x41, 0x44,
    0x00, 0x00, 0x00, 0x00, 0x00, 0x00, 0x00, 0x00, 0x00, 0x00, 0x00, 0x00, 0xf9, 0x0e, 0x96, 0xc3,
    0x19, 0xa9, 0x96, 0x43, 0xb4, 0xdf, 0x95, 0xc3, 0x4b, 0x70, 0x19, 0xbf, 0xd3, 0x6f, 0x6c, 0x3e,
    0xfa, 0x35, 0x44, 0x3f, 0x53, 0x18, 0x02, 0xe8, 0x03, 0x8e, 0x98, 0x3e, 0x66, 0xeb, 0x0b, 0x3f,
    0x72, 0x8c, 0x91, 0x3e, 0x94, 0x58, 0xaa, 0x3e, 0x56, 0x87, 0x41, 0x44, 0x00, 0x00, 0x00, 0x00,
    0x00, 0x00, 0x00, 0x00, 0x00, 0x00, 0x00, 0x00, 0x02, 0x0e, 0x96, 0xc3, 0x09, 0xa9, 0x96, 0x43,
    0x3b, 0xdf, 0x95, 0xc3, 0x2f, 0x1c, 0xcf, 0xbe, 0xdd, 0x51, 0x96, 0x3e, 0x66, 0xba, 0x5d, 0x3f,
    0x53, 0x18, 0x02, 0xe8, 0xb7, 0xce, 0x82, 0x3e, 0x28, 0x32, 0x17, 0x3f, 0xbd, 0x1a, 0x3a, 0x3e,
    0x95, 0x22, 0xdd, 0x3e, 0x56, 0x87, 0x41, 0x44, 0x00, 0x00, 0x00, 0x00, 0x00, 0x00, 0x00, 0x00,
    0x00, 0x00, 0x00, 0x00, 0x8c, 0x0f, 0x96, 0xc3, 0xf2, 0xa8, 0x96, 0x43, 0x51, 0xe0, 0x95, 0xc3,
    0xb1, 0x82, 0x3c, 0xbf, 0x52, 0xf9, 0x76, 0x3e, 0x5f, 0xd3, 0x21, 0x3f, 0x53, 0x18, 0x02, 0xe8,
    0x8e, 0x8e, 0xaa, 0x3e, 0xf4, 0x5c, 0x00, 0x3f, 0x97, 0xd0, 0xb9, 0x3e, 0x80, 0xed, 0x69, 0x3e,
    0x56, 0x87, 0x41, 0x44, 0x00, 0x00, 0x00, 0x00, 0x00, 0x00, 0x00, 0x00, 0x00, 0x00, 0x00, 0x00,
    0x8b, 0x0e, 0x96, 0xc3, 0xba, 0xa7, 0x96, 0x43, 0xc1, 0xdf, 0x95, 0xc3, 0xcf, 0xe1, 0x0b, 0xbf,
    0x06, 0x5d, 0x4e, 0xbe, 0xb5, 0x1a, 0x50, 0x3f, 0x53, 0x18, 0x02, 0xe8, 0x01, 0xdd, 0x6c, 0x3e,
    0x65, 0xef, 0xfe, 0x3e, 0x3f, 0xeb, 0x0d, 0x3e, 0x88, 0x7f, 0x5f, 0x3e, 0x56, 0x87, 0x41, 0x44,
    0x00, 0x00, 0x00, 0x00, 0x00, 0x00, 0x00, 0x00, 0x00, 0x00, 0x00, 0x00, 0x8b, 0x0e, 0x96, 0xc3,
    0xba, 0xa7, 0x96, 0x43, 0xc1, 0xdf, 0x95, 0xc3, 0x62, 0x68, 0x66, 0x3f, 0x53, 0xf1, 0xd5, 0xbe,
    0xd8, 0xaa, 0xfd, 0x3d, 0x53, 0x18, 0x02, 0xe8, 0xe5, 0xe9, 0x76, 0x3e, 0x3a, 0xdd, 0x6f, 0x3f,
    0xc6, 0xf6, 0x95, 0x3e, 0xbc, 0x91, 0x7b, 0x3f, 0x56, 0x87, 0x41, 0x44, 0x00, 0x00, 0x00, 0x00,
    0x00, 0x00, 0x00, 0x00, 0x00, 0x00, 0x00, 0x00, 0x0d, 0x0e, 0x96, 0xc3, 0x16, 0xa8, 0x96, 0x43,
    0x1e, 0xe2, 0x95, 0xc3, 0x62, 0x68, 0x66, 0x3f, 0x53, 0xf1, 0xd5, 0xbe, 0xd8, 0xaa, 0xfd, 0x3d,
    0x53, 0x18, 0x02, 0xe8, 0xb9, 0xe2, 0x91, 0x3e, 0x8b, 0xe9, 0x4d, 0x3f, 0x6c, 0xb8, 0x7c, 0x3d,
    0x6e, 0x62, 0x51, 0x3f, 0x56, 0x87, 0x41, 0x44, 0x00, 0x00, 0x00, 0x00, 0x00, 0x00, 0x00, 0x00,
    0x00, 0x00, 0x00, 0x00, 0x02, 0x0e, 0x96, 0xc3, 0x09, 0xa9, 0x96, 0x43, 0x3b, 0xdf, 0x95, 0xc3,
    0x62, 0x68, 0x66, 0x3f, 0x53, 0xf1, 0xd5, 0xbe, 0xd8, 0xaa, 0xfd, 0x3d, 0x53, 0x18, 0x02, 0xe8,
    0xd1, 0x0b, 0x20, 0x3e, 0xe7, 0xde, 0x6b, 0x3f, 0xd4, 0xa3, 0xe0, 0x3e, 0x1f, 0x55, 0x68, 0x3f,
    0x56, 0x87, 0x41, 0x44, 0x00, 0x00, 0x00, 0x00, 0x00, 0x00, 0x00, 0x00, 0x00, 0x00, 0x00, 0x00,
    0x1f, 0x0d, 0x96, 0xc3, 0xb7, 0xaa, 0x96, 0x43, 0x1b, 0xe0, 0x95, 0xc3, 0xb1, 0xfe, 0x69, 0x3f,
    0x7f, 0x54, 0xca, 0xbe, 0x73, 0x48, 0xbb, 0x3d, 0x53, 0x18, 0x02, 0xe8, 0x5a, 0x30, 0xb6, 0x3d,
    0x01, 0x8c, 0x52, 0x3f, 0x96, 0xd1, 0xea, 0x3e, 0xa5, 0x00, 0x39, 0x3f, 0x56, 0x87, 0x41, 0x44,
    0x00, 0x00, 0x00, 0x00, 0x00, 0x00, 0x00, 0x00, 0x00, 0x00, 0x00, 0x00, 0xba, 0x0c, 0x96, 0xc3,
    0x3d, 0xab, 0x96, 0x43, 0xb4, 0xe1, 0x95, 0xc3, 0xbd, 0x83, 0x6b, 0x3f, 0xcb, 0x5e, 0xc5, 0xbe,
    0xe2, 0x5a, 0x91, 0x3d, 0x53, 0x18, 0x02, 0xe8, 0x52, 0x37, 0xd6, 0x3d, 0xc2, 0x8c, 0x39, 0x3f,
    0x3a, 0x06, 0xa4, 0x3e, 0xee, 0x4e, 0x17, 0x3f, 0x56, 0x87, 0x41, 0x44, 0x00, 0x00, 0x00, 0x00,
    0x00, 0x00, 0x00, 0x00, 0x00, 0x00, 0x00, 0x00, 0x7b, 0x0d, 0x96, 0xc3, 0x2b, 0xa9, 0x96, 0x43,
    0x39, 0xe3, 0x95, 0xc3, 0xbd, 0x83, 0x6b, 0x3f, 0xcb, 0x5e, 0xc5, 0xbe, 0xe4, 0x5a, 0x91, 0x3d,
    0x53, 0x18, 0x02, 0xe8, 0xdb, 0xd4, 0x83, 0x3e, 0xb4, 0xd5, 0x36, 0x3f, 0xf0, 0x2d, 0x6f, 0x3c,
    0x02, 0xa2, 0x2b, 0x3f, 0x56, 0x87, 0x41, 0x44, 0x00, 0x00, 0x00, 0x00, 0x00, 0x00, 0x00, 0x00,
    0x00, 0x00, 0x00, 0x00, 0x8d, 0x0c, 0x96, 0xc3, 0x69, 0xab, 0x96, 0x43, 0x12, 0xe3, 0x95, 0xc3,
    0xbd, 0x83, 0x6b, 0x3f, 0xcb, 0x5e, 0xc5, 0xbe, 0xe4, 0x5a, 0x91, 0x3d, 0x53, 0x18, 0x02, 0xe8,
    0xed, 0xa2, 0x08, 0x3e, 0xa3, 0x94, 0x26, 0x3f, 0xd9, 0x2f, 0x3b, 0x3e, 0x64, 0x6e, 0x00, 0x3f,
    0x56, 0x87, 0x41, 0x44, 0x00, 0x00, 0x00, 0x00, 0x00, 0x00, 0x00, 0x00, 0x00, 0x00, 0x00, 0x00,
    0x32, 0x15, 0x96, 0xc3, 0x41, 0x96, 0x96, 0x43, 0xa3, 0xbd, 0x95, 0xc3, 0xd0, 0x7d, 0x30, 0xbf,
    0x4b, 0x8c, 0x2f, 0x3e, 0x26, 0x2b, 0x34, 0xbf, 0xeb, 0x40, 0x04, 0xfd, 0x1b, 0x7f, 0x3f, 0x3f,
    0x1e, 0xbe, 0xf6, 0x3e, 0x86, 0x6b, 0x2d, 0x3f, 0x48, 0xc3, 0x36, 0x3f, 0xfa, 0x2a, 0xfa, 0x41,
    0x00, 0x00, 0x00, 0x00, 0x00, 0x00, 0x00, 0x00, 0x00, 0x00, 0x00, 0x00, 0x66, 0x15, 0x96, 0xc3,
    0x81, 0x96, 0x96, 0x43, 0x60, 0xbd, 0x95, 0xc3, 0xd0, 0x7d, 0x30, 0xbf, 0x4c, 0x8c, 0x2f, 0x3e,
    0x26, 0x2b, 0x34, 0xbf, 0xeb, 0x40, 0x04, 0xfd, 0x4c, 0x56, 0x28, 0x3f, 0x1a, 0xbb, 0xfb, 0x3e,
    0x78, 0xb5, 0x63, 0x3f, 0x5e, 0x43, 0x2a, 0x3f, 0xfa, 0x2a, 0xfa, 0x41, 0x00, 0x00, 0x00, 0x00,
    0x00, 0x00, 0x00, 0x00, 0x00, 0x00, 0x00, 0x00, 0x44, 0x15, 0x96, 0xc3, 0x9b, 0x96, 0x96, 0x43,
    0x7b, 0xbd, 0x95, 0xc3, 0xd0, 0x7d, 0x30, 0xbf, 0x4b, 0x8c, 0x2f, 0x3e, 0x26, 0x2b, 0x34, 0xbf,
    0xeb, 0x40, 0x04, 0xfd, 0x62, 0x50, 0x2d, 0x3f, 0x44, 0xee, 0x06, 0x3f, 0xf8, 0x4b, 0x59, 0x3f,
    0x8a, 0x3b, 0x1b, 0x3f, 0xfa, 0x2a, 0xfa, 0x41, 0x00, 0x00, 0x00, 0x00, 0x00, 0x00, 0x00, 0x00,
    0x00, 0x00, 0x00, 0x00, 0x40, 0x15, 0x96, 0xc3, 0x8e, 0x96, 0x96, 0x43, 0x40, 0xbd, 0x95, 0xc3,
    0xca, 0x09, 0x71, 0xbe, 0xce, 0x18, 0x32, 0x3f, 0xf8, 0xbd, 0x2d, 0x3f, 0xeb, 0x40, 0x04, 0xfd,
    0x81, 0x4b, 0x48, 0x3e, 0x0a, 0xc6, 0x71, 0x3f, 0xe8, 0xd0, 0x62, 0x3f, 0xb6, 0x86, 0x04, 0x3f,
    0xfa, 0x2a, 0xfa, 0x41, 0x00, 0x00, 0x00, 0x00, 0x00, 0x00, 0x00, 0x00, 0x00, 0x00, 0x00, 0x00,
    0xaf, 0x14, 0x96, 0xc3, 0x48, 0x95, 0x96, 0x43, 0x41, 0xbd, 0x95, 0xc3, 0x19, 0xbb, 0xd2, 0x3e,
    0x9f, 0xfb, 0xa0, 0xbe, 0xa6, 0xfc, 0x5a, 0x3f, 0xeb, 0x40, 0x04, 0xfd, 0x72, 0x03, 0xd3, 0x3d,
    0xce, 0x72, 0x2f, 0x3f, 0x97, 0xd0, 0xb9, 0x3e, 0x80, 0xed, 0x69, 0x3e, 0xfa, 0x2a, 0xfa, 0x41,
    0x00, 0x00, 0x00, 0x00, 0x00, 0x00, 0x00, 0x00, 0x00, 0x00, 0x00, 0x00, 0xc9, 0x14, 0x96, 0xc3,
    0xfe, 0x95, 0x96, 0x43, 0x78, 0xbd, 0x95, 0xc3, 0x5c, 0xd7, 0x2d, 0x3f, 0x15, 0xb6, 0x99, 0x3e,
    0x2a, 0x7d, 0x2b, 0x3f, 0xeb, 0x40, 0x04, 0xfd, 0xf2, 0xb2, 0xb5, 0x3d, 0x36, 0x2e, 0x57, 0x3f,
    0x60, 0x8f, 0x0e, 0x3f, 0xc8, 0x9c, 0xfa, 0x3e, 0xfa, 0x2a, 0xfa, 0x41, 0x00, 0x00, 0x00, 0x00,
    0x00, 0x00, 0x00, 0x00, 0x00, 0x00, 0x00, 0x00, 0x40, 0x15, 0x96, 0xc3, 0xed, 0x95, 0x96, 0x43,
    0xde, 0xbc, 0x95, 0xc3, 0xc5, 0xd4, 0xf6, 0x3d, 0x99, 0x3f, 0x6e, 0x3e, 0x34, 0x0e, 0x77, 0x3f,
    0xeb, 0x40, 0x04, 0xfd, 0x41, 0xb6, 0x71, 0x3e, 0xca, 0x20, 0x4f, 0x3f, 0xfa, 0x90, 0x41, 0x3f,
    0xe6, 0xfd, 0x71, 0x3e, 0xfa, 0x2a, 0xfa, 0x41, 0x00, 0x00, 0x00, 0x00, 0x00, 0x00, 0x00, 0x00,
    0x00, 0x00, 0x00, 0x00, 0x85, 0x15, 0x96, 0xc3, 0xe5, 0x95, 0x96, 0x43, 0xff, 0xbc, 0x95, 0xc3,
    0x18, 0xcb, 0xf1, 0xbe, 0xb9, 0xb2, 0x17, 0x3e, 0xe6, 0x71, 0x5e, 0x3f, 0xeb, 0x40, 0x04, 0xfd,
    0xc8, 0x34, 0x99, 0x3e, 0x22, 0x22, 0x51, 0x3f, 0xac, 0x16, 0x5f, 0x3f, 0xfe, 0x47, 0x21, 0x3e,
    0xfa, 0x2a, 0xfa, 0x41, 0x00, 0x00, 0x00, 0x00, 0x00, 0x00, 0x00, 0x00, 0x00, 0x00, 0x00, 0x00,
    0x66, 0x15, 0x96, 0xc3, 0x81, 0x96, 0x96, 0x43, 0x60, 0xbd, 0x95, 0xc3, 0x98, 0x12, 0x17, 0xbf,
    0x83, 0x58, 0x2d, 0x3f, 0x5e, 0x12, 0xe1, 0x3e, 0xeb, 0x40, 0x04, 0xfd, 0x11, 0xed, 0x64, 0x3e,
    0x0a, 0x2e, 0x79, 0x3f, 0x80, 0x57, 0x79, 0x3f, 0x84, 0x52, 0x06, 0x3f, 0xfa, 0x2a, 0xfa, 0x41,
    0x00, 0x00, 0x00, 0x00, 0x00, 0x00, 0x00, 0x00, 0x00, 0x00, 0x00, 0x00, 0x44, 0x15, 0x96, 0xc3,
    0x9b, 0x96, 0x96, 0x43, 0x7b, 0xbd, 0x95, 0xc3, 0xa4, 0xab, 0xf0, 0xbe, 0xe5, 0x57, 0x5a, 0x3f,
    0x6a, 0x9b, 0x68, 0x3e, 0xeb, 0x40, 0x04, 0xfd, 0xd9, 0x43, 0x38, 0x3e, 0x4a, 0xfe, 0x7b, 0x3f,
    0x4a, 0x0e, 0x6b, 0x3f, 0x12, 0x28, 0x1b, 0x3f, 0xfa, 0x2a, 0xfa, 0x41, 0x00, 0x00, 0x00, 0x00,
    0x00, 0x00, 0x00, 0x00, 0x00, 0x00, 0x00, 0x00, 0x63, 0x15, 0x96, 0xc3, 0x6d, 0x95, 0x96, 0x43,
    0x0f, 0xbd, 0x95, 0xc3, 0x5c, 0x92, 0xc6, 0xbd, 0xb3, 0x20, 0x00, 0xbf, 0x02, 0x3c, 0x5c, 0x3f,
    0xeb, 0x40, 0x04, 0xfd, 0x58, 0xe0, 0x82, 0x3e, 0xce, 0x4b, 0x32, 0x3f, 0x50, 0xf6, 0x1f, 0x3f,
    0xbc, 0x4d, 0xb9, 0x3c, 0xfa, 0x2a, 0xfa, 0x41, 0x00, 0x00, 0x00, 0x00, 0x00, 0x00, 0x00, 0x00,
    0x00, 0x00, 0x00, 0x00, 0x01, 0x15, 0x96, 0xc3, 0xf6, 0x94, 0x96, 0x43, 0x78, 0xbd, 0x95, 0xc3,
    0xc6, 0xaf, 0xc0, 0x3d, 0x49, 0x46, 0x1d, 0xbf, 0xfe, 0x8c, 0x48, 0x3f, 0xeb, 0x40, 0x04, 0xfd,
    0x11, 0xba, 0x12, 0x3e, 0x94, 0xa3, 0x18, 0x3f, 0x72, 0x2e, 0x97, 0x3e, 0xc4, 0xf6, 0xa8, 0x3c,
    0xfa, 0x2a, 0xfa, 0x41, 0x00, 0x00, 0x00, 0x00, 0x00, 0x00, 0x00, 0x00, 0x00, 0x00, 0x00, 0x00,
    0x17, 0x15, 0x96, 0xc3, 0x9e, 0x95, 0x96, 0x43, 0xea, 0xbc, 0x95, 0xc3, 0x5f, 0x19, 0xaf, 0x3e,
    0x26, 0xea, 0x2f, 0xbe, 0x8e, 0x82, 0x6c, 0x3f, 0xeb, 0x40, 0x04, 0xfd, 0x61, 0x78, 0x51, 0x3e,
    0xae, 0xd3, 0x40, 0x3f, 0x50, 0x8c, 0x1f, 0x3f, 0x1e, 0xac, 0x42, 0x3e, 0xfa, 0x2a, 0xfa, 0x41,
    0x00, 0x00, 0x00, 0x00, 0x00, 0x00, 0x00, 0x00, 0x00, 0x00, 0x00, 0x00, 0xc9, 0x14, 0x96, 0xc3,
    0xfe, 0x95, 0x96, 0x43, 0x78, 0xbd, 0x95, 0xc3, 0x42, 0xbf, 0x50, 0x3f, 0xd5, 0xa4, 0xca, 0x3e,
    0x50, 0x48, 0xd8, 0xbe, 0xeb, 0x40, 0x04, 0xfd, 0x60, 0xe7, 0xd5, 0x3e, 0x3c, 0x8f, 0x1b, 0x3f,
    0x60, 0x8f, 0x0e, 0x3f, 0xc8, 0x9c, 0xfa, 0x3e, 0xfa, 0x2a, 0xfa, 0x41, 0x00, 0x00, 0x00, 0x00,
    0x00, 0x00, 0x00, 0x00, 0x00, 0x00, 0x00, 0x00, 0x44, 0x15, 0x96, 0xc3, 0x9b, 0x96, 0x96, 0x43,
    0x7b, 0xbd, 0x95, 0xc3, 0x90, 0xf0, 0x46, 0x3f, 0x1d, 0x31, 0x1a, 0x3f, 0xa4, 0xed, 0x3a, 0xbe,
    0xeb, 0x40, 0x04, 0xfd, 0x90, 0x1f, 0x0e, 0x3f, 0x14, 0xa8, 0x2b, 0x3f, 0xf8, 0x4b, 0x59, 0x3f,
    0x8a, 0x3b, 0x1b, 0x3f, 0xfa, 0x2a, 0xfa, 0x41, 0x00, 0x00, 0x00, 0x00, 0x00, 0x00, 0x00, 0x00,
    0x00, 0x00, 0x00, 0x00, 0x40, 0x15, 0x96, 0xc3, 0x8e, 0x96, 0x96, 0x43, 0x40, 0xbd, 0x95, 0xc3,
    0x64, 0xef, 0x48, 0x3f, 0xe9, 0x25, 0x1d, 0x3f, 0x05, 0x9e, 0xac, 0x3d, 0xeb, 0x40, 0x04, 0xfd,
    0xed, 0x32, 0x0b, 0x3f, 0x2b, 0x87, 0x22, 0x3f, 0xe8, 0xd0, 0x62, 0x3f, 0xb6, 0x86, 0x04, 0x3f,
    0xfa, 0x2a, 0xfa, 0x41, 0x00, 0x00, 0x00, 0x00, 0x00, 0x00, 0x00, 0x00, 0x00, 0x00, 0x00, 0x00,
    0x32, 0x15, 0x96, 0xc3, 0x41, 0x96, 0x96, 0x43, 0xa3, 0xbd, 0x95, 0xc3, 0xcc, 0xfb, 0x14, 0x3f,
    0x06, 0x51, 0x00, 0x3f, 0x6f, 0xef, 0x23, 0xbf, 0xeb, 0x40, 0x04, 0xfd, 0x78, 0xed, 0xfb, 0x3e,
    0xed, 0xa1, 0x2a, 0x3f, 0x86, 0x6b, 0x2d, 0x3f, 0x48, 0xc3, 0x36, 0x3f, 0xfa, 0x2a, 0xfa, 0x41,
    0x00, 0x00, 0x00, 0x00, 0x00, 0x00, 0x00, 0x00, 0x00, 0x00, 0x00, 0x00, 0xf6, 0x14, 0x96, 0xc3,
    0xdd, 0x95, 0x96, 0x43, 0xe2, 0xbd, 0x95, 0xc3, 0xcb, 0xd4, 0x50, 0x3f, 0x7f, 0x52, 0xab, 0x3e,
    0x29, 0x8f, 0xf1, 0xbe, 0xeb, 0x40, 0x04, 0xfd, 0x39, 0xa6, 0xb5, 0x3e, 0x5d, 0x72, 0x2e, 0x3f,
    0xaa, 0xb1, 0xd4, 0x3e, 0x0a, 0x56, 0x24, 0x3f, 0xfa, 0x2a, 0xfa, 0x41, 0x00, 0x00, 0x00, 0x00,
    0x00, 0x00, 0x00, 0x00, 0x00, 0x00, 0x00, 0x00, 0xb6, 0x14, 0x96, 0xc3, 0x46, 0x95, 0x96, 0x43,
    0x82, 0xbd, 0x95, 0xc3, 0x8f, 0x70, 0x69, 0x3f, 0x73, 0xb8, 0x9e, 0xbe, 0x6e, 0xc0, 0x89, 0xbe,
    0xeb, 0x40, 0x04, 0xfd, 0x03, 0x8e, 0x98, 0x3e, 0x66, 0xeb, 0x0b, 0x3f, 0x72, 0x8c, 0x91, 0x3e,
    0x94, 0x58, 0xaa, 0x3e, 0xfa, 0x2a, 0xfa, 0x41, 0x00, 0x00, 0x00, 0x00, 0x00, 0x00, 0x00, 0x00,
    0x00, 0x00, 0x00, 0x00, 0xdf, 0x14, 0x96, 0xc3, 0x41, 0x95, 0x96, 0x43, 0xc9, 0xbd, 0x95, 0xc3,
    0xae, 0xa0, 0x56, 0x3f, 0x94, 0x63, 0x85, 0xbe, 0xa1, 0x22, 0xf5, 0xbe, 0xeb, 0x40, 0x04, 0xfd,
    0xb7, 0xce, 0x82, 0x3e, 0x28, 0x32, 0x17, 0x3f, 0xbd, 0x1a, 0x3a, 0x3e, 0x95, 0x22, 0xdd, 0x3e,
    0xfa, 0x2a, 0xfa, 0x41, 0x00, 0x00, 0x00, 0x00, 0x00, 0x00, 0x00, 0x00, 0x00, 0x00, 0x00, 0x00,
    0xaf, 0x14, 0x96, 0xc3, 0x48, 0x95, 0x96, 0x43, 0x41, 0xbd, 0x95, 0xc3, 0x1e, 0x9f, 0x75, 0x3f,
    0x08, 0x23, 0x89, 0xbe, 0xa0, 0xad, 0xb3, 0xbd, 0xeb, 0x40, 0x04, 0xfd, 0x8e, 0x8e, 0xaa, 0x3e,
    0xf4, 0x5c, 0x00, 0x3f, 0x97, 0xd0, 0xb9, 0x3e, 0x80, 0xed, 0x69, 0x3e, 0xfa, 0x2a, 0xfa, 0x41,
    0x00, 0x00, 0x00, 0x00, 0x00, 0x00, 0x00, 0x00, 0x00, 0x00, 0x00, 0x00, 0x01, 0x15, 0x96, 0xc3,
    0xf6, 0x94, 0x96, 0x43, 0x78, 0xbd, 0x95, 0xc3, 0x03, 0x3b, 0x31, 0x3f, 0x54, 0xb2, 0x2f, 0xbf,
    0x79, 0x3f, 0x64, 0xbe, 0xeb, 0x40, 0x04, 0xfd, 0x01, 0xdd, 0x6c, 0x3e, 0x65, 0xef, 0xfe, 0x3e,
    0x3f, 0xeb, 0x0d, 0x3e, 0x88, 0x7f, 0x5f, 0x3e, 0xfa, 0x2a, 0xfa, 0x41, 0x00, 0x00, 0x00, 0x00,
    0x00, 0x00, 0x00, 0x00, 0x00, 0x00, 0x00, 0x00, 0x01, 0x15, 0x96, 0xc3, 0xf6, 0x94, 0x96, 0x43,
    0x78, 0xbd, 0x95, 0xc3, 0x2d, 0x2a, 0x52, 0xbf, 0x1a, 0x4c, 0x55, 0xbe, 0xb0, 0x19, 0x08, 0xbf,
    0xeb, 0x40, 0x04, 0xfd, 0xe5, 0xe9, 0x76, 0x3e, 0x3a, 0xdd, 0x6f, 0x3f, 0xc6, 0xf6, 0x95, 0x3e,
    0xbc, 0x91, 0x7b, 0x3f, 0xfa, 0x2a, 0xfa, 0x41, 0x00, 0x00, 0x00, 0x00, 0x00, 0x00, 0x00, 0x00,
    0x00, 0x00, 0x00, 0x00, 0x63, 0x15, 0x96, 0xc3, 0x6d, 0x95, 0x96, 0x43, 0x0f, 0xbd, 0x95, 0xc3,
    0x2d, 0x2a, 0x52, 0xbf, 0x1a, 0x4c, 0x55, 0xbe, 0xb0, 0x19, 0x08, 0xbf, 0xeb, 0x40, 0x04, 0xfd,
    0xb9, 0xe2, 0x91, 0x3e, 0x8b, 0xe9, 0x4d, 0x3f, 0x6c, 0xb8, 0x7c, 0x3d, 0x6e, 0x62, 0x51, 0x3f,
    0xfa, 0x2a, 0xfa, 0x41, 0x00, 0x00, 0x00, 0x00, 0x00, 0x00, 0x00, 0x00, 0x00, 0x00, 0x00, 0x00,
    0xdf, 0x14, 0x96, 0xc3, 0x41, 0x95, 0x96, 0x43, 0xc9, 0xbd, 0x95, 0xc3, 0x2d, 0x2a, 0x52, 0xbf,
    0x19, 0x4c, 0x55, 0xbe, 0xb0, 0x19, 0x08, 0xbf, 0xeb, 0x40, 0x04, 0xfd, 0xd1, 0x0b, 0x20, 0x3e,
    0xe7, 0xde, 0x6b, 0x3f, 0xd4, 0xa3, 0xe0, 0x3e, 0x1f, 0x55, 0x68, 0x3f, 0xfa, 0x2a, 0xfa, 0x41,
    0x00, 0x00, 0x00, 0x00, 0x00, 0x00, 0x00, 0x00, 0x00, 0x00, 0x00, 0x00, 0xf6, 0x14, 0x96, 0xc3,
    0xdd, 0x95, 0x96, 0x43, 0xe2, 0xbd, 0x95, 0xc3, 0x28, 0xfb, 0x55, 0xbf, 0xe9, 0x64, 0x2e, 0xbe,
    0xfd, 0x97, 0x05, 0xbf, 0xeb, 0x40, 0x04, 0xfd, 0x5a, 0x30, 0xb6, 0x3d, 0x01, 0x8c, 0x52, 0x3f,
    0x96, 0xd1, 0xea, 0x3e, 0xa5, 0x00, 0x39, 0x3f, 0xfa, 0x2a, 0xfa, 0x41, 0x00, 0x00, 0x00, 0x00,
    0x00, 0x00, 0x00, 0x00, 0x00, 0x00, 0x00, 0x00, 0x32, 0x15, 0x96, 0xc3, 0x41, 0x96, 0x96, 0x43,
    0xa3, 0xbd, 0x95, 0xc3, 0x1f, 0x60, 0x58, 0xbf, 0xd5, 0x85, 0x1a, 0xbe, 0xd0, 0x3e, 0x03, 0xbf,
    0xeb, 0x40, 0x04, 0xfd, 0x52, 0x37, 0xd6, 0x3d, 0xc2, 0x8c, 0x39, 0x3f, 0x3a, 0x06, 0xa4, 0x3e,
    0xee, 0x4e, 0x17, 0x3f, 0xfa, 0x2a, 0xfa, 0x41, 0x00, 0x00, 0x00, 0x00, 0x00, 0x00, 0x00, 0x00,
    0x00, 0x00, 0x00, 0x00, 0x85, 0x15, 0x96, 0xc3, 0xe5, 0x95, 0x96, 0x43, 0xff, 0xbc, 0x95, 0xc3,
    0x1f, 0x60, 0x58, 0xbf, 0xd5, 0x85, 0x1a, 0xbe, 0xd0, 0x3e, 0x03, 0xbf, 0xeb, 0x40, 0x04, 0xfd,
    0xdb, 0xd4, 0x83, 0x3e, 0xb4, 0xd5, 0x36, 0x3f, 0xf0, 0x2d, 0x6f, 0x3c, 0x02, 0xa2, 0x2b, 0x3f,
    0xfa, 0x2a, 0xfa, 0x41, 0x00, 0x00, 0x00, 0x00, 0x00, 0x00, 0x00, 0x00, 0x00, 0x00, 0x00, 0x00,
    0x66, 0x15, 0x96, 0xc3, 0x81, 0x96, 0x96, 0x43, 0x60, 0xbd, 0x95, 0xc3, 0x1f, 0x60, 0x58, 0xbf,
    0xd5, 0x85, 0x1a, 0xbe, 0xd0, 0x3e, 0x03, 0xbf, 0xeb, 0x40, 0x04, 0xfd, 0xed, 0xa2, 0x08, 0x3e,
    0xa3, 0x94, 0x26, 0x3f, 0xd9, 0x2f, 0x3b, 0x3e, 0x64, 0x6e, 0x00, 0x3f, 0xfa, 0x2a, 0xfa, 0x41,
    0x00, 0x00, 0x00, 0x00, 0x00, 0x00, 0x00, 0x00, 0x00, 0x00, 0x00, 0x00, 0x03, 0x0c, 0x96, 0xc3,
    0x42, 0xa0, 0x96, 0x43, 0x2f, 0xdb, 0x95, 0xc3, 0x00, 0x80, 0x4c, 0x3f, 0x06, 0x46, 0x44, 0x3e,
    0x09, 0xf9, 0x11, 0x3f, 0x00, 0x00, 0x00, 0xc5, 0x1b, 0x7f, 0x3f, 0x3f, 0x1e, 0xbe, 0xf6, 0x3e,
    0x86, 0x6b, 0x2d, 0x3f, 0x48, 0xc3, 0x36, 0x3f, 0xa4, 0x7d, 0x23, 0x42, 0x00, 0x00, 0x00, 0x00,
    0x00, 0x00, 0x00, 0x00, 0x00, 0x00, 0x00, 0x00, 0x53, 0x0b, 0x96, 0xc3, 0x7b, 0xa0, 0x96, 0x43,
    0x38, 0xdc, 0x95, 0xc3, 0x00, 0x80, 0x4c, 0x3f, 0x06, 0x46, 0x44, 0x3e, 0x09, 0xf9, 0x11, 0x3f,
    0x00, 0x00, 0x00, 0xc5, 0x4c, 0x56, 0x28, 0x3f, 0x1a, 0xbb, 0xfb, 0x3e, 0x78, 0xb5, 0x63, 0x3f,
    0x5e, 0x43, 0x2a, 0x3f, 0xa4, 0x7d, 0x23, 0x42, 0x00, 0x00, 0x00, 0x00, 0x00, 0x00, 0x00, 0x00,
    0x00, 0x00, 0x00, 0x00, 0x95, 0x0b, 0x96, 0xc3, 0xfc, 0xa0, 0x96, 0x43, 0x07, 0xdc, 0x95, 0xc3,
    0x00, 0x80, 0x4c, 0x3f, 0x06, 0x46, 0x44, 0x3e, 0x09, 0xf9, 0x11, 0x3f, 0x00, 0x00, 0x00, 0xc5,
    0x62, 0x50, 0x2d, 0x3f, 0x44, 0xee, 0x06, 0x3f, 0xf8, 0x4b, 0x59, 0x3f, 0x8a, 0x3b, 0x1b, 0x3f,
    0xa4, 0x7d, 0x23, 0x42, 0x00, 0x00, 0x00, 0x00, 0x00, 0x00, 0x00, 0x00, 0x00, 0x00, 0x00, 0x00,
    0xc4, 0x0b, 0x96, 0xc3, 0x9d, 0xa0, 0x96, 0x43, 0x9d, 0xdc, 0x95, 0xc3, 0x25, 0x5d, 0xa3, 0x3e,
    0x72, 0x15, 0x9f, 0x3e, 0xba, 0x35, 0x65, 0xbf, 0x00, 0x00, 0x00, 0xc5, 0x81, 0x4b, 0x48, 0x3e,
    0x0a, 0xc6, 0x71, 0x3f, 0xe8, 0xd0, 0x62, 0x3f, 0xb6, 0x86, 0x04, 0x3f, 0xa4, 0x7d, 0x23, 0x42,
    0x00, 0x00, 0x00, 0x00, 0x00, 0x00, 0x00, 0x00, 0x00, 0x00, 0x00, 0x00, 0x72, 0x0e, 0x96, 0xc3,
    0xb1, 0x9d, 0x96, 0x43, 0x1e, 0xdb, 0x95, 0xc3, 0xd1, 0xb7, 0x17, 0xbf, 0x5a, 0xc8, 0xe8, 0xbe,
    0x35, 0x35, 0x2a, 0xbf, 0x00, 0x00, 0x00, 0xc5, 0x72, 0x03, 0xd3, 0x3d, 0xce, 0x72, 0x2f, 0x3f,
    0x97, 0xd0, 0xb9, 0x3e, 0x80, 0xed, 0x69, 0x3e, 0xa4, 0x7d, 0x23, 0x42, 0x00, 0x00, 0x00, 0x00,
    0x00, 0x00, 0x00, 0x00, 0x00, 0x00, 0x00, 0x00, 0x7b, 0x0d, 0x96, 0xc3, 0xbf, 0x9f, 0x96, 0x43,
    0x53, 0xdb, 0x95, 0xc3, 0x88, 0x71, 0x28, 0xbf, 0xac, 0xa1, 0x71, 0x3e, 0x44, 0x11, 0x37, 0xbf,
    0x00, 0x00, 0x00, 0xc5, 0xf2, 0xb2, 0xb5, 0x3d, 0x36, 0x2e, 0x57, 0x3f, 0x60, 0x8f, 0x0e, 0x3f,
    0xc8, 0x9c, 0xfa, 0x3e, 0xa4, 0x7d, 0x23, 0x42, 0x00, 0x00, 0x00, 0x00, 0x00, 0x00, 0x00, 0x00,
    0x00, 0x00, 0x00, 0x00, 0x70, 0x0c, 0x96, 0xc3, 0x80, 0x9e, 0x96, 0x43, 0xfe, 0xdc, 0x95, 0xc3,
    0x3d, 0xa9, 0x3b, 0xbe, 0x95, 0x95, 0xc0, 0xbd, 0xaa, 0x82, 0x7a, 0xbf, 0x00, 0x00, 0x00, 0xc5,
    0x41, 0xb6, 0x71, 0x3e, 0xca, 0x20, 0x4f, 0x3f, 0xfa, 0x90, 0x41, 0x3f, 0xe6, 0xfd, 0x71, 0x3e,
    0xa4, 0x7d, 0x23, 0x42, 0x00, 0x00, 0x00, 0x00, 0x00, 0x00, 0x00, 0x00, 0x00, 0x00, 0x00, 0x00,
    0xa0, 0x0b, 0x96, 0xc3, 0x52, 0x9e, 0x96, 0x43, 0x9b, 0xdc, 0x95, 0xc3, 0x0c, 0xbd, 0xbe, 0x3e,
    0xd8, 0x28, 0xa0, 0xbe, 0x58, 0xab, 0x5f, 0xbf, 0x00, 0x00, 0x00, 0xc5, 0xc8, 0x34, 0x99, 0x3e,
    0x22, 0x22, 0x51, 0x3f, 0xac, 0x16, 0x5f, 0x3f, 0xfe, 0x47, 0x21, 0x3e, 0xa4, 0x7d, 0x23, 0x42,
    0x00, 0x00, 0x00, 0x00, 0x00, 0x00, 0x00, 0x00, 0x00, 0x00, 0x00, 0x00, 0x53, 0x0b, 0x96, 0xc3,
    0x7b, 0xa0, 0x96, 0x43, 0x38, 0xdc, 0x95, 0xc3, 0x95, 0x51, 0x2f, 0x3f, 0xd5, 0x0b, 0x8b, 0x3e,
    0x4d, 0x1b, 0x2d, 0xbf, 0x00, 0x00, 0x00, 0xc5, 0x11, 0xed, 0x64, 0x3e, 0x0a, 0x2e, 0x79, 0x3f,
    0x80, 0x57, 0x79, 0x3f, 0x84, 0x52, 0x06, 0x3f, 0xa4, 0x7d, 0x23, 0x42, 0x00, 0x00, 0x00, 0x00,
    0x00, 0x00, 0x00, 0x00, 0x00, 0x00, 0x00, 0x00, 0x95, 0x0b, 0x96, 0xc3, 0xfc, 0xa0, 0x96, 0x43,
    0x07, 0xdc, 0x95, 0xc3, 0x22, 0x6b, 0x25, 0x3f, 0xa6, 0xa7, 0x09, 0x3f, 0x73, 0xa6, 0x0a, 0xbf,
    0x00, 0x00, 0x00, 0xc5, 0xd9, 0x43, 0x38, 0x3e, 0x4a, 0xfe, 0x7b, 0x3f, 0x4a, 0x0e, 0x6b, 0x3f,
    0x12, 0x28, 0x1b, 0x3f, 0xa4, 0x7d, 0x23, 0x42, 0x00, 0x00, 0x00, 0x00, 0x00, 0x00, 0x00, 0x00,
    0x00, 0x00, 0x00, 0x00, 0x5d, 0x0c, 0x96, 0xc3, 0x3a, 0x9d, 0x96, 0x43, 0xe5, 0xdb, 0x95, 0xc3,
    0xd2, 0xe0, 0x21, 0xbe, 0x4e, 0x10, 0x46, 0xbf, 0x4e, 0x10, 0x1d, 0xbf, 0x00, 0x00, 0x00, 0xc5,
    0x58, 0xe0, 0x82, 0x3e, 0xce, 0x4b, 0x32, 0x3f, 0x50, 0xf6, 0x1f, 0x3f, 0xbc, 0x4d, 0xb9, 0x3c,
    0xa4, 0x7d, 0x23, 0x42, 0x00, 0x00, 0x00, 0x00, 0x00, 0x00, 0x00, 0x00, 0x00, 0x00, 0x00, 0x00,
    0xb0, 0x0d, 0x96, 0xc3, 0xc2, 0x9c, 0x96, 0x43, 0x2d, 0xda, 0x95, 0xc3, 0x57, 0x88, 0xb8, 0xbe,
    0x92, 0x75, 0x4a, 0xbf, 0x98, 0x3e, 0xfd, 0xbe, 0x00, 0x00, 0x00, 0xc5, 0x11, 0xba, 0x12, 0x3e,
    0x94, 0xa3, 0x18, 0x3f, 0x72, 0x2e, 0x97, 0x3e, 0xc4, 0xf6, 0xa8, 0x3c, 0xa4, 0x7d, 0x23, 0x42,
    0x00, 0x00, 0x00, 0x00, 0x00, 0x00, 0x00, 0x00, 0x00, 0x00, 0x00, 0x00, 0x23, 0x0d, 0x96, 0xc3,
    0xde, 0x9d, 0x96, 0x43, 0x7c, 0xdc, 0x95, 0xc3, 0xea, 0x9f, 0xfe, 0xbe, 0x41, 0xce, 0xbe, 0xbe,
    0x5d, 0x90, 0x48, 0xbf, 0x00, 0x00, 0x00, 0xc5, 0x61, 0x78, 0x51, 0x3e, 0xae, 0xd3, 0x40, 0x3f,
    0x50, 0x8c, 0x1f, 0x3f, 0x1e, 0xac, 0x42, 0x3e, 0xa4, 0x7d, 0x23, 0x42, 0x00, 0x00, 0x00, 0x00,
    0x00, 0x00, 0x00, 0x00, 0x00, 0x00, 0x00, 0x00, 0x7b, 0x0d, 0x96, 0xc3, 0xbf, 0x9f, 0x96, 0x43,
    0x53, 0xdb, 0x95, 0xc3, 0x4f, 0x54, 0x1d, 0xbf, 0x43, 0x24, 0x3e, 0x3f, 0x41, 0x15, 0x88, 0x3e,
    0x00, 0x00, 0x00, 0xc5, 0x60, 0xe7, 0xd5, 0x3e, 0x3c, 0x8f, 0x1b, 0x3f, 0x60, 0x8f, 0x0e, 0x3f,
    0xc8, 0x9c, 0xfa, 0x3e, 0xa4, 0x7d, 0x23, 0x42, 0x00, 0x00, 0x00, 0x00, 0x00, 0x00, 0x00, 0x00,
    0x00, 0x00, 0x00, 0x00, 0x95, 0x0b, 0x96, 0xc3, 0xfc, 0xa0, 0x96, 0x43, 0x07, 0xdc, 0x95, 0xc3,
    0xe5, 0x1e, 0x0e, 0xbf, 0x89, 0xbd, 0x54, 0x3f, 0xea, 0x73, 0x0e, 0xbd, 0x00, 0x00, 0x00, 0xc5,
    0x90, 0x1f, 0x0e, 0x3f, 0x14, 0xa8, 0x2b, 0x3f, 0xf8, 0x4b, 0x59, 0x3f, 0x8a, 0x3b, 0x1b, 0x3f,
    0xa4, 0x7d, 0x23, 0x42, 0x00, 0x00, 0x00, 0x00, 0x00, 0x00, 0x00, 0x00, 0x00, 0x00, 0x00, 0x00,
    0xc4, 0x0b, 0x96, 0xc3, 0x9d, 0xa0, 0x96, 0x43, 0x9d, 0xdc, 0x95, 0xc3, 0xa5, 0x7a, 0x18, 0xbf,
    0xf9, 0x20, 0x40, 0x3f, 0xd5, 0x98, 0x92, 0xbe, 0x00, 0x00, 0x00, 0xc5, 0xed, 0x32, 0x0b, 0x3f,
    0x2b, 0x87, 0x22, 0x3f, 0xe8, 0xd0, 0x62, 0x3f, 0xb6, 0x86, 0x04, 0x3f, 0xa4, 0x7d, 0x23, 0x42,
    0x00, 0x00, 0x00, 0x00, 0x00, 0x00, 0x00, 0x00, 0x00, 0x00, 0x00, 0x00, 0x03, 0x0c, 0x96, 0xc3,
    0x42, 0xa0, 0x96, 0x43, 0x2f, 0xdb, 0x95, 0xc3, 0x85, 0x12, 0xab, 0xbe, 0xe4, 0xb6, 0x57, 0x3f,
    0x2d, 0x36, 0xd8, 0x3e, 0x00, 0x00, 0x00, 0xc5, 0x78, 0xed, 0xfb, 0x3e, 0xed, 0xa1, 0x2a, 0x3f,
    0x86, 0x6b, 0x2d, 0x3f, 0x48, 0xc3, 0x36, 0x3f, 0xa4, 0x7d, 0x23, 0x42, 0x00, 0x00, 0x00, 0x00,
    0x00, 0x00, 0x00, 0x00, 0x00, 0x00, 0x00, 0x00, 0xe8, 0x0c, 0x96, 0xc3, 0xae, 0x9f, 0x96, 0x43,
    0x08, 0xda, 0x95, 0xc3, 0x24, 0xe5, 0x1f, 0xbf, 0xbd, 0xaa, 0x34, 0x3f, 0x38, 0x38, 0xab, 0x3e,
    0x00, 0x00, 0x00, 0xc5, 0x39, 0xa6, 0xb5, 0x3e, 0x5d, 0x72, 0x2e, 0x3f, 0xaa, 0xb1, 0xd4, 0x3e,
    0x0a, 0x56, 0x24, 0x3f, 0xa4, 0x7d, 0x23, 0x42, 0x00, 0x00, 0x00, 0x00, 0x00, 0x00, 0x00, 0x00,
    0x00, 0x00, 0x00, 0x00, 0x46, 0x0e, 0x96, 0xc3, 0xe8, 0x9d, 0x96, 0x43, 0x64, 0xda, 0x95, 0xc3,
    0xef, 0x9c, 0x6a, 0xbf, 0x5c, 0xc8, 0xba, 0x3d, 0xbd, 0x79, 0xc7, 0x3e, 0x00, 0x00, 0x00, 0xc5,
    0x03, 0x8e, 0x98, 0x3e, 0x66, 0xeb, 0x0b, 0x3f, 0x72, 0x8c, 0x91, 0x3e, 0x94, 0x58, 0xaa, 0x3e,
    0xa4, 0x7d, 0x23, 0x42, 0x00, 0x00, 0x00, 0x00, 0x00, 0x00, 0x00, 0x00, 0x00, 0x00, 0x00, 0x00,
    0xb3, 0x0d, 0x96, 0xc3, 0x01, 0x9e, 0x96, 0x43, 0x9a, 0xd9, 0x95, 0xc3, 0xa9, 0x01, 0x4e, 0xbf,
    0xbd, 0xd2, 0x3e, 0x3e, 0xeb, 0x4b, 0x10, 0x3f, 0x00, 0x00, 0x00, 0xc5, 0xb7, 0xce, 0x82, 0x3e,
    0x28, 0x32, 0x17, 0x3f, 0xbd, 0x1a, 0x3a, 0x3e, 0x95, 0x22, 0xdd, 0x3e, 0xa4, 0x7d, 0x23, 0x42,
    0x00, 0x00, 0x00, 0x00, 0x00, 0x00, 0x00, 0x00, 0x00, 0x00, 0x00, 0x00, 0x72, 0x0e, 0x96, 0xc3,
    0xb1, 0x9d, 0x96, 0x43, 0x1e, 0xdb, 0x95, 0xc3, 0xed, 0x9f, 0x79, 0xbf, 0xf3, 0x0a, 0xa3, 0x3d,
    0xe1, 0xf7, 0x53, 0x3e, 0x00, 0x00, 0x00, 0xc5, 0x8e, 0x8e, 0xaa, 0x3e, 0xf4, 0x5c, 0x00, 0x3f,
    0x97, 0xd0, 0xb9, 0x3e, 0x80, 0xed, 0x69, 0x3e, 0xa4, 0x7d, 0x23, 0x42, 0x00, 0x00, 0x00, 0x00,
    0x00, 0x00, 0x00, 0x00, 0x00, 0x00, 0x00, 0x00, 0xb0, 0x0d, 0x96, 0xc3, 0xc2, 0x9c, 0x96, 0x43,
    0x2d, 0xda, 0x95, 0xc3, 0xd8, 0x68, 0x50, 0xbf, 0x2f, 0x4a, 0xa6, 0xbe, 0x83, 0x7b, 0xf6, 0x3e,
    0x00, 0x00, 0x00, 0xc5, 0x01, 0xdd, 0x6c, 0x3e, 0x65, 0xef, 0xfe, 0x3e, 0x3f, 0xeb, 0x0d, 0x3e,
    0x88, 0x7f, 0x5f, 0x3e, 0xa4, 0x7d, 0x23, 0x42, 0x00, 0x00, 0x00, 0x00, 0x00, 0x00, 0x00, 0x00,
    0x00, 0x00, 0x00, 0x00, 0xb0, 0x0d, 0x96, 0xc3, 0xc2, 0x9c, 0x96, 0x43, 0x2d, 0xda, 0x95, 0xc3,
    0x33, 0x9b, 0x4c, 0x3f, 0xf3, 0xdd, 0x7a, 0xbe, 0xc8, 0x7e, 0x0c, 0x3f, 0x00, 0x00, 0x00, 0xc5,
    0xe5, 0xe9, 0x76, 0x3e, 0x3a, 0xdd, 0x6f, 0x3f, 0xc6, 0xf6, 0x95, 0x3e, 0xbc, 0x91, 0x7b, 0x3f,
    0xa4, 0x7d, 0x23, 0x42, 0x00, 0x00, 0x00, 0x00, 0x00, 0x00, 0x00, 0x00, 0x00, 0x00, 0x00, 0x00,
    0x5d, 0x0c, 0x96, 0xc3, 0x3a, 0x9d, 0x96, 0x43, 0xe5, 0xdb, 0x95, 0xc3, 0x33, 0x9b, 0x4c, 0x3f,
    0xf3, 0xdd, 0x7a, 0xbe, 0xc8, 0x7e, 0x0c, 0x3f, 0x00, 0x00, 0x00, 0xc5, 0xb9, 0xe2, 0x91, 0x3e,
    0x8b, 0xe9, 0x4d, 0x3f, 0x6c, 0xb8, 0x7c, 0x3d, 0x6e, 0x62, 0x51, 0x3f, 0xa4, 0x7d, 0x23, 0x42,
    0x00, 0x00, 0x00, 0x00, 0x00, 0x00, 0x00, 0x00, 0x00, 0x00, 0x00, 0x00, 0xb3, 0x0d, 0x96, 0xc3,
    0x01, 0x9e, 0x96, 0x43, 0x9a, 0xd9, 0x95, 0xc3, 0x33, 0x9b, 0x4c, 0x3f, 0xf3, 0xdd, 0x7a, 0xbe,
    0xc8, 0x7e, 0x0c, 0x3f, 0x00, 0x00, 0x00, 0xc5, 0xd1, 0x0b, 0x20, 0x3e, 0xe7, 0xde, 0x6b, 0x3f,
    0xd4, 0xa3, 0xe0, 0x3e, 0x1f, 0x55, 0x68, 0x3f, 0xa4, 0x7d, 0x23, 0x42, 0x00, 0x00, 0x00, 0x00,
    0x00, 0x00, 0x00, 0x00, 0x00, 0x00, 0x00, 0x00, 0xe8, 0x0c, 0x96, 0xc3, 0xae, 0x9f, 0x96, 0x43,
    0x08, 0xda, 0x95, 0xc3, 0x65, 0x83, 0x52, 0x3f, 0x92, 0x60, 0x60, 0xbe, 0x2a, 0x70, 0x06, 0x3f,
    0x00, 0x00, 0x00, 0xc5, 0x5a, 0x30, 0xb6, 0x3d, 0x01, 0x8c, 0x52, 0x3f, 0x96, 0xd1, 0xea, 0x3e,
    0xa5, 0x00, 0x39, 0x3f, 0xa4, 0x7d, 0x23, 0x42, 0x00, 0x00, 0x00, 0x00, 0x00, 0x00, 0x00, 0x00,
    0x00, 0x00, 0x00, 0x00, 0x03, 0x0c, 0x96, 0xc3, 0x42, 0xa0, 0x96, 0x43, 0x2f, 0xdb, 0x95, 0xc3,
    0x7a, 0xcf, 0x55, 0x3f, 0x8b, 0xde, 0x54, 0xbe, 0x89, 0x57, 0x02, 0x3f, 0x00, 0x00, 0x00, 0xc5,
    0x52, 0x37, 0xd6, 0x3d, 0xc2, 0x8c, 0x39, 0x3f, 0x3a, 0x06, 0xa4, 0x3e, 0xee, 0x4e, 0x17, 0x3f,
    0xa4, 0x7d, 0x23, 0x42, 0x00, 0x00, 0x00, 0x00, 0x00, 0x00, 0x00, 0x00, 0x00, 0x00, 0x00, 0x00,
    0xa0, 0x0b, 0x96, 0xc3, 0x52, 0x9e, 0x96, 0x43, 0x9b, 0xdc, 0x95, 0xc3, 0x7a, 0xcf, 0x55, 0x3f,
    0x8b, 0xde, 0x54, 0xbe, 0x89, 0x57, 0x02, 0x3f, 0x00, 0x00, 0x00, 0xc5, 0xdb, 0xd4, 0x83, 0x3e,
    0xb4, 0xd5, 0x36, 0x3f, 0xf0, 0x2d, 0x6f, 0x3c, 0x02, 0xa2, 0x2b, 0x3f, 0xa4, 0x7d, 0x23, 0x42,
    0x00, 0x00, 0x00, 0x00, 0x00, 0x00, 0x00, 0x00, 0x00, 0x00, 0x00, 0x00, 0x53, 0x0b, 0x96, 0xc3,
    0x7b, 0xa0, 0x96, 0x43, 0x38, 0xdc, 0x95, 0xc3, 0x7a, 0xcf, 0x55, 0x3f, 0x8b, 0xde, 0x54, 0xbe,
    0x89, 0x57, 0x02, 0x3f, 0x00, 0x00, 0x00, 0xc5, 0xed, 0xa2, 0x08, 0x3e, 0xa3, 0x94, 0x26, 0x3f,
    0xd9, 0x2f, 0x3b, 0x3e, 0x64, 0x6e, 0x00, 0x3f, 0xa4, 0x7d, 0x23, 0x42, 0x00, 0x00, 0x00, 0x00,
    0x00, 0x00, 0x00, 0x00, 0x00, 0x00, 0x00, 0x00, 0x15, 0x17, 0x99, 0xbb, 0xae, 0xea, 0xda, 0xbd,
    0xaf, 0xc9, 0x4b, 0x3f, 0xff, 0xff, 0xff, 0xb4, 0x00, 0x00, 0x80, 0x3f, 0x00, 0x00, 0x00, 0x00,
    0x86, 0xf2, 0x95, 0xc3,
};
inline constexpr std::size_t g_EndfieldM27VerticesSize = sizeof(g_EndfieldM27Vertices);

inline constexpr unsigned char g_EndfieldM27Indices[] = {
    0x00, 0x00, 0x01, 0x00, 0x02, 0x00, 0x03, 0x00, 0x04, 0x00, 0x05, 0x00, 0x03, 0x00, 0x06, 0x00,
    0x04, 0x00, 0x07, 0x00, 0x06, 0x00, 0x03, 0x00, 0x08, 0x00, 0x07, 0x00, 0x03, 0x00, 0x09, 0x00,
    0x08, 0x00, 0x03, 0x00, 0x06, 0x00, 0x07, 0x00, 0x0a, 0x00, 0x0b, 0x00, 0x04, 0x00, 0x0a, 0x00,
    0x0c, 0x00, 0x04, 0x00, 0x06, 0x00, 0x0a, 0x00, 0x04, 0x00, 0x0c, 0x00, 0x0c, 0x00, 0x06, 0x00,
    0x0a, 0x00, 0x0d, 0x00, 0x0e, 0x00, 0x0f, 0x00, 0x0d, 0x00, 0x10, 0x00, 0x0e, 0x00, 0x11, 0x00,
    0x10, 0x00, 0x0d, 0x00, 0x12, 0x00, 0x11, 0x00, 0x0d, 0x00, 0x13, 0x00, 0x11, 0x00, 0x12, 0x00,
    0x12, 0x00, 0x0d, 0x00, 0x14, 0x00, 0x15, 0x00, 0x13, 0x00, 0x12, 0x00, 0x14, 0x00, 0x15, 0x00,
    0x12, 0x00, 0x16, 0x00, 0x17, 0x00, 0x18, 0x00, 0x18, 0x00, 0x17, 0x00, 0x19, 0x00, 0x17, 0x00,
    0x1a, 0x00, 0x19, 0x00, 0x1a, 0x00, 0x17, 0x00, 0x1b, 0x00, 0x1a, 0x00, 0x1b, 0x00, 0x1c, 0x00,
    0x1d, 0x00, 0x1e, 0x00, 0x1f, 0x00, 0x20, 0x00, 0x21, 0x00, 0x22, 0x00, 0x20, 0x00, 0x23, 0x00,
    0x21, 0x00, 0x24, 0x00, 0x23, 0x00, 0x20, 0x00, 0x25, 0x00, 0x24, 0x00, 0x20, 0x00, 0x26, 0x00,
    0x25, 0x00, 0x20, 0x00, 0x23, 0x00, 0x24, 0x00, 0x27, 0x00, 0x28, 0x00, 0x21, 0x00, 0x27, 0x00,
    0x29, 0x00, 0x21, 0x00, 0x23, 0x00, 0x27, 0x00, 0x21, 0x00, 0x29, 0x00, 0x29, 0x00, 0x23, 0x00,
    0x27, 0x00, 0x2a, 0x00, 0x2b, 0x00, 0x2c, 0x00, 0x2a, 0x00, 0x2d, 0x00, 0x2b, 0x00, 0x2e, 0x00,
    0x2d, 0x00, 0x2a, 0x00, 0x2f, 0x00, 0x2e, 0x00, 0x2a, 0x00, 0x30, 0x00, 0x2e, 0x00, 0x2f, 0x00,
    0x2f, 0x00, 0x2a, 0x00, 0x31, 0x00, 0x32, 0x00, 0x30, 0x00, 0x2f, 0x00, 0x31, 0x00, 0x32, 0x00,
    0x2f, 0x00, 0x33, 0x00, 0x34, 0x00, 0x35, 0x00, 0x35, 0x00, 0x34, 0x00, 0x36, 0x00, 0x34, 0x00,
    0x37, 0x00, 0x36, 0x00, 0x37, 0x00, 0x34, 0x00, 0x38, 0x00, 0x37, 0x00, 0x38, 0x00, 0x39, 0x00,
    0x3a, 0x00, 0x3b, 0x00, 0x3c, 0x00, 0x3d, 0x00, 0x3e, 0x00, 0x3f, 0x00, 0x3d, 0x00, 0x40, 0x00,
    0x3e, 0x00, 0x41, 0x00, 0x40, 0x00, 0x3d, 0x00, 0x42, 0x00, 0x41, 0x00, 0x3d, 0x00, 0x43, 0x00,
    0x42, 0x00, 0x3d, 0x00, 0x40, 0x00, 0x41, 0x00, 0x44, 0x00, 0x45, 0x00, 0x3e, 0x00, 0x44, 0x00,
    0x46, 0x00, 0x3e, 0x00, 0x40, 0x00, 0x44, 0x00, 0x3e, 0x00, 0x46, 0x00, 0x46, 0x00, 0x40, 0x00,
    0x44, 0x00, 0x47, 0x00, 0x48, 0x00, 0x49, 0x00, 0x47, 0x00, 0x4a, 0x00, 0x48, 0x00, 0x4b, 0x00,
    0x4a, 0x00, 0x47, 0x00, 0x4c, 0x00, 0x4b, 0x00, 0x47, 0x00, 0x4d, 0x00, 0x4b, 0x00, 0x4c, 0x00,
    0x4c, 0x00, 0x47, 0x00, 0x4e, 0x00, 0x4f, 0x00, 0x4d, 0x00, 0x4c, 0x00, 0x4e, 0x00, 0x4f, 0x00,
    0x4c, 0x00, 0x50, 0x00, 0x51, 0x00, 0x52, 0x00, 0x52, 0x00, 0x51, 0x00, 0x53, 0x00, 0x51, 0x00,
    0x54, 0x00, 0x53, 0x00, 0x54, 0x00, 0x51, 0x00, 0x55, 0x00, 0x54, 0x00, 0x55, 0x00, 0x56, 0x00,
    0x57, 0x00, 0x58, 0x00, 0x59, 0x00, 0x5a, 0x00, 0x5b, 0x00, 0x5c, 0x00, 0x5a, 0x00, 0x5d, 0x00,
    0x5b, 0x00, 0x5e, 0x00, 0x5d, 0x00, 0x5a, 0x00, 0x5f, 0x00, 0x5e, 0x00, 0x5a, 0x00, 0x60, 0x00,
    0x5f, 0x00, 0x5a, 0x00, 0x5d, 0x00, 0x5e, 0x00, 0x61, 0x00, 0x62, 0x00, 0x5b, 0x00, 0x61, 0x00,
    0x63, 0x00, 0x5b, 0x00, 0x5d, 0x00, 0x61, 0x00, 0x5b, 0x00, 0x63, 0x00, 0x63, 0x00, 0x5d, 0x00,
    0x61, 0x00, 0x64, 0x00, 0x65, 0x00, 0x66, 0x00, 0x64, 0x00, 0x67, 0x00, 0x65, 0x00, 0x68, 0x00,
    0x67, 0x00, 0x64, 0x00, 0x69, 0x00, 0x68, 0x00, 0x64, 0x00, 0x6a, 0x00, 0x68, 0x00, 0x69, 0x00,
    0x69, 0x00, 0x64, 0x00, 0x6b, 0x00, 0x6c, 0x00, 0x6a, 0x00, 0x69, 0x00, 0x6b, 0x00, 0x6c, 0x00,
    0x69, 0x00, 0x6d, 0x00, 0x6e, 0x00, 0x6f, 0x00, 0x6f, 0x00, 0x6e, 0x00, 0x70, 0x00, 0x6e, 0x00,
    0x71, 0x00, 0x70, 0x00, 0x71, 0x00, 0x6e, 0x00, 0x72, 0x00, 0x71, 0x00, 0x72, 0x00, 0x73, 0x00,
    0x74, 0x00, 0x75, 0x00, 0x76, 0x00, 0x77, 0x00, 0x78, 0x00, 0x79, 0x00, 0x77, 0x00, 0x7a, 0x00,
    0x78, 0x00, 0x7b, 0x00, 0x7a, 0x00, 0x77, 0x00, 0x7c, 0x00, 0x7b, 0x00, 0x77, 0x00, 0x7d, 0x00,
    0x7c, 0x00, 0x77, 0x00, 0x7a, 0x00, 0x7b, 0x00, 0x7e, 0x00, 0x7f, 0x00, 0x78, 0x00, 0x7e, 0x00,
    0x80, 0x00, 0x78, 0x00, 0x7a, 0x00, 0x7e, 0x00, 0x78, 0x00, 0x80, 0x00, 0x80, 0x00, 0x7a, 0x00,
    0x7e, 0x00, 0x81, 0x00, 0x82, 0x00, 0x83, 0x00, 0x81, 0x00, 0x84, 0x00, 0x82, 0x00, 0x85, 0x00,
    0x84, 0x00, 0x81, 0x00, 0x86, 0x00, 0x85, 0x00, 0x81, 0x00, 0x87, 0x00, 0x85, 0x00, 0x86, 0x00,
    0x86, 0x00, 0x81, 0x00, 0x88, 0x00, 0x89, 0x00, 0x87, 0x00, 0x86, 0x00, 0x88, 0x00, 0x89, 0x00,
    0x86, 0x00, 0x8a, 0x00, 0x8b, 0x00, 0x8c, 0x00, 0x8c, 0x00, 0x8b, 0x00, 0x8d, 0x00, 0x8b, 0x00,
    0x8e, 0x00, 0x8d, 0x00, 0x8e, 0x00, 0x8b, 0x00, 0x8f, 0x00, 0x8e, 0x00, 0x8f, 0x00, 0x90, 0x00,
    0x91, 0x00, 0x92, 0x00, 0x93, 0x00, 0x94, 0x00, 0x95, 0x00, 0x96, 0x00, 0x94, 0x00, 0x97, 0x00,
    0x95, 0x00, 0x98, 0x00, 0x97, 0x00, 0x94, 0x00, 0x99, 0x00, 0x98, 0x00, 0x94, 0x00, 0x9a, 0x00,
    0x99, 0x00, 0x94, 0x00, 0x97, 0x00, 0x98, 0x00, 0x9b, 0x00, 0x9c, 0x00, 0x95, 0x00, 0x9b, 0x00,
    0x9d, 0x00, 0x95, 0x00, 0x97, 0x00, 0x9b, 0x00, 0x95, 0x00, 0x9d, 0x00, 0x9d, 0x00, 0x97, 0x00,
    0x9b, 0x00, 0x9e, 0x00, 0x9f, 0x00, 0xa0, 0x00, 0x9e, 0x00, 0xa1, 0x00, 0x9f, 0x00, 0xa2, 0x00,
    0xa1, 0x00, 0x9e, 0x00, 0xa3, 0x00, 0xa2, 0x00, 0x9e, 0x00, 0xa4, 0x00, 0xa2, 0x00, 0xa3, 0x00,
    0xa3, 0x00, 0x9e, 0x00, 0xa5, 0x00, 0xa6, 0x00, 0xa4, 0x00, 0xa3, 0x00, 0xa5, 0x00, 0xa6, 0x00,
    0xa3, 0x00, 0xa7, 0x00, 0xa8, 0x00, 0xa9, 0x00, 0xa9, 0x00, 0xa8, 0x00, 0xaa, 0x00, 0xa8, 0x00,
    0xab, 0x00, 0xaa, 0x00, 0xab, 0x00, 0xa8, 0x00, 0xac, 0x00, 0xab, 0x00, 0xac, 0x00, 0xad, 0x00,
    0xae, 0x00, 0xaf, 0x00, 0xb0, 0x00, 0xb1, 0x00, 0xb2, 0x00, 0xb3, 0x00, 0xb1, 0x00, 0xb4, 0x00,
    0xb2, 0x00, 0xb5, 0x00, 0xb4, 0x00, 0xb1, 0x00, 0xb6, 0x00, 0xb5, 0x00, 0xb1, 0x00, 0xb7, 0x00,
    0xb6, 0x00, 0xb1, 0x00, 0xb4, 0x00, 0xb5, 0x00, 0xb8, 0x00, 0xb9, 0x00, 0xb2, 0x00, 0xb8, 0x00,
    0xba, 0x00, 0xb2, 0x00, 0xb4, 0x00, 0xb8, 0x00, 0xb2, 0x00, 0xba, 0x00, 0xba, 0x00, 0xb4, 0x00,
    0xb8, 0x00, 0xbb, 0x00, 0xbc, 0x00, 0xbd, 0x00, 0xbb, 0x00, 0xbe, 0x00, 0xbc, 0x00, 0xbf, 0x00,
    0xbe, 0x00, 0xbb, 0x00, 0xc0, 0x00, 0xbf, 0x00, 0xbb, 0x00, 0xc1, 0x00, 0xbf, 0x00, 0xc0, 0x00,
    0xc0, 0x00, 0xbb, 0x00, 0xc2, 0x00, 0xc3, 0x00, 0xc1, 0x00, 0xc0, 0x00, 0xc2, 0x00, 0xc3, 0x00,
    0xc0, 0x00, 0xc4, 0x00, 0xc5, 0x00, 0xc6, 0x00, 0xc6, 0x00, 0xc5, 0x00, 0xc7, 0x00, 0xc5, 0x00,
    0xc8, 0x00, 0xc7, 0x00, 0xc8, 0x00, 0xc5, 0x00, 0xc9, 0x00, 0xc8, 0x00, 0xc9, 0x00, 0xca, 0x00,
    0xcb, 0x00, 0xcc, 0x00, 0xcd, 0x00, 0xce, 0x00, 0xcf, 0x00, 0xd0, 0x00, 0xce, 0x00, 0xd1, 0x00,
    0xcf, 0x00, 0xd2, 0x00, 0xd1, 0x00, 0xce, 0x00, 0xd3, 0x00, 0xd2, 0x00, 0xce, 0x00, 0xd4, 0x00,
    0xd3, 0x00, 0xce, 0x00, 0xd1, 0x00, 0xd2, 0x00, 0xd5, 0x00, 0xd6, 0x00, 0xcf, 0x00, 0xd5, 0x00,
    0xd7, 0x00, 0xcf, 0x00, 0xd1, 0x00, 0xd5, 0x00, 0xcf, 0x00, 0xd7, 0x00, 0xd7, 0x00, 0xd1, 0x00,
    0xd5, 0x00, 0xd8, 0x00, 0xd9, 0x00, 0xda, 0x00, 0xd8, 0x00, 0xdb, 0x00, 0xd9, 0x00, 0xdc, 0x00,
    0xdb, 0x00, 0xd8, 0x00, 0xdd, 0x00, 0xdc, 0x00, 0xd8, 0x00, 0xde, 0x00, 0xdc, 0x00, 0xdd, 0x00,
    0xdd, 0x00, 0xd8, 0x00, 0xdf, 0x00, 0xe0, 0x00, 0xde, 0x00, 0xdd, 0x00, 0xdf, 0x00, 0xe0, 0x00,
    0xdd, 0x00, 0xe1, 0x00, 0xe2, 0x00, 0xe3, 0x00, 0xe3, 0x00, 0xe2, 0x00, 0xe4, 0x00, 0xe2, 0x00,
    0xe5, 0x00, 0xe4, 0x00, 0xe5, 0x00, 0xe2, 0x00, 0xe6, 0x00, 0xe5, 0x00, 0xe6, 0x00, 0xe7, 0x00,
    0xe8, 0x00, 0xe9, 0x00, 0xea, 0x00, 0xeb, 0x00, 0xec, 0x00, 0xed, 0x00, 0xeb, 0x00, 0xee, 0x00,
    0xec, 0x00, 0xef, 0x00, 0xee, 0x00, 0xeb, 0x00, 0xf0, 0x00, 0xef, 0x00, 0xeb, 0x00, 0xf1, 0x00,
    0xf0, 0x00, 0xeb, 0x00, 0xee, 0x00, 0xef, 0x00, 0xf2, 0x00, 0xf3, 0x00, 0xec, 0x00, 0xf2, 0x00,
    0xf4, 0x00, 0xec, 0x00, 0xee, 0x00, 0xf2, 0x00, 0xec, 0x00, 0xf4, 0x00, 0xf4, 0x00, 0xee, 0x00,
    0xf2, 0x00, 0xf5, 0x00, 0xf6, 0x00, 0xf7, 0x00, 0xf5, 0x00, 0xf8, 0x00, 0xf6, 0x00, 0xf9, 0x00,
    0xf8, 0x00, 0xf5, 0x00, 0xfa, 0x00, 0xf9, 0x00, 0xf5, 0x00, 0xfb, 0x00, 0xf9, 0x00, 0xfa, 0x00,
    0xfa, 0x00, 0xf5, 0x00, 0xfc, 0x00, 0xfd, 0x00, 0xfb, 0x00, 0xfa, 0x00, 0xfc, 0x00, 0xfd, 0x00,
    0xfa, 0x00, 0xfe, 0x00, 0xff, 0x00, 0x00, 0x01, 0x00, 0x01, 0xff, 0x00, 0x01, 0x01, 0xff, 0x00,
    0x02, 0x01, 0x01, 0x01, 0x02, 0x01, 0xff, 0x00, 0x03, 0x01, 0x02, 0x01, 0x03, 0x01, 0x04, 0x01,
    0x05, 0x01, 0x06, 0x01, 0x07, 0x01, 0x08, 0x01, 0x09, 0x01, 0x0a, 0x01, 0x08, 0x01, 0x0b, 0x01,
    0x09, 0x01, 0x0c, 0x01, 0x0b, 0x01, 0x08, 0x01, 0x0d, 0x01, 0x0c, 0x01, 0x08, 0x01, 0x0e, 0x01,
    0x0d, 0x01, 0x08, 0x01, 0x0b, 0x01, 0x0c, 0x01, 0x0f, 0x01, 0x10, 0x01, 0x09, 0x01, 0x0f, 0x01,
    0x11, 0x01, 0x09, 0x01, 0x0b, 0x01, 0x0f, 0x01, 0x09, 0x01, 0x11, 0x01, 0x11, 0x01, 0x0b, 0x01,
    0x0f, 0x01, 0x12, 0x01, 0x13, 0x01, 0x14, 0x01, 0x12, 0x01, 0x15, 0x01, 0x13, 0x01, 0x16, 0x01,
    0x15, 0x01, 0x12, 0x01, 0x17, 0x01, 0x16, 0x01, 0x12, 0x01, 0x18, 0x01, 0x16, 0x01, 0x17, 0x01,
    0x17, 0x01, 0x12, 0x01, 0x19, 0x01, 0x1a, 0x01, 0x18, 0x01, 0x17, 0x01, 0x19, 0x01, 0x1a, 0x01,
    0x17, 0x01, 0x1b, 0x01, 0x1c, 0x01, 0x1d, 0x01, 0x1d, 0x01, 0x1c, 0x01, 0x1e, 0x01, 0x1c, 0x01,
    0x1f, 0x01, 0x1e, 0x01, 0x1f, 0x01, 0x1c, 0x01, 0x20, 0x01, 0x1f, 0x01, 0x20, 0x01, 0x21, 0x01,
    0x22, 0x01, 0x23, 0x01, 0x24, 0x01, 0x25, 0x01, 0x26, 0x01, 0x27, 0x01, 0x25, 0x01, 0x28, 0x01,
    0x26, 0x01, 0x29, 0x01, 0x28, 0x01, 0x25, 0x01, 0x2a, 0x01, 0x29, 0x01, 0x25, 0x01, 0x2b, 0x01,
    0x2a, 0x01, 0x25, 0x01, 0x28, 0x01, 0x29, 0x01, 0x2c, 0x01, 0x2d, 0x01, 0x26, 0x01, 0x2c, 0x01,
    0x2e, 0x01, 0x26, 0x01, 0x28, 0x01, 0x2c, 0x01, 0x26, 0x01, 0x2e, 0x01, 0x2e, 0x01, 0x28, 0x01,
    0x2c, 0x01, 0x2f, 0x01, 0x30, 0x01, 0x31, 0x01, 0x2f, 0x01, 0x32, 0x01, 0x30, 0x01, 0x33, 0x01,
    0x32, 0x01, 0x2f, 0x01, 0x34, 0x01, 0x33, 0x01, 0x2f, 0x01, 0x35, 0x01, 0x33, 0x01, 0x34, 0x01,
    0x34, 0x01, 0x2f, 0x01, 0x36, 0x01, 0x37, 0x01, 0x35, 0x01, 0x34, 0x01, 0x36, 0x01, 0x37, 0x01,
    0x34, 0x01, 0x38, 0x01, 0x39, 0x01, 0x3a, 0x01, 0x3a, 0x01, 0x39, 0x01, 0x3b, 0x01, 0x39, 0x01,
    0x3c, 0x01, 0x3b, 0x01, 0x3c, 0x01, 0x39, 0x01, 0x3d, 0x01, 0x3c, 0x01, 0x3d, 0x01, 0x3e, 0x01,
    0x3f, 0x01, 0x40, 0x01, 0x41, 0x01, 0x42, 0x01, 0x43, 0x01, 0x44, 0x01, 0x42, 0x01, 0x45, 0x01,
    0x43, 0x01, 0x46, 0x01, 0x45, 0x01, 0x42, 0x01, 0x47, 0x01, 0x46, 0x01, 0x42, 0x01, 0x48, 0x01,
    0x47, 0x01, 0x42, 0x01, 0x45, 0x01, 0x46, 0x01, 0x49, 0x01, 0x4a, 0x01, 0x43, 0x01, 0x49, 0x01,
    0x4b, 0x01, 0x43, 0x01, 0x45, 0x01, 0x49, 0x01, 0x43, 0x01, 0x4b, 0x01, 0x4b, 0x01, 0x45, 0x01,
    0x49, 0x01, 0x4c, 0x01, 0x4d, 0x01, 0x4e, 0x01, 0x4c, 0x01, 0x4f, 0x01, 0x4d, 0x01, 0x50, 0x01,
    0x4f, 0x01, 0x4c, 0x01, 0x51, 0x01, 0x50, 0x01, 0x4c, 0x01, 0x52, 0x01, 0x50, 0x01, 0x51, 0x01,
    0x51, 0x01, 0x4c, 0x01, 0x53, 0x01, 0x54, 0x01, 0x52, 0x01, 0x51, 0x01, 0x53, 0x01, 0x54, 0x01,
    0x51, 0x01, 0x55, 0x01, 0x56, 0x01, 0x57, 0x01, 0x57, 0x01, 0x56, 0x01, 0x58, 0x01, 0x56, 0x01,
    0x59, 0x01, 0x58, 0x01, 0x59, 0x01, 0x56, 0x01, 0x5a, 0x01, 0x59, 0x01, 0x5a, 0x01, 0x5b, 0x01,
    0x5c, 0x01, 0x5d, 0x01, 0x5e, 0x01, 0x5f, 0x01, 0x60, 0x01, 0x61, 0x01, 0x5f, 0x01, 0x62, 0x01,
    0x60, 0x01, 0x63, 0x01, 0x62, 0x01, 0x5f, 0x01, 0x64, 0x01, 0x63, 0x01, 0x5f, 0x01, 0x65, 0x01,
    0x64, 0x01, 0x5f, 0x01, 0x62, 0x01, 0x63, 0x01, 0x66, 0x01, 0x67, 0x01, 0x60, 0x01, 0x66, 0x01,
    0x68, 0x01, 0x60, 0x01, 0x62, 0x01, 0x66, 0x01, 0x60, 0x01, 0x68, 0x01, 0x68, 0x01, 0x62, 0x01,
    0x66, 0x01, 0x69, 0x01, 0x6a, 0x01, 0x6b, 0x01, 0x69, 0x01, 0x6c, 0x01, 0x6a, 0x01, 0x6d, 0x01,
    0x6c, 0x01, 0x69, 0x01, 0x6e, 0x01, 0x6d, 0x01, 0x69, 0x01, 0x6f, 0x01, 0x6d, 0x01, 0x6e, 0x01,
    0x6e, 0x01, 0x69, 0x01, 0x70, 0x01, 0x71, 0x01, 0x6f, 0x01, 0x6e, 0x01, 0x70, 0x01, 0x71, 0x01,
    0x6e, 0x01, 0x72, 0x01, 0x73, 0x01, 0x74, 0x01, 0x74, 0x01, 0x73, 0x01, 0x75, 0x01, 0x73, 0x01,
    0x76, 0x01, 0x75, 0x01, 0x76, 0x01, 0x73, 0x01, 0x77, 0x01, 0x76, 0x01, 0x77, 0x01, 0x78, 0x01,
    0x79, 0x01, 0x7a, 0x01, 0x7b, 0x01, 0x7c, 0x01, 0x7d, 0x01, 0x7e, 0x01, 0x7c, 0x01, 0x7f, 0x01,
    0x7d, 0x01, 0x80, 0x01, 0x7f, 0x01, 0x7c, 0x01, 0x81, 0x01, 0x80, 0x01, 0x7c, 0x01, 0x82, 0x01,
    0x81, 0x01, 0x7c, 0x01, 0x7f, 0x01, 0x80, 0x01, 0x83, 0x01, 0x84, 0x01, 0x7d, 0x01, 0x83, 0x01,
    0x85, 0x01, 0x7d, 0x01, 0x7f, 0x01, 0x83, 0x01, 0x7d, 0x01, 0x85, 0x01, 0x85, 0x01, 0x7f, 0x01,
    0x83, 0x01, 0x86, 0x01, 0x87, 0x01, 0x88, 0x01, 0x86, 0x01, 0x89, 0x01, 0x87, 0x01, 0x8a, 0x01,
    0x89, 0x01, 0x86, 0x01, 0x8b, 0x01, 0x8a, 0x01, 0x86, 0x01, 0x8c, 0x01, 0x8a, 0x01, 0x8b, 0x01,
    0x8b, 0x01, 0x86, 0x01, 0x8d, 0x01, 0x8e, 0x01, 0x8c, 0x01, 0x8b, 0x01, 0x8d, 0x01, 0x8e, 0x01,
    0x8b, 0x01, 0x8f, 0x01, 0x90, 0x01, 0x91, 0x01, 0x91, 0x01, 0x90, 0x01, 0x92, 0x01, 0x90, 0x01,
    0x93, 0x01, 0x92, 0x01, 0x93, 0x01, 0x90, 0x01, 0x94, 0x01, 0x93, 0x01, 0x94, 0x01, 0x95, 0x01,
    0x96, 0x01, 0x97, 0x01, 0x98, 0x01, 0x99, 0x01, 0x9a, 0x01, 0x9b, 0x01, 0x99, 0x01, 0x9c, 0x01,
    0x9a, 0x01, 0x9d, 0x01, 0x9c, 0x01, 0x99, 0x01, 0x9e, 0x01, 0x9d, 0x01, 0x99, 0x01, 0x9f, 0x01,
    0x9e, 0x01, 0x99, 0x01, 0x9c, 0x01, 0x9d, 0x01, 0xa0, 0x01, 0xa1, 0x01, 0x9a, 0x01, 0xa0, 0x01,
    0xa2, 0x01, 0x9a, 0x01, 0x9c, 0x01, 0xa0, 0x01, 0x9a, 0x01, 0xa2, 0x01, 0xa2, 0x01, 0x9c, 0x01,
    0xa0, 0x01, 0xa3, 0x01, 0xa4, 0x01, 0xa5, 0x01, 0xa3, 0x01, 0xa6, 0x01, 0xa4, 0x01, 0xa7, 0x01,
    0xa6, 0x01, 0xa3, 0x01, 0xa8, 0x01, 0xa7, 0x01, 0xa3, 0x01, 0xa9, 0x01, 0xa7, 0x01, 0xa8, 0x01,
    0xa8, 0x01, 0xa3, 0x01, 0xaa, 0x01, 0xab, 0x01, 0xa9, 0x01, 0xa8, 0x01, 0xaa, 0x01, 0xab, 0x01,
    0xa8, 0x01, 0xac, 0x01, 0xad, 0x01, 0xae, 0x01, 0xae, 0x01, 0xad, 0x01, 0xaf, 0x01, 0xad, 0x01,
    0xb0, 0x01, 0xaf, 0x01, 0xb0, 0x01, 0xad, 0x01, 0xb1, 0x01, 0xb0, 0x01, 0xb1, 0x01, 0xb2, 0x01,
};
inline constexpr std::size_t g_EndfieldM27IndicesSize = sizeof(g_EndfieldM27Indices);

inline constexpr unsigned char g_EndfieldM27VSB0[] = {
    0xe2, 0xfe, 0x7f, 0xbf, 0xc7, 0x1e, 0xce, 0xb9, 0x03, 0xe1, 0xbf, 0xbb, 0x00, 0x00, 0x00, 0x00,
    0x00, 0x00, 0x00, 0x00, 0xcb, 0x6c, 0x7f, 0x3f, 0xfb, 0x30, 0x89, 0xbd, 0x00, 0x00, 0x00, 0x00,
    0x99, 0x4f, 0xc0, 0xbb, 0x61, 0x30, 0x89, 0x3d, 0xae, 0x6b, 0x7f, 0x3f, 0x00, 0x00, 0x00, 0x00,
    0xe4, 0xdd, 0x96, 0xc3, 0xff, 0x48, 0x8c, 0xc3, 0x25, 0x1e, 0x9d, 0x43, 0x00, 0x00, 0x80, 0x3f,
    0xdc, 0xfe, 0x7f, 0xbf, 0x00, 0x00, 0x00, 0x00, 0x93, 0x4f, 0xc0, 0xbb, 0x00, 0x00, 0x00, 0x00,
    0xc3, 0x1e, 0xce, 0xb9, 0xcb, 0x6c, 0x7f, 0x3f, 0x5e, 0x30, 0x89, 0x3d, 0x00, 0x00, 0x00, 0x00,
    0xfd, 0xe0, 0xbf, 0xbb, 0xfa, 0x30, 0x89, 0xbd, 0xa6, 0x6b, 0x7f, 0x3f, 0x00, 0x00, 0x00, 0x00,
    0xd0, 0xff, 0x95, 0xc3, 0xba, 0x7e, 0x96, 0x43, 0x11, 0x40, 0x94, 0xc3, 0x00, 0x00, 0x80, 0x3f,
    0x87, 0x2a, 0x4c, 0x40, 0x00, 0x00, 0x00, 0x00, 0x00, 0x00, 0x00, 0x00, 0x00, 0x00, 0x00, 0x00,
    0x00, 0x00, 0x00, 0x00, 0x23, 0x7b, 0xb5, 0xc0, 0x00, 0x00, 0x00, 0x00, 0x00, 0x00, 0x00, 0x00,
    0x72, 0x93, 0x88, 0x38, 0xec, 0xdb, 0x86, 0xb9, 0x00, 0x54, 0x03, 0x3b, 0x00, 0x00, 0x80, 0xbf,
    0x00, 0x00, 0x00, 0x00, 0x00, 0x00, 0x00, 0x00, 0xde, 0x35, 0xcd, 0x3d, 0x00, 0x00, 0x00, 0x00,
    0x2b, 0x7f, 0xa0, 0x3e, 0x00, 0x00, 0x00, 0x00, 0x00, 0x00, 0x00, 0x00, 0x00, 0x00, 0x00, 0x00,
    0x00, 0x00, 0x00, 0x00, 0x10, 0x8f, 0x34, 0xbe, 0x00, 0x00, 0x00, 0x00, 0x00, 0x00, 0x00, 0x00,
    0x00, 0x00, 0x00, 0x00, 0x00, 0x00, 0x00, 0x00, 0x00, 0x00, 0x00, 0x00, 0x15, 0xae, 0x1f, 0x41,
    0xff, 0x3f, 0xab, 0x37, 0xff, 0x3b, 0x3e, 0x38, 0x00, 0x00, 0x80, 0xbf, 0xf3, 0xd4, 0xa3, 0x3c,
    0xa5, 0x29, 0x4c, 0xc0, 0x2d, 0x38, 0x12, 0x3b, 0x35, 0xde, 0x44, 0xb7, 0x03, 0xe1, 0xbf, 0x3b,
    0x13, 0x62, 0x92, 0xb6, 0xa4, 0x12, 0xb5, 0xc0, 0x29, 0xc2, 0x0c, 0xb9, 0xfb, 0x30, 0x89, 0x3d,
    0x1c, 0xd7, 0x98, 0xbc, 0x06, 0xa4, 0xc2, 0xbe, 0xe9, 0x07, 0x03, 0x3b, 0xae, 0x6b, 0x7f, 0xbf,
    0x74, 0xa2, 0x70, 0xc4, 0x97, 0xe3, 0xc6, 0x44, 0xb2, 0xda, 0x3a, 0x3f, 0x25, 0x1e, 0x9d, 0xc3,
    0xa5, 0x29, 0x4c, 0xc0, 0x2d, 0x38, 0x12, 0x3b, 0x35, 0xde, 0x44, 0xb7, 0x03, 0xe1, 0xbf, 0x3b,
    0x13, 0x62, 0x92, 0xb6, 0xa4, 0x12, 0xb5, 0xc0, 0x29, 0xc2, 0x0c, 0xb9, 0xfb, 0x30, 0x89, 0x3d,
    0x1c, 0xd7, 0x98, 0xbc, 0x06, 0xa4, 0xc2, 0xbe, 0xe9, 0x07, 0x03, 0x3b, 0xae, 0x6b, 0x7f, 0xbf,
    0x00, 0x00, 0x00, 0x00, 0x00, 0x00, 0x00, 0x00, 0xde, 0x35, 0xcd, 0x3d, 0x00, 0x00, 0x00, 0x00,
    0x74, 0x7e, 0xa0, 0xbe, 0x00, 0x00, 0x00, 0x00, 0x87, 0x22, 0xf1, 0xba, 0x00, 0x00, 0x00, 0x00,
    0xd1, 0x60, 0x91, 0x38, 0x3c, 0x27, 0x34, 0xbe, 0x59, 0x85, 0x41, 0xbc, 0x00, 0x00, 0x00, 0x00,
    0xc5, 0x1f, 0x3b, 0xc5, 0x18, 0xbe, 0x3b, 0x45, 0x35, 0xf1, 0x38, 0xc5, 0x15, 0xae, 0x1f, 0x41,
    0x82, 0xcd, 0xbf, 0xc0, 0xe3, 0xc4, 0xc2, 0x40, 0xa8, 0xad, 0xdd, 0xc0, 0xf3, 0xd4, 0xa3, 0x3c,
    0xa3, 0x29, 0x4c, 0xc0, 0xe8, 0x1e, 0x12, 0x3b, 0xb4, 0xdf, 0x44, 0xb7, 0x03, 0xe1, 0xbf, 0x3b,
    0x00, 0x00, 0x00, 0x00, 0xc8, 0x12, 0xb5, 0xc0, 0x3b, 0xc3, 0x0c, 0xb9, 0xfb, 0x30, 0x89, 0x3d,
    0x60, 0x5f, 0x99, 0xbc, 0x63, 0x82, 0xc2, 0xbe, 0xe9, 0x08, 0x03, 0x3b, 0xae, 0x6b, 0x7f, 0xbf,
    0xc3, 0xa3, 0x70, 0xc4, 0x2d, 0xe6, 0xc6, 0x44, 0xec, 0xdb, 0x3a, 0x3f, 0x25, 0x1e, 0x9d, 0xc3,
    0xa3, 0x29, 0x4c, 0xc0, 0xe8, 0x1e, 0x12, 0x3b, 0xb4, 0xdf, 0x44, 0xb7, 0x03, 0xe1, 0xbf, 0x3b,
    0x00, 0x00, 0x00, 0x00, 0xc8, 0x12, 0xb5, 0xc0, 0x3b, 0xc3, 0x0c, 0xb9, 0xfb, 0x30, 0x89, 0x3d,
    0x60, 0x5f, 0x99, 0xbc, 0x63, 0x82, 0xc2, 0xbe, 0xe9, 0x08, 0x03, 0x3b, 0xae, 0x6b, 0x7f, 0xbf,
    0x00, 0x00, 0x00, 0x00, 0x00, 0x00, 0x00, 0x00, 0xde, 0x35, 0xcd, 0x3d, 0x00, 0x00, 0x00, 0x00,
    0x75, 0x7e, 0xa0, 0xbe, 0xfb, 0xca, 0x37, 0x30, 0x8e, 0x22, 0xf1, 0xba, 0x19, 0xae, 0x1f, 0x2c,
    0xe5, 0x5d, 0x91, 0x38, 0x3c, 0x27, 0x34, 0xbe, 0x5f, 0x85, 0x41, 0xbc, 0x19, 0xae, 0x9f, 0x2d,
    0xc9, 0x1f, 0x3b, 0xc5, 0x1c, 0xbe, 0x3b, 0x45, 0x39, 0xf1, 0x38, 0xc5, 0x19, 0xae, 0x1f, 0x41,
    0xd2, 0xce, 0xbf, 0xc0, 0x01, 0xc6, 0xc2, 0x40, 0x25, 0xaf, 0xdd, 0xc0, 0x37, 0xd6, 0xa3, 0x3c,
    0x00, 0x00, 0x80, 0x3f, 0x00, 0x00, 0x00, 0x00, 0x00, 0x00, 0x00, 0x00, 0x00, 0x00, 0x00, 0x00,
    0x00, 0x00, 0x00, 0x00, 0x00, 0x00, 0x80, 0x3f, 0x00, 0x00, 0x00, 0x00, 0x00, 0x00, 0x00, 0x00,
    0x00, 0x00, 0x00, 0x00, 0x00, 0x00, 0x00, 0x00, 0x00, 0x00, 0x80, 0x3f, 0x00, 0x00, 0x00, 0x00,
    0x00, 0x00, 0x00, 0x00, 0x00, 0x00, 0x00, 0x00, 0x00, 0x00, 0x00, 0x00, 0x00, 0x00, 0x80, 0x3f,
    0xd0, 0xff, 0x95, 0xc3, 0xba, 0x7e, 0x96, 0x43, 0x11, 0x40, 0x94, 0xc3, 0x00, 0x00, 0x00, 0x00,
    0x9e, 0x29, 0x4c, 0xc0, 0xda, 0x19, 0x12, 0x3b, 0x35, 0xde, 0x44, 0xb7, 0x03, 0xe1, 0xbf, 0x3b,
    0xeb, 0x70, 0x5b, 0x37, 0xcf, 0x12, 0xb5, 0xc0, 0x29, 0xc2, 0x0c, 0xb9, 0xfb, 0x30, 0x89, 0x3d,
    0xed, 0xf7, 0x9a, 0xbc, 0xa9, 0x7b, 0xc2, 0xbe, 0xe9, 0x07, 0x03, 0x3b, 0xae, 0x6b, 0x7f, 0xbf,
    0xb0, 0xa7, 0x70, 0xc4, 0xb1, 0xe6, 0xc6, 0x44, 0xb2, 0xda, 0x3a, 0x3f, 0x25, 0x1e, 0x9d, 0xc3,
    0x9e, 0x29, 0x4c, 0xc0, 0xda, 0x19, 0x12, 0x3b, 0x35, 0xde, 0x44, 0xb7, 0x03, 0xe1, 0xbf, 0x3b,
    0xeb, 0x70, 0x5b, 0x37, 0xcf, 0x12, 0xb5, 0xc0, 0x29, 0xc2, 0x0c, 0xb9, 0xfb, 0x30, 0x89, 0x3d,
    0xed, 0xf7, 0x9a, 0xbc, 0xa9, 0x7b, 0xc2, 0xbe, 0xe9, 0x07, 0x03, 0x3b, 0xae, 0x6b, 0x7f, 0xbf,
    0x00, 0x00, 0x00, 0x00, 0x00, 0x00, 0x00, 0x00, 0xde, 0x35, 0xcd, 0x3d, 0x00, 0x00, 0x00, 0x00,
    0xa3, 0x29, 0x4c, 0xc0, 0xe8, 0x1e, 0x12, 0x3b, 0xb4, 0xdf, 0x44, 0xb7, 0x03, 0xe1, 0xbf, 0x3b,
    0x00, 0x00, 0x00, 0x00, 0xc8, 0x12, 0xb5, 0xc0, 0x3b, 0xc3, 0x0c, 0xb9, 0xfb, 0x30, 0x89, 0x3d,
    0x60, 0x5f, 0x99, 0xbc, 0x63, 0x82, 0xc2, 0xbe, 0xe9, 0x08, 0x03, 0x3b, 0xae, 0x6b, 0x7f, 0xbf,
    0xc3, 0xa3, 0x70, 0xc4, 0x2d, 0xe6, 0xc6, 0x44, 0xec, 0xdb, 0x3a, 0x3f, 0x25, 0x1e, 0x9d, 0xc3,
    0xa3, 0x29, 0x4c, 0xc0, 0xe8, 0x1e, 0x12, 0x3b, 0xb4, 0xdf, 0x44, 0xb7, 0x03, 0xe1, 0xbf, 0x3b,
    0x00, 0x00, 0x00, 0x00, 0xc8, 0x12, 0xb5, 0xc0, 0x3b, 0xc3, 0x0c, 0xb9, 0xfb, 0x30, 0x89, 0x3d,
    0x60, 0x5f, 0x99, 0xbc, 0x63, 0x82, 0xc2, 0xbe, 0xe9, 0x08, 0x03, 0x3b, 0xae, 0x6b, 0x7f, 0xbf,
    0x00, 0x00, 0x00, 0x00, 0x00, 0x00, 0x00, 0x80, 0xde, 0x35, 0xcd, 0x3d, 0x00, 0x00, 0x00, 0x00,
    0x74, 0x7e, 0xa0, 0xbe, 0x00, 0x00, 0x00, 0x00, 0x87, 0x22, 0xf1, 0xba, 0x00, 0x00, 0x00, 0x00,
    0xd1, 0x60, 0x91, 0x38, 0x3c, 0x27, 0x34, 0xbe, 0x59, 0x85, 0x41, 0xbc, 0x00, 0x00, 0x00, 0x00,
    0xc5, 0x1f, 0x3b, 0xc5, 0x18, 0xbe, 0x3b, 0x45, 0x35, 0xf1, 0x38, 0xc5, 0x15, 0xae, 0x1f, 0x41,
    0xd6, 0xcc, 0xbf, 0xc0, 0x71, 0xc4, 0xc2, 0x40, 0xae, 0xad, 0xdd, 0xc0, 0xf3, 0xd4, 0xa3, 0x3c,
    0x75, 0x7e, 0xa0, 0xbe, 0xfb, 0xca, 0x37, 0x30, 0x8e, 0x22, 0xf1, 0xba, 0x19, 0xae, 0x1f, 0x2c,
    0xe5, 0x5d, 0x91, 0x38, 0x3c, 0x27, 0x34, 0xbe, 0x5f, 0x85, 0x41, 0xbc, 0x19, 0xae, 0x9f, 0x2d,
    0xc9, 0x1f, 0x3b, 0xc5, 0x1c, 0xbe, 0x3b, 0x45, 0x39, 0xf1, 0x38, 0xc5, 0x19, 0xae, 0x1f, 0x41,
    0xd2, 0xce, 0xbf, 0xc0, 0x01, 0xc6, 0xc2, 0x40, 0x25, 0xaf, 0xdd, 0xc0, 0x37, 0xd6, 0xa3, 0x3c,
    0x00, 0x00, 0x80, 0x3f, 0x00, 0xe3, 0x77, 0xae, 0xae, 0x36, 0x12, 0x2b, 0x4c, 0x02, 0x88, 0xaf,
    0x00, 0xe8, 0x4a, 0xad, 0x00, 0x00, 0x80, 0x3f, 0x70, 0xb5, 0x11, 0x2b, 0xc0, 0x24, 0x00, 0xaf,
    0x00, 0x00, 0x00, 0x00, 0x00, 0x00, 0x00, 0x00, 0x08, 0x00, 0x80, 0x3f, 0x00, 0x00, 0x80, 0xb9,
    0x00, 0x00, 0x00, 0x36, 0x00, 0x00, 0x00, 0x00, 0x00, 0x00, 0x40, 0x31, 0xf8, 0xff, 0x7f, 0x3f,
    0x0c, 0x40, 0xcd, 0xbf, 0x2a, 0xe6, 0x92, 0x3a, 0xaf, 0xdf, 0x44, 0xb7, 0xfe, 0xe0, 0xbf, 0x3b,
    0xdb, 0x41, 0xcd, 0xae, 0xb8, 0x09, 0x36, 0xc0, 0x39, 0xc3, 0x0c, 0xb9, 0xf9, 0x30, 0x89, 0x3d,
    0x85, 0x30, 0x1a, 0xbc, 0xa1, 0x8b, 0x43, 0xbe, 0xe5, 0x08, 0x03, 0x3b, 0xa6, 0x6b, 0x7f, 0xbf,
    0xed, 0xeb, 0xf1, 0xc3, 0x6d, 0xf5, 0x47, 0x44, 0xe6, 0xdb, 0x3a, 0x3f, 0x1f, 0x1e, 0x9d, 0xc3,
    0xc1, 0xa4, 0x1f, 0xbf, 0x00, 0x00, 0x00, 0x00, 0x73, 0xdb, 0x6f, 0xbb, 0x00, 0x00, 0x00, 0x00,
    0x9e, 0x9b, 0x10, 0x39, 0xda, 0x32, 0xb3, 0xbe, 0xd8, 0x7e, 0xc0, 0xbc, 0x00, 0x00, 0x00, 0x00,
    0xc6, 0x1f, 0x3b, 0xc5, 0x18, 0xbe, 0x3b, 0x45, 0x33, 0xf1, 0x38, 0xc5, 0x15, 0xae, 0x1f, 0x41,
    0xd0, 0xce, 0xbf, 0xc0, 0xfd, 0xc5, 0xc2, 0x40, 0x21, 0xaf, 0xdd, 0xc0, 0x33, 0xd6, 0xa3, 0x3c,
    0xd0, 0xff, 0x95, 0xc3, 0xba, 0x7e, 0x96, 0x43, 0x11, 0x40, 0x94, 0xc3, 0x00, 0x00, 0x00, 0x00,
};
inline constexpr std::size_t g_EndfieldM27VSB0Size = sizeof(g_EndfieldM27VSB0);
inline constexpr unsigned char g_EndfieldM27VSB1[] = {
    0x00, 0x00, 0x70, 0x45, 0x00, 0x00, 0x07, 0x45, 0x89, 0x88, 0x88, 0x39, 0xd6, 0xb9, 0xf2, 0x39,
    0x00, 0x00, 0x70, 0x45, 0x00, 0x00, 0x07, 0x45, 0x89, 0x88, 0x88, 0x39, 0xd6, 0xb9, 0xf2, 0x39,
    0x00, 0x80, 0xf9, 0x43, 0x00, 0x00, 0x80, 0x3f, 0x14, 0xae, 0x1f, 0x41, 0x0a, 0xd7, 0xa3, 0x3c,
    0x00, 0x00, 0x80, 0xbf, 0xcd, 0xcc, 0xcc, 0x3d, 0x00, 0x00, 0x48, 0x42, 0x0a, 0xd7, 0xa3, 0x3c,
    0x00, 0x00, 0x00, 0x00, 0x00, 0x00, 0x00, 0x00, 0x00, 0x00, 0x00, 0x00, 0x00, 0x00, 0x00, 0x00,
    0x00, 0x00, 0x70, 0x45, 0x00, 0x00, 0x07, 0x45, 0x89, 0x08, 0x80, 0x3f, 0x2c, 0x0f, 0x80, 0x3f,
    0x00, 0x00, 0x00, 0x00, 0x00, 0x00, 0x00, 0x00, 0x00, 0x00, 0x00, 0x00, 0x00, 0x00, 0x00, 0x00,
    0x00, 0x00, 0x00, 0x00, 0x00, 0x00, 0x00, 0x00, 0x00, 0x00, 0x00, 0x00, 0x00, 0x00, 0x00, 0x00,
    0x00, 0x00, 0x00, 0x00, 0x00, 0x00, 0x00, 0x00, 0x00, 0x00, 0x00, 0x00, 0x00, 0x00, 0x00, 0x00,
    0x00, 0x00, 0x00, 0x00, 0x00, 0x00, 0x00, 0x00, 0x00, 0x00, 0x00, 0x00, 0x00, 0x00, 0x00, 0x00,
    0x00, 0x00, 0x00, 0x00, 0x00, 0x00, 0x00, 0x00, 0x00, 0x00, 0x00, 0x00, 0x00, 0x00, 0x00, 0x00,
    0x00, 0x00, 0x00, 0x00, 0x00, 0x00, 0x00, 0x00, 0x00, 0x00, 0x00, 0x00, 0x00, 0x00, 0x00, 0x00,
    0x00, 0x00, 0x00, 0x00, 0x00, 0x00, 0x00, 0x00, 0x00, 0x00, 0x00, 0x00, 0x00, 0x00, 0x00, 0x00,
    0x00, 0x00, 0x00, 0x00, 0x00, 0x00, 0x00, 0x00, 0x00, 0x00, 0x00, 0x00, 0x00, 0x00, 0x00, 0x00,
    0x00, 0x00, 0x00, 0x00, 0x00, 0x00, 0x00, 0x00, 0x00, 0x00, 0x00, 0x00, 0x00, 0x00, 0x00, 0x00,
    0x00, 0x00, 0x00, 0x00, 0x00, 0x00, 0x00, 0x00, 0x00, 0x00, 0x00, 0x00, 0x00, 0x00, 0x00, 0x00,
    0x00, 0x00, 0x00, 0x00, 0x00, 0x00, 0x00, 0x00, 0x00, 0x00, 0x00, 0x00, 0x00, 0x00, 0x00, 0x00,
    0x00, 0x00, 0x00, 0x00, 0x00, 0x00, 0x00, 0x00, 0x00, 0x00, 0x00, 0x00, 0x00, 0x00, 0x00, 0x00,
    0x00, 0x00, 0x00, 0x00, 0x00, 0x00, 0x10, 0x3f, 0x00, 0x00, 0x80, 0x40, 0x00, 0x00, 0x00, 0x00,
    0x00, 0x00, 0x00, 0x3e, 0xe4, 0x38, 0x8e, 0x3e, 0x89, 0x88, 0x08, 0x38, 0x06, 0xd9, 0x06, 0x39,
};
inline constexpr std::size_t g_EndfieldM27VSB1Size = sizeof(g_EndfieldM27VSB1);
inline constexpr unsigned char g_EndfieldM27VSB2[] = {
    0x00, 0x00, 0x80, 0x3f, 0x00, 0x00, 0x00, 0x00, 0x00, 0x00, 0x00, 0x00, 0x00, 0x00, 0x00, 0x00,
    0x00, 0x00, 0x00, 0x00, 0x00, 0x00, 0x80, 0x3f, 0x00, 0x00, 0x00, 0x00, 0x00, 0x00, 0x00, 0x00,
    0x00, 0x00, 0x00, 0x00, 0x00, 0x00, 0x00, 0x00, 0x00, 0x00, 0x80, 0x3f, 0x00, 0x00, 0x00, 0x00,
    0x00, 0x00, 0x00, 0x00, 0x00, 0x00, 0x00, 0x00, 0x00, 0x00, 0x00, 0x00, 0x00, 0x00, 0x80, 0x3f,
    0x00, 0x00, 0x7a, 0x44, 0x00, 0x00, 0x00, 0x00, 0x00, 0x00, 0x00, 0x00, 0x00, 0x00, 0x00, 0x00,
    0x00, 0x00, 0x00, 0x00, 0x00, 0x00, 0x00, 0x00, 0x01, 0x00, 0x00, 0x00, 0x00, 0x00, 0x80, 0x3f,
    0x00, 0x00, 0x80, 0x3f, 0x00, 0x00, 0x00, 0x00, 0x00, 0x00, 0x00, 0x00, 0x00, 0x00, 0x00, 0x00,
    0x00, 0x00, 0x00, 0x00, 0x00, 0x00, 0x80, 0x3f, 0x00, 0x00, 0x00, 0x00, 0x00, 0x00, 0x00, 0x00,
    0x00, 0x00, 0x00, 0x00, 0x00, 0x00, 0x00, 0x00, 0x00, 0x00, 0x80, 0x3f, 0x00, 0x00, 0x00, 0x00,
    0x00, 0x00, 0x00, 0x00, 0x00, 0x00, 0x00, 0x00, 0x00, 0x00, 0x00, 0x00, 0x00, 0x00, 0x80, 0x3f,
    0x00, 0x00, 0x00, 0x00, 0x00, 0x00, 0x80, 0x3f, 0x00, 0x00, 0x00, 0x00, 0x00, 0x00, 0x00, 0x00,
    0x10, 0x00, 0x00, 0x00, 0x00, 0x00, 0x00, 0x00, 0x00, 0x00, 0x00, 0x00, 0x00, 0x00, 0x00, 0x00,
    0x00, 0x00, 0x00, 0x00, 0x00, 0x00, 0x00, 0x00, 0x00, 0x00, 0x00, 0x00, 0x00, 0x00, 0x00, 0x00,
    0x00, 0x00, 0x00, 0x00, 0x00, 0x00, 0x00, 0x00, 0x00, 0x00, 0x00, 0x00, 0x00, 0x00, 0x00, 0x00,
    0x00, 0x00, 0x00, 0x00, 0x00, 0x00, 0x00, 0x00, 0x00, 0x00, 0x00, 0x00, 0x00, 0x00, 0x00, 0x00,
    0x00, 0x00, 0x00, 0x00, 0x00, 0x00, 0x00, 0x00, 0x00, 0x00, 0x00, 0x00, 0x00, 0x00, 0x00, 0x00,
    0xd0, 0x5c, 0xe5, 0xc1, 0x00, 0x00, 0x00, 0x00, 0xf6, 0x99, 0xa0, 0xc1, 0x00, 0x00, 0x00, 0x00,
    0xf6, 0x99, 0xa0, 0x41, 0x00, 0x00, 0x00, 0x00, 0xd0, 0x5c, 0xe5, 0xc1, 0x00, 0x00, 0x00, 0x00,
    0x00, 0x00, 0x00, 0x00, 0x00, 0x00, 0x0c, 0xc2, 0x00, 0x00, 0x00, 0x00, 0x00, 0x00, 0x00, 0x00,
    0xf6, 0x48, 0x96, 0xc3, 0x00, 0x00, 0x96, 0x43, 0x52, 0x98, 0x95, 0xc3, 0x00, 0x00, 0x80, 0x3f,
    0x00, 0x00, 0x7a, 0x44, 0x00, 0x00, 0x00, 0x00, 0x00, 0x00, 0x00, 0x00, 0x00, 0x00, 0x00, 0x00,
    0x00, 0x00, 0x00, 0x00, 0x00, 0x00, 0x00, 0x00, 0x01, 0x00, 0x00, 0x00, 0x00, 0x00, 0x80, 0x3f,
    0xd0, 0x5c, 0xe5, 0xc1, 0x00, 0x00, 0x00, 0x00, 0xf6, 0x99, 0xa0, 0xc1, 0x00, 0x00, 0x00, 0x00,
    0xf6, 0x99, 0xa0, 0x41, 0x00, 0x00, 0x00, 0x00, 0xd0, 0x5c, 0xe5, 0xc1, 0x00, 0x00, 0x00, 0x00,
    0x00, 0x00, 0x00, 0x00, 0x00, 0x00, 0x0c, 0xc2, 0x00, 0x00, 0x00, 0x00, 0x00, 0x00, 0x00, 0x00,
    0xf6, 0x48, 0x96, 0xc3, 0x00, 0x00, 0x96, 0x43, 0x52, 0x98, 0x95, 0xc3, 0x00, 0x00, 0x80, 0x3f,
    0x00, 0x00, 0x00, 0x00, 0x00, 0x00, 0x80, 0x3f, 0x00, 0x00, 0x00, 0x00, 0x00, 0x00, 0x00, 0x00,
    0x00, 0x00, 0x00, 0x00, 0x00, 0x00, 0x00, 0x00, 0x00, 0x00, 0x00, 0x00, 0x00, 0x00, 0x00, 0x00,
    0x00, 0x00, 0x00, 0x00, 0x00, 0x00, 0x00, 0x00, 0x00, 0x00, 0x00, 0x00, 0x00, 0x00, 0x00, 0x00,
    0x00, 0x00, 0x00, 0x00, 0x00, 0x00, 0x00, 0x00, 0x00, 0x00, 0x00, 0x00, 0x00, 0x00, 0x00, 0x00,
    0x00, 0x00, 0x00, 0x00, 0x00, 0x00, 0x00, 0x00, 0x00, 0x00, 0x00, 0x00, 0x00, 0x00, 0x00, 0x00,
    0x00, 0x00, 0x00, 0x00, 0x00, 0x00, 0x00, 0x00, 0x00, 0x00, 0x00, 0x00, 0x00, 0x00, 0x00, 0x00,
    0x00, 0x00, 0x80, 0x3f, 0x00, 0x00, 0x00, 0x00, 0x00, 0x00, 0x00, 0x00, 0x00, 0x00, 0x00, 0x00,
    0x00, 0x00, 0x00, 0x00, 0x00, 0x00, 0x80, 0x3f, 0x4f, 0x77, 0xd6, 0x34, 0x00, 0x00, 0x00, 0x00,
    0x00, 0x00, 0x00, 0x00, 0x4f, 0x77, 0xd6, 0xb4, 0x00, 0x00, 0x80, 0x3f, 0x00, 0x00, 0x00, 0x00,
    0x00, 0x00, 0x96, 0xc3, 0x00, 0x00, 0x96, 0x43, 0x00, 0x00, 0x96, 0xc3, 0x00, 0x00, 0x80, 0x3f,
    0x00, 0x00, 0x7a, 0x44, 0x00, 0x00, 0x00, 0x00, 0x00, 0x00, 0x00, 0x00, 0x34, 0x00, 0x00, 0x00,
    0xe3, 0xa4, 0x00, 0x00, 0x21, 0xa0, 0x00, 0x00, 0x02, 0x01, 0x00, 0x00, 0x00, 0x00, 0x80, 0x3f,
    0x00, 0x00, 0x80, 0x3f, 0x00, 0x00, 0x00, 0x00, 0x00, 0x00, 0x00, 0x00, 0x00, 0x00, 0x00, 0x00,
    0x00, 0x00, 0x00, 0x00, 0x00, 0x00, 0x80, 0x3f, 0x50, 0x77, 0xd6, 0x34, 0x00, 0x00, 0x00, 0x00,
    0x00, 0x00, 0x00, 0x00, 0x50, 0x77, 0xd6, 0xb4, 0x00, 0x00, 0x80, 0x3f, 0x00, 0x00, 0x00, 0x00,
    0x00, 0x00, 0x96, 0xc3, 0x00, 0x00, 0x96, 0x43, 0x00, 0x00, 0x96, 0xc3, 0x00, 0x00, 0x80, 0x3f,
    0x00, 0x00, 0x80, 0x3f, 0x00, 0x00, 0x80, 0x3f, 0x00, 0x00, 0x00, 0x00, 0x00, 0x00, 0x00, 0x00,
    0x2a, 0x00, 0x00, 0x00, 0x00, 0x00, 0x00, 0x00, 0x00, 0x00, 0x00, 0x00, 0x00, 0x00, 0x00, 0x00,
    0x00, 0x00, 0x00, 0x00, 0x00, 0x00, 0x00, 0x00, 0x00, 0x00, 0x00, 0x00, 0x00, 0x00, 0x00, 0x00,
    0x00, 0x00, 0x00, 0x00, 0x00, 0x00, 0x00, 0x00, 0x00, 0x00, 0x00, 0x00, 0x00, 0x00, 0x00, 0x00,
    0x00, 0x00, 0x00, 0x00, 0x00, 0x00, 0x00, 0x00, 0x00, 0x00, 0x00, 0x00, 0x00, 0x00, 0x00, 0x00,
    0x00, 0x00, 0x00, 0x00, 0x00, 0x00, 0x00, 0x00, 0x00, 0x00, 0x00, 0x00, 0x00, 0x00, 0x00, 0x00,
    0x00, 0x00, 0x80, 0x3f, 0x00, 0x00, 0x00, 0x00, 0x00, 0x00, 0x00, 0x00, 0x00, 0x00, 0x00, 0x00,
    0x00, 0x00, 0x00, 0x00, 0x00, 0x00, 0x80, 0x3f, 0x4f, 0x77, 0xd6, 0x34, 0x00, 0x00, 0x00, 0x00,
    0x00, 0x00, 0x00, 0x00, 0x4f, 0x77, 0xd6, 0xb4, 0x00, 0x00, 0x80, 0x3f, 0x00, 0x00, 0x00, 0x00,
    0x00, 0x00, 0x96, 0xc3, 0x00, 0x00, 0x96, 0x43, 0x00, 0x00, 0x96, 0xc3, 0x00, 0x00, 0x80, 0x3f,
    0x00, 0x00, 0x7a, 0x44, 0x00, 0x00, 0x00, 0x00, 0x00, 0x00, 0x00, 0x00, 0x31, 0x00, 0x00, 0x00,
    0x1c, 0xa2, 0x00, 0x00, 0x5a, 0x9d, 0x00, 0x00, 0x02, 0x01, 0x00, 0x00, 0x00, 0x00, 0x80, 0x3f,
    0x00, 0x00, 0x80, 0x3f, 0x00, 0x00, 0x00, 0x00, 0x00, 0x00, 0x00, 0x00, 0x00, 0x00, 0x00, 0x00,
    0x00, 0x00, 0x00, 0x00, 0x00, 0x00, 0x80, 0x3f, 0x50, 0x77, 0xd6, 0x34, 0x00, 0x00, 0x00, 0x00,
    0x00, 0x00, 0x00, 0x00, 0x50, 0x77, 0xd6, 0xb4, 0x00, 0x00, 0x80, 0x3f, 0x00, 0x00, 0x00, 0x00,
    0x00, 0x00, 0x96, 0xc3, 0x00, 0x00, 0x96, 0x43, 0x00, 0x00, 0x96, 0xc3, 0x00, 0x00, 0x80, 0x3f,
    0x00, 0x00, 0x80, 0x3f, 0x00, 0x00, 0x80, 0x3f, 0x00, 0x00, 0x00, 0x00, 0x00, 0x00, 0x00, 0x00,
    0x2c, 0x00, 0x00, 0x00, 0x00, 0x00, 0x00, 0x00, 0x00, 0x00, 0x00, 0x00, 0x00, 0x00, 0x00, 0x00,
    0x00, 0x00, 0x00, 0x00, 0x00, 0x00, 0x00, 0x00, 0x00, 0x00, 0x00, 0x00, 0x00, 0x00, 0x00, 0x00,
    0x00, 0x00, 0x00, 0x00, 0x00, 0x00, 0x00, 0x00, 0x00, 0x00, 0x00, 0x00, 0x00, 0x00, 0x00, 0x00,
    0x00, 0x00, 0x00, 0x00, 0x00, 0x00, 0x00, 0x00, 0x00, 0x00, 0x00, 0x00, 0x00, 0x00, 0x00, 0x00,
    0x00, 0x00, 0x00, 0x00, 0x00, 0x00, 0x00, 0x00, 0x00, 0x00, 0x00, 0x00, 0x00, 0x00, 0x00, 0x00,
    0x00, 0x00, 0x80, 0x3f, 0x00, 0x00, 0x00, 0x00, 0x00, 0x00, 0x00, 0x00, 0x00, 0x00, 0x00, 0x00,
    0x00, 0x00, 0x00, 0x00, 0x00, 0x00, 0x80, 0x3f, 0x4f, 0x77, 0xd6, 0x34, 0x00, 0x00, 0x00, 0x00,
    0x00, 0x00, 0x00, 0x00, 0x4f, 0x77, 0xd6, 0xb4, 0x00, 0x00, 0x80, 0x3f, 0x00, 0x00, 0x00, 0x00,
    0x00, 0x00, 0x96, 0xc3, 0x00, 0x00, 0x96, 0x43, 0x00, 0x00, 0x96, 0xc3, 0x00, 0x00, 0x80, 0x3f,
    0x00, 0x00, 0x7a, 0x44, 0x00, 0x00, 0x00, 0x00, 0x00, 0x00, 0x00, 0x00, 0x34, 0x00, 0x00, 0x00,
    0x64, 0xa2, 0x00, 0x00, 0xa2, 0x9d, 0x00, 0x00, 0x02, 0x01, 0x00, 0x00, 0x00, 0x00, 0x80, 0x3f,
    0x00, 0x00, 0x80, 0x3f, 0x00, 0x00, 0x00, 0x00, 0x00, 0x00, 0x00, 0x00, 0x00, 0x00, 0x00, 0x00,
    0x00, 0x00, 0x00, 0x00, 0x00, 0x00, 0x80, 0x3f, 0x50, 0x77, 0xd6, 0x34, 0x00, 0x00, 0x00, 0x00,
    0x00, 0x00, 0x00, 0x00, 0x50, 0x77, 0xd6, 0xb4, 0x00, 0x00, 0x80, 0x3f, 0x00, 0x00, 0x00, 0x00,
    0x00, 0x00, 0x96, 0xc3, 0x00, 0x00, 0x96, 0x43, 0x00, 0x00, 0x96, 0xc3, 0x00, 0x00, 0x80, 0x3f,
    0x00, 0x00, 0x80, 0x3f, 0x00, 0x00, 0x80, 0x3f, 0x00, 0x00, 0x00, 0x00, 0x00, 0x00, 0x00, 0x00,
    0x2b, 0x00, 0x00, 0x00, 0x00, 0x00, 0x00, 0x00, 0x00, 0x00, 0x00, 0x00, 0x00, 0x00, 0x00, 0x00,
    0x00, 0x00, 0x00, 0x00, 0x00, 0x00, 0x00, 0x00, 0x00, 0x00, 0x00, 0x00, 0x00, 0x00, 0x00, 0x00,
    0x00, 0x00, 0x00, 0x00, 0x00, 0x00, 0x00, 0x00, 0x00, 0x00, 0x00, 0x00, 0x00, 0x00, 0x00, 0x00,
    0x00, 0x00, 0x00, 0x00, 0x00, 0x00, 0x00, 0x00, 0x00, 0x00, 0x00, 0x00, 0x00, 0x00, 0x00, 0x00,
    0x00, 0x00, 0x00, 0x00, 0x00, 0x00, 0x00, 0x00, 0x00, 0x00, 0x00, 0x00, 0x00, 0x00, 0x00, 0x00,
    0x00, 0x00, 0x80, 0x3f, 0x00, 0x00, 0x00, 0x00, 0x00, 0x00, 0x00, 0x00, 0x00, 0x00, 0x00, 0x00,
    0x00, 0x00, 0x00, 0x00, 0x00, 0x00, 0x80, 0x3f, 0x4f, 0x77, 0xd6, 0x34, 0x00, 0x00, 0x00, 0x00,
    0x00, 0x00, 0x00, 0x00, 0x4f, 0x77, 0xd6, 0xb4, 0x00, 0x00, 0x80, 0x3f, 0x00, 0x00, 0x00, 0x00,
    0x00, 0x00, 0x96, 0xc3, 0x00, 0x00, 0x96, 0x43, 0x00, 0x00, 0x96, 0xc3, 0x00, 0x00, 0x80, 0x3f,
    0x00, 0x00, 0x7a, 0x44, 0x00, 0x00, 0x00, 0x00, 0x00, 0x00, 0x00, 0x00, 0x34, 0x00, 0x00, 0x00,
    0x31, 0xa2, 0x00, 0x00, 0x6f, 0x9d, 0x00, 0x00, 0x02, 0x01, 0x00, 0x00, 0x00, 0x00, 0x80, 0x3f,
    0x00, 0x00, 0x80, 0x3f, 0x00, 0x00, 0x00, 0x00, 0x00, 0x00, 0x00, 0x00, 0x00, 0x00, 0x00, 0x00,
    0x00, 0x00, 0x00, 0x00, 0x00, 0x00, 0x80, 0x3f, 0x50, 0x77, 0xd6, 0x34, 0x00, 0x00, 0x00, 0x00,
    0x00, 0x00, 0x00, 0x00, 0x50, 0x77, 0xd6, 0xb4, 0x00, 0x00, 0x80, 0x3f, 0x00, 0x00, 0x00, 0x00,
    0x00, 0x00, 0x96, 0xc3, 0x00, 0x00, 0x96, 0x43, 0x00, 0x00, 0x96, 0xc3, 0x00, 0x00, 0x80, 0x3f,
    0x00, 0x00, 0x80, 0x3f, 0x00, 0x00, 0x80, 0x3f, 0x00, 0x00, 0x00, 0x00, 0x00, 0x00, 0x00, 0x00,
    0x28, 0x00, 0x00, 0x00, 0x00, 0x00, 0x00, 0x00, 0x00, 0x00, 0x00, 0x00, 0x00, 0x00, 0x00, 0x00,
    0x00, 0x00, 0x00, 0x00, 0x00, 0x00, 0x00, 0x00, 0x00, 0x00, 0x00, 0x00, 0x00, 0x00, 0x00, 0x00,
    0x00, 0x00, 0x00, 0x00, 0x00, 0x00, 0x00, 0x00, 0x00, 0x00, 0x00, 0x00, 0x00, 0x00, 0x00, 0x00,
    0x00, 0x00, 0x00, 0x00, 0x00, 0x00, 0x00, 0x00, 0x00, 0x00, 0x00, 0x00, 0x00, 0x00, 0x00, 0x00,
    0x00, 0x00, 0x00, 0x00, 0x00, 0x00, 0x00, 0x00, 0x00, 0x00, 0x00, 0x00, 0x00, 0x00, 0x00, 0x00,
    0x00, 0x00, 0x80, 0x3f, 0x00, 0x00, 0x00, 0x00, 0x00, 0x00, 0x00, 0x00, 0x00, 0x00, 0x00, 0x00,
    0x00, 0x00, 0x00, 0x00, 0x00, 0x00, 0x80, 0x3f, 0x4f, 0x77, 0xd6, 0x34, 0x00, 0x00, 0x00, 0x00,
    0x00, 0x00, 0x00, 0x00, 0x4f, 0x77, 0xd6, 0xb4, 0x00, 0x00, 0x80, 0x3f, 0x00, 0x00, 0x00, 0x00,
    0x00, 0x00, 0x96, 0xc3, 0x00, 0x00, 0x96, 0x43, 0x00, 0x00, 0x96, 0xc3, 0x00, 0x00, 0x80, 0x3f,
    0x00, 0x00, 0x7a, 0x44, 0x00, 0x00, 0x00, 0x00, 0x00, 0x00, 0x00, 0x00, 0x31, 0x00, 0x00, 0x00,
    0x5e, 0xa2, 0x00, 0x00, 0x9c, 0x9d, 0x00, 0x00, 0x02, 0x01, 0x00, 0x00, 0x00, 0x00, 0x80, 0x3f,
    0x00, 0x00, 0x80, 0x3f, 0x00, 0x00, 0x00, 0x00, 0x00, 0x00, 0x00, 0x00, 0x00, 0x00, 0x00, 0x00,
    0x00, 0x00, 0x00, 0x00, 0x00, 0x00, 0x80, 0x3f, 0x50, 0x77, 0xd6, 0x34, 0x00, 0x00, 0x00, 0x00,
};
inline constexpr std::size_t g_EndfieldM27VSB2Size = sizeof(g_EndfieldM27VSB2);
inline constexpr unsigned char g_EndfieldM27PSB0[] = {
    0xe2, 0xfe, 0x7f, 0xbf, 0xc7, 0x1e, 0xce, 0xb9, 0x03, 0xe1, 0xbf, 0xbb, 0x00, 0x00, 0x00, 0x00,
    0x00, 0x00, 0x00, 0x00, 0xcb, 0x6c, 0x7f, 0x3f, 0xfb, 0x30, 0x89, 0xbd, 0x00, 0x00, 0x00, 0x00,
    0x99, 0x4f, 0xc0, 0xbb, 0x61, 0x30, 0x89, 0x3d, 0xae, 0x6b, 0x7f, 0x3f, 0x00, 0x00, 0x00, 0x00,
    0xe4, 0xdd, 0x96, 0xc3, 0xff, 0x48, 0x8c, 0xc3, 0x25, 0x1e, 0x9d, 0x43, 0x00, 0x00, 0x80, 0x3f,
    0xdc, 0xfe, 0x7f, 0xbf, 0x00, 0x00, 0x00, 0x00, 0x93, 0x4f, 0xc0, 0xbb, 0x00, 0x00, 0x00, 0x00,
    0xc3, 0x1e, 0xce, 0xb9, 0xcb, 0x6c, 0x7f, 0x3f, 0x5e, 0x30, 0x89, 0x3d, 0x00, 0x00, 0x00, 0x00,
    0xfd, 0xe0, 0xbf, 0xbb, 0xfa, 0x30, 0x89, 0xbd, 0xa6, 0x6b, 0x7f, 0x3f, 0x00, 0x00, 0x00, 0x00,
    0xd0, 0xff, 0x95, 0xc3, 0xba, 0x7e, 0x96, 0x43, 0x11, 0x40, 0x94, 0xc3, 0x00, 0x00, 0x80, 0x3f,
    0x87, 0x2a, 0x4c, 0x40, 0x00, 0x00, 0x00, 0x00, 0x00, 0x00, 0x00, 0x00, 0x00, 0x00, 0x00, 0x00,
    0x00, 0x00, 0x00, 0x00, 0x23, 0x7b, 0xb5, 0xc0, 0x00, 0x00, 0x00, 0x00, 0x00, 0x00, 0x00, 0x00,
    0x72, 0x93, 0x88, 0x38, 0xec, 0xdb, 0x86, 0xb9, 0x00, 0x54, 0x03, 0x3b, 0x00, 0x00, 0x80, 0xbf,
    0x00, 0x00, 0x00, 0x00, 0x00, 0x00, 0x00, 0x00, 0xde, 0x35, 0xcd, 0x3d, 0x00, 0x00, 0x00, 0x00,
    0x2b, 0x7f, 0xa0, 0x3e, 0x00, 0x00, 0x00, 0x00, 0x00, 0x00, 0x00, 0x00, 0x00, 0x00, 0x00, 0x00,
    0x00, 0x00, 0x00, 0x00, 0x10, 0x8f, 0x34, 0xbe, 0x00, 0x00, 0x00, 0x00, 0x00, 0x00, 0x00, 0x00,
    0x00, 0x00, 0x00, 0x00, 0x00, 0x00, 0x00, 0x00, 0x00, 0x00, 0x00, 0x00, 0x15, 0xae, 0x1f, 0x41,
    0xff, 0x3f, 0xab, 0x37, 0xff, 0x3b, 0x3e, 0x38, 0x00, 0x00, 0x80, 0xbf, 0xf3, 0xd4, 0xa3, 0x3c,
    0xa5, 0x29, 0x4c, 0xc0, 0x2d, 0x38, 0x12, 0x3b, 0x35, 0xde, 0x44, 0xb7, 0x03, 0xe1, 0xbf, 0x3b,
    0x13, 0x62, 0x92, 0xb6, 0xa4, 0x12, 0xb5, 0xc0, 0x29, 0xc2, 0x0c, 0xb9, 0xfb, 0x30, 0x89, 0x3d,
    0x1c, 0xd7, 0x98, 0xbc, 0x06, 0xa4, 0xc2, 0xbe, 0xe9, 0x07, 0x03, 0x3b, 0xae, 0x6b, 0x7f, 0xbf,
    0x74, 0xa2, 0x70, 0xc4, 0x97, 0xe3, 0xc6, 0x44, 0xb2, 0xda, 0x3a, 0x3f, 0x25, 0x1e, 0x9d, 0xc3,
    0xa5, 0x29, 0x4c, 0xc0, 0x2d, 0x38, 0x12, 0x3b, 0x35, 0xde, 0x44, 0xb7, 0x03, 0xe1, 0xbf, 0x3b,
    0x13, 0x62, 0x92, 0xb6, 0xa4, 0x12, 0xb5, 0xc0, 0x29, 0xc2, 0x0c, 0xb9, 0xfb, 0x30, 0x89, 0x3d,
    0x1c, 0xd7, 0x98, 0xbc, 0x06, 0xa4, 0xc2, 0xbe, 0xe9, 0x07, 0x03, 0x3b, 0xae, 0x6b, 0x7f, 0xbf,
    0x00, 0x00, 0x00, 0x00, 0x00, 0x00, 0x00, 0x00, 0xde, 0x35, 0xcd, 0x3d, 0x00, 0x00, 0x00, 0x00,
    0x74, 0x7e, 0xa0, 0xbe, 0x00, 0x00, 0x00, 0x00, 0x87, 0x22, 0xf1, 0xba, 0x00, 0x00, 0x00, 0x00,
    0xd1, 0x60, 0x91, 0x38, 0x3c, 0x27, 0x34, 0xbe, 0x59, 0x85, 0x41, 0xbc, 0x00, 0x00, 0x00, 0x00,
    0xc5, 0x1f, 0x3b, 0xc5, 0x18, 0xbe, 0x3b, 0x45, 0x35, 0xf1, 0x38, 0xc5, 0x15, 0xae, 0x1f, 0x41,
    0x82, 0xcd, 0xbf, 0xc0, 0xe3, 0xc4, 0xc2, 0x40, 0xa8, 0xad, 0xdd, 0xc0, 0xf3, 0xd4, 0xa3, 0x3c,
};
inline constexpr std::size_t g_EndfieldM27PSB0Size = sizeof(g_EndfieldM27PSB0);
inline constexpr unsigned char g_EndfieldM27PSB1[] = {
    0x00, 0x00, 0x70, 0x45, 0x00, 0x00, 0x07, 0x45, 0x89, 0x88, 0x88, 0x39, 0xd6, 0xb9, 0xf2, 0x39,
    0x00, 0x00, 0x70, 0x45, 0x00, 0x00, 0x07, 0x45, 0x89, 0x88, 0x88, 0x39, 0xd6, 0xb9, 0xf2, 0x39,
    0x00, 0x80, 0xf9, 0x43, 0x00, 0x00, 0x80, 0x3f, 0x14, 0xae, 0x1f, 0x41, 0x0a, 0xd7, 0xa3, 0x3c,
    0x00, 0x00, 0x80, 0xbf, 0xcd, 0xcc, 0xcc, 0x3d, 0x00, 0x00, 0x48, 0x42, 0x0a, 0xd7, 0xa3, 0x3c,
    0x00, 0x00, 0x00, 0x00, 0x00, 0x00, 0x00, 0x00, 0x00, 0x00, 0x00, 0x00, 0x00, 0x00, 0x00, 0x00,
    0x00, 0x00, 0x70, 0x45, 0x00, 0x00, 0x07, 0x45, 0x89, 0x08, 0x80, 0x3f, 0x2c, 0x0f, 0x80, 0x3f,
    0x00, 0x00, 0x00, 0x00, 0x00, 0x00, 0x00, 0x00, 0x00, 0x00, 0x00, 0x00, 0x00, 0x00, 0x00, 0x00,
    0x00, 0x00, 0x00, 0x00, 0x00, 0x00, 0x00, 0x00, 0x00, 0x00, 0x00, 0x00, 0x00, 0x00, 0x00, 0x00,
    0x00, 0x00, 0x00, 0x00, 0x00, 0x00, 0x00, 0x00, 0x00, 0x00, 0x00, 0x00, 0x00, 0x00, 0x00, 0x00,
    0x00, 0x00, 0x00, 0x00, 0x00, 0x00, 0x00, 0x00, 0x00, 0x00, 0x00, 0x00, 0x00, 0x00, 0x00, 0x00,
    0x00, 0x00, 0x00, 0x00, 0x00, 0x00, 0x00, 0x00, 0x00, 0x00, 0x00, 0x00, 0x00, 0x00, 0x00, 0x00,
    0x00, 0x00, 0x00, 0x00, 0x00, 0x00, 0x00, 0x00, 0x00, 0x00, 0x00, 0x00, 0x00, 0x00, 0x00, 0x00,
    0x00, 0x00, 0x00, 0x00, 0x00, 0x00, 0x00, 0x00, 0x00, 0x00, 0x00, 0x00, 0x00, 0x00, 0x00, 0x00,
    0x00, 0x00, 0x00, 0x00, 0x00, 0x00, 0x00, 0x00, 0x00, 0x00, 0x00, 0x00, 0x00, 0x00, 0x00, 0x00,
    0x00, 0x00, 0x00, 0x00, 0x00, 0x00, 0x00, 0x00, 0x00, 0x00, 0x00, 0x00, 0x00, 0x00, 0x00, 0x00,
    0x00, 0x00, 0x00, 0x00, 0x00, 0x00, 0x00, 0x00, 0x00, 0x00, 0x00, 0x00, 0x00, 0x00, 0x00, 0x00,
    0x00, 0x00, 0x00, 0x00, 0x00, 0x00, 0x00, 0x00, 0x00, 0x00, 0x00, 0x00, 0x00, 0x00, 0x00, 0x00,
    0x00, 0x00, 0x00, 0x00, 0x00, 0x00, 0x00, 0x00, 0x00, 0x00, 0x00, 0x00, 0x00, 0x00, 0x00, 0x00,
    0x00, 0x00, 0x00, 0x00, 0x00, 0x00, 0x10, 0x3f, 0x00, 0x00, 0x80, 0x40, 0x00, 0x00, 0x00, 0x00,
    0x00, 0x00, 0x00, 0x3e, 0xe4, 0x38, 0x8e, 0x3e, 0x89, 0x88, 0x08, 0x38, 0x06, 0xd9, 0x06, 0x39,
    0xea, 0x3e, 0x13, 0x40, 0xa4, 0x0e, 0x38, 0x42, 0xa4, 0x0e, 0xb8, 0x42, 0x99, 0x70, 0x1e, 0x41,
    0xa8, 0xb9, 0x01, 0xbf, 0x0e, 0xac, 0x5f, 0xbf, 0x1d, 0x9a, 0x59, 0xbf, 0xa0, 0x40, 0x65, 0x3f,
    0x8c, 0xb2, 0x5c, 0x3f, 0x77, 0x0d, 0xf9, 0x3e, 0x67, 0xda, 0x06, 0xbf, 0x88, 0xda, 0xe3, 0xbe,
    0x48, 0x8a, 0x88, 0x3c, 0xed, 0xfc, 0x6f, 0x42, 0x4a, 0x8a, 0x88, 0x3c, 0xea, 0xfc, 0x6f, 0x42,
    0xa4, 0x0e, 0x38, 0x42, 0xa0, 0x40, 0x65, 0x3f, 0x88, 0xda, 0xe3, 0xbe, 0x99, 0x70, 0x1e, 0x41,
    0x93, 0xfd, 0x37, 0x42, 0x88, 0x1e, 0x67, 0x3f, 0x43, 0x2e, 0xdc, 0xbe, 0x54, 0x2c, 0x1e, 0x41,
    0x00, 0x00, 0x80, 0xbf, 0x00, 0x00, 0x00, 0x3f, 0x00, 0x00, 0x00, 0x00, 0xdc, 0x05, 0x00, 0x00,
    0x00, 0x00, 0x80, 0x3f, 0x00, 0x00, 0x80, 0x3f, 0x39, 0x8e, 0xe3, 0x3f, 0xdf, 0x35, 0xcd, 0x3d,
    0x00, 0x00, 0x00, 0x00, 0x00, 0xff, 0x00, 0x00, 0x00, 0x3f, 0x01, 0x00, 0xe0, 0x5e, 0x01, 0x00,
    0x5c, 0x50, 0x93, 0x3e, 0x5c, 0x50, 0x93, 0x3e, 0x00, 0x00, 0x80, 0x3f, 0x00, 0x00, 0x00, 0x00,
    0x00, 0x00, 0x00, 0x00, 0x00, 0x00, 0x00, 0x00, 0x00, 0x00, 0x80, 0x3f, 0x00, 0x00, 0x80, 0x3f,
    0x00, 0x00, 0xe0, 0x40, 0x00, 0x00, 0x00, 0x00, 0x00, 0x00, 0x00, 0x00, 0x00, 0x00, 0x00, 0x00,
    0x00, 0x00, 0x80, 0x3e, 0x09, 0x75, 0x91, 0x3f, 0x00, 0x00, 0x80, 0x33, 0xff, 0xff, 0x7f, 0x3f,
    0x17, 0x3f, 0x81, 0xb3, 0x09, 0x75, 0x91, 0xbf, 0x2b, 0x34, 0x81, 0xb3, 0x1d, 0x6a, 0x91, 0xbf,
    0xa3, 0x44, 0x88, 0xc2, 0x06, 0xe2, 0xb1, 0x3f, 0xa7, 0x36, 0x23, 0x3f, 0x33, 0x33, 0xb3, 0x3e,
    0x00, 0x00, 0x00, 0x00, 0x00, 0x00, 0x00, 0x00, 0x00, 0x00, 0x00, 0x00, 0x00, 0x00, 0x00, 0x00,
    0x00, 0x00, 0x00, 0x00, 0x00, 0x00, 0x00, 0x00, 0x00, 0x00, 0x00, 0x00, 0x00, 0x00, 0x00, 0x00,
    0x00, 0x00, 0x00, 0x00, 0x00, 0x00, 0x00, 0x00, 0x00, 0x00, 0x00, 0x00, 0x00, 0x00, 0x00, 0x00,
    0xe1, 0x7a, 0xd4, 0x3f, 0x00, 0x00, 0x00, 0x00, 0x00, 0x00, 0x00, 0x00, 0x00, 0x00, 0x00, 0x00,
    0x3d, 0x69, 0x87, 0xc2, 0x55, 0xdb, 0x74, 0x40, 0x9a, 0x99, 0xe7, 0xc1, 0xf4, 0xfd, 0x4a, 0x41,
    0x00, 0x00, 0x00, 0x00, 0x00, 0x00, 0x00, 0x00, 0x00, 0x00, 0x00, 0x00, 0x00, 0x00, 0x20, 0x42,
    0x00, 0x00, 0x00, 0x00, 0x00, 0x00, 0x00, 0x00, 0x00, 0x00, 0x00, 0x00, 0x00, 0x00, 0x00, 0x00,
    0x00, 0x00, 0x00, 0x00, 0x00, 0x00, 0x00, 0x00, 0x00, 0x00, 0x00, 0x00, 0x00, 0x00, 0x00, 0x00,
    0xec, 0x4c, 0x0b, 0x41, 0xf4, 0xfd, 0x4a, 0x41, 0x00, 0x00, 0x00, 0x40, 0x00, 0x00, 0x00, 0x00,
    0x00, 0x00, 0x00, 0x00, 0x00, 0x00, 0x00, 0x00, 0x00, 0x00, 0x80, 0x3e, 0x00, 0x00, 0x00, 0x00,
    0x00, 0x00, 0x00, 0x00, 0x00, 0x00, 0x00, 0x00, 0x00, 0x00, 0x00, 0x00, 0x00, 0x00, 0x00, 0x00,
    0x00, 0x00, 0x00, 0x00, 0x00, 0x00, 0x00, 0x00, 0x00, 0x00, 0x00, 0x00, 0x00, 0x00, 0x00, 0x00,
    0x00, 0x00, 0x00, 0x00, 0x00, 0x00, 0x80, 0x3f, 0x00, 0x00, 0x00, 0x00, 0x00, 0x00, 0x00, 0x00,
    0x00, 0x00, 0x00, 0x00, 0x00, 0x00, 0x80, 0x3f, 0x00, 0x00, 0x00, 0x00, 0x00, 0x00, 0x00, 0x00,
    0x00, 0x00, 0x00, 0x00, 0x00, 0x00, 0x00, 0x00, 0x00, 0x00, 0x00, 0x00, 0x00, 0x00, 0x00, 0x00,
    0x00, 0x00, 0x00, 0x00, 0x00, 0x00, 0x00, 0x00, 0x00, 0x00, 0x00, 0x00, 0x00, 0x00, 0x00, 0x00,
    0x00, 0x00, 0x80, 0x3f, 0x40, 0x99, 0xa3, 0x40, 0x00, 0x00, 0x00, 0x00, 0x00, 0x00, 0x00, 0x00,
    0x00, 0x00, 0x80, 0x3f, 0x30, 0xab, 0x8f, 0x40, 0x00, 0x00, 0x00, 0x00, 0x00, 0x00, 0x00, 0x00,
    0x00, 0x00, 0x00, 0x00, 0x00, 0x00, 0x00, 0x00, 0x00, 0x00, 0x00, 0x00, 0x00, 0x00, 0x00, 0x00,
    0x00, 0x00, 0x00, 0x00, 0x00, 0x00, 0x00, 0x00, 0x00, 0x00, 0x00, 0x00, 0x00, 0x00, 0x00, 0x00,
    0x00, 0x00, 0x00, 0x40, 0x00, 0x00, 0x00, 0x00, 0x00, 0x00, 0x00, 0x00, 0x00, 0x00, 0x00, 0x00,
    0x00, 0x00, 0x80, 0x3e, 0x1d, 0x6a, 0x91, 0x3f, 0x00, 0x00, 0x80, 0x33, 0xff, 0xff, 0x7f, 0x3f,
    0x3d, 0x69, 0x87, 0xc2, 0x55, 0xdb, 0x74, 0x40, 0x9a, 0x99, 0xe7, 0xc1, 0xf4, 0xfd, 0x4a, 0x41,
    0x00, 0x00, 0x00, 0x00, 0x00, 0x00, 0x00, 0x00, 0x00, 0x00, 0x00, 0x00, 0x00, 0x00, 0x20, 0x42,
    0x00, 0x00, 0x00, 0x00, 0x00, 0x00, 0x00, 0x00, 0x00, 0x00, 0x00, 0x00, 0x00, 0x00, 0x00, 0x00,
    0x00, 0x00, 0x00, 0x00, 0x00, 0x00, 0x00, 0x00, 0x00, 0x00, 0x00, 0x00, 0x00, 0x00, 0x00, 0x00,
    0xec, 0x4c, 0x0b, 0x41, 0xf4, 0xfd, 0x4a, 0x41, 0x00, 0x00, 0x00, 0x40, 0x00, 0x00, 0x00, 0x00,
    0x00, 0x00, 0x00, 0x00, 0x00, 0x00, 0x00, 0x00, 0x00, 0x00, 0x80, 0x3e, 0x00, 0x00, 0x00, 0x00,
    0x00, 0x00, 0x00, 0x00, 0x00, 0x00, 0x00, 0x00, 0x00, 0x00, 0x00, 0x00, 0x00, 0x00, 0x00, 0x00,
    0x00, 0x00, 0x00, 0x00, 0x00, 0x00, 0x00, 0x00, 0x00, 0x00, 0x00, 0x00, 0x00, 0x00, 0x00, 0x00,
    0x00, 0x00, 0x80, 0x3f, 0x67, 0x83, 0xa3, 0x40, 0x00, 0x00, 0x00, 0x00, 0x00, 0x00, 0x00, 0x00,
    0x00, 0x00, 0x80, 0x3f, 0x75, 0xa8, 0x8f, 0x40, 0x00, 0x00, 0x00, 0x00, 0x00, 0x00, 0x00, 0x00,
    0x00, 0x00, 0x00, 0x00, 0x00, 0x00, 0x00, 0x00, 0x00, 0x00, 0x00, 0x00, 0x00, 0x00, 0x00, 0x00,
    0x00, 0x00, 0x00, 0x00, 0x00, 0x00, 0x00, 0x00, 0x00, 0x00, 0x00, 0x00, 0x00, 0x00, 0x00, 0x00,
    0x00, 0x80, 0x88, 0xc2, 0x18, 0x88, 0xc7, 0x3e, 0x00, 0x00, 0x20, 0x3f, 0x00, 0x00, 0x00, 0x00,
    0x00, 0x80, 0x88, 0xc2, 0x18, 0x88, 0xc7, 0x3e, 0x00, 0x00, 0x20, 0x3f, 0x00, 0x00, 0x00, 0x00,
    0x00, 0x00, 0x00, 0x00, 0x00, 0x00, 0x00, 0x00, 0x00, 0x00, 0x00, 0x00, 0x00, 0x00, 0x00, 0x00,
    0x00, 0x00, 0x00, 0x00, 0x00, 0x00, 0x00, 0x00, 0x00, 0x00, 0x80, 0x3f, 0x6f, 0x12, 0x83, 0x3a,
    0xac, 0xc5, 0x27, 0x37, 0xac, 0xc5, 0x27, 0x37, 0xac, 0xc5, 0x27, 0x37, 0x00, 0x00, 0x00, 0x00,
    0x00, 0x00, 0x00, 0x00, 0x00, 0x00, 0x00, 0x00, 0x00, 0x00, 0x00, 0x00, 0x00, 0x00, 0x80, 0xbf,
    0x00, 0x00, 0x00, 0x00, 0x00, 0x00, 0x00, 0x00, 0x00, 0x00, 0x00, 0x00, 0x00, 0x00, 0x00, 0x00,
    0x00, 0x00, 0x00, 0x00, 0x00, 0x00, 0x00, 0x00, 0x00, 0x00, 0x00, 0x00, 0x00, 0xff, 0x7f, 0xc7,
    0x00, 0x00, 0x00, 0x00, 0x00, 0x00, 0x00, 0x00, 0x00, 0x00, 0x00, 0x00, 0x00, 0x00, 0x00, 0x00,
    0x00, 0x00, 0x00, 0x00, 0x00, 0x00, 0x00, 0x00, 0x00, 0x00, 0x00, 0x00, 0x00, 0x00, 0x00, 0x00,
    0x00, 0x00, 0x00, 0x00, 0x00, 0x00, 0x00, 0x00, 0x00, 0x00, 0x00, 0x00, 0x00, 0x00, 0x80, 0x3f,
    0x00, 0x00, 0x00, 0x00, 0x00, 0x00, 0x00, 0x00, 0x00, 0x00, 0x00, 0x00, 0x00, 0x00, 0x00, 0x00,
    0x00, 0x00, 0x00, 0x00, 0x00, 0x00, 0x80, 0x3f, 0x00, 0x00, 0x00, 0x00, 0x00, 0x00, 0x00, 0x00,
    0x00, 0x00, 0x00, 0x00, 0x00, 0x00, 0x00, 0x00, 0x00, 0x00, 0x00, 0x00, 0x00, 0x00, 0x80, 0x3f,
    0x00, 0x00, 0x00, 0x00, 0x00, 0x00, 0x00, 0x00, 0x00, 0x00, 0x00, 0x00, 0x00, 0x00, 0x00, 0x00,
    0x00, 0x00, 0x00, 0x00, 0x00, 0x00, 0x00, 0x00, 0x00, 0x00, 0x00, 0x00, 0x00, 0x00, 0x00, 0x00,
    0x00, 0x00, 0x00, 0x00, 0x00, 0x00, 0x00, 0x00, 0x00, 0x00, 0x00, 0x00, 0x00, 0x00, 0x00, 0x00,
    0x00, 0x00, 0x00, 0x00, 0x00, 0x00, 0x00, 0x00, 0x00, 0x00, 0x00, 0x00, 0x00, 0x00, 0x00, 0x00,
    0x00, 0x00, 0x00, 0x00, 0x00, 0x00, 0x00, 0x00, 0x00, 0x00, 0x00, 0x00, 0x00, 0x00, 0x00, 0x00,
    0x00, 0x00, 0x00, 0x00, 0x00, 0x00, 0x00, 0x00, 0x00, 0x00, 0x00, 0x00, 0x00, 0x00, 0x00, 0x00,
    0x00, 0x00, 0x00, 0x00, 0x00, 0x00, 0x00, 0x00, 0x00, 0x00, 0x00, 0x00, 0x00, 0x00, 0x00, 0x00,
    0x00, 0x00, 0x00, 0x3f, 0x00, 0x00, 0xc0, 0x3e, 0x00, 0x00, 0x00, 0x40, 0x00, 0x00, 0x40, 0xbf,
    0xae, 0x47, 0x61, 0x3f, 0x00, 0x00, 0x4a, 0xc2, 0x21, 0x77, 0x7d, 0x3f, 0x00, 0x00, 0xc8, 0x42,
    0x00, 0x00, 0x00, 0x40, 0x00, 0x00, 0x80, 0xbf, 0x00, 0x00, 0x00, 0x3f, 0x00, 0x00, 0x00, 0x3f,
    0x00, 0x00, 0x80, 0x3f, 0x00, 0x00, 0x00, 0x00, 0x00, 0x00, 0x00, 0x00, 0x00, 0x00, 0x00, 0x00,
    0x00, 0x00, 0x00, 0x00, 0x00, 0x00, 0x00, 0x00, 0x00, 0x00, 0x00, 0x00, 0x00, 0x00, 0x00, 0x00,
    0x00, 0x00, 0x80, 0x3f, 0x00, 0x00, 0x80, 0x3f, 0x00, 0x00, 0x80, 0x3f, 0x00, 0x00, 0x80, 0x3f,
    0x00, 0x00, 0x00, 0x00, 0x00, 0x00, 0x00, 0x00, 0x00, 0x00, 0x00, 0x00, 0x00, 0x00, 0x00, 0x00,
    0x00, 0x00, 0x48, 0x43, 0x00, 0x00, 0x96, 0x43, 0x00, 0x00, 0x80, 0x3f, 0x00, 0x00, 0x00, 0x00,
    0x00, 0x00, 0x80, 0x3f, 0x00, 0x00, 0x80, 0x3f, 0x00, 0x00, 0x80, 0x3f, 0x00, 0x00, 0x00, 0x00,
    0x00, 0x00, 0x00, 0x00, 0x00, 0x00, 0x80, 0x3f, 0x2e, 0xbd, 0x3b, 0x33, 0x00, 0x00, 0x00, 0x00,
    0x00, 0x00, 0x80, 0x3f, 0x00, 0x00, 0x80, 0x3f, 0x00, 0x00, 0x80, 0x3f, 0x00, 0x00, 0x00, 0x00,
    0x00, 0x00, 0x80, 0x3f, 0x00, 0x00, 0x80, 0x3f, 0x00, 0x00, 0x80, 0x3f, 0x00, 0x00, 0x00, 0x00,
    0x00, 0x00, 0x00, 0x00, 0x00, 0x00, 0x80, 0x3f, 0x00, 0x00, 0x00, 0x00, 0x00, 0x00, 0x00, 0x00,
    0xa3, 0x44, 0x88, 0xc2, 0x06, 0xe2, 0xb1, 0x3f, 0xa7, 0x36, 0x23, 0x3f, 0xa4, 0x0e, 0x38, 0x42,
    0x00, 0x00, 0x80, 0x3f, 0x00, 0x00, 0x80, 0x3f, 0x00, 0x00, 0x80, 0x3f, 0x00, 0x00, 0x80, 0x3f,
    0x00, 0x00, 0x00, 0x00, 0x00, 0x00, 0x00, 0x00, 0x00, 0x00, 0x00, 0x00, 0x00, 0x00, 0x00, 0x00,
};
inline constexpr std::size_t g_EndfieldM27PSB1Size = sizeof(g_EndfieldM27PSB1);
inline constexpr unsigned char g_EndfieldM27PSB2[] = {
    0x00, 0x00, 0x80, 0x3f, 0x00, 0x00, 0x00, 0x00, 0x00, 0x00, 0x00, 0x00, 0x00, 0x00, 0x00, 0x00,
    0x00, 0x00, 0x00, 0x00, 0x00, 0x00, 0x80, 0x3f, 0x00, 0x00, 0x00, 0x00, 0x00, 0x00, 0x00, 0x00,
    0x00, 0x00, 0x00, 0x00, 0x00, 0x00, 0x00, 0x00, 0x00, 0x00, 0x80, 0x3f, 0x00, 0x00, 0x00, 0x00,
    0x00, 0x00, 0x00, 0x00, 0x00, 0x00, 0x00, 0x00, 0x00, 0x00, 0x00, 0x00, 0x00, 0x00, 0x80, 0x3f,
    0x00, 0x00, 0x7a, 0x44, 0x00, 0x00, 0x00, 0x00, 0x00, 0x00, 0x00, 0x00, 0x00, 0x00, 0x00, 0x00,
    0x00, 0x00, 0x00, 0x00, 0x00, 0x00, 0x00, 0x00, 0x01, 0x00, 0x00, 0x00, 0x00, 0x00, 0x80, 0x3f,
    0x00, 0x00, 0x80, 0x3f, 0x00, 0x00, 0x00, 0x00, 0x00, 0x00, 0x00, 0x00, 0x00, 0x00, 0x00, 0x00,
    0x00, 0x00, 0x00, 0x00, 0x00, 0x00, 0x80, 0x3f, 0x00, 0x00, 0x00, 0x00, 0x00, 0x00, 0x00, 0x00,
    0x00, 0x00, 0x00, 0x00, 0x00, 0x00, 0x00, 0x00, 0x00, 0x00, 0x80, 0x3f, 0x00, 0x00, 0x00, 0x00,
    0x00, 0x00, 0x00, 0x00, 0x00, 0x00, 0x00, 0x00, 0x00, 0x00, 0x00, 0x00, 0x00, 0x00, 0x80, 0x3f,
    0x00, 0x00, 0x00, 0x00, 0x00, 0x00, 0x80, 0x3f, 0x00, 0x00, 0x00, 0x00, 0x00, 0x00, 0x00, 0x00,
    0x10, 0x00, 0x00, 0x00, 0x00, 0x00, 0x00, 0x00, 0x00, 0x00, 0x00, 0x00, 0x00, 0x00, 0x00, 0x00,
    0x00, 0x00, 0x00, 0x00, 0x00, 0x00, 0x00, 0x00, 0x00, 0x00, 0x00, 0x00, 0x00, 0x00, 0x00, 0x00,
    0x00, 0x00, 0x00, 0x00, 0x00, 0x00, 0x00, 0x00, 0x00, 0x00, 0x00, 0x00, 0x00, 0x00, 0x00, 0x00,
    0x00, 0x00, 0x00, 0x00, 0x00, 0x00, 0x00, 0x00, 0x00, 0x00, 0x00, 0x00, 0x00, 0x00, 0x00, 0x00,
    0x00, 0x00, 0x00, 0x00, 0x00, 0x00, 0x00, 0x00, 0x00, 0x00, 0x00, 0x00, 0x00, 0x00, 0x00, 0x00,
};
inline constexpr std::size_t g_EndfieldM27PSB2Size = sizeof(g_EndfieldM27PSB2);
inline constexpr unsigned char g_EndfieldM27PSB3[] = {
    0x00, 0x00, 0x80, 0x3f, 0x00, 0x00, 0x00, 0x00, 0x00, 0x00, 0x00, 0x00, 0x00, 0x00, 0x80, 0x3f,
    0x00, 0x00, 0x80, 0x3f, 0x00, 0x00, 0x00, 0x00, 0x00, 0x00, 0x00, 0x00, 0x00, 0x00, 0x80, 0x3f,
    0x00, 0x00, 0x00, 0x00, 0x00, 0x00, 0x00, 0x00, 0x00, 0x00, 0x00, 0x00, 0x00, 0x00, 0x00, 0x00,
    0x00, 0x00, 0x00, 0x00, 0x00, 0x00, 0x00, 0x00, 0x00, 0x00, 0x00, 0x00, 0x00, 0x00, 0x00, 0x00,
    0x00, 0x00, 0x00, 0x00, 0x00, 0x00, 0x00, 0x00, 0x00, 0x00, 0x80, 0x3f, 0x00, 0x00, 0x00, 0x00,
    0x00, 0x00, 0x00, 0x00, 0x00, 0x00, 0x00, 0x00, 0x00, 0x00, 0x00, 0x00, 0x00, 0x00, 0x00, 0x00,
    0x00, 0x00, 0x00, 0x00, 0x00, 0x00, 0x00, 0x00, 0x00, 0x00, 0x00, 0x00, 0x00, 0x00, 0x00, 0x00,
    0x00, 0x00, 0x00, 0x00, 0x00, 0x00, 0x00, 0x00, 0x00, 0x00, 0x00, 0x00, 0x00, 0x00, 0x00, 0x00,
    0x00, 0x00, 0x80, 0x3f, 0x00, 0x00, 0x80, 0x3f, 0x00, 0x00, 0x80, 0x3f, 0x00, 0x00, 0x80, 0x3f,
    0x00, 0x00, 0x00, 0x00, 0x00, 0x00, 0x00, 0x00, 0x00, 0x00, 0x00, 0x00, 0x00, 0x00, 0x00, 0x00,
    0x00, 0x00, 0x00, 0x00, 0x00, 0x00, 0x00, 0x00, 0x00, 0x00, 0x00, 0x00, 0x00, 0x00, 0x00, 0x00,
    0x00, 0x00, 0x80, 0x3f, 0x00, 0x00, 0x80, 0x3f, 0x00, 0x00, 0x00, 0x00, 0x00, 0x00, 0x00, 0x00,
    0x00, 0x00, 0x80, 0x3f, 0x00, 0x00, 0x80, 0x3f, 0x00, 0x00, 0x00, 0x00, 0x00, 0x00, 0x00, 0x00,
    0x00, 0x00, 0x00, 0x00, 0x00, 0x00, 0x00, 0x00, 0x00, 0x00, 0x00, 0x00, 0x00, 0x00, 0x00, 0x00,
    0x00, 0x00, 0x00, 0x00, 0x00, 0x00, 0x00, 0x00, 0x00, 0x00, 0x00, 0x00, 0x00, 0x00, 0x00, 0x00,
    0x00, 0x00, 0x00, 0x00, 0x00, 0x00, 0x00, 0x00, 0x00, 0x00, 0x00, 0x00, 0x00, 0x00, 0x00, 0x00,
    0x00, 0x00, 0x00, 0x00, 0x00, 0x00, 0x00, 0x00, 0x00, 0x00, 0x00, 0x00, 0x00, 0x00, 0x00, 0x00,
    0x00, 0x00, 0x00, 0x00, 0x00, 0x00, 0x00, 0x00, 0x00, 0x00, 0x00, 0x00, 0x00, 0x00, 0x00, 0x00,
    0x00, 0x00, 0x00, 0x00, 0x00, 0x00, 0x00, 0x00, 0x00, 0x00, 0x00, 0x00, 0x00, 0x00, 0x00, 0x00,
    0x00, 0x00, 0x00, 0x00, 0x00, 0x00, 0x00, 0x00, 0x00, 0x00, 0x00, 0x00, 0x00, 0x00, 0x00, 0x00,
    0x00, 0x00, 0x00, 0x00, 0x00, 0x00, 0x00, 0x00, 0x00, 0x00, 0x00, 0x00, 0x00, 0x00, 0x00, 0x00,
    0x00, 0x00, 0x00, 0x00, 0x00, 0x00, 0x00, 0x00, 0x00, 0x00, 0x00, 0x00, 0x00, 0x00, 0x00, 0x00,
    0xa6, 0x9b, 0xc4, 0x3d, 0x00, 0x00, 0x00, 0x00, 0x00, 0x00, 0x00, 0x00, 0x00, 0x00, 0x00, 0x00,
    0x00, 0x00, 0x00, 0x00, 0x00, 0x00, 0x00, 0x00, 0x00, 0x00, 0x00, 0x00, 0x00, 0x00, 0x00, 0x00,
    0x05, 0x00, 0x00, 0x00, 0x3d, 0x0a, 0x57, 0x40, 0x00, 0x00, 0x00, 0x00, 0x00, 0x00, 0x80, 0x3f,
    0xcd, 0xcc, 0x4c, 0x3e, 0x00, 0x00, 0x80, 0x3f, 0x00, 0x00, 0x80, 0x3f, 0x00, 0x00, 0x00, 0x00,
    0x00, 0x00, 0x00, 0x00, 0x00, 0x00, 0x00, 0x00, 0x00, 0x00, 0x80, 0x3f, 0x00, 0x00, 0x00, 0x00,
    0x00, 0x00, 0xa0, 0x41, 0x00, 0x00, 0x20, 0x41, 0x00, 0x00, 0x80, 0x3f, 0x00, 0x00, 0x00, 0x00,
    0x00, 0x00, 0x00, 0x00, 0x00, 0x00, 0x00, 0x00, 0x00, 0x00, 0x00, 0x00, 0x00, 0x00, 0x80, 0x3f,
    0x3f, 0x2e, 0x71, 0x44, 0xda, 0x70, 0xa5, 0x43, 0x06, 0x1a, 0xab, 0x42, 0x00, 0x00, 0x80, 0x3f,
    0x00, 0x00, 0x00, 0x00, 0x00, 0x00, 0x00, 0x00, 0x00, 0x00, 0x00, 0x00, 0x00, 0x00, 0x80, 0x3f,
};
inline constexpr std::size_t g_EndfieldM27PSB3Size = sizeof(g_EndfieldM27PSB3);
inline constexpr unsigned char g_EndfieldM27PSB4[] = {
    0x00, 0x00, 0x00, 0x00, 0x00, 0x00, 0x00, 0x00, 0x00, 0x00, 0x00, 0x00, 0x00, 0x00, 0x00, 0x00,
};
inline constexpr std::size_t g_EndfieldM27PSB4Size = sizeof(g_EndfieldM27PSB4);

inline constexpr const unsigned char* g_EndfieldM27VSCapturedData[] = {
    g_EndfieldM27VSB0, g_EndfieldM27VSB1, g_EndfieldM27VSB2,
};
inline constexpr std::size_t g_EndfieldM27VSCapturedSizes[] = {
    g_EndfieldM27VSB0Size, g_EndfieldM27VSB1Size, g_EndfieldM27VSB2Size,
};
inline constexpr std::size_t g_EndfieldM27VSDeclaredSizes[] = {
    82u * 16u, 20u * 16u, 4091u * 16u,
};
inline constexpr const unsigned char* g_EndfieldM27PSCapturedData[] = {
    g_EndfieldM27PSB0, g_EndfieldM27PSB1, g_EndfieldM27PSB2,
    g_EndfieldM27PSB3, g_EndfieldM27PSB4,
};
inline constexpr std::size_t g_EndfieldM27PSCapturedSizes[] = {
    g_EndfieldM27PSB0Size, g_EndfieldM27PSB1Size, g_EndfieldM27PSB2Size,
    g_EndfieldM27PSB3Size, g_EndfieldM27PSB4Size,
};
inline constexpr std::size_t g_EndfieldM27PSDeclaredSizes[] = {
    45u * 16u, 106u * 16u, 4085u * 16u, 31u * 16u, 1u * 16u,
};
inline constexpr char g_EndfieldM27VertexSha256[] = "5568a12d2111cab10db461b0029f08b6dcc4b62504234b57ef7c4bb82a07ec2d";
inline constexpr char g_EndfieldM27IndexSha256[] = "63032b1ce32a2aa8d32817ad1a89e5f58dc932b35fdf0c84aff2bce69db4e997";
