// Generated by tools/build_endminf_m28_peak_exact_capture_data.py. Do not edit.
#pragma once
#include <cstddef>
#include <cstdint>

inline constexpr bool g_EndfieldM28PeakPayloadPrepared = true;
inline constexpr float g_EndfieldM28PeakPhaseSeconds = 4.500000f;
inline constexpr std::uint32_t g_EndfieldM28PeakVertexStride = 60u;
inline constexpr std::uint32_t g_EndfieldM28PeakVertexCount = 344u;
inline constexpr std::uint32_t g_EndfieldM28PeakIndexCount = 1764u;
inline constexpr std::uint32_t g_EndfieldM28PeakVSDeclaredFloat4Counts[] = {2, 82, 20, 4094, 5};
inline constexpr std::uint32_t g_EndfieldM28PeakPSDeclaredFloat4Counts[] = {28, 104, 4085, 11};

inline constexpr std::uint8_t g_EndfieldM28PeakVertexDxbc[] = {
    0x44, 0x58, 0x42, 0x43, 0x75, 0xe7, 0x3a, 0xd1, 0x30, 0x91, 0x19, 0xe0, 0xaf, 0x98, 0x99, 0x41,
    0xce, 0xf9, 0x75, 0x33, 0x01, 0x00, 0x00, 0x00, 0x7c, 0x16, 0x00, 0x00, 0x03, 0x00, 0x00, 0x00,
    0x2c, 0x00, 0x00, 0x00, 0x3c, 0x01, 0x00, 0x00, 0x0c, 0x02, 0x00, 0x00, 0x49, 0x53, 0x47, 0x4e,
    0x08, 0x01, 0x00, 0x00, 0x08, 0x00, 0x00, 0x00, 0x08, 0x00, 0x00, 0x00, 0xc8, 0x00, 0x00, 0x00,
    0x00, 0x00, 0x00, 0x00, 0x00, 0x00, 0x00, 0x00, 0x03, 0x00, 0x00, 0x00, 0x00, 0x00, 0x00, 0x00,
    0x07, 0x07, 0x00, 0x00, 0xd1, 0x00, 0x00, 0x00, 0x00, 0x00, 0x00, 0x00, 0x00, 0x00, 0x00, 0x00,
    0x03, 0x00, 0x00, 0x00, 0x01, 0x00, 0x00, 0x00, 0x0f, 0x0f, 0x00, 0x00, 0xd7, 0x00, 0x00, 0x00,
    0x00, 0x00, 0x00, 0x00, 0x00, 0x00, 0x00, 0x00, 0x03, 0x00, 0x00, 0x00, 0x02, 0x00, 0x00, 0x00,
    0x0f, 0x0f, 0x00, 0x00, 0xd7, 0x00, 0x00, 0x00, 0x01, 0x00, 0x00, 0x00, 0x00, 0x00, 0x00, 0x00,
    0x03, 0x00, 0x00, 0x00, 0x03, 0x00, 0x00, 0x00, 0x0f, 0x0f, 0x00, 0x00, 0xd7, 0x00, 0x00, 0x00,
    0x04, 0x00, 0x00, 0x00, 0x00, 0x00, 0x00, 0x00, 0x03, 0x00, 0x00, 0x00, 0x04, 0x00, 0x00, 0x00,
    0x0f, 0x07, 0x00, 0x00, 0xe0, 0x00, 0x00, 0x00, 0x00, 0x00, 0x00, 0x00, 0x00, 0x00, 0x00, 0x00,
    0x03, 0x00, 0x00, 0x00, 0x05, 0x00, 0x00, 0x00, 0x0f, 0x0f, 0x00, 0x00, 0xed, 0x00, 0x00, 0x00,
    0x00, 0x00, 0x00, 0x00, 0x00, 0x00, 0x00, 0x00, 0x01, 0x00, 0x00, 0x00, 0x06, 0x00, 0x00, 0x00,
    0x0f, 0x0f, 0x00, 0x00, 0xfa, 0x00, 0x00, 0x00, 0x00, 0x00, 0x00, 0x00, 0x08, 0x00, 0x00, 0x00,
    0x01, 0x00, 0x00, 0x00, 0x07, 0x00, 0x00, 0x00, 0x01, 0x01, 0x00, 0x00, 0x50, 0x4f, 0x53, 0x49,
    0x54, 0x49, 0x4f, 0x4e, 0x00, 0x43, 0x4f, 0x4c, 0x4f, 0x52, 0x00, 0x54, 0x45, 0x58, 0x43, 0x4f,
    0x4f, 0x52, 0x44, 0x00, 0x42, 0x4c, 0x45, 0x4e, 0x44, 0x57, 0x45, 0x49, 0x47, 0x48, 0x54, 0x53,
    0x00, 0x42, 0x4c, 0x45, 0x4e, 0x44, 0x49, 0x4e, 0x44, 0x49, 0x43, 0x45, 0x53, 0x00, 0x53, 0x56,
    0x5f, 0x49, 0x6e, 0x73, 0x74, 0x61, 0x6e, 0x63, 0x65, 0x49, 0x44, 0x00, 0x4f, 0x53, 0x47, 0x4e,
    0xc8, 0x00, 0x00, 0x00, 0x07, 0x00, 0x00, 0x00, 0x08, 0x00, 0x00, 0x00, 0xb0, 0x00, 0x00, 0x00,
    0x00, 0x00, 0x00, 0x00, 0x01, 0x00, 0x00, 0x00, 0x03, 0x00, 0x00, 0x00, 0x00, 0x00, 0x00, 0x00,
    0x0f, 0x00, 0x00, 0x00, 0xbc, 0x00, 0x00, 0x00, 0x00, 0x00, 0x00, 0x00, 0x00, 0x00, 0x00, 0x00,
    0x03, 0x00, 0x00, 0x00, 0x01, 0x00, 0x00, 0x00, 0x0f, 0x00, 0x00, 0x00, 0xbc, 0x00, 0x00, 0x00,
    0x01, 0x00, 0x00, 0x00, 0x00, 0x00, 0x00, 0x00, 0x03, 0x00, 0x00, 0x00, 0x02, 0x00, 0x00, 0x00,
    0x0f, 0x00, 0x00, 0x00, 0xbc, 0x00, 0x00, 0x00, 0x02, 0x00, 0x00, 0x00, 0x00, 0x00, 0x00, 0x00,
    0x03, 0x00, 0x00, 0x00, 0x03, 0x00, 0x00, 0x00, 0x0f, 0x00, 0x00, 0x00, 0xbc, 0x00, 0x00, 0x00,
    0x03, 0x00, 0x00, 0x00, 0x00, 0x00, 0x00, 0x00, 0x03, 0x00, 0x00, 0x00, 0x04, 0x00, 0x00, 0x00,
    0x07, 0x08, 0x00, 0x00, 0xbc, 0x00, 0x00, 0x00, 0x04, 0x00, 0x00, 0x00, 0x00, 0x00, 0x00, 0x00,
    0x03, 0x00, 0x00, 0x00, 0x05, 0x00, 0x00, 0x00, 0x07, 0x08, 0x00, 0x00, 0xbc, 0x00, 0x00, 0x00,
    0x05, 0x00, 0x00, 0x00, 0x00, 0x00, 0x00, 0x00, 0x01, 0x00, 0x00, 0x00, 0x06, 0x00, 0x00, 0x00,
    0x01, 0x0e, 0x00, 0x00, 0x53, 0x56, 0x5f, 0x50, 0x6f, 0x73, 0x69, 0x74, 0x69, 0x6f, 0x6e, 0x00,
    0x54, 0x45, 0x58, 0x43, 0x4f, 0x4f, 0x52, 0x44, 0x00, 0xab, 0xab, 0xab, 0x53, 0x48, 0x45, 0x58,
    0x68, 0x14, 0x00, 0x00, 0x50, 0x00, 0x01, 0x00, 0x1a, 0x05, 0x00, 0x00, 0x6a, 0x08, 0x00, 0x01,
    0x59, 0x00, 0x00, 0x04, 0x46, 0x8e, 0x20, 0x00, 0x00, 0x00, 0x00, 0x00, 0x02, 0x00, 0x00, 0x00,
    0x59, 0x00, 0x00, 0x04, 0x46, 0x8e, 0x20, 0x00, 0x01, 0x00, 0x00, 0x00, 0x52, 0x00, 0x00, 0x00,
    0x59, 0x00, 0x00, 0x04, 0x46, 0x8e, 0x20, 0x00, 0x02, 0x00, 0x00, 0x00, 0x14, 0x00, 0x00, 0x00,
    0x59, 0x08, 0x00, 0x04, 0x46, 0x8e, 0x20, 0x00, 0x03, 0x00, 0x00, 0x00, 0xfe, 0x0f, 0x00, 0x00,
    0x59, 0x00, 0x00, 0x04, 0x46, 0x8e, 0x20, 0x00, 0x04, 0x00, 0x00, 0x00, 0x05, 0x00, 0x00, 0x00,
    0xa2, 0x00, 0x00, 0x04, 0x00, 0x70, 0x10, 0x00, 0x00, 0x00, 0x00, 0x00, 0x10, 0x00, 0x00, 0x00,
    0x5f, 0x00, 0x00, 0x03, 0x72, 0x10, 0x10, 0x00, 0x00, 0x00, 0x00, 0x00, 0x5f, 0x00, 0x00, 0x03,
    0xf2, 0x10, 0x10, 0x00, 0x01, 0x00, 0x00, 0x00, 0x5f, 0x00, 0x00, 0x03, 0xf2, 0x10, 0x10, 0x00,
    0x02, 0x00, 0x00, 0x00, 0x5f, 0x00, 0x00, 0x03, 0xf2, 0x10, 0x10, 0x00, 0x03, 0x00, 0x00, 0x00,
    0x5f, 0x00, 0x00, 0x03, 0x72, 0x10, 0x10, 0x00, 0x04, 0x00, 0x00, 0x00, 0x5f, 0x00, 0x00, 0x03,
    0xf2, 0x10, 0x10, 0x00, 0x05, 0x00, 0x00, 0x00, 0x5f, 0x00, 0x00, 0x03, 0xf2, 0x10, 0x10, 0x00,
    0x06, 0x00, 0x00, 0x00, 0x60, 0x00, 0x00, 0x04, 0x12, 0x10, 0x10, 0x00, 0x07, 0x00, 0x00, 0x00,
    0x08, 0x00, 0x00, 0x00, 0x67, 0x00, 0x00, 0x04, 0xf2, 0x20, 0x10, 0x00, 0x00, 0x00, 0x00, 0x00,
    0x01, 0x00, 0x00, 0x00, 0x65, 0x00, 0x00, 0x03, 0xf2, 0x20, 0x10, 0x00, 0x01, 0x00, 0x00, 0x00,
    0x65, 0x00, 0x00, 0x03, 0xf2, 0x20, 0x10, 0x00, 0x02, 0x00, 0x00, 0x00, 0x65, 0x00, 0x00, 0x03,
    0xf2, 0x20, 0x10, 0x00, 0x03, 0x00, 0x00, 0x00, 0x65, 0x00, 0x00, 0x03, 0x72, 0x20, 0x10, 0x00,
    0x04, 0x00, 0x00, 0x00, 0x65, 0x00, 0x00, 0x03, 0x72, 0x20, 0x10, 0x00, 0x05, 0x00, 0x00, 0x00,
    0x65, 0x00, 0x00, 0x03, 0x12, 0x20, 0x10, 0x00, 0x06, 0x00, 0x00, 0x00, 0x68, 0x00, 0x00, 0x02,
    0x0e, 0x00, 0x00, 0x00, 0x39, 0x00, 0x00, 0x08, 0x12, 0x00, 0x10, 0x00, 0x00, 0x00, 0x00, 0x00,
    0x01, 0x40, 0x00, 0x00, 0x00, 0x00, 0x00, 0x00, 0x2a, 0x80, 0x20, 0x00, 0x04, 0x00, 0x00, 0x00,
    0x04, 0x00, 0x00, 0x00, 0x29, 0x00, 0x00, 0x07, 0x22, 0x00, 0x10, 0x00, 0x00, 0x00, 0x00, 0x00,
    0x0a, 0x10, 0x10, 0x00, 0x07, 0x00, 0x00, 0x00, 0x01, 0x40, 0x00, 0x00, 0x04, 0x00, 0x00, 0x00,
    0x00, 0x00, 0x00, 0x0e, 0xf2, 0x00, 0x10, 0x00, 0x01, 0x00, 0x00, 0x00, 0x02, 0x40, 0x00, 0x00,
    0x00, 0x00, 0x80, 0x3f, 0x00, 0x00, 0x80, 0x3f, 0x00, 0x00, 0x80, 0x3f, 0x00, 0x00, 0x80, 0x3f,
    0x46, 0x8e, 0x20, 0x86, 0x41, 0x00, 0x00, 0x00, 0x03, 0x00, 0x00, 0x00, 0x0d, 0x00, 0x00, 0x00,
    0x1a, 0x00, 0x10, 0x00, 0x00, 0x00, 0x00, 0x00, 0x38, 0x00, 0x00, 0x07, 0xf2, 0x00, 0x10, 0x00,
    0x01, 0x00, 0x00, 0x00, 0x46, 0x0e, 0x10, 0x00, 0x01, 0x00, 0x00, 0x00, 0x46, 0x1e, 0x10, 0x00,
    0x01, 0x00, 0x00, 0x00, 0x38, 0x00, 0x00, 0x0a, 0x72, 0x00, 0x10, 0x00, 0x02, 0x00, 0x00, 0x00,
    0x56, 0x15, 0x10, 0x00, 0x00, 0x00, 0x00, 0x00, 0x46, 0x82, 0x20, 0x06, 0x03, 0x00, 0x00, 0x00,
    0x01, 0x00, 0x00, 0x00, 0x1a, 0x00, 0x10, 0x00, 0x00, 0x00, 0x00, 0x00, 0x32, 0x00, 0x00, 0x0b,
    0x72, 0x00, 0x10, 0x00, 0x02, 0x00, 0x00, 0x00, 0x46, 0x82, 0x20, 0x04, 0x03, 0x00, 0x00, 0x00,
    0x1a, 0x00, 0x10, 0x00, 0x00, 0x00, 0x00, 0x00, 0x06, 0x10, 0x10, 0x00, 0x00, 0x00, 0x00, 0x00,
    0x46, 0x02, 0x10, 0x00, 0x02, 0x00, 0x00, 0x00, 0x32, 0x00, 0x00, 0x0c, 0x72, 0x00, 0x10, 0x00,
    0x02, 0x00, 0x00, 0x00, 0x46, 0x82, 0x20, 0x06, 0x03, 0x00, 0x00, 0x00, 0x02, 0x00, 0x00, 0x00,
    0x1a, 0x00, 0x10, 0x00, 0x00, 0x00, 0x00, 0x00, 0xa6, 0x1a, 0x10, 0x00, 0x00, 0x00, 0x00, 0x00,
    0x46, 0x02, 0x10, 0x00, 0x02, 0x00, 0x00, 0x00, 0x00, 0x00, 0x00, 0x0a, 0x72, 0x00, 0x10, 0x00,
    0x02, 0x00, 0x00, 0x00, 0x46, 0x02, 0x10, 0x00, 0x02, 0x00, 0x00, 0x00, 0x46, 0x82, 0x20, 0x06,
    0x03, 0x00, 0x00, 0x00, 0x03, 0x00, 0x00, 0x00, 0x1a, 0x00, 0x10, 0x00, 0x00, 0x00, 0x00, 0x00,
    0x00, 0x00, 0x00, 0x09, 0x72, 0x00, 0x10, 0x00, 0x02, 0x00, 0x00, 0x00, 0x46, 0x02, 0x10, 0x80,
    0x41, 0x00, 0x00, 0x00, 0x02, 0x00, 0x00, 0x00, 0x46, 0x82, 0x20, 0x00, 0x01, 0x00, 0x00, 0x00,
    0x2c, 0x00, 0x00, 0x00, 0x10, 0x00, 0x00, 0x07, 0x42, 0x00, 0x10, 0x00, 0x00, 0x00, 0x00, 0x00,
    0x46, 0x02, 0x10, 0x00, 0x02, 0x00, 0x00, 0x00, 0x46, 0x02, 0x10, 0x00, 0x02, 0x00, 0x00, 0x00,
    0x4b, 0x00, 0x00, 0x05, 0x42, 0x00, 0x10, 0x00, 0x00, 0x00, 0x00, 0x00, 0x2a, 0x00, 0x10, 0x00,
    0x00, 0x00, 0x00, 0x00, 0x0e, 0x00, 0x00, 0x07, 0x72, 0x00, 0x10, 0x00, 0x02, 0x00, 0x00, 0x00,
    0x46, 0x02, 0x10, 0x00, 0x02, 0x00, 0x00, 0x00, 0xa6, 0x0a, 0x10, 0x00, 0x00, 0x00, 0x00, 0x00,
    0x38, 0x00, 0x00, 0x0a, 0x72, 0x00, 0x10, 0x00, 0x02, 0x00, 0x00, 0x00, 0x46, 0x02, 0x10, 0x00,
    0x02, 0x00, 0x00, 0x00, 0x02, 0x40, 0x00, 0x00, 0x6f, 0x12, 0x83, 0x3a, 0x6f, 0x12, 0x83, 0x3a,
    0x6f, 0x12, 0x83, 0x3a, 0x00, 0x00, 0x00, 0x00, 0x00, 0x00, 0x00, 0x09, 0x42, 0x00, 0x10, 0x00,
    0x00, 0x00, 0x00, 0x00, 0x01, 0x40, 0x00, 0x00, 0x00, 0x00, 0x80, 0x3f, 0x0a, 0x80, 0x20, 0x80,
    0x41, 0x00, 0x00, 0x00, 0x00, 0x00, 0x00, 0x00, 0x01, 0x00, 0x00, 0x00, 0x01, 0x00, 0x00, 0x0d,
    0x32, 0x00, 0x10, 0x00, 0x03, 0x00, 0x00, 0x00, 0x02, 0x40, 0x00, 0x00, 0x20, 0x00, 0x00, 0x00,
    0xcf, 0xff, 0xff, 0xff, 0x00, 0x00, 0x00, 0x00, 0x00, 0x00, 0x00, 0x00, 0xf6, 0x8f, 0x20, 0x06,
    0x03, 0x00, 0x00, 0x00, 0x04, 0x00, 0x00, 0x00, 0x1a, 0x00, 0x10, 0x00, 0x00, 0x00, 0x00, 0x00,
    0x20, 0x00, 0x00, 0x0a, 0x52, 0x00, 0x10, 0x00, 0x03, 0x00, 0x00, 0x00, 0x06, 0x01, 0x10, 0x00,
    0x03, 0x00, 0x00, 0x00, 0x02, 0x40, 0x00, 0x00, 0x00, 0x00, 0x00, 0x00, 0x00, 0x00, 0x00, 0x00,
    0x00, 0x00, 0x00, 0x00, 0x00, 0x00, 0x00, 0x00, 0x3c, 0x00, 0x00, 0x07, 0x82, 0x00, 0x10, 0x00,
    0x00, 0x00, 0x00, 0x00, 0x2a, 0x00, 0x10, 0x00, 0x03, 0x00, 0x00, 0x00, 0x0a, 0x00, 0x10, 0x00,
    0x03, 0x00, 0x00, 0x00, 0x1f, 0x00, 0x00, 0x03, 0x3a, 0x00, 0x10, 0x00, 0x00, 0x00, 0x00, 0x00,
    0x1e, 0x00, 0x00, 0x0d, 0x52, 0x00, 0x10, 0x00, 0x03, 0x00, 0x00, 0x00, 0x02, 0x40, 0x00, 0x00,
    0x03, 0x00, 0x00, 0x00, 0x00, 0x00, 0x00, 0x00, 0x03, 0x00, 0x00, 0x00, 0x00, 0x00, 0x00, 0x00,
    0x06, 0x81, 0x20, 0x06, 0x03, 0x00, 0x00, 0x00, 0x05, 0x00, 0x00, 0x00, 0x1a, 0x00, 0x10, 0x00,
    0x00, 0x00, 0x00, 0x00, 0x23, 0x00, 0x00, 0x0c, 0xf2, 0x00, 0x10, 0x00, 0x04, 0x00, 0x00, 0x00,
    0x46, 0x1e, 0x10, 0x00, 0x06, 0x00, 0x00, 0x00, 0x02, 0x40, 0x00, 0x00, 0x03, 0x00, 0x00, 0x00,
    0x03, 0x00, 0x00, 0x00, 0x03, 0x00, 0x00, 0x00, 0x03, 0x00, 0x00, 0x00, 0x06, 0x00, 0x10, 0x00,
    0x03, 0x00, 0x00, 0x00, 0x23, 0x00, 0x00, 0x0c, 0xf2, 0x00, 0x10, 0x00, 0x05, 0x00, 0x00, 0x00,
    0x46, 0x1e, 0x10, 0x00, 0x06, 0x00, 0x00, 0x00, 0x02, 0x40, 0x00, 0x00, 0x03, 0x00, 0x00, 0x00,
    0x03, 0x00, 0x00, 0x00, 0x03, 0x00, 0x00, 0x00, 0x03, 0x00, 0x00, 0x00, 0xa6, 0x0a, 0x10, 0x00,
    0x03, 0x00, 0x00, 0x00, 0x1e, 0x00, 0x00, 0x0a, 0x52, 0x00, 0x10, 0x00, 0x03, 0x00, 0x00, 0x00,
    0x06, 0x00, 0x10, 0x00, 0x04, 0x00, 0x00, 0x00, 0x02, 0x40, 0x00, 0x00, 0x01, 0x00, 0x00, 0x00,
    0x00, 0x00, 0x00, 0x00, 0x02, 0x00, 0x00, 0x00, 0x00, 0x00, 0x00, 0x00, 0x1e, 0x00, 0x00, 0x0a,
    0x32, 0x00, 0x10, 0x00, 0x06, 0x00, 0x00, 0x00, 0x06, 0x00, 0x10, 0x00, 0x05, 0x00, 0x00, 0x00,
    0x02, 0x40, 0x00, 0x00, 0x01, 0x00, 0x00, 0x00, 0x02, 0x00, 0x00, 0x00, 0x00, 0x00, 0x00, 0x00,
    0x00, 0x00, 0x00, 0x00, 0x50, 0x00, 0x00, 0x0a, 0xa2, 0x00, 0x10, 0x00, 0x03, 0x00, 0x00, 0x00,
    0x56, 0x05, 0x10, 0x00, 0x03, 0x00, 0x00, 0x00, 0x02, 0x40, 0x00, 0x00, 0x00, 0x00, 0x00, 0x00,
    0x02, 0x00, 0x00, 0x00, 0x00, 0x00, 0x00, 0x00, 0x04, 0x00, 0x00, 0x00, 0x1f, 0x00, 0x04, 0x03,
    0x1a, 0x00, 0x10, 0x00, 0x03, 0x00, 0x00, 0x00, 0xa7, 0x00, 0x00, 0x8b, 0x02, 0x83, 0x00, 0x80,
    0x83, 0x99, 0x19, 0x00, 0xf2, 0x00, 0x10, 0x00, 0x07, 0x00, 0x00, 0x00, 0x1a, 0x00, 0x10, 0x00,
    0x06, 0x00, 0x00, 0x00, 0x01, 0x40, 0x00, 0x00, 0x00, 0x00, 0x00, 0x00, 0x46, 0x7e, 0x10, 0x00,
    0x00, 0x00, 0x00, 0x00, 0x1e, 0x00, 0x00, 0x0a, 0xc2, 0x00, 0x10, 0x00, 0x06, 0x00, 0x00, 0x00,
    0x56, 0x05, 0x10, 0x00, 0x05, 0x00, 0x00, 0x00, 0x02, 0x40, 0x00, 0x00, 0x00, 0x00, 0x00, 0x00,
    0x00, 0x00, 0x00, 0x00, 0x02, 0x00, 0x00, 0x00, 0x01, 0x00, 0x00, 0x00, 0xa7, 0x00, 0x00, 0x8b,
    0x02, 0x83, 0x00, 0x80, 0x83, 0x99, 0x19, 0x00, 0xf2, 0x00, 0x10, 0x00, 0x08, 0x00, 0x00, 0x00,
    0x2a, 0x00, 0x10, 0x00, 0x06, 0x00, 0x00, 0x00, 0x01, 0x40, 0x00, 0x00, 0x00, 0x00, 0x00, 0x00,
    0x46, 0x7e, 0x10, 0x00, 0x00, 0x00, 0x00, 0x00, 0x38, 0x00, 0x00, 0x07, 0xf2, 0x00, 0x10, 0x00,
    0x08, 0x00, 0x00, 0x00, 0x46, 0x0e, 0x10, 0x00, 0x08, 0x00, 0x00, 0x00, 0x56, 0x15, 0x10, 0x00,
    0x05, 0x00, 0x00, 0x00, 0x32, 0x00, 0x00, 0x09, 0xf2, 0x00, 0x10, 0x00, 0x07, 0x00, 0x00, 0x00,
    0x46, 0x0e, 0x10, 0x00, 0x07, 0x00, 0x00, 0x00, 0x06, 0x10, 0x10, 0x00, 0x05, 0x00, 0x00, 0x00,
    0x46, 0x0e, 0x10, 0x00, 0x08, 0x00, 0x00, 0x00, 0xa7, 0x00, 0x00, 0x8b, 0x02, 0x83, 0x00, 0x80,
    0x83, 0x99, 0x19, 0x00, 0xf2, 0x00, 0x10, 0x00, 0x08, 0x00, 0x00, 0x00, 0x0a, 0x00, 0x10, 0x00,
    0x06, 0x00, 0x00, 0x00, 0x01, 0x40, 0x00, 0x00, 0x00, 0x00, 0x00, 0x00, 0x46, 0x7e, 0x10, 0x00,
    0x00, 0x00, 0x00, 0x00, 0xa7, 0x00, 0x00, 0x8b, 0x02, 0x83, 0x00, 0x80, 0x83, 0x99, 0x19, 0x00,
    0xf2, 0x00, 0x10, 0x00, 0x09, 0x00, 0x00, 0x00, 0x3a, 0x00, 0x10, 0x00, 0x06, 0x00, 0x00, 0x00,
    0x01, 0x40, 0x00, 0x00, 0x00, 0x00, 0x00, 0x00, 0x46, 0x7e, 0x10, 0x00, 0x00, 0x00, 0x00, 0x00,
    0x38, 0x00, 0x00, 0x07, 0xf2, 0x00, 0x10, 0x00, 0x09, 0x00, 0x00, 0x00, 0x46, 0x0e, 0x10, 0x00,
    0x09, 0x00, 0x00, 0x00, 0x56, 0x15, 0x10, 0x00, 0x05, 0x00, 0x00, 0x00, 0x32, 0x00, 0x00, 0x09,
    0xf2, 0x00, 0x10, 0x00, 0x08, 0x00, 0x00, 0x00, 0x46, 0x0e, 0x10, 0x00, 0x08, 0x00, 0x00, 0x00,
    0x06, 0x10, 0x10, 0x00, 0x05, 0x00, 0x00, 0x00, 0x46, 0x0e, 0x10, 0x00, 0x09, 0x00, 0x00, 0x00,
    0xa7, 0x00, 0x00, 0x8b, 0x02, 0x83, 0x00, 0x80, 0x83, 0x99, 0x19, 0x00, 0xf2, 0x00, 0x10, 0x00,
    0x09, 0x00, 0x00, 0x00, 0x0a, 0x00, 0x10, 0x00, 0x05, 0x00, 0x00, 0x00, 0x01, 0x40, 0x00, 0x00,
    0x00, 0x00, 0x00, 0x00, 0x46, 0x7e, 0x10, 0x00, 0x00, 0x00, 0x00, 0x00, 0xa7, 0x00, 0x00, 0x8b,
    0x02, 0x83, 0x00, 0x80, 0x83, 0x99, 0x19, 0x00, 0xf2, 0x00, 0x10, 0x00, 0x0a, 0x00, 0x00, 0x00,
    0x1a, 0x00, 0x10, 0x00, 0x05, 0x00, 0x00, 0x00, 0x01, 0x40, 0x00, 0x00, 0x00, 0x00, 0x00, 0x00,
    0x46, 0x7e, 0x10, 0x00, 0x00, 0x00, 0x00, 0x00, 0x38, 0x00, 0x00, 0x07, 0xf2, 0x00, 0x10, 0x00,
    0x0a, 0x00, 0x00, 0x00, 0x46, 0x0e, 0x10, 0x00, 0x0a, 0x00, 0x00, 0x00, 0x56, 0x15, 0x10, 0x00,
    0x05, 0x00, 0x00, 0x00, 0x32, 0x00, 0x00, 0x09, 0xf2, 0x00, 0x10, 0x00, 0x09, 0x00, 0x00, 0x00,
    0x46, 0x0e, 0x10, 0x00, 0x09, 0x00, 0x00, 0x00, 0x06, 0x10, 0x10, 0x00, 0x05, 0x00, 0x00, 0x00,
    0x46, 0x0e, 0x10, 0x00, 0x0a, 0x00, 0x00, 0x00, 0xa7, 0x00, 0x00, 0x8b, 0x02, 0x83, 0x00, 0x80,
    0x83, 0x99, 0x19, 0x00, 0xf2, 0x00, 0x10, 0x00, 0x0a, 0x00, 0x00, 0x00, 0x2a, 0x00, 0x10, 0x00,
    0x03, 0x00, 0x00, 0x00, 0x01, 0x40, 0x00, 0x00, 0x00, 0x00, 0x00, 0x00, 0x46, 0x7e, 0x10, 0x00,
    0x00, 0x00, 0x00, 0x00, 0x1e, 0x00, 0x00, 0x0a, 0xc2, 0x00, 0x10, 0x00, 0x06, 0x00, 0x00, 0x00,
    0x56, 0x05, 0x10, 0x00, 0x04, 0x00, 0x00, 0x00, 0x02, 0x40, 0x00, 0x00, 0x00, 0x00, 0x00, 0x00,
    0x00, 0x00, 0x00, 0x00, 0x02, 0x00, 0x00, 0x00, 0x01, 0x00, 0x00, 0x00, 0xa7, 0x00, 0x00, 0x8b,
    0x02, 0x83, 0x00, 0x80, 0x83, 0x99, 0x19, 0x00, 0xf2, 0x00, 0x10, 0x00, 0x0b, 0x00, 0x00, 0x00,
    0x2a, 0x00, 0x10, 0x00, 0x06, 0x00, 0x00, 0x00, 0x01, 0x40, 0x00, 0x00, 0x00, 0x00, 0x00, 0x00,
    0x46, 0x7e, 0x10, 0x00, 0x00, 0x00, 0x00, 0x00, 0x38, 0x00, 0x00, 0x07, 0xf2, 0x00, 0x10, 0x00,
    0x0b, 0x00, 0x00, 0x00, 0x46, 0x0e, 0x10, 0x00, 0x0b, 0x00, 0x00, 0x00, 0x56, 0x15, 0x10, 0x00,
    0x05, 0x00, 0x00, 0x00, 0x32, 0x00, 0x00, 0x09, 0xf2, 0x00, 0x10, 0x00, 0x0a, 0x00, 0x00, 0x00,
    0x46, 0x0e, 0x10, 0x00, 0x0a, 0x00, 0x00, 0x00, 0x06, 0x10, 0x10, 0x00, 0x05, 0x00, 0x00, 0x00,
    0x46, 0x0e, 0x10, 0x00, 0x0b, 0x00, 0x00, 0x00, 0xa7, 0x00, 0x00, 0x8b, 0x02, 0x83, 0x00, 0x80,
    0x83, 0x99, 0x19, 0x00, 0xf2, 0x00, 0x10, 0x00, 0x0b, 0x00, 0x00, 0x00, 0x0a, 0x00, 0x10, 0x00,
    0x03, 0x00, 0x00, 0x00, 0x01, 0x40, 0x00, 0x00, 0x00, 0x00, 0x00, 0x00, 0x46, 0x7e, 0x10, 0x00,
    0x00, 0x00, 0x00, 0x00, 0xa7, 0x00, 0x00, 0x8b, 0x02, 0x83, 0x00, 0x80, 0x83, 0x99, 0x19, 0x00,
    0xf2, 0x00, 0x10, 0x00, 0x0c, 0x00, 0x00, 0x00, 0x3a, 0x00, 0x10, 0x00, 0x06, 0x00, 0x00, 0x00,
    0x01, 0x40, 0x00, 0x00, 0x00, 0x00, 0x00, 0x00, 0x46, 0x7e, 0x10, 0x00, 0x00, 0x00, 0x00, 0x00,
    0x38, 0x00, 0x00, 0x07, 0xf2, 0x00, 0x10, 0x00, 0x0c, 0x00, 0x00, 0x00, 0x46, 0x0e, 0x10, 0x00,
    0x0c, 0x00, 0x00, 0x00, 0x56, 0x15, 0x10, 0x00, 0x05, 0x00, 0x00, 0x00, 0x32, 0x00, 0x00, 0x09,
    0xf2, 0x00, 0x10, 0x00, 0x0b, 0x00, 0x00, 0x00, 0x46, 0x0e, 0x10, 0x00, 0x0b, 0x00, 0x00, 0x00,
    0x06, 0x10, 0x10, 0x00, 0x05, 0x00, 0x00, 0x00, 0x46, 0x0e, 0x10, 0x00, 0x0c, 0x00, 0x00, 0x00,
    0xa7, 0x00, 0x00, 0x8b, 0x02, 0x83, 0x00, 0x80, 0x83, 0x99, 0x19, 0x00, 0xf2, 0x00, 0x10, 0x00,
    0x0c, 0x00, 0x00, 0x00, 0x0a, 0x00, 0x10, 0x00, 0x04, 0x00, 0x00, 0x00, 0x01, 0x40, 0x00, 0x00,
    0x00, 0x00, 0x00, 0x00, 0x46, 0x7e, 0x10, 0x00, 0x00, 0x00, 0x00, 0x00, 0xa7, 0x00, 0x00, 0x8b,
    0x02, 0x83, 0x00, 0x80, 0x83, 0x99, 0x19, 0x00, 0xf2, 0x00, 0x10, 0x00, 0x0d, 0x00, 0x00, 0x00,
    0x1a, 0x00, 0x10, 0x00, 0x04, 0x00, 0x00, 0x00, 0x01, 0x40, 0x00, 0x00, 0x00, 0x00, 0x00, 0x00,
    0x46, 0x7e, 0x10, 0x00, 0x00, 0x00, 0x00, 0x00, 0x38, 0x00, 0x00, 0x07, 0xf2, 0x00, 0x10, 0x00,
    0x0d, 0x00, 0x00, 0x00, 0x46, 0x0e, 0x10, 0x00, 0x0d, 0x00, 0x00, 0x00, 0x56, 0x15, 0x10, 0x00,
    0x05, 0x00, 0x00, 0x00, 0x32, 0x00, 0x00, 0x09, 0xf2, 0x00, 0x10, 0x00, 0x0c, 0x00, 0x00, 0x00,
    0x46, 0x0e, 0x10, 0x00, 0x0c, 0x00, 0x00, 0x00, 0x06, 0x10, 0x10, 0x00, 0x05, 0x00, 0x00, 0x00,
    0x46, 0x0e, 0x10, 0x00, 0x0d, 0x00, 0x00, 0x00, 0x12, 0x00, 0x00, 0x01, 0xa7, 0x00, 0x00, 0x8b,
    0x02, 0x83, 0x00, 0x80, 0x83, 0x99, 0x19, 0x00, 0xf2, 0x00, 0x10, 0x00, 0x07, 0x00, 0x00, 0x00,
    0x1a, 0x00, 0x10, 0x00, 0x06, 0x00, 0x00, 0x00, 0x01, 0x40, 0x00, 0x00, 0x00, 0x00, 0x00, 0x00,
    0x46, 0x7e, 0x10, 0x00, 0x00, 0x00, 0x00, 0x00, 0xa7, 0x00, 0x00, 0x8b, 0x02, 0x83, 0x00, 0x80,
    0x83, 0x99, 0x19, 0x00, 0xf2, 0x00, 0x10, 0x00, 0x08, 0x00, 0x00, 0x00, 0x0a, 0x00, 0x10, 0x00,
    0x06, 0x00, 0x00, 0x00, 0x01, 0x40, 0x00, 0x00, 0x00, 0x00, 0x00, 0x00, 0x46, 0x7e, 0x10, 0x00,
    0x00, 0x00, 0x00, 0x00, 0xa7, 0x00, 0x00, 0x8b, 0x02, 0x83, 0x00, 0x80, 0x83, 0x99, 0x19, 0x00,
    0xf2, 0x00, 0x10, 0x00, 0x09, 0x00, 0x00, 0x00, 0x0a, 0x00, 0x10, 0x00, 0x05, 0x00, 0x00, 0x00,
    0x01, 0x40, 0x00, 0x00, 0x00, 0x00, 0x00, 0x00, 0x46, 0x7e, 0x10, 0x00, 0x00, 0x00, 0x00, 0x00,
    0xa7, 0x00, 0x00, 0x8b, 0x02, 0x83, 0x00, 0x80, 0x83, 0x99, 0x19, 0x00, 0xf2, 0x00, 0x10, 0x00,
    0x0a, 0x00, 0x00, 0x00, 0x2a, 0x00, 0x10, 0x00, 0x03, 0x00, 0x00, 0x00, 0x01, 0x40, 0x00, 0x00,
    0x00, 0x00, 0x00, 0x00, 0x46, 0x7e, 0x10, 0x00, 0x00, 0x00, 0x00, 0x00, 0xa7, 0x00, 0x00, 0x8b,
    0x02, 0x83, 0x00, 0x80, 0x83, 0x99, 0x19, 0x00, 0xf2, 0x00, 0x10, 0x00, 0x0b, 0x00, 0x00, 0x00,
    0x0a, 0x00, 0x10, 0x00, 0x03, 0x00, 0x00, 0x00, 0x01, 0x40, 0x00, 0x00, 0x00, 0x00, 0x00, 0x00,
    0x46, 0x7e, 0x10, 0x00, 0x00, 0x00, 0x00, 0x00, 0xa7, 0x00, 0x00, 0x8b, 0x02, 0x83, 0x00, 0x80,
    0x83, 0x99, 0x19, 0x00, 0xf2, 0x00, 0x10, 0x00, 0x0c, 0x00, 0x00, 0x00, 0x0a, 0x00, 0x10, 0x00,
    0x04, 0x00, 0x00, 0x00, 0x01, 0x40, 0x00, 0x00, 0x00, 0x00, 0x00, 0x00, 0x46, 0x7e, 0x10, 0x00,
    0x00, 0x00, 0x00, 0x00, 0x15, 0x00, 0x00, 0x01, 0x1f, 0x00, 0x04, 0x03, 0x3a, 0x00, 0x10, 0x00,
    0x03, 0x00, 0x00, 0x00, 0x1e, 0x00, 0x00, 0x0a, 0xf2, 0x00, 0x10, 0x00, 0x03, 0x00, 0x00, 0x00,
    0xe6, 0x0e, 0x10, 0x00, 0x05, 0x00, 0x00, 0x00, 0x02, 0x40, 0x00, 0x00, 0x02, 0x00, 0x00, 0x00,
    0x02, 0x00, 0x00, 0x00, 0x01, 0x00, 0x00, 0x00, 0x01, 0x00, 0x00, 0x00, 0xa7, 0x00, 0x00, 0x8b,
    0x02, 0x83, 0x00, 0x80, 0x83, 0x99, 0x19, 0x00, 0xf2, 0x00, 0x10, 0x00, 0x06, 0x00, 0x00, 0x00,
    0x0a, 0x00, 0x10, 0x00, 0x03, 0x00, 0x00, 0x00, 0x01, 0x40, 0x00, 0x00, 0x00, 0x00, 0x00, 0x00,
    0x46, 0x7e, 0x10, 0x00, 0x00, 0x00, 0x00, 0x00, 0xa7, 0x00, 0x00, 0x8b, 0x02, 0x83, 0x00, 0x80,
    0x83, 0x99, 0x19, 0x00, 0xf2, 0x00, 0x10, 0x00, 0x0d, 0x00, 0x00, 0x00, 0x1a, 0x00, 0x10, 0x00,
    0x03, 0x00, 0x00, 0x00, 0x01, 0x40, 0x00, 0x00, 0x00, 0x00, 0x00, 0x00, 0x46, 0x7e, 0x10, 0x00,
    0x00, 0x00, 0x00, 0x00, 0x38, 0x00, 0x00, 0x07, 0xf2, 0x00, 0x10, 0x00, 0x0d, 0x00, 0x00, 0x00,
    0x46, 0x0e, 0x10, 0x00, 0x0d, 0x00, 0x00, 0x00, 0xf6, 0x1f, 0x10, 0x00, 0x05, 0x00, 0x00, 0x00,
    0x32, 0x00, 0x00, 0x09, 0xf2, 0x00, 0x10, 0x00, 0x06, 0x00, 0x00, 0x00, 0x46, 0x0e, 0x10, 0x00,
    0x06, 0x00, 0x00, 0x00, 0xa6, 0x1a, 0x10, 0x00, 0x05, 0x00, 0x00, 0x00, 0x46, 0x0e, 0x10, 0x00,
    0x0d, 0x00, 0x00, 0x00, 0x00, 0x00, 0x00, 0x07, 0xf2, 0x00, 0x10, 0x00, 0x07, 0x00, 0x00, 0x00,
    0x46, 0x0e, 0x10, 0x00, 0x06, 0x00, 0x00, 0x00, 0x46, 0x0e, 0x10, 0x00, 0x07, 0x00, 0x00, 0x00,
    0xa7, 0x00, 0x00, 0x8b, 0x02, 0x83, 0x00, 0x80, 0x83, 0x99, 0x19, 0x00, 0xf2, 0x00, 0x10, 0x00,
    0x06, 0x00, 0x00, 0x00, 0x2a, 0x00, 0x10, 0x00, 0x03, 0x00, 0x00, 0x00, 0x01, 0x40, 0x00, 0x00,
    0x00, 0x00, 0x00, 0x00, 0x46, 0x7e, 0x10, 0x00, 0x00, 0x00, 0x00, 0x00, 0xa7, 0x00, 0x00, 0x8b,
    0x02, 0x83, 0x00, 0x80, 0x83, 0x99, 0x19, 0x00, 0xf2, 0x00, 0x10, 0x00, 0x03, 0x00, 0x00, 0x00,
    0x3a, 0x00, 0x10, 0x00, 0x03, 0x00, 0x00, 0x00, 0x01, 0x40, 0x00, 0x00, 0x00, 0x00, 0x00, 0x00,
    0x46, 0x7e, 0x10, 0x00, 0x00, 0x00, 0x00, 0x00, 0x38, 0x00, 0x00, 0x07, 0xf2, 0x00, 0x10, 0x00,
    0x03, 0x00, 0x00, 0x00, 0x46, 0x0e, 0x10, 0x00, 0x03, 0x00, 0x00, 0x00, 0xf6, 0x1f, 0x10, 0x00,
    0x05, 0x00, 0x00, 0x00, 0x32, 0x00, 0x00, 0x09, 0xf2, 0x00, 0x10, 0x00, 0x03, 0x00, 0x00, 0x00,
    0x46, 0x0e, 0x10, 0x00, 0x06, 0x00, 0x00, 0x00, 0xa6, 0x1a, 0x10, 0x00, 0x05, 0x00, 0x00, 0x00,
    0x46, 0x0e, 0x10, 0x00, 0x03, 0x00, 0x00, 0x00, 0x00, 0x00, 0x00, 0x07, 0xf2, 0x00, 0x10, 0x00,
    0x08, 0x00, 0x00, 0x00, 0x46, 0x0e, 0x10, 0x00, 0x03, 0x00, 0x00, 0x00, 0x46, 0x0e, 0x10, 0x00,
    0x08, 0x00, 0x00, 0x00, 0xa7, 0x00, 0x00, 0x8b, 0x02, 0x83, 0x00, 0x80, 0x83, 0x99, 0x19, 0x00,
    0xf2, 0x00, 0x10, 0x00, 0x03, 0x00, 0x00, 0x00, 0x2a, 0x00, 0x10, 0x00, 0x05, 0x00, 0x00, 0x00,
    0x01, 0x40, 0x00, 0x00, 0x00, 0x00, 0x00, 0x00, 0x46, 0x7e, 0x10, 0x00, 0x00, 0x00, 0x00, 0x00,
    0xa7, 0x00, 0x00, 0x8b, 0x02, 0x83, 0x00, 0x80, 0x83, 0x99, 0x19, 0x00, 0xf2, 0x00, 0x10, 0x00,
    0x05, 0x00, 0x00, 0x00, 0x3a, 0x00, 0x10, 0x00, 0x05, 0x00, 0x00, 0x00, 0x01, 0x40, 0x00, 0x00,
    0x00, 0x00, 0x00, 0x00, 0x46, 0x7e, 0x10, 0x00, 0x00, 0x00, 0x00, 0x00, 0x38, 0x00, 0x00, 0x07,
    0xf2, 0x00, 0x10, 0x00, 0x05, 0x00, 0x00, 0x00, 0x46, 0x0e, 0x10, 0x00, 0x05, 0x00, 0x00, 0x00,
    0xf6, 0x1f, 0x10, 0x00, 0x05, 0x00, 0x00, 0x00, 0x32, 0x00, 0x00, 0x09, 0xf2, 0x00, 0x10, 0x00,
    0x03, 0x00, 0x00, 0x00, 0x46, 0x0e, 0x10, 0x00, 0x03, 0x00, 0x00, 0x00, 0xa6, 0x1a, 0x10, 0x00,
    0x05, 0x00, 0x00, 0x00, 0x46, 0x0e, 0x10, 0x00, 0x05, 0x00, 0x00, 0x00, 0x00, 0x00, 0x00, 0x07,
    0xf2, 0x00, 0x10, 0x00, 0x09, 0x00, 0x00, 0x00, 0x46, 0x0e, 0x10, 0x00, 0x03, 0x00, 0x00, 0x00,
    0x46, 0x0e, 0x10, 0x00, 0x09, 0x00, 0x00, 0x00, 0x1e, 0x00, 0x00, 0x0a, 0xf2, 0x00, 0x10, 0x00,
    0x03, 0x00, 0x00, 0x00, 0xe6, 0x0e, 0x10, 0x00, 0x04, 0x00, 0x00, 0x00, 0x02, 0x40, 0x00, 0x00,
    0x02, 0x00, 0x00, 0x00, 0x02, 0x00, 0x00, 0x00, 0x01, 0x00, 0x00, 0x00, 0x01, 0x00, 0x00, 0x00,
    0xa7, 0x00, 0x00, 0x8b, 0x02, 0x83, 0x00, 0x80, 0x83, 0x99, 0x19, 0x00, 0xf2, 0x00, 0x10, 0x00,
    0x05, 0x00, 0x00, 0x00, 0x0a, 0x00, 0x10, 0x00, 0x03, 0x00, 0x00, 0x00, 0x01, 0x40, 0x00, 0x00,
    0x00, 0x00, 0x00, 0x00, 0x46, 0x7e, 0x10, 0x00, 0x00, 0x00, 0x00, 0x00, 0xa7, 0x00, 0x00, 0x8b,
    0x02, 0x83, 0x00, 0x80, 0x83, 0x99, 0x19, 0x00, 0xf2, 0x00, 0x10, 0x00, 0x06, 0x00, 0x00, 0x00,
    0x1a, 0x00, 0x10, 0x00, 0x03, 0x00, 0x00, 0x00, 0x01, 0x40, 0x00, 0x00, 0x00, 0x00, 0x00, 0x00,
    0x46, 0x7e, 0x10, 0x00, 0x00, 0x00, 0x00, 0x00, 0x38, 0x00, 0x00, 0x07, 0xf2, 0x00, 0x10, 0x00,
    0x06, 0x00, 0x00, 0x00, 0x46, 0x0e, 0x10, 0x00, 0x06, 0x00, 0x00, 0x00, 0xf6, 0x1f, 0x10, 0x00,
    0x05, 0x00, 0x00, 0x00, 0x32, 0x00, 0x00, 0x09, 0xf2, 0x00, 0x10, 0x00, 0x05, 0x00, 0x00, 0x00,
    0x46, 0x0e, 0x10, 0x00, 0x05, 0x00, 0x00, 0x00, 0xa6, 0x1a, 0x10, 0x00, 0x05, 0x00, 0x00, 0x00,
    0x46, 0x0e, 0x10, 0x00, 0x06, 0x00, 0x00, 0x00, 0x00, 0x00, 0x00, 0x07, 0xf2, 0x00, 0x10, 0x00,
    0x0a, 0x00, 0x00, 0x00, 0x46, 0x0e, 0x10, 0x00, 0x05, 0x00, 0x00, 0x00, 0x46, 0x0e, 0x10, 0x00,
    0x0a, 0x00, 0x00, 0x00, 0xa7, 0x00, 0x00, 0x8b, 0x02, 0x83, 0x00, 0x80, 0x83, 0x99, 0x19, 0x00,
    0xf2, 0x00, 0x10, 0x00, 0x05, 0x00, 0x00, 0x00, 0x2a, 0x00, 0x10, 0x00, 0x03, 0x00, 0x00, 0x00,
    0x01, 0x40, 0x00, 0x00, 0x00, 0x00, 0x00, 0x00, 0x46, 0x7e, 0x10, 0x00, 0x00, 0x00, 0x00, 0x00,
    0xa7, 0x00, 0x00, 0x8b, 0x02, 0x83, 0x00, 0x80, 0x83, 0x99, 0x19, 0x00, 0xf2, 0x00, 0x10, 0x00,
    0x03, 0x00, 0x00, 0x00, 0x3a, 0x00, 0x10, 0x00, 0x03, 0x00, 0x00, 0x00, 0x01, 0x40, 0x00, 0x00,
    0x00, 0x00, 0x00, 0x00, 0x46, 0x7e, 0x10, 0x00, 0x00, 0x00, 0x00, 0x00, 0x38, 0x00, 0x00, 0x07,
    0xf2, 0x00, 0x10, 0x00, 0x03, 0x00, 0x00, 0x00, 0x46, 0x0e, 0x10, 0x00, 0x03, 0x00, 0x00, 0x00,
    0xf6, 0x1f, 0x10, 0x00, 0x05, 0x00, 0x00, 0x00, 0x32, 0x00, 0x00, 0x09, 0xf2, 0x00, 0x10, 0x00,
    0x03, 0x00, 0x00, 0x00, 0x46, 0x0e, 0x10, 0x00, 0x05, 0x00, 0x00, 0x00, 0xa6, 0x1a, 0x10, 0x00,
    0x05, 0x00, 0x00, 0x00, 0x46, 0x0e, 0x10, 0x00, 0x03, 0x00, 0x00, 0x00, 0x00, 0x00, 0x00, 0x07,
    0xf2, 0x00, 0x10, 0x00, 0x0b, 0x00, 0x00, 0x00, 0x46, 0x0e, 0x10, 0x00, 0x03, 0x00, 0x00, 0x00,
    0x46, 0x0e, 0x10, 0x00, 0x0b, 0x00, 0x00, 0x00, 0xa7, 0x00, 0x00, 0x8b, 0x02, 0x83, 0x00, 0x80,
    0x83, 0x99, 0x19, 0x00, 0xf2, 0x00, 0x10, 0x00, 0x03, 0x00, 0x00, 0x00, 0x2a, 0x00, 0x10, 0x00,
    0x04, 0x00, 0x00, 0x00, 0x01, 0x40, 0x00, 0x00, 0x00, 0x00, 0x00, 0x00, 0x46, 0x7e, 0x10, 0x00,
    0x00, 0x00, 0x00, 0x00, 0xa7, 0x00, 0x00, 0x8b, 0x02, 0x83, 0x00, 0x80, 0x83, 0x99, 0x19, 0x00,
    0xf2, 0x00, 0x10, 0x00, 0x04, 0x00, 0x00, 0x00, 0x3a, 0x00, 0x10, 0x00, 0x04, 0x00, 0x00, 0x00,
    0x01, 0x40, 0x00, 0x00, 0x00, 0x00, 0x00, 0x00, 0x46, 0x7e, 0x10, 0x00, 0x00, 0x00, 0x00, 0x00,
    0x38, 0x00, 0x00, 0x07, 0xf2, 0x00, 0x10, 0x00, 0x04, 0x00, 0x00, 0x00, 0x46, 0x0e, 0x10, 0x00,
    0x04, 0x00, 0x00, 0x00, 0xf6, 0x1f, 0x10, 0x00, 0x05, 0x00, 0x00, 0x00, 0x32, 0x00, 0x00, 0x09,
    0xf2, 0x00, 0x10, 0x00, 0x03, 0x00, 0x00, 0x00, 0x46, 0x0e, 0x10, 0x00, 0x03, 0x00, 0x00, 0x00,
    0xa6, 0x1a, 0x10, 0x00, 0x05, 0x00, 0x00, 0x00, 0x46, 0x0e, 0x10, 0x00, 0x04, 0x00, 0x00, 0x00,
    0x00, 0x00, 0x00, 0x07, 0xf2, 0x00, 0x10, 0x00, 0x0c, 0x00, 0x00, 0x00, 0x46, 0x0e, 0x10, 0x00,
    0x03, 0x00, 0x00, 0x00, 0x46, 0x0e, 0x10, 0x00, 0x0c, 0x00, 0x00, 0x00, 0x15, 0x00, 0x00, 0x01,
    0x36, 0x00, 0x00, 0x05, 0x72, 0x00, 0x10, 0x00, 0x03, 0x00, 0x00, 0x00, 0x46, 0x12, 0x10, 0x00,
    0x00, 0x00, 0x00, 0x00, 0x36, 0x00, 0x00, 0x05, 0x82, 0x00, 0x10, 0x00, 0x03, 0x00, 0x00, 0x00,
    0x01, 0x40, 0x00, 0x00, 0x00, 0x00, 0x80, 0x3f, 0x11, 0x00, 0x00, 0x07, 0x82, 0x00, 0x10, 0x00,
    0x00, 0x00, 0x00, 0x00, 0x46, 0x0e, 0x10, 0x00, 0x0c, 0x00, 0x00, 0x00, 0x46, 0x0e, 0x10, 0x00,
    0x03, 0x00, 0x00, 0x00, 0x11, 0x00, 0x00, 0x07, 0x82, 0x00, 0x10, 0x00, 0x02, 0x00, 0x00, 0x00,
    0x46, 0x0e, 0x10, 0x00, 0x0b, 0x00, 0x00, 0x00, 0x46, 0x0e, 0x10, 0x00, 0x03, 0x00, 0x00, 0x00,
    0x11, 0x00, 0x00, 0x07, 0x12, 0x00, 0x10, 0x00, 0x04, 0x00, 0x00, 0x00, 0x46, 0x0e, 0x10, 0x00,
    0x0a, 0x00, 0x00, 0x00, 0x46, 0x0e, 0x10, 0x00, 0x03, 0x00, 0x00, 0x00, 0x11, 0x00, 0x00, 0x07,
    0x12, 0x00, 0x10, 0x00, 0x05, 0x00, 0x00, 0x00, 0x46, 0x0e, 0x10, 0x00, 0x09, 0x00, 0x00, 0x00,
    0x46, 0x0e, 0x10, 0x00, 0x03, 0x00, 0x00, 0x00, 0x11, 0x00, 0x00, 0x07, 0x22, 0x00, 0x10, 0x00,
    0x05, 0x00, 0x00, 0x00, 0x46, 0x0e, 0x10, 0x00, 0x08, 0x00, 0x00, 0x00, 0x46, 0x0e, 0x10, 0x00,
    0x03, 0x00, 0x00, 0x00, 0x11, 0x00, 0x00, 0x07, 0x42, 0x00, 0x10, 0x00, 0x05, 0x00, 0x00, 0x00,
    0x46, 0x0e, 0x10, 0x00, 0x07, 0x00, 0x00, 0x00, 0x46, 0x0e, 0x10, 0x00, 0x03, 0x00, 0x00, 0x00,
    0x12, 0x00, 0x00, 0x01, 0x36, 0x00, 0x00, 0x05, 0x72, 0x00, 0x10, 0x00, 0x05, 0x00, 0x00, 0x00,
    0x46, 0x12, 0x10, 0x00, 0x04, 0x00, 0x00, 0x00, 0x36, 0x00, 0x00, 0x05, 0x82, 0x00, 0x10, 0x00,
    0x00, 0x00, 0x00, 0x00, 0x0a, 0x10, 0x10, 0x00, 0x00, 0x00, 0x00, 0x00, 0x36, 0x00, 0x00, 0x05,
    0x82, 0x00, 0x10, 0x00, 0x02, 0x00, 0x00, 0x00, 0x1a, 0x10, 0x10, 0x00, 0x00, 0x00, 0x00, 0x00,
    0x36, 0x00, 0x00, 0x05, 0x12, 0x00, 0x10, 0x00, 0x04, 0x00, 0x00, 0x00, 0x2a, 0x10, 0x10, 0x00,
    0x00, 0x00, 0x00, 0x00, 0x15, 0x00, 0x00, 0x01, 0x38, 0x00, 0x00, 0x0a, 0x72, 0x00, 0x10, 0x00,
    0x03, 0x00, 0x00, 0x00, 0xf6, 0x0f, 0x10, 0x00, 0x02, 0x00, 0x00, 0x00, 0x46, 0x82, 0x20, 0x06,
    0x03, 0x00, 0x00, 0x00, 0x01, 0x00, 0x00, 0x00, 0x1a, 0x00, 0x10, 0x00, 0x00, 0x00, 0x00, 0x00,
    0x32, 0x00, 0x00, 0x0b, 0x72, 0x00, 0x10, 0x00, 0x03, 0x00, 0x00, 0x00, 0x46, 0x82, 0x20, 0x04,
    0x03, 0x00, 0x00, 0x00, 0x1a, 0x00, 0x10, 0x00, 0x00, 0x00, 0x00, 0x00, 0xf6, 0x0f, 0x10, 0x00,
    0x00, 0x00, 0x00, 0x00, 0x46, 0x02, 0x10, 0x00, 0x03, 0x00, 0x00, 0x00, 0x32, 0x00, 0x00, 0x0c,
    0x72, 0x00, 0x10, 0x00, 0x03, 0x00, 0x00, 0x00, 0x46, 0x82, 0x20, 0x06, 0x03, 0x00, 0x00, 0x00,
    0x02, 0x00, 0x00, 0x00, 0x1a, 0x00, 0x10, 0x00, 0x00, 0x00, 0x00, 0x00, 0x06, 0x00, 0x10, 0x00,
    0x04, 0x00, 0x00, 0x00, 0x46, 0x02, 0x10, 0x00, 0x03, 0x00, 0x00, 0x00, 0x00, 0x00, 0x00, 0x0c,
    0xe2, 0x00, 0x10, 0x00, 0x04, 0x00, 0x00, 0x00, 0x06, 0x89, 0x20, 0x80, 0x41, 0x00, 0x00, 0x00,
    0x01, 0x00, 0x00, 0x00, 0x2c, 0x00, 0x00, 0x00, 0x06, 0x89, 0x20, 0x06, 0x03, 0x00, 0x00, 0x00,
    0x03, 0x00, 0x00, 0x00, 0x1a, 0x00, 0x10, 0x00, 0x00, 0x00, 0x00, 0x00, 0x00, 0x00, 0x00, 0x07,
    0x72, 0x00, 0x10, 0x00, 0x03, 0x00, 0x00, 0x00, 0x46, 0x02, 0x10, 0x00, 0x03, 0x00, 0x00, 0x00,
    0x96, 0x07, 0x10, 0x00, 0x04, 0x00, 0x00, 0x00, 0x32, 0x00, 0x00, 0x09, 0x72, 0x00, 0x10, 0x00,
    0x03, 0x00, 0x00, 0x00, 0x46, 0x02, 0x10, 0x00, 0x02, 0x00, 0x00, 0x00, 0xa6, 0x0a, 0x10, 0x00,
    0x00, 0x00, 0x00, 0x00, 0x46, 0x02, 0x10, 0x00, 0x03, 0x00, 0x00, 0x00, 0x38, 0x00, 0x00, 0x08,
    0xf2, 0x00, 0x10, 0x00, 0x06, 0x00, 0x00, 0x00, 0x56, 0x05, 0x10, 0x00, 0x03, 0x00, 0x00, 0x00,
    0x46, 0x8e, 0x20, 0x00, 0x01, 0x00, 0x00, 0x00, 0x21, 0x00, 0x00, 0x00, 0x32, 0x00, 0x00, 0x0a,
    0xf2, 0x00, 0x10, 0x00, 0x06, 0x00, 0x00, 0x00, 0x46, 0x8e, 0x20, 0x00, 0x01, 0x00, 0x00, 0x00,
    0x20, 0x00, 0x00, 0x00, 0x06, 0x00, 0x10, 0x00, 0x03, 0x00, 0x00, 0x00, 0x46, 0x0e, 0x10, 0x00,
    0x06, 0x00, 0x00, 0x00, 0x32, 0x00, 0x00, 0x0a, 0xf2, 0x00, 0x10, 0x00, 0x06, 0x00, 0x00, 0x00,
    0x46, 0x8e, 0x20, 0x00, 0x01, 0x00, 0x00, 0x00, 0x22, 0x00, 0x00, 0x00, 0xa6, 0x0a, 0x10, 0x00,
    0x03, 0x00, 0x00, 0x00, 0x46, 0x0e, 0x10, 0x00, 0x06, 0x00, 0x00, 0x00, 0x00, 0x00, 0x00, 0x08,
    0xf2, 0x00, 0x10, 0x00, 0x06, 0x00, 0x00, 0x00, 0x46, 0x0e, 0x10, 0x00, 0x06, 0x00, 0x00, 0x00,
    0x46, 0x8e, 0x20, 0x00, 0x01, 0x00, 0x00, 0x00, 0x23, 0x00, 0x00, 0x00, 0x38, 0x00, 0x00, 0x08,
    0x62, 0x00, 0x10, 0x00, 0x04, 0x00, 0x00, 0x00, 0xf6, 0x0f, 0x10, 0x00, 0x06, 0x00, 0x00, 0x00,
    0xa6, 0x8b, 0x20, 0x00, 0x02, 0x00, 0x00, 0x00, 0x13, 0x00, 0x00, 0x00, 0x32, 0x00, 0x00, 0x0d,
    0x32, 0x20, 0x10, 0x00, 0x00, 0x00, 0x00, 0x00, 0x96, 0x05, 0x10, 0x80, 0x41, 0x00, 0x00, 0x00,
    0x04, 0x00, 0x00, 0x00, 0x02, 0x40, 0x00, 0x00, 0x00, 0x00, 0x00, 0x40, 0x00, 0x00, 0x00, 0xc0,
    0x00, 0x00, 0x00, 0x00, 0x00, 0x00, 0x00, 0x00, 0x46, 0x00, 0x10, 0x00, 0x06, 0x00, 0x00, 0x00,
    0x31, 0x00, 0x00, 0x0d, 0x62, 0x00, 0x10, 0x00, 0x04, 0x00, 0x00, 0x00, 0x06, 0x81, 0x20, 0x06,
    0x03, 0x00, 0x00, 0x00, 0x0a, 0x00, 0x00, 0x00, 0x1a, 0x00, 0x10, 0x00, 0x00, 0x00, 0x00, 0x00,
    0x02, 0x40, 0x00, 0x00, 0x00, 0x00, 0x00, 0x00, 0x00, 0x00, 0x80, 0x3f, 0x00, 0x00, 0x80, 0x3f,
    0x00, 0x00, 0x00, 0x00, 0x00, 0x00, 0x00, 0x0a, 0x72, 0x00, 0x10, 0x00, 0x07, 0x00, 0x00, 0x00,
    0x46, 0x82, 0x20, 0x00, 0x01, 0x00, 0x00, 0x00, 0x2c, 0x00, 0x00, 0x00, 0x46, 0x82, 0x20, 0x80,
    0x41, 0x00, 0x00, 0x00, 0x01, 0x00, 0x00, 0x00, 0x51, 0x00, 0x00, 0x00, 0x00, 0x00, 0x00, 0x07,
    0x72, 0x00, 0x10, 0x00, 0x03, 0x00, 0x00, 0x00, 0x46, 0x02, 0x10, 0x00, 0x03, 0x00, 0x00, 0x00,
    0x46, 0x02, 0x10, 0x00, 0x07, 0x00, 0x00, 0x00, 0x37, 0x00, 0x00, 0x09, 0x82, 0x00, 0x10, 0x00,
    0x00, 0x00, 0x00, 0x00, 0x1a, 0x00, 0x10, 0x00, 0x04, 0x00, 0x00, 0x00, 0x3a, 0x00, 0x10, 0x00,
    0x00, 0x00, 0x00, 0x00, 0x0a, 0x00, 0x10, 0x00, 0x05, 0x00, 0x00, 0x00, 0x37, 0x00, 0x00, 0x09,
    0x82, 0x00, 0x10, 0x00, 0x02, 0x00, 0x00, 0x00, 0x1a, 0x00, 0x10, 0x00, 0x04, 0x00, 0x00, 0x00,
    0x3a, 0x00, 0x10, 0x00, 0x02, 0x00, 0x00, 0x00, 0x1a, 0x00, 0x10, 0x00, 0x05, 0x00, 0x00, 0x00,
    0x37, 0x00, 0x00, 0x09, 0x82, 0x00, 0x10, 0x00, 0x03, 0x00, 0x00, 0x00, 0x1a, 0x00, 0x10, 0x00,
    0x04, 0x00, 0x00, 0x00, 0x0a, 0x00, 0x10, 0x00, 0x04, 0x00, 0x00, 0x00, 0x2a, 0x00, 0x10, 0x00,
    0x05, 0x00, 0x00, 0x00, 0x38, 0x00, 0x00, 0x0a, 0xb2, 0x00, 0x10, 0x00, 0x04, 0x00, 0x00, 0x00,
    0xf6, 0x0f, 0x10, 0x00, 0x02, 0x00, 0x00, 0x00, 0x46, 0x88, 0x20, 0x06, 0x03, 0x00, 0x00, 0x00,
    0x07, 0x00, 0x00, 0x00, 0x1a, 0x00, 0x10, 0x00, 0x00, 0x00, 0x00, 0x00, 0x32, 0x00, 0x00, 0x0c,
    0xb2, 0x00, 0x10, 0x00, 0x04, 0x00, 0x00, 0x00, 0x46, 0x88, 0x20, 0x06, 0x03, 0x00, 0x00, 0x00,
    0x06, 0x00, 0x00, 0x00, 0x1a, 0x00, 0x10, 0x00, 0x00, 0x00, 0x00, 0x00, 0xf6, 0x0f, 0x10, 0x00,
    0x00, 0x00, 0x00, 0x00, 0x46, 0x0c, 0x10, 0x00, 0x04, 0x00, 0x00, 0x00, 0x32, 0x00, 0x00, 0x0c,
    0xb2, 0x00, 0x10, 0x00, 0x04, 0x00, 0x00, 0x00, 0x46, 0x88, 0x20, 0x06, 0x03, 0x00, 0x00, 0x00,
    0x08, 0x00, 0x00, 0x00, 0x1a, 0x00, 0x10, 0x00, 0x00, 0x00, 0x00, 0x00, 0xf6, 0x0f, 0x10, 0x00,
    0x03, 0x00, 0x00, 0x00, 0x46, 0x0c, 0x10, 0x00, 0x04, 0x00, 0x00, 0x00, 0x00, 0x00, 0x00, 0x0c,
    0x72, 0x00, 0x10, 0x00, 0x05, 0x00, 0x00, 0x00, 0x46, 0x82, 0x20, 0x80, 0x41, 0x00, 0x00, 0x00,
    0x01, 0x00, 0x00, 0x00, 0x51, 0x00, 0x00, 0x00, 0x46, 0x82, 0x20, 0x06, 0x03, 0x00, 0x00, 0x00,
    0x09, 0x00, 0x00, 0x00, 0x1a, 0x00, 0x10, 0x00, 0x00, 0x00, 0x00, 0x00, 0x00, 0x00, 0x00, 0x07,
    0xb2, 0x00, 0x10, 0x00, 0x04, 0x00, 0x00, 0x00, 0x46, 0x0c, 0x10, 0x00, 0x04, 0x00, 0x00, 0x00,
    0x46, 0x08, 0x10, 0x00, 0x05, 0x00, 0x00, 0x00, 0x32, 0x00, 0x00, 0x09, 0xe2, 0x00, 0x10, 0x00,
    0x00, 0x00, 0x00, 0x00, 0x06, 0x09, 0x10, 0x00, 0x02, 0x00, 0x00, 0x00, 0xa6, 0x0a, 0x10, 0x00,
    0x00, 0x00, 0x00, 0x00, 0x06, 0x0d, 0x10, 0x00, 0x04, 0x00, 0x00, 0x00, 0x37, 0x00, 0x00, 0x09,
    0xf2, 0x20, 0x10, 0x00, 0x03, 0x00, 0x00, 0x00, 0x06, 0x00, 0x10, 0x00, 0x00, 0x00, 0x00, 0x00,
    0x46, 0x1e, 0x10, 0x00, 0x01, 0x00, 0x00, 0x00, 0x46, 0x0e, 0x10, 0x00, 0x01, 0x00, 0x00, 0x00,
    0x37, 0x00, 0x00, 0x09, 0x72, 0x00, 0x10, 0x00, 0x00, 0x00, 0x00, 0x00, 0xa6, 0x0a, 0x10, 0x00,
    0x04, 0x00, 0x00, 0x00, 0x46, 0x02, 0x10, 0x00, 0x03, 0x00, 0x00, 0x00, 0x96, 0x07, 0x10, 0x00,
    0x00, 0x00, 0x00, 0x00, 0x38, 0x00, 0x00, 0x08, 0x72, 0x00, 0x10, 0x00, 0x01, 0x00, 0x00, 0x00,
    0x56, 0x05, 0x10, 0x00, 0x00, 0x00, 0x00, 0x00, 0x46, 0x83, 0x20, 0x00, 0x01, 0x00, 0x00, 0x00,
    0x3a, 0x00, 0x00, 0x00, 0x32, 0x00, 0x00, 0x0a, 0xb2, 0x00, 0x10, 0x00, 0x00, 0x00, 0x00, 0x00,
    0x46, 0x8c, 0x20, 0x00, 0x01, 0x00, 0x00, 0x00, 0x39, 0x00, 0x00, 0x00, 0x06, 0x00, 0x10, 0x00,
    0x00, 0x00, 0x00, 0x00, 0x46, 0x08, 0x10, 0x00, 0x01, 0x00, 0x00, 0x00, 0x32, 0x00, 0x00, 0x0a,
    0x72, 0x00, 0x10, 0x00, 0x00, 0x00, 0x00, 0x00, 0x46, 0x83, 0x20, 0x00, 0x01, 0x00, 0x00, 0x00,
    0x3b, 0x00, 0x00, 0x00, 0xa6, 0x0a, 0x10, 0x00, 0x00, 0x00, 0x00, 0x00, 0x46, 0x03, 0x10, 0x00,
    0x00, 0x00, 0x00, 0x00, 0x00, 0x00, 0x00, 0x08, 0x72, 0x20, 0x10, 0x00, 0x05, 0x00, 0x00, 0x00,
    0x46, 0x02, 0x10, 0x00, 0x00, 0x00, 0x00, 0x00, 0x46, 0x83, 0x20, 0x00, 0x01, 0x00, 0x00, 0x00,
    0x3c, 0x00, 0x00, 0x00, 0x36, 0x00, 0x00, 0x05, 0xc2, 0x20, 0x10, 0x00, 0x00, 0x00, 0x00, 0x00,
    0xa6, 0x0e, 0x10, 0x00, 0x06, 0x00, 0x00, 0x00, 0x36, 0x00, 0x00, 0x05, 0xf2, 0x20, 0x10, 0x00,
    0x01, 0x00, 0x00, 0x00, 0x46, 0x1e, 0x10, 0x00, 0x02, 0x00, 0x00, 0x00, 0x36, 0x00, 0x00, 0x05,
    0xf2, 0x20, 0x10, 0x00, 0x02, 0x00, 0x00, 0x00, 0x46, 0x1e, 0x10, 0x00, 0x03, 0x00, 0x00, 0x00,
    0x36, 0x00, 0x00, 0x05, 0x72, 0x20, 0x10, 0x00, 0x04, 0x00, 0x00, 0x00, 0x46, 0x03, 0x10, 0x00,
    0x06, 0x00, 0x00, 0x00, 0x36, 0x00, 0x00, 0x05, 0x12, 0x20, 0x10, 0x00, 0x06, 0x00, 0x00, 0x00,
    0x0a, 0x10, 0x10, 0x00, 0x07, 0x00, 0x00, 0x00, 0x3e, 0x00, 0x00, 0x01,
};
inline constexpr std::size_t g_EndfieldM28PeakVertexDxbcSize = sizeof(g_EndfieldM28PeakVertexDxbc);

inline constexpr std::uint8_t g_EndfieldM28PeakPixelDxbc[] = {
    0x44, 0x58, 0x42, 0x43, 0x76, 0xce, 0xf0, 0xd8, 0x00, 0x03, 0x36, 0xc6, 0x8c, 0x84, 0x41, 0x0b,
    0xd3, 0xba, 0x71, 0x41, 0x01, 0x00, 0x00, 0x00, 0x50, 0x0e, 0x00, 0x00, 0x03, 0x00, 0x00, 0x00,
    0x2c, 0x00, 0x00, 0x00, 0xfc, 0x00, 0x00, 0x00, 0x48, 0x01, 0x00, 0x00, 0x49, 0x53, 0x47, 0x4e,
    0xc8, 0x00, 0x00, 0x00, 0x07, 0x00, 0x00, 0x00, 0x08, 0x00, 0x00, 0x00, 0xb0, 0x00, 0x00, 0x00,
    0x00, 0x00, 0x00, 0x00, 0x01, 0x00, 0x00, 0x00, 0x03, 0x00, 0x00, 0x00, 0x00, 0x00, 0x00, 0x00,
    0x0f, 0x07, 0x00, 0x00, 0xbc, 0x00, 0x00, 0x00, 0x00, 0x00, 0x00, 0x00, 0x00, 0x00, 0x00, 0x00,
    0x03, 0x00, 0x00, 0x00, 0x01, 0x00, 0x00, 0x00, 0x0f, 0x03, 0x00, 0x00, 0xbc, 0x00, 0x00, 0x00,
    0x01, 0x00, 0x00, 0x00, 0x00, 0x00, 0x00, 0x00, 0x03, 0x00, 0x00, 0x00, 0x02, 0x00, 0x00, 0x00,
    0x0f, 0x05, 0x00, 0x00, 0xbc, 0x00, 0x00, 0x00, 0x02, 0x00, 0x00, 0x00, 0x00, 0x00, 0x00, 0x00,
    0x03, 0x00, 0x00, 0x00, 0x03, 0x00, 0x00, 0x00, 0x0f, 0x08, 0x00, 0x00, 0xbc, 0x00, 0x00, 0x00,
    0x03, 0x00, 0x00, 0x00, 0x00, 0x00, 0x00, 0x00, 0x03, 0x00, 0x00, 0x00, 0x04, 0x00, 0x00, 0x00,
    0x07, 0x07, 0x00, 0x00, 0xbc, 0x00, 0x00, 0x00, 0x04, 0x00, 0x00, 0x00, 0x00, 0x00, 0x00, 0x00,
    0x03, 0x00, 0x00, 0x00, 0x05, 0x00, 0x00, 0x00, 0x07, 0x07, 0x00, 0x00, 0xbc, 0x00, 0x00, 0x00,
    0x05, 0x00, 0x00, 0x00, 0x00, 0x00, 0x00, 0x00, 0x01, 0x00, 0x00, 0x00, 0x06, 0x00, 0x00, 0x00,
    0x01, 0x01, 0x00, 0x00, 0x53, 0x56, 0x5f, 0x50, 0x6f, 0x73, 0x69, 0x74, 0x69, 0x6f, 0x6e, 0x00,
    0x54, 0x45, 0x58, 0x43, 0x4f, 0x4f, 0x52, 0x44, 0x00, 0xab, 0xab, 0xab, 0x4f, 0x53, 0x47, 0x4e,
    0x44, 0x00, 0x00, 0x00, 0x02, 0x00, 0x00, 0x00, 0x08, 0x00, 0x00, 0x00, 0x38, 0x00, 0x00, 0x00,
    0x00, 0x00, 0x00, 0x00, 0x00, 0x00, 0x00, 0x00, 0x03, 0x00, 0x00, 0x00, 0x00, 0x00, 0x00, 0x00,
    0x0f, 0x00, 0x00, 0x00, 0x38, 0x00, 0x00, 0x00, 0x01, 0x00, 0x00, 0x00, 0x00, 0x00, 0x00, 0x00,
    0x03, 0x00, 0x00, 0x00, 0x01, 0x00, 0x00, 0x00, 0x0f, 0x00, 0x00, 0x00, 0x53, 0x56, 0x5f, 0x54,
    0x61, 0x72, 0x67, 0x65, 0x74, 0x00, 0xab, 0xab, 0x53, 0x48, 0x45, 0x58, 0x00, 0x0d, 0x00, 0x00,
    0x50, 0x00, 0x00, 0x00, 0x40, 0x03, 0x00, 0x00, 0x6a, 0x08, 0x00, 0x01, 0x59, 0x00, 0x00, 0x04,
    0x46, 0x8e, 0x20, 0x00, 0x00, 0x00, 0x00, 0x00, 0x1c, 0x00, 0x00, 0x00, 0x59, 0x00, 0x00, 0x04,
    0x46, 0x8e, 0x20, 0x00, 0x01, 0x00, 0x00, 0x00, 0x68, 0x00, 0x00, 0x00, 0x59, 0x08, 0x00, 0x04,
    0x46, 0x8e, 0x20, 0x00, 0x02, 0x00, 0x00, 0x00, 0xf5, 0x0f, 0x00, 0x00, 0x59, 0x00, 0x00, 0x04,
    0x46, 0x8e, 0x20, 0x00, 0x03, 0x00, 0x00, 0x00, 0x0b, 0x00, 0x00, 0x00, 0x5a, 0x00, 0x00, 0x03,
    0x00, 0x60, 0x10, 0x00, 0x00, 0x00, 0x00, 0x00, 0x5a, 0x00, 0x00, 0x03, 0x00, 0x60, 0x10, 0x00,
    0x01, 0x00, 0x00, 0x00, 0x5a, 0x00, 0x00, 0x03, 0x00, 0x60, 0x10, 0x00, 0x02, 0x00, 0x00, 0x00,
    0x58, 0x18, 0x00, 0x04, 0x00, 0x70, 0x10, 0x00, 0x00, 0x00, 0x00, 0x00, 0x55, 0x55, 0x00, 0x00,
    0x58, 0x18, 0x00, 0x04, 0x00, 0x70, 0x10, 0x00, 0x01, 0x00, 0x00, 0x00, 0x55, 0x55, 0x00, 0x00,
    0x58, 0x18, 0x00, 0x04, 0x00, 0x70, 0x10, 0x00, 0x02, 0x00, 0x00, 0x00, 0x55, 0x55, 0x00, 0x00,
    0x64, 0x20, 0x00, 0x04, 0x72, 0x10, 0x10, 0x00, 0x00, 0x00, 0x00, 0x00, 0x01, 0x00, 0x00, 0x00,
    0x62, 0x10, 0x00, 0x03, 0x32, 0x10, 0x10, 0x00, 0x01, 0x00, 0x00, 0x00, 0x62, 0x10, 0x00, 0x03,
    0x52, 0x10, 0x10, 0x00, 0x02, 0x00, 0x00, 0x00, 0x62, 0x10, 0x00, 0x03, 0x82, 0x10, 0x10, 0x00,
    0x03, 0x00, 0x00, 0x00, 0x62, 0x10, 0x00, 0x03, 0x72, 0x10, 0x10, 0x00, 0x04, 0x00, 0x00, 0x00,
    0x62, 0x10, 0x00, 0x03, 0x72, 0x10, 0x10, 0x00, 0x05, 0x00, 0x00, 0x00, 0x62, 0x08, 0x00, 0x03,
    0x12, 0x10, 0x10, 0x00, 0x06, 0x00, 0x00, 0x00, 0x65, 0x00, 0x00, 0x03, 0xf2, 0x20, 0x10, 0x00,
    0x00, 0x00, 0x00, 0x00, 0x65, 0x00, 0x00, 0x03, 0xf2, 0x20, 0x10, 0x00, 0x01, 0x00, 0x00, 0x00,
    0x68, 0x00, 0x00, 0x02, 0x04, 0x00, 0x00, 0x00, 0x32, 0x00, 0x00, 0x0b, 0x32, 0x00, 0x10, 0x00,
    0x00, 0x00, 0x00, 0x00, 0x46, 0x80, 0x20, 0x00, 0x03, 0x00, 0x00, 0x00, 0x07, 0x00, 0x00, 0x00,
    0xf6, 0x8f, 0x20, 0x00, 0x01, 0x00, 0x00, 0x00, 0x67, 0x00, 0x00, 0x00, 0x46, 0x10, 0x10, 0x00,
    0x01, 0x00, 0x00, 0x00, 0x32, 0x00, 0x00, 0x0a, 0x32, 0x00, 0x10, 0x00, 0x00, 0x00, 0x00, 0x00,
    0xe6, 0x8a, 0x20, 0x00, 0x03, 0x00, 0x00, 0x00, 0x07, 0x00, 0x00, 0x00, 0x06, 0x10, 0x10, 0x00,
    0x02, 0x00, 0x00, 0x00, 0x46, 0x00, 0x10, 0x00, 0x00, 0x00, 0x00, 0x00, 0x00, 0x00, 0x00, 0x0a,
    0x32, 0x00, 0x10, 0x00, 0x00, 0x00, 0x00, 0x00, 0x46, 0x00, 0x10, 0x00, 0x00, 0x00, 0x00, 0x00,
    0x02, 0x40, 0x00, 0x00, 0x00, 0x00, 0x00, 0xbf, 0x00, 0x00, 0x00, 0xbf, 0x00, 0x00, 0x00, 0x00,
    0x00, 0x00, 0x00, 0x00, 0x38, 0x00, 0x00, 0x08, 0x42, 0x00, 0x10, 0x00, 0x00, 0x00, 0x00, 0x00,
    0x01, 0x40, 0x00, 0x00, 0x35, 0xfa, 0x8e, 0x3c, 0x0a, 0x80, 0x20, 0x00, 0x03, 0x00, 0x00, 0x00,
    0x04, 0x00, 0x00, 0x00, 0x4d, 0x00, 0x00, 0x07, 0x12, 0x00, 0x10, 0x00, 0x01, 0x00, 0x00, 0x00,
    0x12, 0x00, 0x10, 0x00, 0x02, 0x00, 0x00, 0x00, 0x2a, 0x00, 0x10, 0x00, 0x00, 0x00, 0x00, 0x00,
    0x36, 0x00, 0x00, 0x05, 0x42, 0x00, 0x10, 0x00, 0x03, 0x00, 0x00, 0x00, 0x0a, 0x00, 0x10, 0x00,
    0x01, 0x00, 0x00, 0x00, 0x36, 0x00, 0x00, 0x05, 0x22, 0x00, 0x10, 0x00, 0x03, 0x00, 0x00, 0x00,
    0x0a, 0x00, 0x10, 0x00, 0x02, 0x00, 0x00, 0x00, 0x36, 0x00, 0x00, 0x06, 0x12, 0x00, 0x10, 0x00,
    0x03, 0x00, 0x00, 0x00, 0x0a, 0x00, 0x10, 0x80, 0x41, 0x00, 0x00, 0x00, 0x01, 0x00, 0x00, 0x00,
    0x0f, 0x00, 0x00, 0x07, 0x22, 0x00, 0x10, 0x00, 0x01, 0x00, 0x00, 0x00, 0x46, 0x00, 0x10, 0x00,
    0x00, 0x00, 0x00, 0x00, 0x46, 0x00, 0x10, 0x00, 0x03, 0x00, 0x00, 0x00, 0x0f, 0x00, 0x00, 0x07,
    0x12, 0x00, 0x10, 0x00, 0x01, 0x00, 0x00, 0x00, 0x46, 0x00, 0x10, 0x00, 0x00, 0x00, 0x00, 0x00,
    0x96, 0x05, 0x10, 0x00, 0x03, 0x00, 0x00, 0x00, 0x00, 0x00, 0x00, 0x0a, 0x32, 0x00, 0x10, 0x00,
    0x00, 0x00, 0x00, 0x00, 0x46, 0x00, 0x10, 0x00, 0x01, 0x00, 0x00, 0x00, 0x02, 0x40, 0x00, 0x00,
    0x00, 0x00, 0x00, 0x3f, 0x00, 0x00, 0x00, 0x3f, 0x00, 0x00, 0x00, 0x00, 0x00, 0x00, 0x00, 0x00,
    0x32, 0x00, 0x00, 0x0b, 0x32, 0x00, 0x10, 0x00, 0x00, 0x00, 0x00, 0x00, 0x46, 0x00, 0x10, 0x00,
    0x00, 0x00, 0x00, 0x00, 0x46, 0x80, 0x20, 0x00, 0x03, 0x00, 0x00, 0x00, 0x06, 0x00, 0x00, 0x00,
    0xe6, 0x8a, 0x20, 0x00, 0x03, 0x00, 0x00, 0x00, 0x06, 0x00, 0x00, 0x00, 0x4a, 0x00, 0x00, 0x8e,
    0xc2, 0x00, 0x00, 0x80, 0x43, 0x55, 0x15, 0x00, 0x72, 0x00, 0x10, 0x00, 0x00, 0x00, 0x00, 0x00,
    0x46, 0x00, 0x10, 0x00, 0x00, 0x00, 0x00, 0x00, 0x46, 0x7b, 0x10, 0x00, 0x00, 0x00, 0x00, 0x00,
    0x00, 0x60, 0x10, 0x00, 0x01, 0x00, 0x00, 0x00, 0x0a, 0x80, 0x20, 0x00, 0x01, 0x00, 0x00, 0x00,
    0x1a, 0x00, 0x00, 0x00, 0x00, 0x00, 0x00, 0x08, 0x82, 0x00, 0x10, 0x00, 0x00, 0x00, 0x00, 0x00,
    0x01, 0x40, 0x00, 0x00, 0x00, 0x00, 0x80, 0x3f, 0x1a, 0x80, 0x20, 0x00, 0x03, 0x00, 0x00, 0x00,
    0x03, 0x00, 0x00, 0x00, 0x32, 0x00, 0x00, 0x0b, 0x82, 0x00, 0x10, 0x00, 0x00, 0x00, 0x00, 0x00,
    0x0a, 0x00, 0x10, 0x00, 0x00, 0x00, 0x00, 0x00, 0x3a, 0x00, 0x10, 0x00, 0x00, 0x00, 0x00, 0x00,
    0x1a, 0x80, 0x20, 0x80, 0x41, 0x00, 0x00, 0x00, 0x03, 0x00, 0x00, 0x00, 0x03, 0x00, 0x00, 0x00,
    0x38, 0x00, 0x00, 0x07, 0x12, 0x00, 0x10, 0x00, 0x00, 0x00, 0x00, 0x00, 0x3a, 0x00, 0x10, 0x00,
    0x00, 0x00, 0x00, 0x00, 0x2a, 0x00, 0x10, 0x00, 0x00, 0x00, 0x00, 0x00, 0x32, 0x00, 0x00, 0x0f,
    0x32, 0x00, 0x10, 0x00, 0x00, 0x00, 0x00, 0x00, 0x46, 0x00, 0x10, 0x00, 0x00, 0x00, 0x00, 0x00,
    0x02, 0x40, 0x00, 0x00, 0x00, 0x00, 0x00, 0x40, 0x00, 0x00, 0x00, 0x40, 0x00, 0x00, 0x00, 0x00,
    0x00, 0x00, 0x00, 0x00, 0x02, 0x40, 0x00, 0x00, 0x00, 0x00, 0x80, 0xbf, 0x00, 0x00, 0x80, 0xbf,
    0x00, 0x00, 0x00, 0x00, 0x00, 0x00, 0x00, 0x00, 0x38, 0x00, 0x00, 0x08, 0xc2, 0x00, 0x10, 0x00,
    0x00, 0x00, 0x00, 0x00, 0xf6, 0x0f, 0x10, 0x00, 0x00, 0x00, 0x00, 0x00, 0x06, 0x84, 0x20, 0x00,
    0x03, 0x00, 0x00, 0x00, 0x05, 0x00, 0x00, 0x00, 0x29, 0x00, 0x00, 0x07, 0x12, 0x00, 0x10, 0x00,
    0x01, 0x00, 0x00, 0x00, 0x0a, 0x10, 0x10, 0x00, 0x06, 0x00, 0x00, 0x00, 0x01, 0x40, 0x00, 0x00,
    0x04, 0x00, 0x00, 0x00, 0x00, 0x00, 0x00, 0x0b, 0x12, 0x00, 0x10, 0x00, 0x01, 0x00, 0x00, 0x00,
    0x01, 0x40, 0x00, 0x00, 0x00, 0x00, 0x80, 0x3f, 0x1a, 0x80, 0x20, 0x86, 0x41, 0x00, 0x00, 0x00,
    0x02, 0x00, 0x00, 0x00, 0x04, 0x00, 0x00, 0x00, 0x0a, 0x00, 0x10, 0x00, 0x01, 0x00, 0x00, 0x00,
    0x38, 0x00, 0x00, 0x09, 0x22, 0x00, 0x10, 0x00, 0x01, 0x00, 0x00, 0x00, 0x3a, 0x80, 0x20, 0x00,
    0x03, 0x00, 0x00, 0x00, 0x02, 0x00, 0x00, 0x00, 0x0a, 0x80, 0x20, 0x00, 0x03, 0x00, 0x00, 0x00,
    0x03, 0x00, 0x00, 0x00, 0x38, 0x00, 0x00, 0x07, 0x12, 0x00, 0x10, 0x00, 0x01, 0x00, 0x00, 0x00,
    0x0a, 0x00, 0x10, 0x00, 0x01, 0x00, 0x00, 0x00, 0x1a, 0x00, 0x10, 0x00, 0x01, 0x00, 0x00, 0x00,
    0x38, 0x00, 0x00, 0x07, 0x12, 0x00, 0x10, 0x00, 0x01, 0x00, 0x00, 0x00, 0x0a, 0x00, 0x10, 0x00,
    0x01, 0x00, 0x00, 0x00, 0x3a, 0x10, 0x10, 0x00, 0x03, 0x00, 0x00, 0x00, 0x38, 0x00, 0x00, 0x07,
    0xf2, 0x00, 0x10, 0x00, 0x00, 0x00, 0x00, 0x00, 0x46, 0x0e, 0x10, 0x00, 0x00, 0x00, 0x00, 0x00,
    0x06, 0x00, 0x10, 0x00, 0x01, 0x00, 0x00, 0x00, 0x32, 0x00, 0x00, 0x0b, 0x32, 0x00, 0x10, 0x00,
    0x00, 0x00, 0x00, 0x00, 0x46, 0x00, 0x10, 0x00, 0x00, 0x00, 0x00, 0x00, 0x46, 0x80, 0x20, 0x00,
    0x03, 0x00, 0x00, 0x00, 0x05, 0x00, 0x00, 0x00, 0xe6, 0x0a, 0x10, 0x80, 0x41, 0x00, 0x00, 0x00,
    0x00, 0x00, 0x00, 0x00, 0x32, 0x00, 0x00, 0x0a, 0x32, 0x00, 0x10, 0x00, 0x00, 0x00, 0x00, 0x00,
    0xa6, 0x8a, 0x20, 0x00, 0x03, 0x00, 0x00, 0x00, 0x02, 0x00, 0x00, 0x00, 0x46, 0x00, 0x10, 0x00,
    0x00, 0x00, 0x00, 0x00, 0xe6, 0x0a, 0x10, 0x00, 0x00, 0x00, 0x00, 0x00, 0x32, 0x00, 0x00, 0x0b,
    0xc2, 0x00, 0x10, 0x00, 0x00, 0x00, 0x00, 0x00, 0x06, 0x84, 0x20, 0x00, 0x03, 0x00, 0x00, 0x00,
    0x0a, 0x00, 0x00, 0x00, 0xf6, 0x8f, 0x20, 0x00, 0x01, 0x00, 0x00, 0x00, 0x67, 0x00, 0x00, 0x00,
    0x06, 0x14, 0x10, 0x00, 0x01, 0x00, 0x00, 0x00, 0x00, 0x00, 0x00, 0x0a, 0xc2, 0x00, 0x10, 0x00,
    0x00, 0x00, 0x00, 0x00, 0xa6, 0x0e, 0x10, 0x00, 0x00, 0x00, 0x00, 0x00, 0x02, 0x40, 0x00, 0x00,
    0x00, 0x00, 0x00, 0x00, 0x00, 0x00, 0x00, 0x00, 0x00, 0x00, 0x00, 0xbf, 0x00, 0x00, 0x00, 0xbf,
    0x38, 0x00, 0x00, 0x08, 0x12, 0x00, 0x10, 0x00, 0x01, 0x00, 0x00, 0x00, 0x01, 0x40, 0x00, 0x00,
    0x35, 0xfa, 0x8e, 0x3c, 0x0a, 0x80, 0x20, 0x00, 0x03, 0x00, 0x00, 0x00, 0x08, 0x00, 0x00, 0x00,
    0x4d, 0x00, 0x00, 0x07, 0x12, 0x00, 0x10, 0x00, 0x01, 0x00, 0x00, 0x00, 0x12, 0x00, 0x10, 0x00,
    0x02, 0x00, 0x00, 0x00, 0x0a, 0x00, 0x10, 0x00, 0x01, 0x00, 0x00, 0x00, 0x36, 0x00, 0x00, 0x05,
    0x42, 0x00, 0x10, 0x00, 0x03, 0x00, 0x00, 0x00, 0x0a, 0x00, 0x10, 0x00, 0x01, 0x00, 0x00, 0x00,
    0x36, 0x00, 0x00, 0x05, 0x22, 0x00, 0x10, 0x00, 0x03, 0x00, 0x00, 0x00, 0x0a, 0x00, 0x10, 0x00,
    0x02, 0x00, 0x00, 0x00, 0x36, 0x00, 0x00, 0x06, 0x12, 0x00, 0x10, 0x00, 0x03, 0x00, 0x00, 0x00,
    0x0a, 0x00, 0x10, 0x80, 0x41, 0x00, 0x00, 0x00, 0x01, 0x00, 0x00, 0x00, 0x0f, 0x00, 0x00, 0x07,
    0x22, 0x00, 0x10, 0x00, 0x01, 0x00, 0x00, 0x00, 0xe6, 0x0a, 0x10, 0x00, 0x00, 0x00, 0x00, 0x00,
    0x46, 0x00, 0x10, 0x00, 0x03, 0x00, 0x00, 0x00, 0x0f, 0x00, 0x00, 0x07, 0x12, 0x00, 0x10, 0x00,
    0x01, 0x00, 0x00, 0x00, 0xe6, 0x0a, 0x10, 0x00, 0x00, 0x00, 0x00, 0x00, 0x96, 0x05, 0x10, 0x00,
    0x03, 0x00, 0x00, 0x00, 0x00, 0x00, 0x00, 0x0a, 0xc2, 0x00, 0x10, 0x00, 0x00, 0x00, 0x00, 0x00,
    0x06, 0x04, 0x10, 0x00, 0x01, 0x00, 0x00, 0x00, 0x02, 0x40, 0x00, 0x00, 0x00, 0x00, 0x00, 0x00,
    0x00, 0x00, 0x00, 0x00, 0x00, 0x00, 0x00, 0x3f, 0x00, 0x00, 0x00, 0x3f, 0x32, 0x00, 0x00, 0x0b,
    0xc2, 0x00, 0x10, 0x00, 0x00, 0x00, 0x00, 0x00, 0xa6, 0x0e, 0x10, 0x00, 0x00, 0x00, 0x00, 0x00,
    0x06, 0x84, 0x20, 0x00, 0x03, 0x00, 0x00, 0x00, 0x09, 0x00, 0x00, 0x00, 0xa6, 0x8e, 0x20, 0x00,
    0x03, 0x00, 0x00, 0x00, 0x09, 0x00, 0x00, 0x00, 0x4a, 0x00, 0x00, 0x8e, 0xc2, 0x00, 0x00, 0x80,
    0x43, 0x55, 0x15, 0x00, 0x42, 0x00, 0x10, 0x00, 0x00, 0x00, 0x00, 0x00, 0xe6, 0x0a, 0x10, 0x00,
    0x00, 0x00, 0x00, 0x00, 0x96, 0x7c, 0x10, 0x00, 0x01, 0x00, 0x00, 0x00, 0x00, 0x60, 0x10, 0x00,
    0x02, 0x00, 0x00, 0x00, 0x0a, 0x80, 0x20, 0x00, 0x01, 0x00, 0x00, 0x00, 0x1a, 0x00, 0x00, 0x00,
    0x00, 0x00, 0x00, 0x08, 0x82, 0x00, 0x10, 0x00, 0x00, 0x00, 0x00, 0x00, 0x2a, 0x10, 0x10, 0x00,
    0x02, 0x00, 0x00, 0x00, 0x1a, 0x80, 0x20, 0x00, 0x03, 0x00, 0x00, 0x00, 0x08, 0x00, 0x00, 0x00,
    0x32, 0x00, 0x00, 0x09, 0x82, 0x00, 0x10, 0x00, 0x00, 0x00, 0x00, 0x00, 0x3a, 0x00, 0x10, 0x00,
    0x00, 0x00, 0x00, 0x00, 0x01, 0x40, 0x00, 0x00, 0xae, 0x47, 0x01, 0x40, 0x01, 0x40, 0x00, 0x00,
    0xae, 0x47, 0x81, 0xbf, 0x00, 0x00, 0x00, 0x08, 0x42, 0x00, 0x10, 0x00, 0x00, 0x00, 0x00, 0x00,
    0x3a, 0x00, 0x10, 0x80, 0x41, 0x00, 0x00, 0x00, 0x00, 0x00, 0x00, 0x00, 0x2a, 0x00, 0x10, 0x00,
    0x00, 0x00, 0x00, 0x00, 0x38, 0x20, 0x00, 0x08, 0x42, 0x00, 0x10, 0x00, 0x00, 0x00, 0x00, 0x00,
    0x2a, 0x00, 0x10, 0x00, 0x00, 0x00, 0x00, 0x00, 0x2a, 0x80, 0x20, 0x00, 0x03, 0x00, 0x00, 0x00,
    0x08, 0x00, 0x00, 0x00, 0x38, 0x00, 0x00, 0x08, 0x32, 0x00, 0x10, 0x00, 0x01, 0x00, 0x00, 0x00,
    0x46, 0x10, 0x10, 0x00, 0x00, 0x00, 0x00, 0x00, 0xe6, 0x8a, 0x20, 0x00, 0x01, 0x00, 0x00, 0x00,
    0x00, 0x00, 0x00, 0x00, 0x32, 0x00, 0x00, 0x09, 0x32, 0x00, 0x10, 0x00, 0x00, 0x00, 0x00, 0x00,
    0x46, 0x00, 0x10, 0x00, 0x00, 0x00, 0x00, 0x00, 0xa6, 0x0a, 0x10, 0x00, 0x00, 0x00, 0x00, 0x00,
    0x46, 0x00, 0x10, 0x00, 0x01, 0x00, 0x00, 0x00, 0x00, 0x00, 0x00, 0x07, 0x42, 0x00, 0x10, 0x00,
    0x00, 0x00, 0x00, 0x00, 0x2a, 0x00, 0x10, 0x00, 0x00, 0x00, 0x00, 0x00, 0x01, 0x40, 0x00, 0x00,
    0x00, 0x00, 0x80, 0xbf, 0x32, 0x00, 0x00, 0x0a, 0x42, 0x00, 0x10, 0x00, 0x00, 0x00, 0x00, 0x00,
    0x3a, 0x80, 0x20, 0x00, 0x03, 0x00, 0x00, 0x00, 0x08, 0x00, 0x00, 0x00, 0x2a, 0x00, 0x10, 0x00,
    0x00, 0x00, 0x00, 0x00, 0x01, 0x40, 0x00, 0x00, 0x00, 0x00, 0x80, 0x3f, 0x32, 0x00, 0x00, 0x0f,
    0x32, 0x00, 0x10, 0x00, 0x01, 0x00, 0x00, 0x00, 0x46, 0x00, 0x10, 0x00, 0x01, 0x00, 0x00, 0x00,
    0x02, 0x40, 0x00, 0x00, 0x00, 0x00, 0x00, 0x40, 0x00, 0x00, 0x00, 0x40, 0x00, 0x00, 0x00, 0x00,
    0x00, 0x00, 0x00, 0x00, 0x02, 0x40, 0x00, 0x00, 0x00, 0x00, 0x80, 0xbf, 0x00, 0x00, 0x80, 0xbf,
    0x00, 0x00, 0x00, 0x00, 0x00, 0x00, 0x00, 0x00, 0x4a, 0x00, 0x00, 0x8e, 0xc2, 0x00, 0x00, 0x80,
    0x43, 0x55, 0x15, 0x00, 0xb2, 0x00, 0x10, 0x00, 0x00, 0x00, 0x00, 0x00, 0x46, 0x00, 0x10, 0x00,
    0x00, 0x00, 0x00, 0x00, 0x46, 0x7b, 0x10, 0x00, 0x02, 0x00, 0x00, 0x00, 0x00, 0x60, 0x10, 0x00,
    0x00, 0x00, 0x00, 0x00, 0x0a, 0x80, 0x20, 0x00, 0x01, 0x00, 0x00, 0x00, 0x1a, 0x00, 0x00, 0x00,
    0x34, 0x00, 0x00, 0x0a, 0xb2, 0x00, 0x10, 0x00, 0x00, 0x00, 0x00, 0x00, 0x46, 0x0c, 0x10, 0x00,
    0x00, 0x00, 0x00, 0x00, 0x02, 0x40, 0x00, 0x00, 0x00, 0x00, 0x00, 0x00, 0x00, 0x00, 0x00, 0x00,
    0x00, 0x00, 0x00, 0x00, 0x00, 0x00, 0x00, 0x00, 0x33, 0x00, 0x00, 0x0a, 0x72, 0x20, 0x10, 0x00,
    0x00, 0x00, 0x00, 0x00, 0x46, 0x03, 0x10, 0x00, 0x00, 0x00, 0x00, 0x00, 0x02, 0x40, 0x00, 0x00,
    0x00, 0x00, 0x7a, 0x44, 0x00, 0x00, 0x7a, 0x44, 0x00, 0x00, 0x7a, 0x44, 0x00, 0x00, 0x00, 0x00,
    0x38, 0x00, 0x00, 0x09, 0xf2, 0x00, 0x10, 0x00, 0x02, 0x00, 0x00, 0x00, 0x56, 0x05, 0x10, 0x80,
    0x41, 0x00, 0x00, 0x00, 0x01, 0x00, 0x00, 0x00, 0x46, 0x8e, 0x20, 0x00, 0x00, 0x00, 0x00, 0x00,
    0x19, 0x00, 0x00, 0x00, 0x32, 0x00, 0x00, 0x0a, 0xf2, 0x00, 0x10, 0x00, 0x01, 0x00, 0x00, 0x00,
    0x46, 0x8e, 0x20, 0x00, 0x00, 0x00, 0x00, 0x00, 0x18, 0x00, 0x00, 0x00, 0x06, 0x00, 0x10, 0x00,
    0x01, 0x00, 0x00, 0x00, 0x46, 0x0e, 0x10, 0x00, 0x02, 0x00, 0x00, 0x00, 0x32, 0x00, 0x00, 0x0a,
    0xf2, 0x00, 0x10, 0x00, 0x01, 0x00, 0x00, 0x00, 0x46, 0x8e, 0x20, 0x00, 0x00, 0x00, 0x00, 0x00,
    0x1a, 0x00, 0x00, 0x00, 0xa6, 0x1a, 0x10, 0x00, 0x00, 0x00, 0x00, 0x00, 0x46, 0x0e, 0x10, 0x00,
    0x01, 0x00, 0x00, 0x00, 0x00, 0x00, 0x00, 0x08, 0xf2, 0x00, 0x10, 0x00, 0x01, 0x00, 0x00, 0x00,
    0x46, 0x0e, 0x10, 0x00, 0x01, 0x00, 0x00, 0x00, 0x46, 0x8e, 0x20, 0x00, 0x00, 0x00, 0x00, 0x00,
    0x1b, 0x00, 0x00, 0x00, 0x0e, 0x00, 0x00, 0x07, 0xb2, 0x00, 0x10, 0x00, 0x00, 0x00, 0x00, 0x00,
    0x46, 0x08, 0x10, 0x00, 0x01, 0x00, 0x00, 0x00, 0xf6, 0x0f, 0x10, 0x00, 0x01, 0x00, 0x00, 0x00,
    0x38, 0x00, 0x00, 0x08, 0x22, 0x00, 0x10, 0x00, 0x00, 0x00, 0x00, 0x00, 0x1a, 0x00, 0x10, 0x00,
    0x00, 0x00, 0x00, 0x00, 0x2a, 0x80, 0x20, 0x00, 0x00, 0x00, 0x00, 0x00, 0x01, 0x00, 0x00, 0x00,
    0x32, 0x00, 0x00, 0x0a, 0x12, 0x00, 0x10, 0x00, 0x00, 0x00, 0x00, 0x00, 0x2a, 0x80, 0x20, 0x00,
    0x00, 0x00, 0x00, 0x00, 0x00, 0x00, 0x00, 0x00, 0x0a, 0x00, 0x10, 0x00, 0x00, 0x00, 0x00, 0x00,
    0x1a, 0x00, 0x10, 0x00, 0x00, 0x00, 0x00, 0x00, 0x32, 0x00, 0x00, 0x0a, 0x12, 0x00, 0x10, 0x00,
    0x00, 0x00, 0x00, 0x00, 0x2a, 0x80, 0x20, 0x00, 0x00, 0x00, 0x00, 0x00, 0x02, 0x00, 0x00, 0x00,
    0x3a, 0x00, 0x10, 0x00, 0x00, 0x00, 0x00, 0x00, 0x0a, 0x00, 0x10, 0x00, 0x00, 0x00, 0x00, 0x00,
    0x00, 0x00, 0x00, 0x08, 0x12, 0x00, 0x10, 0x00, 0x00, 0x00, 0x00, 0x00, 0x0a, 0x00, 0x10, 0x00,
    0x00, 0x00, 0x00, 0x00, 0x2a, 0x80, 0x20, 0x00, 0x00, 0x00, 0x00, 0x00, 0x03, 0x00, 0x00, 0x00,
    0x00, 0x00, 0x00, 0x0a, 0x32, 0x00, 0x10, 0x00, 0x00, 0x00, 0x00, 0x00, 0x06, 0x00, 0x10, 0x80,
    0x81, 0x00, 0x00, 0x00, 0x00, 0x00, 0x00, 0x00, 0xd6, 0x85, 0x20, 0x80, 0x41, 0x00, 0x00, 0x00,
    0x03, 0x00, 0x00, 0x00, 0x00, 0x00, 0x00, 0x00, 0x00, 0x00, 0x00, 0x0a, 0x82, 0x00, 0x10, 0x00,
    0x00, 0x00, 0x00, 0x00, 0x1a, 0x80, 0x20, 0x80, 0x41, 0x00, 0x00, 0x00, 0x03, 0x00, 0x00, 0x00,
    0x00, 0x00, 0x00, 0x00, 0x2a, 0x80, 0x20, 0x00, 0x03, 0x00, 0x00, 0x00, 0x00, 0x00, 0x00, 0x00,
    0x0e, 0x20, 0x00, 0x07, 0x12, 0x00, 0x10, 0x00, 0x00, 0x00, 0x00, 0x00, 0x0a, 0x00, 0x10, 0x00,
    0x00, 0x00, 0x00, 0x00, 0x3a, 0x00, 0x10, 0x00, 0x00, 0x00, 0x00, 0x00, 0x00, 0x00, 0x00, 0x0a,
    0x82, 0x00, 0x10, 0x00, 0x00, 0x00, 0x00, 0x00, 0x3a, 0x80, 0x20, 0x80, 0x41, 0x00, 0x00, 0x00,
    0x03, 0x00, 0x00, 0x00, 0x00, 0x00, 0x00, 0x00, 0x0a, 0x80, 0x20, 0x00, 0x03, 0x00, 0x00, 0x00,
    0x01, 0x00, 0x00, 0x00, 0x0e, 0x20, 0x00, 0x07, 0x22, 0x00, 0x10, 0x00, 0x00, 0x00, 0x00, 0x00,
    0x1a, 0x00, 0x10, 0x00, 0x00, 0x00, 0x00, 0x00, 0x3a, 0x00, 0x10, 0x00, 0x00, 0x00, 0x00, 0x00,
    0x38, 0x00, 0x00, 0x07, 0x12, 0x00, 0x10, 0x00, 0x00, 0x00, 0x00, 0x00, 0x1a, 0x00, 0x10, 0x00,
    0x00, 0x00, 0x00, 0x00, 0x0a, 0x00, 0x10, 0x00, 0x00, 0x00, 0x00, 0x00, 0x39, 0x00, 0x00, 0x08,
    0x22, 0x00, 0x10, 0x00, 0x00, 0x00, 0x00, 0x00, 0x01, 0x40, 0x00, 0x00, 0x00, 0x00, 0x00, 0x00,
    0x0a, 0x80, 0x20, 0x00, 0x03, 0x00, 0x00, 0x00, 0x00, 0x00, 0x00, 0x00, 0x37, 0x00, 0x00, 0x09,
    0x12, 0x00, 0x10, 0x00, 0x00, 0x00, 0x00, 0x00, 0x1a, 0x00, 0x10, 0x00, 0x00, 0x00, 0x00, 0x00,
    0x0a, 0x00, 0x10, 0x00, 0x00, 0x00, 0x00, 0x00, 0x01, 0x40, 0x00, 0x00, 0x00, 0x00, 0x80, 0x3f,
    0x38, 0x20, 0x00, 0x07, 0x82, 0x20, 0x10, 0x00, 0x00, 0x00, 0x00, 0x00, 0x2a, 0x00, 0x10, 0x00,
    0x00, 0x00, 0x00, 0x00, 0x0a, 0x00, 0x10, 0x00, 0x00, 0x00, 0x00, 0x00, 0x34, 0x00, 0x00, 0x07,
    0x12, 0x00, 0x10, 0x00, 0x00, 0x00, 0x00, 0x00, 0x2a, 0x10, 0x10, 0x00, 0x04, 0x00, 0x00, 0x00,
    0x01, 0x40, 0x00, 0x00, 0x77, 0xcc, 0x2b, 0x32, 0x0e, 0x00, 0x00, 0x07, 0x32, 0x00, 0x10, 0x00,
    0x00, 0x00, 0x00, 0x00, 0x46, 0x10, 0x10, 0x00, 0x04, 0x00, 0x00, 0x00, 0x06, 0x00, 0x10, 0x00,
    0x00, 0x00, 0x00, 0x00, 0x34, 0x00, 0x00, 0x07, 0x42, 0x00, 0x10, 0x00, 0x00, 0x00, 0x00, 0x00,
    0x2a, 0x10, 0x10, 0x00, 0x05, 0x00, 0x00, 0x00, 0x01, 0x40, 0x00, 0x00, 0x77, 0xcc, 0x2b, 0x32,
    0x0e, 0x00, 0x00, 0x07, 0xc2, 0x00, 0x10, 0x00, 0x00, 0x00, 0x00, 0x00, 0x06, 0x14, 0x10, 0x00,
    0x05, 0x00, 0x00, 0x00, 0xa6, 0x0a, 0x10, 0x00, 0x00, 0x00, 0x00, 0x00, 0x00, 0x00, 0x00, 0x08,
    0x32, 0x00, 0x10, 0x00, 0x00, 0x00, 0x00, 0x00, 0xe6, 0x0a, 0x10, 0x80, 0x41, 0x00, 0x00, 0x00,
    0x00, 0x00, 0x00, 0x00, 0x46, 0x00, 0x10, 0x00, 0x00, 0x00, 0x00, 0x00, 0x36, 0x00, 0x00, 0x06,
    0x42, 0x00, 0x10, 0x00, 0x00, 0x00, 0x00, 0x00, 0x1a, 0x00, 0x10, 0x80, 0x41, 0x00, 0x00, 0x00,
    0x00, 0x00, 0x00, 0x00, 0x31, 0x00, 0x00, 0x0a, 0x32, 0x00, 0x10, 0x00, 0x01, 0x00, 0x00, 0x00,
    0x02, 0x40, 0x00, 0x00, 0x00, 0x00, 0x00, 0x00, 0x00, 0x00, 0x00, 0x00, 0x00, 0x00, 0x00, 0x00,
    0x00, 0x00, 0x00, 0x00, 0x86, 0x00, 0x10, 0x00, 0x00, 0x00, 0x00, 0x00, 0x31, 0x00, 0x00, 0x0a,
    0xc2, 0x00, 0x10, 0x00, 0x00, 0x00, 0x00, 0x00, 0x06, 0x08, 0x10, 0x00, 0x00, 0x00, 0x00, 0x00,
    0x02, 0x40, 0x00, 0x00, 0x00, 0x00, 0x00, 0x00, 0x00, 0x00, 0x00, 0x00, 0x00, 0x00, 0x00, 0x00,
    0x00, 0x00, 0x00, 0x00, 0x38, 0x00, 0x00, 0x0a, 0x32, 0x00, 0x10, 0x00, 0x00, 0x00, 0x00, 0x00,
    0x46, 0x00, 0x10, 0x00, 0x00, 0x00, 0x00, 0x00, 0x02, 0x40, 0x00, 0x00, 0x00, 0x00, 0x00, 0x3f,
    0x00, 0x00, 0x00, 0xbf, 0x00, 0x00, 0x00, 0x00, 0x00, 0x00, 0x00, 0x00, 0x4b, 0x00, 0x00, 0x06,
    0x32, 0x00, 0x10, 0x00, 0x00, 0x00, 0x00, 0x00, 0x46, 0x00, 0x10, 0x80, 0x81, 0x00, 0x00, 0x00,
    0x00, 0x00, 0x00, 0x00, 0x4b, 0x00, 0x00, 0x05, 0x32, 0x00, 0x10, 0x00, 0x00, 0x00, 0x00, 0x00,
    0x46, 0x00, 0x10, 0x00, 0x00, 0x00, 0x00, 0x00, 0x1e, 0x00, 0x00, 0x08, 0xc2, 0x00, 0x10, 0x00,
    0x00, 0x00, 0x00, 0x00, 0x06, 0x04, 0x10, 0x80, 0x41, 0x00, 0x00, 0x00, 0x01, 0x00, 0x00, 0x00,
    0xa6, 0x0e, 0x10, 0x00, 0x00, 0x00, 0x00, 0x00, 0x2b, 0x00, 0x00, 0x05, 0xc2, 0x00, 0x10, 0x00,
    0x00, 0x00, 0x00, 0x00, 0xa6, 0x0e, 0x10, 0x00, 0x00, 0x00, 0x00, 0x00, 0x38, 0x00, 0x00, 0x07,
    0x32, 0x00, 0x10, 0x00, 0x00, 0x00, 0x00, 0x00, 0xe6, 0x0a, 0x10, 0x00, 0x00, 0x00, 0x00, 0x00,
    0x46, 0x00, 0x10, 0x00, 0x00, 0x00, 0x00, 0x00, 0x32, 0x00, 0x00, 0x0f, 0x32, 0x00, 0x10, 0x00,
    0x00, 0x00, 0x00, 0x00, 0x46, 0x00, 0x10, 0x00, 0x00, 0x00, 0x00, 0x00, 0x02, 0x40, 0x00, 0x00,
    0x00, 0x00, 0x00, 0x3f, 0x00, 0x00, 0x00, 0x3f, 0x00, 0x00, 0x00, 0x00, 0x00, 0x00, 0x00, 0x00,
    0x02, 0x40, 0x00, 0x00, 0x00, 0x00, 0x00, 0x3f, 0x00, 0x00, 0x00, 0x3f, 0x00, 0x00, 0x00, 0x00,
    0x00, 0x00, 0x00, 0x00, 0x00, 0x00, 0x00, 0x08, 0x42, 0x00, 0x10, 0x00, 0x00, 0x00, 0x00, 0x00,
    0x01, 0x40, 0x00, 0x00, 0x00, 0x00, 0x80, 0x3f, 0x1a, 0x80, 0x20, 0x00, 0x03, 0x00, 0x00, 0x00,
    0x02, 0x00, 0x00, 0x00, 0x00, 0x20, 0x00, 0x09, 0x42, 0x00, 0x10, 0x00, 0x00, 0x00, 0x00, 0x00,
    0x2a, 0x00, 0x10, 0x00, 0x00, 0x00, 0x00, 0x00, 0x0a, 0x80, 0x20, 0x80, 0x41, 0x00, 0x00, 0x00,
    0x03, 0x00, 0x00, 0x00, 0x02, 0x00, 0x00, 0x00, 0x38, 0x00, 0x00, 0x07, 0x32, 0x00, 0x10, 0x00,
    0x00, 0x00, 0x00, 0x00, 0xa6, 0x0a, 0x10, 0x00, 0x00, 0x00, 0x00, 0x00, 0x46, 0x00, 0x10, 0x00,
    0x00, 0x00, 0x00, 0x00, 0x33, 0x00, 0x00, 0x0a, 0x32, 0x20, 0x10, 0x00, 0x01, 0x00, 0x00, 0x00,
    0x46, 0x00, 0x10, 0x00, 0x00, 0x00, 0x00, 0x00, 0x02, 0x40, 0x00, 0x00, 0x00, 0x00, 0x80, 0x3f,
    0x00, 0x00, 0x80, 0x3f, 0x00, 0x00, 0x00, 0x00, 0x00, 0x00, 0x00, 0x00, 0x36, 0x00, 0x00, 0x08,
    0xc2, 0x20, 0x10, 0x00, 0x01, 0x00, 0x00, 0x00, 0x02, 0x40, 0x00, 0x00, 0x00, 0x00, 0x00, 0x00,
    0x00, 0x00, 0x00, 0x00, 0x00, 0x00, 0x80, 0x3f, 0x00, 0x00, 0x00, 0x00, 0x3e, 0x00, 0x00, 0x01,
};
inline constexpr std::size_t g_EndfieldM28PeakPixelDxbcSize = sizeof(g_EndfieldM28PeakPixelDxbc);

inline constexpr std::uint8_t g_EndfieldM28PeakVertices[] = {
    0x15, 0x1e, 0x96, 0xc3, 0x8e, 0xb6, 0x96, 0x43, 0x78, 0xd0, 0x95, 0xc3, 0x53, 0xfb, 0xc2, 0x3b,
    0x91, 0x4a, 0x8e, 0x3d, 0x79, 0x60, 0x7f, 0xbf, 0x2a, 0x09, 0x02, 0x01, 0xf8, 0xff, 0x7f, 0x3f,
    0x82, 0xac, 0x2a, 0x3f, 0xf8, 0xff, 0x7f, 0x3f, 0x82, 0xac, 0x2a, 0x3f, 0x00, 0x00, 0x00, 0x00,
    0x00, 0x00, 0x00, 0x00, 0x00, 0x00, 0x00, 0x00, 0x00, 0x00, 0x00, 0x00, 0xa0, 0x1c, 0x96, 0xc3,
    0xd8, 0xb1, 0x96, 0x43, 0xc9, 0xd0, 0x95, 0xc3, 0x30, 0xc4, 0xcc, 0x3b, 0x7e, 0x3c, 0x8d, 0x3d,
    0xb2, 0x62, 0x7f, 0xbf, 0x2a, 0x09, 0x02, 0x00, 0x97, 0xe7, 0x79, 0x3f, 0xac, 0x1d, 0x47, 0x3f,
    0x97, 0xe7, 0x79, 0x3f, 0xac, 0x1d, 0x47, 0x3f, 0x00, 0x00, 0x00, 0x00, 0x00, 0x00, 0x00, 0x00,
    0x00, 0x00, 0x00, 0x00, 0x00, 0x00, 0x00, 0x00, 0x15, 0x1e, 0x96, 0xc3, 0xf4, 0xb1, 0x96, 0x43,
    0xca, 0xd0, 0x95, 0xc3, 0x08, 0xfd, 0xc2, 0x3b, 0x30, 0x48, 0x8d, 0x3d, 0xb7, 0x62, 0x7f, 0xbf,
    0x2a, 0x09, 0x02, 0x00, 0xf8, 0xff, 0x7f, 0x3f, 0xac, 0x1d, 0x47, 0x3f, 0xf8, 0xff, 0x7f, 0x3f,
    0xac, 0x1d, 0x47, 0x3f, 0x00, 0x00, 0x00, 0x00, 0x00, 0x00, 0x00, 0x00, 0x00, 0x00, 0x00, 0x00,
    0x00, 0x00, 0x00, 0x00, 0xf0, 0x1b, 0x96, 0xc3, 0x65, 0xb6, 0x96, 0x43, 0x78, 0xd0, 0x95, 0xc3,
    0x20, 0x2c, 0xcf, 0x3b, 0xfb, 0x3b, 0x8e, 0x3d, 0x73, 0x60, 0x7f, 0xbf, 0x2a, 0x09, 0x02, 0x01,
    0x97, 0xe7, 0x79, 0x3f, 0x82, 0xac, 0x2a, 0x3f, 0x97, 0xe7, 0x79, 0x3f, 0x82, 0xac, 0x2a, 0x3f,
    0x00, 0x00, 0x00, 0x00, 0x00, 0x00, 0x00, 0x00, 0x00, 0x00, 0x00, 0x00, 0x00, 0x00, 0x00, 0x00,
    0x33, 0x1b, 0x96, 0xc3, 0x85, 0xb1, 0x96, 0x43, 0xcd, 0xd0, 0x95, 0xc3, 0x8e, 0x53, 0xd6, 0x3b,
    0xa8, 0x19, 0x8d, 0x3d, 0xe0, 0x62, 0x7f, 0xbf, 0x2a, 0x09, 0x02, 0x00, 0x36, 0xcf, 0x73, 0x3f,
    0xac, 0x1d, 0x47, 0x3f, 0x36, 0xcf, 0x73, 0x3f, 0xac, 0x1d, 0x47, 0x3f, 0x00, 0x00, 0x00, 0x00,
    0x00, 0x00, 0x00, 0x00, 0x00, 0x00, 0x00, 0x00, 0x00, 0x00, 0x00, 0x00, 0x16, 0x1e, 0x96, 0xc3,
    0xd6, 0xba, 0x96, 0x43, 0x2b, 0xd0, 0x95, 0xc3, 0xb1, 0xf7, 0xc2, 0x3b, 0x0f, 0x69, 0x90, 0x3d,
    0xb8, 0x5b, 0x7f, 0xbf, 0x2a, 0x09, 0x02, 0x03, 0xf8, 0xff, 0x7f, 0x3f, 0x57, 0x3b, 0x0e, 0x3f,
    0xf8, 0xff, 0x7f, 0x3f, 0x57, 0x3b, 0x0e, 0x3f, 0x00, 0x00, 0x00, 0x00, 0x00, 0x00, 0x00, 0x00,
    0x00, 0x00, 0x00, 0x00, 0x00, 0x00, 0x00, 0x00, 0xd8, 0x19, 0x96, 0xc3, 0xeb, 0xb5, 0x96, 0x43,
    0x7d, 0xd0, 0x95, 0xc3, 0x5b, 0x17, 0xdb, 0x3b, 0x8d, 0x10, 0x8e, 0x3d, 0xab, 0x60, 0x7f, 0xbf,
    0x2a, 0x09, 0x02, 0x01, 0x36, 0xcf, 0x73, 0x3f, 0x82, 0xac, 0x2a, 0x3f, 0x36, 0xcf, 0x73, 0x3f,
    0x82, 0xac, 0x2a, 0x3f, 0x00, 0x00, 0x00, 0x00, 0x00, 0x00, 0x00, 0x00, 0x00, 0x00, 0x00, 0x00,
    0x00, 0x00, 0x00, 0x00, 0xd7, 0x19, 0x96, 0xc3, 0xfd, 0xb0, 0x96, 0x43, 0xd4, 0xd0, 0x95, 0xc3,
    0x76, 0x74, 0xdf, 0x3b, 0x78, 0xe0, 0x8c, 0x3d, 0x40, 0x63, 0x7f, 0xbf, 0x2a, 0x09, 0x02, 0x00,
    0xd4, 0xb6, 0x6d, 0x3f, 0xac, 0x1d, 0x47, 0x3f, 0xd4, 0xb6, 0x6d, 0x3f, 0xac, 0x1d, 0x47, 0x3f,
    0x00, 0x00, 0x00, 0x00, 0x00, 0x00, 0x00, 0x00, 0x00, 0x00, 0x00, 0x00, 0x00, 0x00, 0x00, 0x00,
    0x4d, 0x1b, 0x96, 0xc3, 0xa1, 0xba, 0x96, 0x43, 0x2b, 0xd0, 0x95, 0xc3, 0x5c, 0x39, 0xd4, 0x3b,
    0x69, 0x54, 0x90, 0x3d, 0xaf, 0x5b, 0x7f, 0xbf, 0x2a, 0x09, 0x02, 0x03, 0x97, 0xe7, 0x79, 0x3f,
    0x57, 0x3b, 0x0e, 0x3f, 0x97, 0xe7, 0x79, 0x3f, 0x57, 0x3b, 0x0e, 0x3f, 0x00, 0x00, 0x00, 0x00,
    0x00, 0x00, 0x00, 0x00, 0x00, 0x00, 0x00, 0x00, 0x00, 0x00, 0x00, 0x00, 0x16, 0x1e, 0x96, 0xc3,
    0xb3, 0xbe, 0x96, 0x43, 0xe5, 0xcf, 0x95, 0xc3, 0x1f, 0xf3, 0xc2, 0x3b, 0x50, 0x08, 0x93, 0x3d,
    0xba, 0x55, 0x7f, 0xbf, 0x2a, 0x09, 0x02, 0x07, 0xf8, 0xff, 0x7f, 0x3f, 0x5a, 0x94, 0xe3, 0x3e,
    0xf8, 0xff, 0x7f, 0x3f, 0x5a, 0x94, 0xe3, 0x3e, 0x00, 0x00, 0x00, 0x00, 0x00, 0x00, 0x00, 0x00,
    0x00, 0x00, 0x00, 0x00, 0x00, 0x00, 0x00, 0x00, 0xd7, 0x17, 0x96, 0xc3, 0x22, 0xb5, 0x96, 0x43,
    0x87, 0xd0, 0x95, 0xc3, 0xe4, 0x78, 0xe6, 0x3b, 0x41, 0xc9, 0x8d, 0x3d, 0x22, 0x61, 0x7f, 0xbf,
    0x2a, 0x09, 0x02, 0x01, 0xd4, 0xb6, 0x6d, 0x3f, 0x82, 0xac, 0x2a, 0x3f, 0xd4, 0xb6, 0x6d, 0x3f,
    0x82, 0xac, 0x2a, 0x3f, 0x00, 0x00, 0x00, 0x00, 0x00, 0x00, 0x00, 0x00, 0x00, 0x00, 0x00, 0x00,
    0x00, 0x00, 0x00, 0x00, 0x93, 0x18, 0x96, 0xc3, 0x42, 0xb0, 0x96, 0x43, 0xde, 0xd0, 0x95, 0xc3,
    0xbb, 0xf2, 0xe7, 0x3b, 0x35, 0x92, 0x8c, 0x3d, 0xcd, 0x63, 0x7f, 0xbf, 0x2a, 0x09, 0x02, 0x00,
    0x72, 0x9e, 0x67, 0x3f, 0xac, 0x1d, 0x47, 0x3f, 0x72, 0x9e, 0x67, 0x3f, 0xac, 0x1d, 0x47, 0x3f,
    0x00, 0x00, 0x00, 0x00, 0x00, 0x00, 0x00, 0x00, 0x00, 0x00, 0x00, 0x00, 0x00, 0x00, 0x00, 0x00,
    0xba, 0x1a, 0x96, 0xc3, 0x73, 0xbe, 0x96, 0x43, 0xe4, 0xcf, 0x95, 0xc3, 0xa1, 0x79, 0xda, 0x3b,
    0x2b, 0xec, 0x92, 0x3d, 0xb0, 0x55, 0x7f, 0xbf, 0x2a, 0x09, 0x02, 0x07, 0x97, 0xe7, 0x79, 0x3f,
    0x5a, 0x94, 0xe3, 0x3e, 0x97, 0xe7, 0x79, 0x3f, 0x5a, 0x94, 0xe3, 0x3e, 0x00, 0x00, 0x00, 0x00,
    0x00, 0x00, 0x00, 0x00, 0x00, 0x00, 0x00, 0x00, 0x00, 0x00, 0x00, 0x00, 0x16, 0x1e, 0x96, 0xc3,
    0x10, 0xc2, 0x96, 0x43, 0xa6, 0xcf, 0x95, 0xc3, 0xdc, 0xec, 0xc2, 0x3b, 0xc6, 0x8b, 0x96, 0x3d,
    0x8a, 0x4d, 0x7f, 0xbf, 0x2a, 0x09, 0x02, 0x09, 0xf8, 0xff, 0x7f, 0x3f, 0x05, 0xb2, 0xaa, 0x3e,
    0xf8, 0xff, 0x7f, 0x3f, 0x05, 0xb2, 0xaa, 0x3e, 0x00, 0x00, 0x00, 0x00, 0x00, 0x00, 0x00, 0x00,
    0x00, 0x00, 0x00, 0x00, 0x00, 0x00, 0x00, 0x00, 0x94, 0x18, 0x96, 0xc3, 0x02, 0xba, 0x96, 0x43,
    0x31, 0xd0, 0x95, 0xc3, 0x91, 0x18, 0xe5, 0x3b, 0xf0, 0x16, 0x90, 0x3d, 0xff, 0x5b, 0x7f, 0xbf,
    0x2a, 0x09, 0x02, 0x03, 0x36, 0xcf, 0x73, 0x3f, 0x57, 0x3b, 0x0e, 0x3f, 0x36, 0xcf, 0x73, 0x3f,
    0x57, 0x3b, 0x0e, 0x3f, 0x00, 0x00, 0x00, 0x00, 0x00, 0x00, 0x00, 0x00, 0x00, 0x00, 0x00, 0x00,
    0x00, 0x00, 0x00, 0x00, 0xfb, 0x15, 0x96, 0xc3, 0x0f, 0xb4, 0x96, 0x43, 0x97, 0xd0, 0x95, 0xc3,
    0xa6, 0x0f, 0xf1, 0x3b, 0xaf, 0x67, 0x8d, 0x3d, 0xd5, 0x61, 0x7f, 0xbf, 0x2a, 0x09, 0x02, 0x01,
    0x72, 0x9e, 0x67, 0x3f, 0x82, 0xac, 0x2a, 0x3f, 0x72, 0x9e, 0x67, 0x3f, 0x82, 0xac, 0x2a, 0x3f,
    0x00, 0x00, 0x00, 0x00, 0x00, 0x00, 0x00, 0x00, 0x00, 0x00, 0x00, 0x00, 0x00, 0x00, 0x00, 0x00,
    0x6f, 0x17, 0x96, 0xc3, 0x5a, 0xaf, 0x96, 0x43, 0xec, 0xd0, 0x95, 0xc3, 0xcb, 0x9d, 0xef, 0x3b,
    0x9c, 0x30, 0x8c, 0x3d, 0x88, 0x64, 0x7f, 0xbf, 0x2a, 0x09, 0x02, 0x00, 0x12, 0x86, 0x61, 0x3f,
    0xac, 0x1d, 0x47, 0x3f, 0x12, 0x86, 0x61, 0x3f, 0xac, 0x1d, 0x47, 0x3f, 0x00, 0x00, 0x00, 0x00,
    0x00, 0x00, 0x00, 0x00, 0x00, 0x00, 0x00, 0x00, 0x00, 0x00, 0x00, 0x00, 0x39, 0x1a, 0x96, 0xc3,
    0xc6, 0xc1, 0x96, 0x43, 0xa5, 0xcf, 0x95, 0xc3, 0x04, 0xda, 0xe2, 0x3b, 0x95, 0x65, 0x96, 0x3d,
    0x7b, 0x4d, 0x7f, 0xbf, 0x2a, 0x09, 0x02, 0x09, 0x97, 0xe7, 0x79, 0x3f, 0x05, 0xb2, 0xaa, 0x3e,
    0x97, 0xe7, 0x79, 0x3f, 0x05, 0xb2, 0xaa, 0x3e, 0x00, 0x00, 0x00, 0x00, 0x00, 0x00, 0x00, 0x00,
    0x00, 0x00, 0x00, 0x00, 0x00, 0x00, 0x00, 0x00, 0x17, 0x1e, 0x96, 0xc3, 0xd8, 0xc4, 0x96, 0x43,
    0x71, 0xcf, 0x95, 0xc3, 0x3c, 0xe3, 0xc2, 0x3b, 0x92, 0xcd, 0x9b, 0x3d, 0xed, 0x40, 0x7f, 0xbf,
    0x2a, 0x09, 0x02, 0x09, 0xf8, 0xff, 0x7f, 0x3f, 0x58, 0x9f, 0x63, 0x3e, 0xf8, 0xff, 0x7f, 0x3f,
    0x58, 0x9f, 0x63, 0x3e, 0x00, 0x00, 0x00, 0x00, 0x00, 0x00, 0x00, 0x00, 0x00, 0x00, 0x00, 0x00,
    0x00, 0x00, 0x00, 0x00, 0xfb, 0x15, 0x96, 0xc3, 0xfd, 0xb8, 0x96, 0x43, 0x3f, 0xd0, 0x95, 0xc3,
    0xd5, 0x34, 0xf5, 0x3b, 0x04, 0xb2, 0x8f, 0x3d, 0xa6, 0x5c, 0x7f, 0xbf, 0x2a, 0x09, 0x02, 0x03,
    0xd4, 0xb6, 0x6d, 0x3f, 0x57, 0x3b, 0x0e, 0x3f, 0xd4, 0xb6, 0x6d, 0x3f, 0x57, 0x3b, 0x0e, 0x3f,
    0x00, 0x00, 0x00, 0x00, 0x00, 0x00, 0x00, 0x00, 0x00, 0x00, 0x00, 0x00, 0x00, 0x00, 0x00, 0x00,
    0x70, 0x17, 0x96, 0xc3, 0xb3, 0xbd, 0x96, 0x43, 0xec, 0xcf, 0x95, 0xc3, 0xe8, 0x79, 0xf1, 0x3b,
    0x5e, 0x98, 0x92, 0x3d, 0x1d, 0x56, 0x7f, 0xbf, 0x2a, 0x09, 0x02, 0x07, 0x36, 0xcf, 0x73, 0x3f,
    0x5a, 0x94, 0xe3, 0x3e, 0x36, 0xcf, 0x73, 0x3f, 0x5a, 0x94, 0xe3, 0x3e, 0x00, 0x00, 0x00, 0x00,
    0x00, 0x00, 0x00, 0x00, 0x00, 0x00, 0x00, 0x00, 0x00, 0x00, 0x00, 0x00, 0x4c, 0x14, 0x96, 0xc3,
    0xb9, 0xb2, 0x96, 0x43, 0xab, 0xd0, 0x95, 0xc3, 0x17, 0x9f, 0xfa, 0x3b, 0x00, 0xee, 0x8c, 0x3d,
    0xbc, 0x62, 0x7f, 0xbf, 0x2a, 0x09, 0x02, 0x01, 0x12, 0x86, 0x61, 0x3f, 0x82, 0xac, 0x2a, 0x3f,
    0x12, 0x86, 0x61, 0x3f, 0x82, 0xac, 0x2a, 0x3f, 0x00, 0x00, 0x00, 0x00, 0x00, 0x00, 0x00, 0x00,
    0x00, 0x00, 0x00, 0x00, 0x00, 0x00, 0x00, 0x00, 0x70, 0x16, 0x96, 0xc3, 0x48, 0xae, 0x96, 0x43,
    0xfd, 0xd0, 0x95, 0xc3, 0xcc, 0x49, 0xf6, 0x3b, 0xde, 0xbd, 0x8b, 0x3d, 0x6a, 0x65, 0x7f, 0xbf,
    0x2a, 0x09, 0x02, 0x00, 0xb1, 0x6d, 0x5b, 0x3f, 0xac, 0x1d, 0x47, 0x3f, 0xb1, 0x6d, 0x5b, 0x3f,
    0xac, 0x1d, 0x47, 0x3f, 0x00, 0x00, 0x00, 0x00, 0x00, 0x00, 0x00, 0x00, 0x00, 0x00, 0x00, 0x00,
    0x00, 0x00, 0x00, 0x00, 0xcf, 0x19, 0x96, 0xc3, 0x86, 0xc4, 0x96, 0x43, 0x70, 0xcf, 0x95, 0xc3,
    0xae, 0x62, 0xef, 0x3b, 0x56, 0x98, 0x9b, 0x3d, 0xd7, 0x40, 0x7f, 0xbf, 0x2a, 0x09, 0x02, 0x09,
    0x97, 0xe7, 0x79, 0x3f, 0x58, 0x9f, 0x63, 0x3e, 0x97, 0xe7, 0x79, 0x3f, 0x58, 0x9f, 0x63, 0x3e,
    0x00, 0x00, 0x00, 0x00, 0x00, 0x00, 0x00, 0x00, 0x00, 0x00, 0x00, 0x00, 0x00, 0x00, 0x00, 0x00,
    0x17, 0x1e, 0x96, 0xc3, 0xfd, 0xc6, 0x96, 0x43, 0x47, 0xcf, 0x95, 0xc3, 0x37, 0xd1, 0xc2, 0x3b,
    0x05, 0x2f, 0xa5, 0x3d, 0x53, 0x29, 0x7f, 0xbf, 0x2a, 0x09, 0x02, 0x09, 0xf8, 0xff, 0x7f, 0x3f,
    0x6d, 0xb5, 0xe3, 0x3d, 0xf8, 0xff, 0x7f, 0x3f, 0x6d, 0xb5, 0xe3, 0x3d, 0x00, 0x00, 0x00, 0x00,
    0x00, 0x00, 0x00, 0x00, 0x00, 0x00, 0x00, 0x00, 0x00, 0x00, 0x00, 0x00, 0x72, 0x16, 0x96, 0xc3,
    0xea, 0xc0, 0x96, 0x43, 0xaf, 0xcf, 0x95, 0xc3, 0x80, 0x08, 0x01, 0x3c, 0xda, 0xf3, 0x95, 0x3d,
    0x0f, 0x4e, 0x7f, 0xbf, 0x2a, 0x09, 0x02, 0x09, 0x36, 0xcf, 0x73, 0x3f, 0x05, 0xb2, 0xaa, 0x3e,
    0x36, 0xcf, 0x73, 0x3f, 0x05, 0xb2, 0xaa, 0x3e, 0x00, 0x00, 0x00, 0x00, 0x00, 0x00, 0x00, 0x00,
    0x00, 0x00, 0x00, 0x00, 0x00, 0x00, 0x00, 0x00, 0x90, 0x13, 0x96, 0xc3, 0x99, 0xb7, 0x96, 0x43,
    0x53, 0xd0, 0x95, 0xc3, 0x09, 0x19, 0x02, 0x3c, 0xe3, 0x27, 0x8f, 0x3d, 0xa2, 0x5d, 0x7f, 0xbf,
    0x2a, 0x09, 0x02, 0x03, 0x72, 0x9e, 0x67, 0x3f, 0x57, 0x3b, 0x0e, 0x3f, 0x72, 0x9e, 0x67, 0x3f,
    0x57, 0x3b, 0x0e, 0x3f, 0x00, 0x00, 0x00, 0x00, 0x00, 0x00, 0x00, 0x00, 0x00, 0x00, 0x00, 0x00,
    0x00, 0x00, 0x00, 0x00, 0x4d, 0x14, 0x96, 0xc3, 0x79, 0xbc, 0x96, 0x43, 0xfc, 0xcf, 0x95, 0xc3,
    0x38, 0xb8, 0x03, 0x3c, 0xc7, 0x0e, 0x92, 0x3d, 0x02, 0x57, 0x7f, 0xbf, 0x2a, 0x09, 0x02, 0x07,
    0xd4, 0xb6, 0x6d, 0x3f, 0x5a, 0x94, 0xe3, 0x3e, 0xd4, 0xb6, 0x6d, 0x3f, 0x5a, 0x94, 0xe3, 0x3e,
    0x00, 0x00, 0x00, 0x00, 0x00, 0x00, 0x00, 0x00, 0x00, 0x00, 0x00, 0x00, 0x00, 0x00, 0x00, 0x00,
    0xd6, 0x12, 0x96, 0xc3, 0x26, 0xb1, 0x96, 0x43, 0xc4, 0xd0, 0x95, 0xc3, 0x44, 0x78, 0x01, 0x3c,
    0xf3, 0x5e, 0x8c, 0x3d, 0xd6, 0x63, 0x7f, 0xbf, 0x2a, 0x09, 0x02, 0x01, 0xb1, 0x6d, 0x5b, 0x3f,
    0x82, 0xac, 0x2a, 0x3f, 0xb1, 0x6d, 0x5b, 0x3f, 0x82, 0xac, 0x2a, 0x3f, 0x00, 0x00, 0x00, 0x00,
    0x00, 0x00, 0x00, 0x00, 0x00, 0x00, 0x00, 0x00, 0x00, 0x00, 0x00, 0x00, 0x9e, 0x15, 0x96, 0xc3,
    0x14, 0xad, 0x96, 0x43, 0x11, 0xd1, 0x95, 0xc3, 0x96, 0xd0, 0xfb, 0x3b, 0x88, 0x3c, 0x8b, 0x3d,
    0x6f, 0x66, 0x7f, 0xbf, 0x2a, 0x09, 0x02, 0x00, 0x4f, 0x55, 0x55, 0x3f, 0xac, 0x1d, 0x47, 0x3f,
    0x4f, 0x55, 0x55, 0x3f, 0xac, 0x1d, 0x47, 0x3f, 0x00, 0x00, 0x00, 0x00, 0x00, 0x00, 0x00, 0x00,
    0x00, 0x00, 0x00, 0x00, 0x00, 0x00, 0x00, 0x00, 0x7d, 0x19, 0x96, 0xc3, 0xa5, 0xc6, 0x96, 0x43,
    0x45, 0xcf, 0x95, 0xc3, 0x68, 0xe0, 0x02, 0x3c, 0xf3, 0xde, 0xa4, 0x3d, 0x33, 0x29, 0x7f, 0xbf,
    0x2a, 0x09, 0x02, 0x09, 0x97, 0xe7, 0x79, 0x3f, 0x6d, 0xb5, 0xe3, 0x3d, 0x97, 0xe7, 0x79, 0x3f,
    0x6d, 0xb5, 0xe3, 0x3d, 0x00, 0x00, 0x00, 0x00, 0x00, 0x00, 0x00, 0x00, 0x00, 0x00, 0x00, 0x00,
    0x00, 0x00, 0x00, 0x00, 0x17, 0x1e, 0x96, 0xc3, 0x72, 0xc8, 0x96, 0x43, 0x27, 0xcf, 0x95, 0xc3,
    0x99, 0xc5, 0xc2, 0x3b, 0xf4, 0xf5, 0xaa, 0x3d, 0x1b, 0x1a, 0x7f, 0xbf, 0x2a, 0x09, 0x02, 0x00,
    0xf8, 0xff, 0x7f, 0x3f, 0xc0, 0x24, 0xb0, 0x38, 0xf8, 0xff, 0x7f, 0x3f, 0xc0, 0x24, 0xb0, 0x38,
    0x00, 0x00, 0x00, 0x00, 0x00, 0x00, 0x00, 0x00, 0x00, 0x00, 0x00, 0x00, 0x00, 0x00, 0x00, 0x00,
    0x46, 0x19, 0x96, 0xc3, 0x16, 0xc8, 0x96, 0x43, 0x26, 0xcf, 0x95, 0xc3, 0xcd, 0xc3, 0x09, 0x3c,
    0x59, 0x95, 0xaa, 0x3d, 0xf4, 0x19, 0x7f, 0xbf, 0x2a, 0x09, 0x02, 0x00, 0x97, 0xe7, 0x79, 0x3f,
    0xc0, 0x24, 0xb0, 0x38, 0x97, 0xe7, 0x79, 0x3f, 0xc0, 0x24, 0xb0, 0x38, 0x00, 0x00, 0x00, 0x00,
    0x00, 0x00, 0x00, 0x00, 0x00, 0x00, 0x00, 0x00, 0x00, 0x00, 0x00, 0x00, 0xa0, 0x15, 0x96, 0xc3,
    0x92, 0xc3, 0x96, 0x43, 0x7a, 0xcf, 0x95, 0xc3, 0x17, 0x72, 0x0d, 0x3c, 0xd2, 0xf9, 0x9a, 0x3d,
    0xa7, 0x41, 0x7f, 0xbf, 0x2a, 0x09, 0x02, 0x09, 0x36, 0xcf, 0x73, 0x3f, 0x58, 0x9f, 0x63, 0x3e,
    0x36, 0xcf, 0x73, 0x3f, 0x58, 0x9f, 0x63, 0x3e, 0x00, 0x00, 0x00, 0x00, 0x00, 0x00, 0x00, 0x00,
    0x00, 0x00, 0x00, 0x00, 0x00, 0x00, 0x00, 0x00, 0xfe, 0x14, 0x96, 0xc3, 0x9f, 0xc5, 0x96, 0x43,
    0x50, 0xcf, 0x95, 0xc3, 0x34, 0x99, 0x23, 0x3c, 0x7f, 0xf0, 0xa3, 0x3d, 0x6c, 0x2a, 0x7f, 0xbf,
    0x2a, 0x09, 0x02, 0x09, 0x36, 0xcf, 0x73, 0x3f, 0x6d, 0xb5, 0xe3, 0x3d, 0x36, 0xcf, 0x73, 0x3f,
    0x6d, 0xb5, 0xe3, 0x3d, 0x00, 0x00, 0x00, 0x00, 0x00, 0x00, 0x00, 0x00, 0x00, 0x00, 0x00, 0x00,
    0x00, 0x00, 0x00, 0x00, 0x90, 0x14, 0x96, 0xc3, 0x03, 0xc7, 0x96, 0x43, 0x31, 0xcf, 0x95, 0xc3,
    0x58, 0x3e, 0x31, 0x3c, 0xa7, 0x75, 0xa9, 0x3d, 0x6d, 0x1b, 0x7f, 0xbf, 0x2a, 0x09, 0x02, 0x00,
    0x36, 0xcf, 0x73, 0x3f, 0xc0, 0x24, 0xb0, 0x38, 0x36, 0xcf, 0x73, 0x3f, 0xc0, 0x24, 0xb0, 0x38,
    0x00, 0x00, 0x00, 0x00, 0x00, 0x00, 0x00, 0x00, 0x00, 0x00, 0x00, 0x00, 0x00, 0x00, 0x00, 0x00,
    0xd7, 0x12, 0x96, 0xc3, 0x80, 0xbf, 0x96, 0x43, 0xc1, 0xcf, 0x95, 0xc3, 0xa7, 0xef, 0x0f, 0x3c,
    0x21, 0x39, 0x95, 0x3d, 0x46, 0x4f, 0x7f, 0xbf, 0x2a, 0x09, 0x02, 0x09, 0xd4, 0xb6, 0x6d, 0x3f,
    0x05, 0xb2, 0xaa, 0x3e, 0xd4, 0xb6, 0x6d, 0x3f, 0x05, 0xb2, 0xaa, 0x3e, 0x00, 0x00, 0x00, 0x00,
    0x00, 0x00, 0x00, 0x00, 0x00, 0x00, 0x00, 0x00, 0x00, 0x00, 0x00, 0x00, 0xa1, 0x11, 0x96, 0xc3,
    0x02, 0xc2, 0x96, 0x43, 0x8f, 0xcf, 0x95, 0xc3, 0x89, 0x37, 0x22, 0x3c, 0x94, 0xf5, 0x99, 0x3d,
    0x58, 0x43, 0x7f, 0xbf, 0x2a, 0x09, 0x02, 0x09, 0xd4, 0xb6, 0x6d, 0x3f, 0x58, 0x9f, 0x63, 0x3e,
    0xd4, 0xb6, 0x6d, 0x3f, 0x58, 0x9f, 0x63, 0x3e, 0x00, 0x00, 0x00, 0x00, 0x00, 0x00, 0x00, 0x00,
    0x00, 0x00, 0x00, 0x00, 0x00, 0x00, 0x00, 0x00, 0xb3, 0x10, 0x96, 0xc3, 0xf0, 0xc3, 0x96, 0x43,
    0x67, 0xcf, 0x95, 0xc3, 0xf8, 0xd7, 0x42, 0x3c, 0x05, 0x69, 0xa2, 0x3d, 0xf7, 0x2c, 0x7f, 0xbf,
    0x2a, 0x09, 0x02, 0x09, 0xd4, 0xb6, 0x6d, 0x3f, 0x6d, 0xb5, 0xe3, 0x3d, 0xd4, 0xb6, 0x6d, 0x3f,
    0x6d, 0xb5, 0xe3, 0x3d, 0x00, 0x00, 0x00, 0x00, 0x00, 0x00, 0x00, 0x00, 0x00, 0x00, 0x00, 0x00,
    0x00, 0x00, 0x00, 0x00, 0x11, 0x10, 0x96, 0xc3, 0x40, 0xc5, 0x96, 0x43, 0x49, 0xcf, 0x95, 0xc3,
    0xce, 0xf0, 0x56, 0x3c, 0x56, 0x9d, 0xa7, 0x3d, 0x7d, 0x1e, 0x7f, 0xbf, 0x2a, 0x09, 0x02, 0x00,
    0xd4, 0xb6, 0x6d, 0x3f, 0xc0, 0x24, 0xb0, 0x38, 0xd4, 0xb6, 0x6d, 0x3f, 0xc0, 0x24, 0xb0, 0x38,
    0x00, 0x00, 0x00, 0x00, 0x00, 0x00, 0x00, 0x00, 0x00, 0x00, 0x00, 0x00, 0x00, 0x00, 0x00, 0x00,
    0x62, 0x11, 0x96, 0xc3, 0xca, 0xba, 0x96, 0x43, 0x15, 0xd0, 0x95, 0xc3, 0xd3, 0xef, 0x0d, 0x3c,
    0x78, 0x52, 0x91, 0x3d, 0x58, 0x58, 0x7f, 0xbf, 0x2a, 0x09, 0x02, 0x07, 0x72, 0x9e, 0x67, 0x3f,
    0x5a, 0x94, 0xe3, 0x3e, 0x72, 0x9e, 0x67, 0x3f, 0x5a, 0x94, 0xe3, 0x3e, 0x00, 0x00, 0x00, 0x00,
    0x00, 0x00, 0x00, 0x00, 0x00, 0x00, 0x00, 0x00, 0x00, 0x00, 0x00, 0x00, 0x7c, 0x0f, 0x96, 0xc3,
    0x91, 0xbd, 0x96, 0x43, 0xdd, 0xcf, 0x95, 0xc3, 0x4d, 0xcd, 0x1d, 0x3c, 0x95, 0x39, 0x94, 0x3d,
    0x17, 0x51, 0x7f, 0xbf, 0x2a, 0x09, 0x02, 0x09, 0x72, 0x9e, 0x67, 0x3f, 0x05, 0xb2, 0xaa, 0x3e,
    0x72, 0x9e, 0x67, 0x3f, 0x05, 0xb2, 0xaa, 0x3e, 0x00, 0x00, 0x00, 0x00, 0x00, 0x00, 0x00, 0x00,
    0x00, 0x00, 0x00, 0x00, 0x00, 0x00, 0x00, 0x00, 0xea, 0x0d, 0x96, 0xc3, 0xde, 0xbf, 0x96, 0x43,
    0xae, 0xcf, 0x95, 0xc3, 0xe5, 0x8a, 0x35, 0x3c, 0x67, 0x91, 0x98, 0x3d, 0xdf, 0x45, 0x7f, 0xbf,
    0x2a, 0x09, 0x02, 0x09, 0x72, 0x9e, 0x67, 0x3f, 0x58, 0x9f, 0x63, 0x3e, 0x72, 0x9e, 0x67, 0x3f,
    0x58, 0x9f, 0x63, 0x3e, 0x00, 0x00, 0x00, 0x00, 0x00, 0x00, 0x00, 0x00, 0x00, 0x00, 0x00, 0x00,
    0x00, 0x00, 0x00, 0x00, 0xb4, 0x0c, 0x96, 0xc3, 0xa3, 0xc1, 0x96, 0x43, 0x88, 0xcf, 0x95, 0xc3,
    0x08, 0xea, 0x5f, 0x3c, 0x41, 0x51, 0xa0, 0x3d, 0xc5, 0x30, 0x7f, 0xbf, 0x2a, 0x09, 0x02, 0x09,
    0x72, 0x9e, 0x67, 0x3f, 0x6d, 0xb5, 0xe3, 0x3d, 0x72, 0x9e, 0x67, 0x3f, 0x6d, 0xb5, 0xe3, 0x3d,
    0x00, 0x00, 0x00, 0x00, 0x00, 0x00, 0x00, 0x00, 0x00, 0x00, 0x00, 0x00, 0x00, 0x00, 0x00, 0x00,
    0xe1, 0x0b, 0x96, 0xc3, 0xd7, 0xc2, 0x96, 0x43, 0x6c, 0xcf, 0x95, 0xc3, 0xa3, 0x03, 0x7a, 0x3c,
    0xf1, 0x16, 0xa5, 0x3d, 0x15, 0x23, 0x7f, 0xbf, 0x2a, 0x09, 0x02, 0x00, 0x72, 0x9e, 0x67, 0x3f,
    0xc0, 0x24, 0xb0, 0x38, 0x72, 0x9e, 0x67, 0x3f, 0xc0, 0x24, 0xb0, 0x38, 0x00, 0x00, 0x00, 0x00,
    0x00, 0x00, 0x00, 0x00, 0x00, 0x00, 0x00, 0x00, 0x00, 0x00, 0x00, 0x00, 0x61, 0x11, 0x96, 0xc3,
    0xdc, 0xb5, 0x96, 0x43, 0x6e, 0xd0, 0x95, 0xc3, 0x4a, 0xdd, 0x08, 0x3c, 0xa6, 0x7b, 0x8e, 0x3d,
    0xec, 0x5e, 0x7f, 0xbf, 0x2a, 0x09, 0x02, 0x03, 0x12, 0x86, 0x61, 0x3f, 0x57, 0x3b, 0x0e, 0x3f,
    0x12, 0x86, 0x61, 0x3f, 0x57, 0x3b, 0x0e, 0x3f, 0x00, 0x00, 0x00, 0x00, 0x00, 0x00, 0x00, 0x00,
    0x00, 0x00, 0x00, 0x00, 0x00, 0x00, 0x00, 0x00, 0xbf, 0x0e, 0x96, 0xc3, 0xb1, 0xb8, 0x96, 0x43,
    0x35, 0xd0, 0x95, 0xc3, 0x59, 0x29, 0x17, 0x3c, 0xa9, 0x67, 0x90, 0x3d, 0x18, 0x5a, 0x7f, 0xbf,
    0x2a, 0x09, 0x02, 0x07, 0x12, 0x86, 0x61, 0x3f, 0x5a, 0x94, 0xe3, 0x3e, 0x12, 0x86, 0x61, 0x3f,
    0x5a, 0x94, 0xe3, 0x3e, 0x00, 0x00, 0x00, 0x00, 0x00, 0x00, 0x00, 0x00, 0x00, 0x00, 0x00, 0x00,
    0x00, 0x00, 0x00, 0x00, 0x74, 0x0c, 0x96, 0xc3, 0x28, 0xbb, 0x96, 0x43, 0x02, 0xd0, 0x95, 0xc3,
    0x23, 0x52, 0x2a, 0x3c, 0xec, 0xfa, 0x92, 0x3d, 0x76, 0x53, 0x7f, 0xbf, 0x2a, 0x09, 0x02, 0x09,
    0x12, 0x86, 0x61, 0x3f, 0x05, 0xb2, 0xaa, 0x3e, 0x12, 0x86, 0x61, 0x3f, 0x05, 0xb2, 0xaa, 0x3e,
    0x00, 0x00, 0x00, 0x00, 0x00, 0x00, 0x00, 0x00, 0x00, 0x00, 0x00, 0x00, 0x00, 0x00, 0x00, 0x00,
    0x8f, 0x0a, 0x96, 0xc3, 0x33, 0xbd, 0x96, 0x43, 0xd7, 0xcf, 0x95, 0xc3, 0xa7, 0xfd, 0x46, 0x3c,
    0x44, 0xd5, 0x96, 0x3d, 0x2e, 0x49, 0x7f, 0xbf, 0x2a, 0x09, 0x02, 0x09, 0x12, 0x86, 0x61, 0x3f,
    0x58, 0x9f, 0x63, 0x3e, 0x12, 0x86, 0x61, 0x3f, 0x58, 0x9f, 0x63, 0x3e, 0x00, 0x00, 0x00, 0x00,
    0x00, 0x00, 0x00, 0x00, 0x00, 0x00, 0x00, 0x00, 0x00, 0x00, 0x00, 0x00, 0x18, 0x09, 0x96, 0xc3,
    0xc5, 0xbe, 0x96, 0x43, 0xb4, 0xcf, 0x95, 0xc3, 0x33, 0x29, 0x7a, 0x3c, 0x29, 0xb5, 0x9d, 0x3d,
    0xbf, 0x35, 0x7f, 0xbf, 0x2a, 0x09, 0x02, 0x09, 0x12, 0x86, 0x61, 0x3f, 0x6d, 0xb5, 0xe3, 0x3d,
    0x12, 0x86, 0x61, 0x3f, 0x6d, 0xb5, 0xe3, 0x3d, 0x00, 0x00, 0x00, 0x00, 0x00, 0x00, 0x00, 0x00,
    0x00, 0x00, 0x00, 0x00, 0x00, 0x00, 0x00, 0x00, 0x1a, 0x08, 0x96, 0xc3, 0xd6, 0xbf, 0x96, 0x43,
    0x9a, 0xcf, 0x95, 0xc3, 0x24, 0xd7, 0x8c, 0x3c, 0xe4, 0xf0, 0xa1, 0x3d, 0x16, 0x29, 0x7f, 0xbf,
    0x2a, 0x09, 0x02, 0x00, 0x12, 0x86, 0x61, 0x3f, 0xc0, 0x24, 0xb0, 0x38, 0x12, 0x86, 0x61, 0x3f,
    0xc0, 0x24, 0xb0, 0x38, 0x00, 0x00, 0x00, 0x00, 0x00, 0x00, 0x00, 0x00, 0x00, 0x00, 0x00, 0x00,
    0x00, 0x00, 0x00, 0x00, 0x7b, 0x0f, 0x96, 0xc3, 0xd2, 0xb3, 0x96, 0x43, 0x8e, 0xd0, 0x95, 0xc3,
    0x76, 0xc0, 0x0e, 0x3c, 0x25, 0xb1, 0x8d, 0x3d, 0x79, 0x60, 0x7f, 0xbf, 0x2a, 0x09, 0x02, 0x03,
    0xb1, 0x6d, 0x5b, 0x3f, 0x57, 0x3b, 0x0e, 0x3f, 0xb1, 0x6d, 0x5b, 0x3f, 0x57, 0x3b, 0x0e, 0x3f,
    0x00, 0x00, 0x00, 0x00, 0x00, 0x00, 0x00, 0x00, 0x00, 0x00, 0x00, 0x00, 0x00, 0x00, 0x00, 0x00,
    0x74, 0x0c, 0x96, 0xc3, 0x3a, 0xb6, 0x96, 0x43, 0x5c, 0xd0, 0x95, 0xc3, 0x0c, 0x30, 0x1f, 0x3c,
    0x98, 0x53, 0x8f, 0x3d, 0x39, 0x5c, 0x7f, 0xbf, 0x2a, 0x09, 0x02, 0x07, 0xb1, 0x6d, 0x5b, 0x3f,
    0x5a, 0x94, 0xe3, 0x3e, 0xb1, 0x6d, 0x5b, 0x3f, 0x5a, 0x94, 0xe3, 0x3e, 0x00, 0x00, 0x00, 0x00,
    0x00, 0x00, 0x00, 0x00, 0x00, 0x00, 0x00, 0x00, 0x00, 0x00, 0x00, 0x00, 0xd2, 0x09, 0x96, 0xc3,
    0x53, 0xb8, 0x96, 0x43, 0x2f, 0xd0, 0x95, 0xc3, 0x8f, 0x36, 0x35, 0x3c, 0x44, 0x84, 0x91, 0x3d,
    0x5a, 0x56, 0x7f, 0xbf, 0x2a, 0x09, 0x02, 0x09, 0xb1, 0x6d, 0x5b, 0x3f, 0x05, 0xb2, 0xaa, 0x3e,
    0xb1, 0x6d, 0x5b, 0x3f, 0x05, 0xb2, 0xaa, 0x3e, 0x00, 0x00, 0x00, 0x00, 0x00, 0x00, 0x00, 0x00,
    0x00, 0x00, 0x00, 0x00, 0x00, 0x00, 0x00, 0x00, 0xa3, 0x07, 0x96, 0xc3, 0x0f, 0xba, 0x96, 0x43,
    0x08, 0xd0, 0x95, 0xc3, 0x1a, 0x2c, 0x56, 0x3c, 0x16, 0xcb, 0x94, 0x3d, 0x33, 0x4d, 0x7f, 0xbf,
    0x2a, 0x09, 0x02, 0x09, 0xb1, 0x6d, 0x5b, 0x3f, 0x58, 0x9f, 0x63, 0x3e, 0xb1, 0x6d, 0x5b, 0x3f,
    0x58, 0x9f, 0x63, 0x3e, 0x00, 0x00, 0x00, 0x00, 0x00, 0x00, 0x00, 0x00, 0x00, 0x00, 0x00, 0x00,
    0x00, 0x00, 0x00, 0x00, 0xf5, 0x05, 0x96, 0xc3, 0x65, 0xbb, 0x96, 0x43, 0xe9, 0xcf, 0x95, 0xc3,
    0xa5, 0x7f, 0x88, 0x3c, 0xaa, 0xa3, 0x9a, 0x3d, 0xcb, 0x3b, 0x7f, 0xbf, 0x2a, 0x09, 0x02, 0x09,
    0xb1, 0x6d, 0x5b, 0x3f, 0x6d, 0xb5, 0xe3, 0x3d, 0xb1, 0x6d, 0x5b, 0x3f, 0x6d, 0xb5, 0xe3, 0x3d,
    0x00, 0x00, 0x00, 0x00, 0x00, 0x00, 0x00, 0x00, 0x00, 0x00, 0x00, 0x00, 0x00, 0x00, 0x00, 0x00,
    0xd1, 0x04, 0x96, 0xc3, 0x4d, 0xbc, 0x96, 0x43, 0xd1, 0xcf, 0x95, 0xc3, 0xc3, 0x9d, 0x9a, 0x3c,
    0x31, 0x3d, 0x9e, 0x3d, 0x62, 0x30, 0x7f, 0xbf, 0x2a, 0x09, 0x02, 0x00, 0xb1, 0x6d, 0x5b, 0x3f,
    0xc0, 0x24, 0xb0, 0x38, 0xb1, 0x6d, 0x5b, 0x3f, 0xc0, 0x24, 0xb0, 0x38, 0x00, 0x00, 0x00, 0x00,
    0x00, 0x00, 0x00, 0x00, 0x00, 0x00, 0x00, 0x00, 0x00, 0x00, 0x00, 0x00, 0x9f, 0x11, 0x96, 0xc3,
    0x61, 0xaf, 0x96, 0x43, 0xe1, 0xd0, 0x95, 0xc3, 0x35, 0xea, 0x04, 0x3c, 0xb4, 0xbd, 0x8b, 0x3d,
    0x1b, 0x65, 0x7f, 0xbf, 0x2a, 0x09, 0x02, 0x01, 0x4f, 0x55, 0x55, 0x3f, 0x82, 0xac, 0x2a, 0x3f,
    0x4f, 0x55, 0x55, 0x3f, 0x82, 0xac, 0x2a, 0x3f, 0x00, 0x00, 0x00, 0x00, 0x00, 0x00, 0x00, 0x00,
    0x00, 0x00, 0x00, 0x00, 0x00, 0x00, 0x00, 0x00, 0xfb, 0x14, 0x96, 0xc3, 0xc4, 0xab, 0x96, 0x43,
    0x26, 0xd1, 0x95, 0xc3, 0x47, 0x09, 0x00, 0x3c, 0x82, 0xaf, 0x8a, 0x3d, 0x91, 0x67, 0x7f, 0xbf,
    0x2a, 0x09, 0x02, 0x00, 0xee, 0x3c, 0x4f, 0x3f, 0xac, 0x1d, 0x47, 0x3f, 0xee, 0x3c, 0x4f, 0x3f,
    0xac, 0x1d, 0x47, 0x3f, 0x00, 0x00, 0x00, 0x00, 0x00, 0x00, 0x00, 0x00, 0x00, 0x00, 0x00, 0x00,
    0x00, 0x00, 0x00, 0x00, 0xe8, 0x0d, 0x96, 0xc3, 0x85, 0xb1, 0x96, 0x43, 0xb3, 0xd0, 0x95, 0xc3,
    0xe9, 0xa0, 0x13, 0x3c, 0xe5, 0xcc, 0x8c, 0x3d, 0x47, 0x62, 0x7f, 0xbf, 0x2a, 0x09, 0x02, 0x03,
    0x4f, 0x55, 0x55, 0x3f, 0x57, 0x3b, 0x0e, 0x3f, 0x4f, 0x55, 0x55, 0x3f, 0x57, 0x3b, 0x0e, 0x3f,
    0x00, 0x00, 0x00, 0x00, 0x00, 0x00, 0x00, 0x00, 0x00, 0x00, 0x00, 0x00, 0x00, 0x00, 0x00, 0x00,
    0xb0, 0x10, 0x96, 0xc3, 0x72, 0xad, 0x96, 0x43, 0x00, 0xd1, 0x95, 0xc3, 0xaa, 0x91, 0x07, 0x3c,
    0xe1, 0x0d, 0x8b, 0x3d, 0x86, 0x66, 0x7f, 0xbf, 0x2a, 0x09, 0x02, 0x01, 0xee, 0x3c, 0x4f, 0x3f,
    0x82, 0xac, 0x2a, 0x3f, 0xee, 0x3c, 0x4f, 0x3f, 0x82, 0xac, 0x2a, 0x3f, 0x00, 0x00, 0x00, 0x00,
    0x00, 0x00, 0x00, 0x00, 0x00, 0x00, 0x00, 0x00, 0x00, 0x00, 0x00, 0x00, 0x8d, 0x14, 0x96, 0xc3,
    0x5f, 0xaa, 0x96, 0x43, 0x3d, 0xd1, 0x95, 0xc3, 0xae, 0x7b, 0x01, 0x3c, 0xf0, 0x19, 0x8a, 0x3d,
    0xc9, 0x68, 0x7f, 0xbf, 0x2a, 0x09, 0x02, 0x00, 0x8d, 0x24, 0x49, 0x3f, 0xac, 0x1d, 0x47, 0x3f,
    0x8d, 0x24, 0x49, 0x3f, 0xac, 0x1d, 0x47, 0x3f, 0x00, 0x00, 0x00, 0x00, 0x00, 0x00, 0x00, 0x00,
    0x00, 0x00, 0x00, 0x00, 0x00, 0x00, 0x00, 0x00, 0x8e, 0x0a, 0x96, 0xc3, 0x73, 0xb3, 0x96, 0x43,
    0x88, 0xd0, 0x95, 0xc3, 0x04, 0xd6, 0x25, 0x3c, 0x6d, 0x1c, 0x8e, 0x3d, 0xac, 0x5e, 0x7f, 0xbf,
    0x2a, 0x09, 0x02, 0x07, 0x4f, 0x55, 0x55, 0x3f, 0x5a, 0x94, 0xe3, 0x3e, 0x4f, 0x55, 0x55, 0x3f,
    0x5a, 0x94, 0xe3, 0x3e, 0x00, 0x00, 0x00, 0x00, 0x00, 0x00, 0x00, 0x00, 0x00, 0x00, 0x00, 0x00,
    0x00, 0x00, 0x00, 0x00, 0xa3, 0x07, 0x96, 0xc3, 0x21, 0xb5, 0x96, 0x43, 0x62, 0xd0, 0x95, 0xc3,
    0x4e, 0x3c, 0x3e, 0x3c, 0xfc, 0xdd, 0x8f, 0x3d, 0xae, 0x59, 0x7f, 0xbf, 0x2a, 0x09, 0x02, 0x09,
    0x4f, 0x55, 0x55, 0x3f, 0x05, 0xb2, 0xaa, 0x3e, 0x4f, 0x55, 0x55, 0x3f, 0x05, 0xb2, 0xaa, 0x3e,
    0x00, 0x00, 0x00, 0x00, 0x00, 0x00, 0x00, 0x00, 0x00, 0x00, 0x00, 0x00, 0x00, 0x00, 0x00, 0x00,
    0x38, 0x05, 0x96, 0xc3, 0x85, 0xb6, 0x96, 0x43, 0x41, 0xd0, 0x95, 0xc3, 0x51, 0xbf, 0x62, 0x3c,
    0x86, 0x7e, 0x92, 0x3d, 0xd6, 0x51, 0x7f, 0xbf, 0x2a, 0x09, 0x02, 0x09, 0x4f, 0x55, 0x55, 0x3f,
    0x58, 0x9f, 0x63, 0x3e, 0x4f, 0x55, 0x55, 0x3f, 0x58, 0x9f, 0x63, 0x3e, 0x00, 0x00, 0x00, 0x00,
    0x00, 0x00, 0x00, 0x00, 0x00, 0x00, 0x00, 0x00, 0x00, 0x00, 0x00, 0x00, 0x5b, 0x03, 0x96, 0xc3,
    0x98, 0xb7, 0x96, 0x43, 0x26, 0xd0, 0x95, 0xc3, 0xed, 0xf4, 0x91, 0x3c, 0x53, 0x2e, 0x97, 0x3d,
    0xc6, 0x42, 0x7f, 0xbf, 0x2a, 0x09, 0x02, 0x09, 0x4f, 0x55, 0x55, 0x3f, 0x6d, 0xb5, 0xe3, 0x3d,
    0x4f, 0x55, 0x55, 0x3f, 0x6d, 0xb5, 0xe3, 0x3d, 0x00, 0x00, 0x00, 0x00, 0x00, 0x00, 0x00, 0x00,
    0x00, 0x00, 0x00, 0x00, 0x00, 0x00, 0x00, 0x00, 0x18, 0x02, 0x96, 0xc3, 0x52, 0xb8, 0x96, 0x43,
    0x12, 0xd0, 0x95, 0xc3, 0x09, 0x07, 0xa6, 0x3c, 0x09, 0x11, 0x9a, 0x3d, 0xce, 0x38, 0x7f, 0xbf,
    0x2a, 0x09, 0x02, 0x00, 0x4f, 0x55, 0x55, 0x3f, 0xc0, 0x24, 0xb0, 0x38, 0x4f, 0x55, 0x55, 0x3f,
    0xc0, 0x24, 0xb0, 0x38, 0x00, 0x00, 0x00, 0x00, 0x00, 0x00, 0x00, 0x00, 0x00, 0x00, 0x00, 0x00,
    0x00, 0x00, 0x00, 0x00, 0x0e, 0x10, 0x96, 0xc3, 0x65, 0xab, 0x96, 0x43, 0x23, 0xd1, 0x95, 0xc3,
    0x76, 0x5f, 0x09, 0x3c, 0x65, 0x53, 0x8a, 0x3d, 0x0b, 0x68, 0x7f, 0xbf, 0x2a, 0x09, 0x02, 0x01,
    0x8d, 0x24, 0x49, 0x3f, 0x82, 0xac, 0x2a, 0x3f, 0x8d, 0x24, 0x49, 0x3f, 0x82, 0xac, 0x2a, 0x3f,
    0x00, 0x00, 0x00, 0x00, 0x00, 0x00, 0x00, 0x00, 0x00, 0x00, 0x00, 0x00, 0x00, 0x00, 0x00, 0x00,
    0x55, 0x14, 0x96, 0xc3, 0xee, 0xa8, 0x96, 0x43, 0x56, 0xd1, 0x95, 0xc3, 0x3a, 0x37, 0x02, 0x3c,
    0x28, 0x7f, 0x89, 0x3d, 0x11, 0x6a, 0x7f, 0xbf, 0x2a, 0x09, 0x02, 0x00, 0x2c, 0x0c, 0x43, 0x3f,
    0xac, 0x1d, 0x47, 0x3f, 0x2c, 0x0c, 0x43, 0x3f, 0xac, 0x1d, 0x47, 0x3f, 0x00, 0x00, 0x00, 0x00,
    0x00, 0x00, 0x00, 0x00, 0x00, 0x00, 0x00, 0x00, 0x00, 0x00, 0x00, 0x00, 0xb2, 0x0c, 0x96, 0xc3,
    0x02, 0xaf, 0x96, 0x43, 0xdc, 0xd0, 0x95, 0xc3, 0xb6, 0x62, 0x17, 0x3c, 0x02, 0xd4, 0x8b, 0x3d,
    0x46, 0x64, 0x7f, 0xbf, 0x2a, 0x09, 0x02, 0x03, 0xee, 0x3c, 0x4f, 0x3f, 0x57, 0x3b, 0x0e, 0x3f,
    0xee, 0x3c, 0x4f, 0x3f, 0x57, 0x3b, 0x0e, 0x3f, 0x00, 0x00, 0x00, 0x00, 0x00, 0x00, 0x00, 0x00,
    0x00, 0x00, 0x00, 0x00, 0x00, 0x00, 0x00, 0x00, 0x17, 0x09, 0x96, 0xc3, 0x6b, 0xb0, 0x96, 0x43,
    0xba, 0xd0, 0x95, 0xc3, 0x3d, 0xf5, 0x2a, 0x3c, 0x1f, 0xc9, 0x8c, 0x3d, 0x66, 0x61, 0x7f, 0xbf,
    0x2a, 0x09, 0x02, 0x07, 0xee, 0x3c, 0x4f, 0x3f, 0x5a, 0x94, 0xe3, 0x3e, 0xee, 0x3c, 0x4f, 0x3f,
    0x5a, 0x94, 0xe3, 0x3e, 0x00, 0x00, 0x00, 0x00, 0x00, 0x00, 0x00, 0x00, 0x00, 0x00, 0x00, 0x00,
    0x00, 0x00, 0x00, 0x00, 0xf4, 0x05, 0x96, 0xc3, 0xa6, 0xb1, 0x96, 0x43, 0x9c, 0xd0, 0x95, 0xc3,
    0xc2, 0x2f, 0x45, 0x3c, 0x82, 0x11, 0x8e, 0x3d, 0x61, 0x5d, 0x7f, 0xbf, 0x2a, 0x09, 0x02, 0x09,
    0xee, 0x3c, 0x4f, 0x3f, 0x05, 0xb2, 0xaa, 0x3e, 0xee, 0x3c, 0x4f, 0x3f, 0x05, 0xb2, 0xaa, 0x3e,
    0x00, 0x00, 0x00, 0x00, 0x00, 0x00, 0x00, 0x00, 0x00, 0x00, 0x00, 0x00, 0x00, 0x00, 0x00, 0x00,
    0x5b, 0x03, 0x96, 0xc3, 0xaa, 0xb2, 0x96, 0x43, 0x81, 0xd0, 0x95, 0xc3, 0x6e, 0x6f, 0x6c, 0x3c,
    0xbb, 0xfc, 0x8f, 0x3d, 0xff, 0x56, 0x7f, 0xbf, 0x2a, 0x09, 0x02, 0x09, 0xee, 0x3c, 0x4f, 0x3f,
    0x58, 0x9f, 0x63, 0x3e, 0xee, 0x3c, 0x4f, 0x3f, 0x58, 0x9f, 0x63, 0x3e, 0x00, 0x00, 0x00, 0x00,
    0x00, 0x00, 0x00, 0x00, 0x00, 0x00, 0x00, 0x00, 0x00, 0x00, 0x00, 0x00, 0x5b, 0x01, 0x96, 0xc3,
    0x72, 0xb3, 0x96, 0x43, 0x6b, 0xd0, 0x95, 0xc3, 0x49, 0x3e, 0x99, 0x3c, 0xe7, 0x68, 0x93, 0x3d,
    0x86, 0x4a, 0x7f, 0xbf, 0x2a, 0x09, 0x02, 0x09, 0xee, 0x3c, 0x4f, 0x3f, 0x6d, 0xb5, 0xe3, 0x3d,
    0xee, 0x3c, 0x4f, 0x3f, 0x6d, 0xb5, 0xe3, 0x3d, 0x00, 0x00, 0x00, 0x00, 0x00, 0x00, 0x00, 0x00,
    0x00, 0x00, 0x00, 0x00, 0x00, 0x00, 0x00, 0x00, 0xff, 0xff, 0x95, 0xc3, 0xfa, 0xb3, 0x96, 0x43,
    0x59, 0xd0, 0x95, 0xc3, 0x97, 0xd1, 0xae, 0x3c, 0x44, 0x84, 0x95, 0x3d, 0x29, 0x42, 0x7f, 0xbf,
    0x2a, 0x09, 0x02, 0x00, 0xee, 0x3c, 0x4f, 0x3f, 0xc0, 0x24, 0xb0, 0x38, 0xee, 0x3c, 0x4f, 0x3f,
    0xc0, 0x24, 0xb0, 0x38, 0x00, 0x00, 0x00, 0x00, 0x00, 0x00, 0x00, 0x00, 0x00, 0x00, 0x00, 0x00,
    0x00, 0x00, 0x00, 0x00, 0xbc, 0x0f, 0x96, 0xc3, 0x46, 0xa9, 0x96, 0x43, 0x47, 0xd1, 0x95, 0xc3,
    0x49, 0x49, 0x0a, 0x3c, 0x6c, 0x92, 0x89, 0x3d, 0xa3, 0x69, 0x7f, 0xbf, 0x2a, 0x09, 0x02, 0x01,
    0x2c, 0x0c, 0x43, 0x3f, 0x82, 0xac, 0x2a, 0x3f, 0x2c, 0x0c, 0x43, 0x3f, 0x82, 0xac, 0x2a, 0x3f,
    0x00, 0x00, 0x00, 0x00, 0x00, 0x00, 0x00, 0x00, 0x00, 0x00, 0x00, 0x00, 0x00, 0x00, 0x00, 0x00,
    0x55, 0x14, 0x96, 0xc3, 0x79, 0xa7, 0x96, 0x43, 0x6f, 0xd1, 0x95, 0xc3, 0xb9, 0x37, 0x02, 0x3c,
    0xa0, 0xe2, 0x88, 0x3d, 0x61, 0x6b, 0x7f, 0xbf, 0x2a, 0x09, 0x02, 0x00, 0xca, 0xf3, 0x3c, 0x3f,
    0xac, 0x1d, 0x47, 0x3f, 0xca, 0xf3, 0x3c, 0x3f, 0xac, 0x1d, 0x47, 0x3f, 0x00, 0x00, 0x00, 0x00,
    0x00, 0x00, 0x00, 0x00, 0x00, 0x00, 0x00, 0x00, 0x00, 0x00, 0x00, 0x00, 0xdf, 0x0b, 0x96, 0xc3,
    0x59, 0xac, 0x96, 0x43, 0x09, 0xd1, 0x95, 0xc3, 0x6b, 0xf0, 0x19, 0x3c, 0x07, 0xcc, 0x8a, 0x3d,
    0x6e, 0x66, 0x7f, 0xbf, 0x2a, 0x09, 0x02, 0x03, 0x8d, 0x24, 0x49, 0x3f, 0x57, 0x3b, 0x0e, 0x3f,
    0x8d, 0x24, 0x49, 0x3f, 0x57, 0x3b, 0x0e, 0x3f, 0x00, 0x00, 0x00, 0x00, 0x00, 0x00, 0x00, 0x00,
    0x00, 0x00, 0x00, 0x00, 0x00, 0x00, 0x00, 0x00, 0x18, 0x08, 0x96, 0xc3, 0x35, 0xad, 0x96, 0x43,
    0xf0, 0xd0, 0x95, 0xc3, 0x69, 0x70, 0x2e, 0x3c, 0x3f, 0x61, 0x8b, 0x3d, 0x56, 0x64, 0x7f, 0xbf,
    0x2a, 0x09, 0x02, 0x07, 0x8d, 0x24, 0x49, 0x3f, 0x5a, 0x94, 0xe3, 0x3e, 0x8d, 0x24, 0x49, 0x3f,
    0x5a, 0x94, 0xe3, 0x3e, 0x00, 0x00, 0x00, 0x00, 0x00, 0x00, 0x00, 0x00, 0x00, 0x00, 0x00, 0x00,
    0x00, 0x00, 0x00, 0x00, 0xcf, 0x04, 0x96, 0xc3, 0xf4, 0xad, 0x96, 0x43, 0xd9, 0xd0, 0x95, 0xc3,
    0x29, 0xe9, 0x49, 0x3c, 0x21, 0x29, 0x8c, 0x3d, 0x5d, 0x61, 0x7f, 0xbf, 0x2a, 0x09, 0x02, 0x09,
    0x8d, 0x24, 0x49, 0x3f, 0x05, 0xb2, 0xaa, 0x3e, 0x8d, 0x24, 0x49, 0x3f, 0x05, 0xb2, 0xaa, 0x3e,
    0x00, 0x00, 0x00, 0x00, 0x00, 0x00, 0x00, 0x00, 0x00, 0x00, 0x00, 0x00, 0x00, 0x00, 0x00, 0x00,
    0x17, 0x02, 0x96, 0xc3, 0x92, 0xae, 0x96, 0x43, 0xc5, 0xd0, 0x95, 0xc3, 0x12, 0x05, 0x73, 0x3c,
    0x0b, 0x54, 0x8d, 0x3d, 0x8c, 0x5c, 0x7f, 0xbf, 0x2a, 0x09, 0x02, 0x09, 0x8d, 0x24, 0x49, 0x3f,
    0x58, 0x9f, 0x63, 0x3e, 0x8d, 0x24, 0x49, 0x3f, 0x58, 0x9f, 0x63, 0x3e, 0x00, 0x00, 0x00, 0x00,
    0x00, 0x00, 0x00, 0x00, 0x00, 0x00, 0x00, 0x00, 0x00, 0x00, 0x00, 0x00, 0xfe, 0xff, 0x95, 0xc3,
    0x0c, 0xaf, 0x96, 0x43, 0xb4, 0xd0, 0x95, 0xc3, 0x1a, 0x32, 0x9e, 0x3c, 0xfc, 0x68, 0x8f, 0x3d,
    0xe3, 0x52, 0x7f, 0xbf, 0x2a, 0x09, 0x02, 0x09, 0x8d, 0x24, 0x49, 0x3f, 0x6d, 0xb5, 0xe3, 0x3d,
    0x8d, 0x24, 0x49, 0x3f, 0x6d, 0xb5, 0xe3, 0x3d, 0x00, 0x00, 0x00, 0x00, 0x00, 0x00, 0x00, 0x00,
    0x00, 0x00, 0x00, 0x00, 0x00, 0x00, 0x00, 0x00, 0x92, 0xfe, 0x95, 0xc3, 0x5f, 0xaf, 0x96, 0x43,
    0xa6, 0xd0, 0x95, 0xc3, 0x34, 0xcb, 0xb4, 0x3c, 0xe9, 0xb0, 0x90, 0x3d, 0x3f, 0x4c, 0x7f, 0xbf,
    0x2a, 0x09, 0x02, 0x00, 0x8d, 0x24, 0x49, 0x3f, 0xc0, 0x24, 0xb0, 0x38, 0x8d, 0x24, 0x49, 0x3f,
    0xc0, 0x24, 0xb0, 0x38, 0x00, 0x00, 0x00, 0x00, 0x00, 0x00, 0x00, 0x00, 0x00, 0x00, 0x00, 0x00,
    0x00, 0x00, 0x00, 0x00, 0xbb, 0x0f, 0x96, 0xc3, 0x21, 0xa7, 0x96, 0x43, 0x6b, 0xd1, 0x95, 0xc3,
    0xe8, 0x49, 0x0a, 0x3c, 0x46, 0xcf, 0x88, 0x3d, 0x47, 0x6b, 0x7f, 0xbf, 0x2a, 0x09, 0x02, 0x01,
    0xca, 0xf3, 0x3c, 0x3f, 0x82, 0xac, 0x2a, 0x3f, 0xca, 0xf3, 0x3c, 0x3f, 0x82, 0xac, 0x2a, 0x3f,
    0x00, 0x00, 0x00, 0x00, 0x00, 0x00, 0x00, 0x00, 0x00, 0x00, 0x00, 0x00, 0x00, 0x00, 0x00, 0x00,
    0x8d, 0x14, 0x96, 0xc3, 0x08, 0xa6, 0x96, 0x43, 0x88, 0xd1, 0x95, 0xc3, 0x2a, 0x7d, 0x01, 0x3c,
    0xd8, 0x47, 0x88, 0x3d, 0xb2, 0x6c, 0x7f, 0xbf, 0x2a, 0x09, 0x02, 0x00, 0x69, 0xdb, 0x36, 0x3f,
    0xac, 0x1d, 0x47, 0x3f, 0x69, 0xdb, 0x36, 0x3f, 0xac, 0x1d, 0x47, 0x3f, 0x00, 0x00, 0x00, 0x00,
    0x00, 0x00, 0x00, 0x00, 0x00, 0x00, 0x00, 0x00, 0x00, 0x00, 0x00, 0x00, 0x74, 0x0b, 0x96, 0xc3,
    0x98, 0xa9, 0x96, 0x43, 0x37, 0xd1, 0x95, 0xc3, 0x67, 0x3b, 0x1b, 0x3c, 0xdd, 0xba, 0x89, 0x3d,
    0xb2, 0x68, 0x7f, 0xbf, 0x2a, 0x09, 0x02, 0x03, 0x2c, 0x0c, 0x43, 0x3f, 0x57, 0x3b, 0x0e, 0x3f,
    0x2c, 0x0c, 0x43, 0x3f, 0x57, 0x3b, 0x0e, 0x3f, 0x00, 0x00, 0x00, 0x00, 0x00, 0x00, 0x00, 0x00,
    0x00, 0x00, 0x00, 0x00, 0x00, 0x00, 0x00, 0x00, 0x97, 0x07, 0x96, 0xc3, 0xe2, 0xa9, 0x96, 0x43,
    0x28, 0xd1, 0x95, 0xc3, 0xa1, 0x33, 0x30, 0x3c, 0xd9, 0xec, 0x89, 0x3d, 0x6b, 0x67, 0x7f, 0xbf,
    0x2a, 0x09, 0x02, 0x07, 0x2c, 0x0c, 0x43, 0x3f, 0x5a, 0x94, 0xe3, 0x3e, 0x2c, 0x0c, 0x43, 0x3f,
    0x5a, 0x94, 0xe3, 0x3e, 0x00, 0x00, 0x00, 0x00, 0x00, 0x00, 0x00, 0x00, 0x00, 0x00, 0x00, 0x00,
    0x00, 0x00, 0x00, 0x00, 0x3b, 0x04, 0x96, 0xc3, 0x22, 0xaa, 0x96, 0x43, 0x1a, 0xd1, 0x95, 0xc3,
    0x89, 0x4d, 0x4c, 0x3c, 0xc0, 0x2f, 0x8a, 0x3d, 0x8d, 0x65, 0x7f, 0xbf, 0x2a, 0x09, 0x02, 0x09,
    0x2c, 0x0c, 0x43, 0x3f, 0x05, 0xb2, 0xaa, 0x3e, 0x2c, 0x0c, 0x43, 0x3f, 0x05, 0xb2, 0xaa, 0x3e,
    0x00, 0x00, 0x00, 0x00, 0x00, 0x00, 0x00, 0x00, 0x00, 0x00, 0x00, 0x00, 0x00, 0x00, 0x00, 0x00,
    0x72, 0x01, 0x96, 0xc3, 0x56, 0xaa, 0x96, 0x43, 0x0d, 0xd1, 0x95, 0xc3, 0x91, 0x5a, 0x76, 0x3c,
    0xa9, 0x93, 0x8a, 0x3d, 0x62, 0x62, 0x7f, 0xbf, 0x2a, 0x09, 0x02, 0x09, 0x2c, 0x0c, 0x43, 0x3f,
    0x58, 0x9f, 0x63, 0x3e, 0x2c, 0x0c, 0x43, 0x3f, 0x58, 0x9f, 0x63, 0x3e, 0x00, 0x00, 0x00, 0x00,
    0x00, 0x00, 0x00, 0x00, 0x00, 0x00, 0x00, 0x00, 0x00, 0x00, 0x00, 0x00, 0x4e, 0xff, 0x95, 0xc3,
    0x7f, 0xaa, 0x96, 0x43, 0x01, 0xd1, 0x95, 0xc3, 0x0f, 0xb4, 0xa0, 0x3c, 0x6a, 0x45, 0x8b, 0x3d,
    0xa8, 0x5b, 0x7f, 0xbf, 0x2a, 0x09, 0x02, 0x09, 0x2c, 0x0c, 0x43, 0x3f, 0x6d, 0xb5, 0xe3, 0x3d,
    0x2c, 0x0c, 0x43, 0x3f, 0x6d, 0xb5, 0xe3, 0x3d, 0x00, 0x00, 0x00, 0x00, 0x00, 0x00, 0x00, 0x00,
    0x00, 0x00, 0x00, 0x00, 0x00, 0x00, 0x00, 0x00, 0xd9, 0xfd, 0x95, 0xc3, 0x9b, 0xaa, 0x96, 0x43,
    0xf7, 0xd0, 0x95, 0xc3, 0xba, 0xd1, 0xb7, 0x3c, 0x8a, 0xb2, 0x8b, 0x3d, 0xd3, 0x56, 0x7f, 0xbf,
    0x2a, 0x09, 0x02, 0x00, 0x2c, 0x0c, 0x43, 0x3f, 0xc0, 0x24, 0xb0, 0x38, 0x2c, 0x0c, 0x43, 0x3f,
    0xc0, 0x24, 0xb0, 0x38, 0x00, 0x00, 0x00, 0x00, 0x00, 0x00, 0x00, 0x00, 0x00, 0x00, 0x00, 0x00,
    0x00, 0x00, 0x00, 0x00, 0x0d, 0x10, 0x96, 0xc3, 0x02, 0xa5, 0x96, 0x43, 0x90, 0xd1, 0x95, 0xc3,
    0x50, 0x61, 0x09, 0x3c, 0x4c, 0x0e, 0x88, 0x3d, 0xec, 0x6c, 0x7f, 0xbf, 0x2a, 0x09, 0x02, 0x01,
    0x69, 0xdb, 0x36, 0x3f, 0x82, 0xac, 0x2a, 0x3f, 0x69, 0xdb, 0x36, 0x3f, 0x82, 0xac, 0x2a, 0x3f,
    0x00, 0x00, 0x00, 0x00, 0x00, 0x00, 0x00, 0x00, 0x00, 0x00, 0x00, 0x00, 0x00, 0x00, 0x00, 0x00,
    0xfb, 0x14, 0x96, 0xc3, 0xa4, 0xa4, 0x96, 0x43, 0xa1, 0xd1, 0x95, 0xc3, 0xb7, 0x0b, 0x00, 0x3c,
    0x45, 0xb2, 0x87, 0x3d, 0xfd, 0x6d, 0x7f, 0xbf, 0x2a, 0x09, 0x02, 0x00, 0x08, 0xc3, 0x30, 0x3f,
    0xac, 0x1d, 0x47, 0x3f, 0x08, 0xc3, 0x30, 0x3f, 0xac, 0x1d, 0x47, 0x3f, 0x00, 0x00, 0x00, 0x00,
    0x00, 0x00, 0x00, 0x00, 0x00, 0x00, 0x00, 0x00, 0x00, 0x00, 0x00, 0x00, 0x74, 0x0b, 0x96, 0xc3,
    0xcf, 0xa6, 0x96, 0x43, 0x67, 0xd1, 0x95, 0xc3, 0x48, 0x3c, 0x1b, 0x3c, 0x9d, 0xa6, 0x88, 0x3d,
    0x02, 0x6b, 0x7f, 0xbf, 0x2a, 0x09, 0x02, 0x03, 0xca, 0xf3, 0x3c, 0x3f, 0x57, 0x3b, 0x0e, 0x3f,
    0xca, 0xf3, 0x3c, 0x3f, 0x57, 0x3b, 0x0e, 0x3f, 0x00, 0x00, 0x00, 0x00, 0x00, 0x00, 0x00, 0x00,
    0x00, 0x00, 0x00, 0x00, 0x00, 0x00, 0x00, 0x00, 0x97, 0x07, 0x96, 0xc3, 0x85, 0xa6, 0x96, 0x43,
    0x62, 0xd1, 0x95, 0xc3, 0xd6, 0x34, 0x30, 0x3c, 0x40, 0x74, 0x88, 0x3d, 0x94, 0x6a, 0x7f, 0xbf,
    0x2a, 0x09, 0x02, 0x07, 0xca, 0xf3, 0x3c, 0x3f, 0x5a, 0x94, 0xe3, 0x3e, 0xca, 0xf3, 0x3c, 0x3f,
    0x5a, 0x94, 0xe3, 0x3e, 0x00, 0x00, 0x00, 0x00, 0x00, 0x00, 0x00, 0x00, 0x00, 0x00, 0x00, 0x00,
    0x00, 0x00, 0x00, 0x00, 0x3b, 0x04, 0x96, 0xc3, 0x44, 0xa6, 0x96, 0x43, 0x5d, 0xd1, 0x95, 0xc3,
    0x2a, 0x4f, 0x4c, 0x3c, 0xa8, 0x30, 0x88, 0x3d, 0xd5, 0x69, 0x7f, 0xbf, 0x2a, 0x09, 0x02, 0x09,
    0xca, 0xf3, 0x3c, 0x3f, 0x05, 0xb2, 0xaa, 0x3e, 0xca, 0xf3, 0x3c, 0x3f, 0x05, 0xb2, 0xaa, 0x3e,
    0x00, 0x00, 0x00, 0x00, 0x00, 0x00, 0x00, 0x00, 0x00, 0x00, 0x00, 0x00, 0x00, 0x00, 0x00, 0x00,
    0x72, 0x01, 0x96, 0xc3, 0x0e, 0xa6, 0x96, 0x43, 0x57, 0xd1, 0x95, 0xc3, 0xd4, 0x5c, 0x76, 0x3c,
    0x53, 0xcb, 0x87, 0x3d, 0x5c, 0x68, 0x7f, 0xbf, 0x2a, 0x09, 0x02, 0x09, 0xca, 0xf3, 0x3c, 0x3f,
    0x58, 0x9f, 0x63, 0x3e, 0xca, 0xf3, 0x3c, 0x3f, 0x58, 0x9f, 0x63, 0x3e, 0x00, 0x00, 0x00, 0x00,
    0x00, 0x00, 0x00, 0x00, 0x00, 0x00, 0x00, 0x00, 0x00, 0x00, 0x00, 0x00, 0x4d, 0xff, 0x95, 0xc3,
    0xe5, 0xa5, 0x96, 0x43, 0x50, 0xd1, 0x95, 0xc3, 0xbb, 0xb5, 0xa0, 0x3c, 0xe2, 0x15, 0x87, 0x3d,
    0xa6, 0x64, 0x7f, 0xbf, 0x2a, 0x09, 0x02, 0x09, 0xca, 0xf3, 0x3c, 0x3f, 0x6d, 0xb5, 0xe3, 0x3d,
    0xca, 0xf3, 0x3c, 0x3f, 0x6d, 0xb5, 0xe3, 0x3d, 0x00, 0x00, 0x00, 0x00, 0x00, 0x00, 0x00, 0x00,
    0x00, 0x00, 0x00, 0x00, 0x00, 0x00, 0x00, 0x00, 0xd8, 0xfd, 0x95, 0xc3, 0xc9, 0xa5, 0x96, 0x43,
    0x4a, 0xd1, 0x95, 0xc3, 0xba, 0xd3, 0xb7, 0x3c, 0xbf, 0xa5, 0x86, 0x3d, 0xad, 0x61, 0x7f, 0xbf,
    0x2a, 0x09, 0x02, 0x00, 0xca, 0xf3, 0x3c, 0x3f, 0xc0, 0x24, 0xb0, 0x38, 0xca, 0xf3, 0x3c, 0x3f,
    0xc0, 0x24, 0xb0, 0x38, 0x00, 0x00, 0x00, 0x00, 0x00, 0x00, 0x00, 0x00, 0x00, 0x00, 0x00, 0x00,
    0x00, 0x00, 0x00, 0x00, 0xaf, 0x10, 0x96, 0xc3, 0xf5, 0xa2, 0x96, 0x43, 0xb5, 0xd1, 0x95, 0xc3,
    0xb4, 0x94, 0x07, 0x3c, 0xd1, 0x53, 0x87, 0x3d, 0x87, 0x6e, 0x7f, 0xbf, 0x2a, 0x09, 0x02, 0x01,
    0x08, 0xc3, 0x30, 0x3f, 0x82, 0xac, 0x2a, 0x3f, 0x08, 0xc3, 0x30, 0x3f, 0x82, 0xac, 0x2a, 0x3f,
    0x00, 0x00, 0x00, 0x00, 0x00, 0x00, 0x00, 0x00, 0x00, 0x00, 0x00, 0x00, 0x00, 0x00, 0x00, 0x00,
    0x9d, 0x15, 0x96, 0xc3, 0x54, 0xa3, 0x96, 0x43, 0xb8, 0xd1, 0x95, 0xc3, 0x42, 0xd7, 0xfb, 0x3b,
    0x3e, 0x25, 0x87, 0x3d, 0x39, 0x6f, 0x7f, 0xbf, 0x2a, 0x09, 0x02, 0x00, 0xa7, 0xaa, 0x2a, 0x3f,
    0xac, 0x1d, 0x47, 0x3f, 0xa7, 0xaa, 0x2a, 0x3f, 0xac, 0x1d, 0x47, 0x3f, 0x00, 0x00, 0x00, 0x00,
    0x00, 0x00, 0x00, 0x00, 0x00, 0x00, 0x00, 0x00, 0x00, 0x00, 0x00, 0x00, 0xde, 0x0b, 0x96, 0xc3,
    0x0e, 0xa4, 0x96, 0x43, 0x97, 0xd1, 0x95, 0xc3, 0x08, 0xf3, 0x19, 0x3c, 0x74, 0x95, 0x87, 0x3d,
    0x55, 0x6d, 0x7f, 0xbf, 0x2a, 0x09, 0x02, 0x03, 0x69, 0xdb, 0x36, 0x3f, 0x57, 0x3b, 0x0e, 0x3f,
    0x69, 0xdb, 0x36, 0x3f, 0x57, 0x3b, 0x0e, 0x3f, 0x00, 0x00, 0x00, 0x00, 0x00, 0x00, 0x00, 0x00,
    0x00, 0x00, 0x00, 0x00, 0x00, 0x00, 0x00, 0x00, 0x17, 0x08, 0x96, 0xc3, 0x31, 0xa3, 0x96, 0x43,
    0x9c, 0xd1, 0x95, 0xc3, 0xfc, 0x73, 0x2e, 0x3c, 0xda, 0xff, 0x86, 0x3d, 0xbf, 0x6d, 0x7f, 0xbf,
    0x2a, 0x09, 0x02, 0x07, 0x69, 0xdb, 0x36, 0x3f, 0x5a, 0x94, 0xe3, 0x3e, 0x69, 0xdb, 0x36, 0x3f,
    0x5a, 0x94, 0xe3, 0x3e, 0x00, 0x00, 0x00, 0x00, 0x00, 0x00, 0x00, 0x00, 0x00, 0x00, 0x00, 0x00,
    0x00, 0x00, 0x00, 0x00, 0xce, 0x04, 0x96, 0xc3, 0x72, 0xa2, 0x96, 0x43, 0x9f, 0xd1, 0x95, 0xc3,
    0x02, 0xee, 0x49, 0x3c, 0x47, 0x37, 0x86, 0x3d, 0x22, 0x6e, 0x7f, 0xbf, 0x2a, 0x09, 0x02, 0x09,
    0x69, 0xdb, 0x36, 0x3f, 0x05, 0xb2, 0xaa, 0x3e, 0x69, 0xdb, 0x36, 0x3f, 0x05, 0xb2, 0xaa, 0x3e,
    0x00, 0x00, 0x00, 0x00, 0x00, 0x00, 0x00, 0x00, 0x00, 0x00, 0x00, 0x00, 0x00, 0x00, 0x00, 0x00,
    0x15, 0x02, 0x96, 0xc3, 0xd2, 0xa1, 0x96, 0x43, 0xa0, 0xd1, 0x95, 0xc3, 0xd5, 0x0b, 0x73, 0x3c,
    0xf2, 0x0a, 0x85, 0x3d, 0x5a, 0x6e, 0x7f, 0xbf, 0x2a, 0x09, 0x02, 0x09, 0x69, 0xdb, 0x36, 0x3f,
    0x58, 0x9f, 0x63, 0x3e, 0x69, 0xdb, 0x36, 0x3f, 0x58, 0x9f, 0x63, 0x3e, 0x00, 0x00, 0x00, 0x00,
    0x00, 0x00, 0x00, 0x00, 0x00, 0x00, 0x00, 0x00, 0x00, 0x00, 0x00, 0x00, 0xfd, 0xff, 0x95, 0xc3,
    0x58, 0xa1, 0x96, 0x43, 0xa0, 0xd1, 0x95, 0xc3, 0x32, 0x37, 0x9e, 0x3c, 0x51, 0xf2, 0x82, 0x3d,
    0xa9, 0x6d, 0x7f, 0xbf, 0x2a, 0x09, 0x02, 0x09, 0x69, 0xdb, 0x36, 0x3f, 0x6d, 0xb5, 0xe3, 0x3d,
    0x69, 0xdb, 0x36, 0x3f, 0x6d, 0xb5, 0xe3, 0x3d, 0x00, 0x00, 0x00, 0x00, 0x00, 0x00, 0x00, 0x00,
    0x00, 0x00, 0x00, 0x00, 0x00, 0x00, 0x00, 0x00, 0x90, 0xfe, 0x95, 0xc3, 0x04, 0xa1, 0x96, 0x43,
    0x9d, 0xd1, 0x95, 0xc3, 0x55, 0xd1, 0xb4, 0x3c, 0x62, 0xa7, 0x81, 0x3d, 0x8c, 0x6c, 0x7f, 0xbf,
    0x2a, 0x09, 0x02, 0x00, 0x69, 0xdb, 0x36, 0x3f, 0xc0, 0x24, 0xb0, 0x38, 0x69, 0xdb, 0x36, 0x3f,
    0xc0, 0x24, 0xb0, 0x38, 0x00, 0x00, 0x00, 0x00, 0x00, 0x00, 0x00, 0x00, 0x00, 0x00, 0x00, 0x00,
    0x00, 0x00, 0x00, 0x00, 0x9e, 0x11, 0x96, 0xc3, 0x06, 0xa1, 0x96, 0x43, 0xd7, 0xd1, 0x95, 0xc3,
    0x5d, 0xee, 0x04, 0x3c, 0xfe, 0xa3, 0x86, 0x3d, 0x11, 0x70, 0x7f, 0xbf, 0x2a, 0x09, 0x02, 0x01,
    0xa7, 0xaa, 0x2a, 0x3f, 0x82, 0xac, 0x2a, 0x3f, 0xa7, 0xaa, 0x2a, 0x3f, 0x82, 0xac, 0x2a, 0x3f,
    0x00, 0x00, 0x00, 0x00, 0x00, 0x00, 0x00, 0x00, 0x00, 0x00, 0x00, 0x00, 0x00, 0x00, 0x00, 0x00,
    0x6f, 0x16, 0x96, 0xc3, 0x1f, 0xa2, 0x96, 0x43, 0xce, 0xd1, 0x95, 0xc3, 0x1c, 0x52, 0xf6, 0x3b,
    0xea, 0xa3, 0x86, 0x3d, 0x5f, 0x70, 0x7f, 0xbf, 0x2a, 0x09, 0x02, 0x00, 0x45, 0x92, 0x24, 0x3f,
    0xac, 0x1d, 0x47, 0x3f, 0x45, 0x92, 0x24, 0x3f, 0xac, 0x1d, 0x47, 0x3f, 0x00, 0x00, 0x00, 0x00,
    0x00, 0x00, 0x00, 0x00, 0x00, 0x00, 0x00, 0x00, 0x00, 0x00, 0x00, 0x00, 0xb1, 0x0c, 0x96, 0xc3,
    0x65, 0xa1, 0x96, 0x43, 0xc6, 0xd1, 0x95, 0xc3, 0x03, 0x67, 0x17, 0x3c, 0x7a, 0x8d, 0x86, 0x3d,
    0x9c, 0x6f, 0x7f, 0xbf, 0x2a, 0x09, 0x02, 0x03, 0x08, 0xc3, 0x30, 0x3f, 0x57, 0x3b, 0x0e, 0x3f,
    0x08, 0xc3, 0x30, 0x3f, 0x57, 0x3b, 0x0e, 0x3f, 0x00, 0x00, 0x00, 0x00, 0x00, 0x00, 0x00, 0x00,
    0x00, 0x00, 0x00, 0x00, 0x00, 0x00, 0x00, 0x00, 0x15, 0x09, 0x96, 0xc3, 0xfb, 0x9f, 0x96, 0x43,
    0xd5, 0xd1, 0x95, 0xc3, 0x19, 0xfb, 0x2a, 0x3c, 0xfb, 0x97, 0x85, 0x3d, 0xd9, 0x70, 0x7f, 0xbf,
    0x2a, 0x09, 0x02, 0x07, 0x08, 0xc3, 0x30, 0x3f, 0x5a, 0x94, 0xe3, 0x3e, 0x08, 0xc3, 0x30, 0x3f,
    0x5a, 0x94, 0xe3, 0x3e, 0x00, 0x00, 0x00, 0x00, 0x00, 0x00, 0x00, 0x00, 0x00, 0x00, 0x00, 0x00,
    0x00, 0x00, 0x00, 0x00, 0xf2, 0x05, 0x96, 0xc3, 0xc0, 0x9e, 0x96, 0x43, 0xe0, 0xd1, 0x95, 0xc3,
    0xb6, 0x37, 0x45, 0x3c, 0xe6, 0x4e, 0x84, 0x3d, 0x58, 0x72, 0x7f, 0xbf, 0x2a, 0x09, 0x02, 0x09,
    0x08, 0xc3, 0x30, 0x3f, 0x05, 0xb2, 0xaa, 0x3e, 0x08, 0xc3, 0x30, 0x3f, 0x05, 0xb2, 0xaa, 0x3e,
    0x00, 0x00, 0x00, 0x00, 0x00, 0x00, 0x00, 0x00, 0x00, 0x00, 0x00, 0x00, 0x00, 0x00, 0x00, 0x00,
    0x59, 0x03, 0x96, 0xc3, 0xbb, 0x9d, 0x96, 0x43, 0xe9, 0xd1, 0x95, 0xc3, 0x8a, 0x7a, 0x6c, 0x3c,
    0x41, 0x62, 0x82, 0x3d, 0x37, 0x74, 0x7f, 0xbf, 0x2a, 0x09, 0x02, 0x09, 0x08, 0xc3, 0x30, 0x3f,
    0x58, 0x9f, 0x63, 0x3e, 0x08, 0xc3, 0x30, 0x3f, 0x58, 0x9f, 0x63, 0x3e, 0x00, 0x00, 0x00, 0x00,
    0x00, 0x00, 0x00, 0x00, 0x00, 0x00, 0x00, 0x00, 0x00, 0x00, 0x00, 0x00, 0x58, 0x01, 0x96, 0xc3,
    0xf2, 0x9c, 0x96, 0x43, 0xed, 0xd1, 0x95, 0xc3, 0xa2, 0x46, 0x99, 0x3c, 0xc8, 0xe4, 0x7d, 0x3d,
    0x7d, 0x76, 0x7f, 0xbf, 0x2a, 0x09, 0x02, 0x09, 0x08, 0xc3, 0x30, 0x3f, 0x6d, 0xb5, 0xe3, 0x3d,
    0x08, 0xc3, 0x30, 0x3f, 0x6d, 0xb5, 0xe3, 0x3d, 0x00, 0x00, 0x00, 0x00, 0x00, 0x00, 0x00, 0x00,
    0x00, 0x00, 0x00, 0x00, 0x00, 0x00, 0x00, 0x00, 0xfc, 0xff, 0x95, 0xc3, 0x69, 0x9c, 0x96, 0x43,
    0xee, 0xd1, 0x95, 0xc3, 0xa5, 0xdb, 0xae, 0x3c, 0x0d, 0xa8, 0x79, 0x3d, 0x33, 0x77, 0x7f, 0xbf,
    0x2a, 0x09, 0x02, 0x00, 0x08, 0xc3, 0x30, 0x3f, 0xc0, 0x24, 0xb0, 0x38, 0x08, 0xc3, 0x30, 0x3f,
    0xc0, 0x24, 0xb0, 0x38, 0x00, 0x00, 0x00, 0x00, 0x00, 0x00, 0x00, 0x00, 0x00, 0x00, 0x00, 0x00,
    0x00, 0x00, 0x00, 0x00, 0xd4, 0x12, 0x96, 0xc3, 0x41, 0x9f, 0x96, 0x43, 0xf8, 0xd1, 0x95, 0xc3,
    0x74, 0x7d, 0x01, 0x3c, 0xc0, 0x02, 0x86, 0x3d, 0x80, 0x71, 0x7f, 0xbf, 0x2a, 0x09, 0x02, 0x01,
    0x45, 0x92, 0x24, 0x3f, 0x82, 0xac, 0x2a, 0x3f, 0x45, 0x92, 0x24, 0x3f, 0x82, 0xac, 0x2a, 0x3f,
    0x00, 0x00, 0x00, 0x00, 0x00, 0x00, 0x00, 0x00, 0x00, 0x00, 0x00, 0x00, 0x00, 0x00, 0x00, 0x00,
    0x6d, 0x17, 0x96, 0xc3, 0x0e, 0xa1, 0x96, 0x43, 0xe2, 0xd1, 0x95, 0xc3, 0x92, 0xa7, 0xef, 0x3b,
    0x2b, 0x31, 0x86, 0x3d, 0x6a, 0x71, 0x7f, 0xbf, 0x2a, 0x09, 0x02, 0x00, 0xe4, 0x79, 0x1e, 0x3f,
    0xac, 0x1d, 0x47, 0x3f, 0xe4, 0x79, 0x1e, 0x3f, 0xac, 0x1d, 0x47, 0x3f, 0x00, 0x00, 0x00, 0x00,
    0x00, 0x00, 0x00, 0x00, 0x00, 0x00, 0x00, 0x00, 0x00, 0x00, 0x00, 0x00, 0xe6, 0x0d, 0x96, 0xc3,
    0xe2, 0x9e, 0x96, 0x43, 0xf3, 0xd1, 0x95, 0xc3, 0xc9, 0xa6, 0x13, 0x3c, 0x96, 0x94, 0x85, 0x3d,
    0xc9, 0x71, 0x7f, 0xbf, 0x2a, 0x09, 0x02, 0x03, 0xa7, 0xaa, 0x2a, 0x3f, 0x57, 0x3b, 0x0e, 0x3f,
    0xa7, 0xaa, 0x2a, 0x3f, 0x57, 0x3b, 0x0e, 0x3f, 0x00, 0x00, 0x00, 0x00, 0x00, 0x00, 0x00, 0x00,
    0x00, 0x00, 0x00, 0x00, 0x00, 0x00, 0x00, 0x00, 0x8b, 0x0a, 0x96, 0xc3, 0xf3, 0x9c, 0x96, 0x43,
    0x0b, 0xd2, 0x95, 0xc3, 0x0b, 0xde, 0x25, 0x3c, 0xab, 0x44, 0x84, 0x3d, 0xd2, 0x73, 0x7f, 0xbf,
    0x2a, 0x09, 0x02, 0x07, 0xa7, 0xaa, 0x2a, 0x3f, 0x5a, 0x94, 0xe3, 0x3e, 0xa7, 0xaa, 0x2a, 0x3f,
    0x5a, 0x94, 0xe3, 0x3e, 0x00, 0x00, 0x00, 0x00, 0x00, 0x00, 0x00, 0x00, 0x00, 0x00, 0x00, 0x00,
    0x00, 0x00, 0x00, 0x00, 0xa0, 0x07, 0x96, 0xc3, 0x44, 0x9b, 0x96, 0x43, 0x1f, 0xd2, 0x95, 0xc3,
    0x30, 0x47, 0x3e, 0x3c, 0x6c, 0x82, 0x82, 0x3d, 0x60, 0x76, 0x7f, 0xbf, 0x2a, 0x09, 0x02, 0x09,
    0xa7, 0xaa, 0x2a, 0x3f, 0x05, 0xb2, 0xaa, 0x3e, 0xa7, 0xaa, 0x2a, 0x3f, 0x05, 0xb2, 0xaa, 0x3e,
    0x00, 0x00, 0x00, 0x00, 0x00, 0x00, 0x00, 0x00, 0x00, 0x00, 0x00, 0x00, 0x00, 0x00, 0x00, 0x00,
    0x35, 0x05, 0x96, 0xc3, 0xe0, 0x99, 0x96, 0x43, 0x2e, 0xd2, 0x95, 0xc3, 0x7e, 0xce, 0x62, 0x3c,
    0xed, 0xc0, 0x7f, 0x3d, 0xd5, 0x79, 0x7f, 0xbf, 0x2a, 0x09, 0x02, 0x09, 0xa7, 0xaa, 0x2a, 0x3f,
    0x58, 0x9f, 0x63, 0x3e, 0xa7, 0xaa, 0x2a, 0x3f, 0x58, 0x9f, 0x63, 0x3e, 0x00, 0x00, 0x00, 0x00,
    0x00, 0x00, 0x00, 0x00, 0x00, 0x00, 0x00, 0x00, 0x00, 0x00, 0x00, 0x00, 0x58, 0x03, 0x96, 0xc3,
    0xcd, 0x98, 0x96, 0x43, 0x38, 0xd2, 0x95, 0xc3, 0x59, 0x00, 0x92, 0x3c, 0xf2, 0x59, 0x76, 0x3d,
    0xf0, 0x7e, 0x7f, 0xbf, 0x2a, 0x09, 0x02, 0x09, 0xa7, 0xaa, 0x2a, 0x3f, 0x6d, 0xb5, 0xe3, 0x3d,
    0xa7, 0xaa, 0x2a, 0x3f, 0x6d, 0xb5, 0xe3, 0x3d, 0x00, 0x00, 0x00, 0x00, 0x00, 0x00, 0x00, 0x00,
    0x00, 0x00, 0x00, 0x00, 0x00, 0x00, 0x00, 0x00, 0x14, 0x02, 0x96, 0xc3, 0x12, 0x98, 0x96, 0x43,
    0x3c, 0xd2, 0x95, 0xc3, 0xd2, 0x14, 0xa6, 0x3c, 0x83, 0x8e, 0x70, 0x3d, 0x65, 0x81, 0x7f, 0xbf,
    0x2a, 0x09, 0x02, 0x00, 0xa7, 0xaa, 0x2a, 0x3f, 0xc0, 0x24, 0xb0, 0x38, 0xa7, 0xaa, 0x2a, 0x3f,
    0xc0, 0x24, 0xb0, 0x38, 0x00, 0x00, 0x00, 0x00, 0x00, 0x00, 0x00, 0x00, 0x00, 0x00, 0x00, 0x00,
    0x00, 0x00, 0x00, 0x00, 0x4a, 0x14, 0x96, 0xc3, 0xae, 0x9d, 0x96, 0x43, 0x15, 0xd2, 0x95, 0xc3,
    0x48, 0xab, 0xfa, 0x3b, 0xb2, 0x73, 0x85, 0x3d, 0xcc, 0x72, 0x7f, 0xbf, 0x2a, 0x09, 0x02, 0x01,
    0xe4, 0x79, 0x1e, 0x3f, 0x82, 0xac, 0x2a, 0x3f, 0xe4, 0x79, 0x1e, 0x3f, 0x82, 0xac, 0x2a, 0x3f,
    0x00, 0x00, 0x00, 0x00, 0x00, 0x00, 0x00, 0x00, 0x00, 0x00, 0x00, 0x00, 0x00, 0x00, 0x00, 0x00,
    0x92, 0x18, 0x96, 0xc3, 0x25, 0xa0, 0x96, 0x43, 0xf3, 0xd1, 0x95, 0xc3, 0xc1, 0xfd, 0xe7, 0x3b,
    0x92, 0xcf, 0x85, 0x3d, 0x53, 0x72, 0x7f, 0xbf, 0x2a, 0x09, 0x02, 0x00, 0x83, 0x61, 0x18, 0x3f,
    0xac, 0x1d, 0x47, 0x3f, 0x83, 0x61, 0x18, 0x3f, 0xac, 0x1d, 0x47, 0x3f, 0x00, 0x00, 0x00, 0x00,
    0x00, 0x00, 0x00, 0x00, 0x00, 0x00, 0x00, 0x00, 0x00, 0x00, 0x00, 0x00, 0x79, 0x0f, 0x96, 0xc3,
    0x95, 0x9c, 0x96, 0x43, 0x1d, 0xd2, 0x95, 0xc3, 0xcc, 0xc7, 0x0e, 0x3c, 0x56, 0xb0, 0x84, 0x3d,
    0xd2, 0x73, 0x7f, 0xbf, 0x2a, 0x09, 0x02, 0x03, 0x45, 0x92, 0x24, 0x3f, 0x57, 0x3b, 0x0e, 0x3f,
    0x45, 0x92, 0x24, 0x3f, 0x57, 0x3b, 0x0e, 0x3f, 0x00, 0x00, 0x00, 0x00, 0x00, 0x00, 0x00, 0x00,
    0x00, 0x00, 0x00, 0x00, 0x00, 0x00, 0x00, 0x00, 0x71, 0x0c, 0x96, 0xc3, 0x2c, 0x9a, 0x96, 0x43,
    0x3e, 0xd2, 0x95, 0xc3, 0x0d, 0x3a, 0x1f, 0x3c, 0x81, 0x0d, 0x83, 0x3d, 0x97, 0x76, 0x7f, 0xbf,
    0x2a, 0x09, 0x02, 0x07, 0x45, 0x92, 0x24, 0x3f, 0x5a, 0x94, 0xe3, 0x3e, 0x45, 0x92, 0x24, 0x3f,
    0x5a, 0x94, 0xe3, 0x3e, 0x00, 0x00, 0x00, 0x00, 0x00, 0x00, 0x00, 0x00, 0x00, 0x00, 0x00, 0x00,
    0x00, 0x00, 0x00, 0x00, 0xce, 0x09, 0x96, 0xc3, 0x13, 0x98, 0x96, 0x43, 0x59, 0xd2, 0x95, 0xc3,
    0x25, 0x44, 0x35, 0x3c, 0x24, 0xdc, 0x80, 0x3d, 0x22, 0x7a, 0x7f, 0xbf, 0x2a, 0x09, 0x02, 0x09,
    0x45, 0x92, 0x24, 0x3f, 0x05, 0xb2, 0xaa, 0x3e, 0x45, 0x92, 0x24, 0x3f, 0x05, 0xb2, 0xaa, 0x3e,
    0x00, 0x00, 0x00, 0x00, 0x00, 0x00, 0x00, 0x00, 0x00, 0x00, 0x00, 0x00, 0x00, 0x00, 0x00, 0x00,
    0x9f, 0x07, 0x96, 0xc3, 0x56, 0x96, 0x96, 0x43, 0x6e, 0xd2, 0x95, 0xc3, 0x00, 0x3f, 0x56, 0x3c,
    0xd1, 0x27, 0x7b, 0x3d, 0x13, 0x7f, 0x7f, 0xbf, 0x2a, 0x09, 0x02, 0x09, 0x45, 0x92, 0x24, 0x3f,
    0x58, 0x9f, 0x63, 0x3e, 0x45, 0x92, 0x24, 0x3f, 0x58, 0x9f, 0x63, 0x3e, 0x00, 0x00, 0x00, 0x00,
    0x00, 0x00, 0x00, 0x00, 0x00, 0x00, 0x00, 0x00, 0x00, 0x00, 0x00, 0x00, 0xf1, 0x05, 0x96, 0xc3,
    0xff, 0x94, 0x96, 0x43, 0x7d, 0xd2, 0x95, 0xc3, 0xe4, 0x8d, 0x88, 0x3c, 0x43, 0x6f, 0x6f, 0x3d,
    0xd2, 0x86, 0x7f, 0xbf, 0x2a, 0x09, 0x02, 0x09, 0x45, 0x92, 0x24, 0x3f, 0x6d, 0xb5, 0xe3, 0x3d,
    0x45, 0x92, 0x24, 0x3f, 0x6d, 0xb5, 0xe3, 0x3d, 0x00, 0x00, 0x00, 0x00, 0x00, 0x00, 0x00, 0x00,
    0x00, 0x00, 0x00, 0x00, 0x00, 0x00, 0x00, 0x00, 0xcd, 0x04, 0x96, 0xc3, 0x16, 0x94, 0x96, 0x43,
    0x85, 0xd2, 0x95, 0xc3, 0xf8, 0xae, 0x9a, 0x3c, 0x31, 0x36, 0x68, 0x3d, 0xe6, 0x8a, 0x7f, 0xbf,
    0x2a, 0x09, 0x02, 0x00, 0x45, 0x92, 0x24, 0x3f, 0xc0, 0x24, 0xb0, 0x38, 0x45, 0x92, 0x24, 0x3f,
    0xc0, 0x24, 0xb0, 0x38, 0x00, 0x00, 0x00, 0x00, 0x00, 0x00, 0x00, 0x00, 0x00, 0x00, 0x00, 0x00,
    0x00, 0x00, 0x00, 0x00, 0xf8, 0x15, 0x96, 0xc3, 0x58, 0x9c, 0x96, 0x43, 0x2e, 0xd2, 0x95, 0xc3,
    0x65, 0x1d, 0xf1, 0x3b, 0x05, 0xfa, 0x84, 0x3d, 0xf0, 0x73, 0x7f, 0xbf, 0x2a, 0x09, 0x02, 0x01,
    0x83, 0x61, 0x18, 0x3f, 0x82, 0xac, 0x2a, 0x3f, 0x83, 0x61, 0x18, 0x3f, 0x82, 0xac, 0x2a, 0x3f,
    0x00, 0x00, 0x00, 0x00, 0x00, 0x00, 0x00, 0x00, 0x00, 0x00, 0x00, 0x00, 0x00, 0x00, 0x00, 0x00,
    0xd5, 0x19, 0x96, 0xc3, 0x6b, 0x9f, 0x96, 0x43, 0x02, 0xd2, 0x95, 0xc3, 0x7a, 0x80, 0xdf, 0x3b,
    0x4f, 0x81, 0x85, 0x3d, 0x15, 0x73, 0x7f, 0xbf, 0x2a, 0x09, 0x02, 0x00, 0x22, 0x49, 0x12, 0x3f,
    0xac, 0x1d, 0x47, 0x3f, 0x22, 0x49, 0x12, 0x3f, 0xac, 0x1d, 0x47, 0x3f, 0x00, 0x00, 0x00, 0x00,
    0x00, 0x00, 0x00, 0x00, 0x00, 0x00, 0x00, 0x00, 0x00, 0x00, 0x00, 0x00, 0x5e, 0x11, 0x96, 0xc3,
    0x8a, 0x9a, 0x96, 0x43, 0x43, 0xd2, 0x95, 0xc3, 0xea, 0xe5, 0x08, 0x3c, 0xd5, 0xe5, 0x83, 0x3d,
    0xa8, 0x75, 0x7f, 0xbf, 0x2a, 0x09, 0x02, 0x03, 0xe4, 0x79, 0x1e, 0x3f, 0x57, 0x3b, 0x0e, 0x3f,
    0xe4, 0x79, 0x1e, 0x3f, 0x57, 0x3b, 0x0e, 0x3f, 0x00, 0x00, 0x00, 0x00, 0x00, 0x00, 0x00, 0x00,
    0x00, 0x00, 0x00, 0x00, 0x00, 0x00, 0x00, 0x00, 0xbc, 0x0e, 0x96, 0xc3, 0xb5, 0x97, 0x96, 0x43,
    0x6c, 0xd2, 0x95, 0xc3, 0x1d, 0x35, 0x17, 0x3c, 0x70, 0xf9, 0x81, 0x3d, 0x19, 0x79, 0x7f, 0xbf,
    0x2a, 0x09, 0x02, 0x07, 0xe4, 0x79, 0x1e, 0x3f, 0x5a, 0x94, 0xe3, 0x3e, 0xe4, 0x79, 0x1e, 0x3f,
    0x5a, 0x94, 0xe3, 0x3e, 0x00, 0x00, 0x00, 0x00, 0x00, 0x00, 0x00, 0x00, 0x00, 0x00, 0x00, 0x00,
    0x00, 0x00, 0x00, 0x00, 0x71, 0x0c, 0x96, 0xc3, 0x3d, 0x95, 0x96, 0x43, 0x8e, 0xd2, 0x95, 0xc3,
    0x19, 0x62, 0x2a, 0x3c, 0xfa, 0xca, 0x7e, 0x3d, 0x8a, 0x7d, 0x7f, 0xbf, 0x2a, 0x09, 0x02, 0x09,
    0xe4, 0x79, 0x1e, 0x3f, 0x05, 0xb2, 0xaa, 0x3e, 0xe4, 0x79, 0x1e, 0x3f, 0x05, 0xb2, 0xaa, 0x3e,
    0x00, 0x00, 0x00, 0x00, 0x00, 0x00, 0x00, 0x00, 0x00, 0x00, 0x00, 0x00, 0x00, 0x00, 0x00, 0x00,
    0x8a, 0x0a, 0x96, 0xc3, 0x32, 0x93, 0x96, 0x43, 0xa9, 0xd2, 0x95, 0xc3, 0xe9, 0x13, 0x47, 0x3c,
    0x74, 0x13, 0x77, 0x3d, 0xd2, 0x83, 0x7f, 0xbf, 0x2a, 0x09, 0x02, 0x09, 0xe4, 0x79, 0x1e, 0x3f,
    0x58, 0x9f, 0x63, 0x3e, 0xe4, 0x79, 0x1e, 0x3f, 0x58, 0x9f, 0x63, 0x3e, 0x00, 0x00, 0x00, 0x00,
    0x00, 0x00, 0x00, 0x00, 0x00, 0x00, 0x00, 0x00, 0x00, 0x00, 0x00, 0x00, 0x14, 0x09, 0x96, 0xc3,
    0x9f, 0x91, 0x96, 0x43, 0xbc, 0xd2, 0x95, 0xc3, 0xa9, 0x4a, 0x7a, 0x3c, 0x4a, 0x4c, 0x69, 0x3d,
    0xf4, 0x8d, 0x7f, 0xbf, 0x2a, 0x09, 0x02, 0x09, 0xe4, 0x79, 0x1e, 0x3f, 0x6d, 0xb5, 0xe3, 0x3d,
    0xe4, 0x79, 0x1e, 0x3f, 0x6d, 0xb5, 0xe3, 0x3d, 0x00, 0x00, 0x00, 0x00, 0x00, 0x00, 0x00, 0x00,
    0x00, 0x00, 0x00, 0x00, 0x00, 0x00, 0x00, 0x00, 0x15, 0x08, 0x96, 0xc3, 0x8d, 0x90, 0x96, 0x43,
    0xc6, 0xd2, 0x95, 0xc3, 0x54, 0xeb, 0x8c, 0x3c, 0xcf, 0xce, 0x60, 0x3d, 0x83, 0x93, 0x7f, 0xbf,
    0x2a, 0x09, 0x02, 0x00, 0xe4, 0x79, 0x1e, 0x3f, 0xc0, 0x24, 0xb0, 0x38, 0xe4, 0x79, 0x1e, 0x3f,
    0xc0, 0x24, 0xb0, 0x38, 0x00, 0x00, 0x00, 0x00, 0x00, 0x00, 0x00, 0x00, 0x00, 0x00, 0x00, 0x00,
    0x00, 0x00, 0x00, 0x00, 0xd5, 0x17, 0x96, 0xc3, 0x45, 0x9b, 0x96, 0x43, 0x44, 0xd2, 0x95, 0xc3,
    0xdf, 0x87, 0xe6, 0x3b, 0x72, 0x98, 0x84, 0x3d, 0xe2, 0x74, 0x7f, 0xbf, 0x2a, 0x09, 0x02, 0x01,
    0x22, 0x49, 0x12, 0x3f, 0x82, 0xac, 0x2a, 0x3f, 0x22, 0x49, 0x12, 0x3f, 0x82, 0xac, 0x2a, 0x3f,
    0x00, 0x00, 0x00, 0x00, 0x00, 0x00, 0x00, 0x00, 0x00, 0x00, 0x00, 0x00, 0x00, 0x00, 0x00, 0x00,
    0x31, 0x1b, 0x96, 0xc3, 0xe3, 0x9e, 0x96, 0x43, 0x0d, 0xd2, 0x95, 0xc3, 0x4c, 0x60, 0xd6, 0x3b,
    0x20, 0x48, 0x85, 0x3d, 0xad, 0x73, 0x7f, 0xbf, 0x2a, 0x09, 0x02, 0x00, 0xc0, 0x30, 0x0c, 0x3f,
    0xac, 0x1d, 0x47, 0x3f, 0xc0, 0x30, 0x0c, 0x3f, 0xac, 0x1d, 0x47, 0x3f, 0x00, 0x00, 0x00, 0x00,
    0x00, 0x00, 0x00, 0x00, 0x00, 0x00, 0x00, 0x00, 0x00, 0x00, 0x00, 0x00, 0x8d, 0x13, 0x96, 0xc3,
    0xce, 0x98, 0x96, 0x43, 0x64, 0xd2, 0x95, 0xc3, 0xc4, 0x22, 0x02, 0x3c, 0x99, 0x39, 0x83, 0x3d,
    0x44, 0x77, 0x7f, 0xbf, 0x2a, 0x09, 0x02, 0x03, 0x83, 0x61, 0x18, 0x3f, 0x57, 0x3b, 0x0e, 0x3f,
    0x83, 0x61, 0x18, 0x3f, 0x57, 0x3b, 0x0e, 0x3f, 0x00, 0x00, 0x00, 0x00, 0x00, 0x00, 0x00, 0x00,
    0x00, 0x00, 0x00, 0x00, 0x00, 0x00, 0x00, 0x00, 0x5e, 0x11, 0x96, 0xc3, 0x9c, 0x95, 0x96, 0x43,
    0x94, 0xd2, 0x95, 0xc3, 0x15, 0xfd, 0x0d, 0x3c, 0xa1, 0x0e, 0x81, 0x3d, 0x49, 0x7b, 0x7f, 0xbf,
    0x2a, 0x09, 0x02, 0x07, 0x83, 0x61, 0x18, 0x3f, 0x5a, 0x94, 0xe3, 0x3e, 0x83, 0x61, 0x18, 0x3f,
    0x5a, 0x94, 0xe3, 0x3e, 0x00, 0x00, 0x00, 0x00, 0x00, 0x00, 0x00, 0x00, 0x00, 0x00, 0x00, 0x00,
    0x00, 0x00, 0x00, 0x00, 0x78, 0x0f, 0x96, 0xc3, 0xd4, 0x92, 0x96, 0x43, 0xbc, 0xd2, 0x95, 0xc3,
    0x4d, 0xdf, 0x1d, 0x3c, 0xaa, 0x4d, 0x7c, 0x3d, 0x83, 0x80, 0x7f, 0xbf, 0x2a, 0x09, 0x02, 0x09,
    0x83, 0x61, 0x18, 0x3f, 0x05, 0xb2, 0xaa, 0x3e, 0x83, 0x61, 0x18, 0x3f, 0x05, 0xb2, 0xaa, 0x3e,
    0x00, 0x00, 0x00, 0x00, 0x00, 0x00, 0x00, 0x00, 0x00, 0x00, 0x00, 0x00, 0x00, 0x00, 0x00, 0x00,
    0xe5, 0x0d, 0x96, 0xc3, 0x87, 0x90, 0x96, 0x43, 0xdc, 0xd2, 0x95, 0xc3, 0xfa, 0xa3, 0x35, 0x3c,
    0x2f, 0x9b, 0x73, 0x3d, 0xf7, 0x87, 0x7f, 0xbf, 0x2a, 0x09, 0x02, 0x09, 0x83, 0x61, 0x18, 0x3f,
    0x58, 0x9f, 0x63, 0x3e, 0x83, 0x61, 0x18, 0x3f, 0x58, 0x9f, 0x63, 0x3e, 0x00, 0x00, 0x00, 0x00,
    0x00, 0x00, 0x00, 0x00, 0x00, 0x00, 0x00, 0x00, 0x00, 0x00, 0x00, 0x00, 0xaf, 0x0c, 0x96, 0xc3,
    0xc1, 0x8e, 0x96, 0x43, 0xf3, 0xd2, 0x95, 0xc3, 0xc7, 0x0f, 0x60, 0x3c, 0x1d, 0x14, 0x64, 0x3d,
    0x31, 0x94, 0x7f, 0xbf, 0x2a, 0x09, 0x02, 0x09, 0x83, 0x61, 0x18, 0x3f, 0x6d, 0xb5, 0xe3, 0x3d,
    0x83, 0x61, 0x18, 0x3f, 0x6d, 0xb5, 0xe3, 0x3d, 0x00, 0x00, 0x00, 0x00, 0x00, 0x00, 0x00, 0x00,
    0x00, 0x00, 0x00, 0x00, 0x00, 0x00, 0x00, 0x00, 0xdc, 0x0b, 0x96, 0xc3, 0x8c, 0x8d, 0x96, 0x43,
    0x00, 0xd3, 0x95, 0xc3, 0x29, 0x31, 0x7a, 0x3c, 0xbb, 0x82, 0x5a, 0x3d, 0x08, 0x9b, 0x7f, 0xbf,
    0x2a, 0x09, 0x02, 0x00, 0x83, 0x61, 0x18, 0x3f, 0xc0, 0x24, 0xb0, 0x38, 0x83, 0x61, 0x18, 0x3f,
    0xc0, 0x24, 0xb0, 0x38, 0x00, 0x00, 0x00, 0x00, 0x00, 0x00, 0x00, 0x00, 0x00, 0x00, 0x00, 0x00,
    0x00, 0x00, 0x00, 0x00, 0xd5, 0x19, 0x96, 0xc3, 0x7d, 0x9a, 0x96, 0x43, 0x54, 0xd2, 0x95, 0xc3,
    0x3f, 0x27, 0xdb, 0x3b, 0x26, 0x51, 0x84, 0x3d, 0x9e, 0x75, 0x7f, 0xbf, 0x2a, 0x09, 0x02, 0x01,
    0xc0, 0x30, 0x0c, 0x3f, 0x82, 0xac, 0x2a, 0x3f, 0xc0, 0x30, 0x0c, 0x3f, 0x82, 0xac, 0x2a, 0x3f,
    0x00, 0x00, 0x00, 0x00, 0x00, 0x00, 0x00, 0x00, 0x00, 0x00, 0x00, 0x00, 0x00, 0x00, 0x00, 0x00,
    0x9e, 0x1c, 0x96, 0xc3, 0x90, 0x9e, 0x96, 0x43, 0x15, 0xd2, 0x95, 0xc3, 0x66, 0xd1, 0xcc, 0x3b,
    0x4c, 0x25, 0x85, 0x3d, 0x14, 0x74, 0x7f, 0xbf, 0x2a, 0x09, 0x02, 0x00, 0x5f, 0x18, 0x06, 0x3f,
    0xac, 0x1d, 0x47, 0x3f, 0x5f, 0x18, 0x06, 0x3f, 0xac, 0x1d, 0x47, 0x3f, 0x00, 0x00, 0x00, 0x00,
    0x00, 0x00, 0x00, 0x00, 0x00, 0x00, 0x00, 0x00, 0x00, 0x00, 0x00, 0x00, 0xf8, 0x15, 0x96, 0xc3,
    0x69, 0x97, 0x96, 0x43, 0x80, 0xd2, 0x95, 0xc3, 0x0d, 0x4a, 0xf5, 0x3b, 0x79, 0xaf, 0x82, 0x3d,
    0x9b, 0x78, 0x7f, 0xbf, 0x2a, 0x09, 0x02, 0x03, 0x22, 0x49, 0x12, 0x3f, 0x57, 0x3b, 0x0e, 0x3f,
    0x22, 0x49, 0x12, 0x3f, 0x57, 0x3b, 0x0e, 0x3f, 0x00, 0x00, 0x00, 0x00, 0x00, 0x00, 0x00, 0x00,
    0x00, 0x00, 0x00, 0x00, 0x00, 0x00, 0x00, 0x00, 0x49, 0x14, 0x96, 0xc3, 0xee, 0x93, 0x96, 0x43,
    0xb5, 0xd2, 0x95, 0xc3, 0xab, 0xc6, 0x03, 0x3c, 0x53, 0x52, 0x80, 0x3d, 0x1d, 0x7d, 0x7f, 0xbf,
    0x2a, 0x09, 0x02, 0x07, 0x22, 0x49, 0x12, 0x3f, 0x5a, 0x94, 0xe3, 0x3e, 0x22, 0x49, 0x12, 0x3f,
    0x5a, 0x94, 0xe3, 0x3e, 0x00, 0x00, 0x00, 0x00, 0x00, 0x00, 0x00, 0x00, 0x00, 0x00, 0x00, 0x00,
    0x00, 0x00, 0x00, 0x00, 0xd2, 0x12, 0x96, 0xc3, 0xe6, 0x90, 0x96, 0x43, 0xe2, 0xd2, 0x95, 0xc3,
    0x46, 0x03, 0x10, 0x3c, 0x92, 0x4e, 0x7a, 0x3d, 0xfc, 0x82, 0x7f, 0xbf, 0x2a, 0x09, 0x02, 0x09,
    0x22, 0x49, 0x12, 0x3f, 0x05, 0xb2, 0xaa, 0x3e, 0x22, 0x49, 0x12, 0x3f, 0x05, 0xb2, 0xaa, 0x3e,
    0x00, 0x00, 0x00, 0x00, 0x00, 0x00, 0x00, 0x00, 0x00, 0x00, 0x00, 0x00, 0x00, 0x00, 0x00, 0x00,
    0x9c, 0x11, 0x96, 0xc3, 0x63, 0x8e, 0x96, 0x43, 0x06, 0xd3, 0x95, 0xc3, 0xe0, 0x52, 0x22, 0x3c,
    0xd9, 0xd2, 0x70, 0x3d, 0x69, 0x8b, 0x7f, 0xbf, 0x2a, 0x09, 0x02, 0x09, 0x22, 0x49, 0x12, 0x3f,
    0x58, 0x9f, 0x63, 0x3e, 0x22, 0x49, 0x12, 0x3f, 0x58, 0x9f, 0x63, 0x3e, 0x00, 0x00, 0x00, 0x00,
    0x00, 0x00, 0x00, 0x00, 0x00, 0x00, 0x00, 0x00, 0x00, 0x00, 0x00, 0x00, 0xad, 0x10, 0x96, 0xc3,
    0x74, 0x8c, 0x96, 0x43, 0x20, 0xd3, 0x95, 0xc3, 0x1a, 0x01, 0x43, 0x3c, 0x97, 0xe4, 0x5f, 0x3d,
    0x62, 0x99, 0x7f, 0xbf, 0x2a, 0x09, 0x02, 0x09, 0x22, 0x49, 0x12, 0x3f, 0x6d, 0xb5, 0xe3, 0x3d,
    0x22, 0x49, 0x12, 0x3f, 0x6d, 0xb5, 0xe3, 0x3d, 0x00, 0x00, 0x00, 0x00, 0x00, 0x00, 0x00, 0x00,
    0x00, 0x00, 0x00, 0x00, 0x00, 0x00, 0x00, 0x00, 0x0b, 0x10, 0x96, 0xc3, 0x23, 0x8b, 0x96, 0x43,
    0x30, 0xd3, 0x95, 0xc3, 0x70, 0x22, 0x57, 0x3c, 0xf0, 0x75, 0x55, 0x3d, 0x4b, 0xa1, 0x7f, 0xbf,
    0x2a, 0x09, 0x02, 0x00, 0x22, 0x49, 0x12, 0x3f, 0xc0, 0x24, 0xb0, 0x38, 0x22, 0x49, 0x12, 0x3f,
    0xc0, 0x24, 0xb0, 0x38, 0x00, 0x00, 0x00, 0x00, 0x00, 0x00, 0x00, 0x00, 0x00, 0x00, 0x00, 0x00,
    0x00, 0x00, 0x00, 0x00, 0xed, 0x1b, 0x96, 0xc3, 0x02, 0x9a, 0x96, 0x43, 0x60, 0xd2, 0x95, 0xc3,
    0x96, 0x3c, 0xcf, 0x3b, 0xba, 0x25, 0x84, 0x3d, 0x1f, 0x76, 0x7f, 0xbf, 0x2a, 0x09, 0x02, 0x01,
    0x5f, 0x18, 0x06, 0x3f, 0x82, 0xac, 0x2a, 0x3f, 0x5f, 0x18, 0x06, 0x3f, 0x82, 0xac, 0x2a, 0x3f,
    0x00, 0x00, 0x00, 0x00, 0x00, 0x00, 0x00, 0x00, 0x00, 0x00, 0x00, 0x00, 0x00, 0x00, 0x00, 0x00,
    0x13, 0x1e, 0x96, 0xc3, 0x74, 0x9e, 0x96, 0x43, 0x19, 0xd2, 0x95, 0xc3, 0x75, 0x0a, 0xc3, 0x3b,
    0x98, 0x19, 0x85, 0x3d, 0x4b, 0x74, 0x7f, 0xbf, 0x2a, 0x09, 0x02, 0x00, 0xfc, 0xff, 0xff, 0x3e,
    0xac, 0x1d, 0x47, 0x3f, 0xfc, 0xff, 0xff, 0x3e, 0xac, 0x1d, 0x47, 0x3f, 0x00, 0x00, 0x00, 0x00,
    0x00, 0x00, 0x00, 0x00, 0x00, 0x00, 0x00, 0x00, 0x00, 0x00, 0x00, 0x00, 0x91, 0x18, 0x96, 0xc3,
    0x65, 0x96, 0x96, 0x43, 0x95, 0xd2, 0x95, 0xc3, 0x0f, 0x2f, 0xe5, 0x3b, 0x8d, 0x4a, 0x82, 0x3d,
    0xa4, 0x79, 0x7f, 0xbf, 0x2a, 0x09, 0x02, 0x03, 0xc0, 0x30, 0x0c, 0x3f, 0x57, 0x3b, 0x0e, 0x3f,
    0xc0, 0x30, 0x0c, 0x3f, 0x57, 0x3b, 0x0e, 0x3f, 0x00, 0x00, 0x00, 0x00, 0x00, 0x00, 0x00, 0x00,
    0x00, 0x00, 0x00, 0x00, 0x00, 0x00, 0x00, 0x00, 0x6c, 0x17, 0x96, 0xc3, 0xb3, 0x92, 0x96, 0x43,
    0xcf, 0xd2, 0x95, 0xc3, 0x8f, 0x98, 0xf1, 0x3b, 0x7c, 0x91, 0x7f, 0x3d, 0x87, 0x7e, 0x7f, 0xbf,
    0x2a, 0x09, 0x02, 0x07, 0xc0, 0x30, 0x0c, 0x3f, 0x5a, 0x94, 0xe3, 0x3e, 0xc0, 0x30, 0x0c, 0x3f,
    0x5a, 0x94, 0xe3, 0x3e, 0x00, 0x00, 0x00, 0x00, 0x00, 0x00, 0x00, 0x00, 0x00, 0x00, 0x00, 0x00,
    0x00, 0x00, 0x00, 0x00, 0x6d, 0x16, 0x96, 0xc3, 0x7c, 0x8f, 0x96, 0x43, 0x00, 0xd3, 0x95, 0xc3,
    0x4c, 0x1d, 0x01, 0x3c, 0x22, 0xd9, 0x78, 0x3d, 0xe8, 0x84, 0x7f, 0xbf, 0x2a, 0x09, 0x02, 0x09,
    0xc0, 0x30, 0x0c, 0x3f, 0x05, 0xb2, 0xaa, 0x3e, 0xc0, 0x30, 0x0c, 0x3f, 0x05, 0xb2, 0xaa, 0x3e,
    0x00, 0x00, 0x00, 0x00, 0x00, 0x00, 0x00, 0x00, 0x00, 0x00, 0x00, 0x00, 0x00, 0x00, 0x00, 0x00,
    0x9b, 0x15, 0x96, 0xc3, 0xd2, 0x8c, 0x96, 0x43, 0x27, 0xd3, 0x95, 0xc3, 0x1a, 0x8f, 0x0d, 0x3c,
    0x5c, 0xca, 0x6e, 0x3d, 0x17, 0x8e, 0x7f, 0xbf, 0x2a, 0x09, 0x02, 0x09, 0xc0, 0x30, 0x0c, 0x3f,
    0x58, 0x9f, 0x63, 0x3e, 0xc0, 0x30, 0x0c, 0x3f, 0x58, 0x9f, 0x63, 0x3e, 0x00, 0x00, 0x00, 0x00,
    0x00, 0x00, 0x00, 0x00, 0x00, 0x00, 0x00, 0x00, 0x00, 0x00, 0x00, 0x00, 0xf8, 0x14, 0x96, 0xc3,
    0xc5, 0x8a, 0x96, 0x43, 0x44, 0xd3, 0x95, 0xc3, 0xd5, 0xc4, 0x23, 0x3c, 0xa3, 0xd5, 0x5c, 0x3d,
    0x69, 0x9d, 0x7f, 0xbf, 0x2a, 0x09, 0x02, 0x09, 0xc0, 0x30, 0x0c, 0x3f, 0x6d, 0xb5, 0xe3, 0x3d,
    0xc0, 0x30, 0x0c, 0x3f, 0x6d, 0xb5, 0xe3, 0x3d, 0x00, 0x00, 0x00, 0x00, 0x00, 0x00, 0x00, 0x00,
    0x00, 0x00, 0x00, 0x00, 0x00, 0x00, 0x00, 0x00, 0x8a, 0x14, 0x96, 0xc3, 0x60, 0x89, 0x96, 0x43,
    0x55, 0xd3, 0x95, 0xc3, 0xfe, 0x72, 0x31, 0x3c, 0x53, 0xc5, 0x51, 0x3d, 0x28, 0xa6, 0x7f, 0xbf,
    0x2a, 0x09, 0x02, 0x00, 0xc0, 0x30, 0x0c, 0x3f, 0xc0, 0x24, 0xb0, 0x38, 0xc0, 0x30, 0x0c, 0x3f,
    0xc0, 0x24, 0xb0, 0x38, 0x00, 0x00, 0x00, 0x00, 0x00, 0x00, 0x00, 0x00, 0x00, 0x00, 0x00, 0x00,
    0x00, 0x00, 0x00, 0x00, 0x12, 0x1e, 0x96, 0xc3, 0xd9, 0x99, 0x96, 0x43, 0x66, 0xd2, 0x95, 0xc3,
    0x0e, 0x0c, 0xc3, 0x3b, 0x23, 0x17, 0x84, 0x3d, 0x63, 0x76, 0x7f, 0xbf, 0x2a, 0x09, 0x02, 0x01,
    0xfc, 0xff, 0xff, 0x3e, 0x82, 0xac, 0x2a, 0x3f, 0xfc, 0xff, 0xff, 0x3e, 0x82, 0xac, 0x2a, 0x3f,
    0x00, 0x00, 0x00, 0x00, 0x00, 0x00, 0x00, 0x00, 0x00, 0x00, 0x00, 0x00, 0x00, 0x00, 0x00, 0x00,
    0x88, 0x1f, 0x96, 0xc3, 0x90, 0x9e, 0x96, 0x43, 0x19, 0xd2, 0x95, 0xc3, 0x51, 0x43, 0xb9, 0x3b,
    0x4b, 0x25, 0x85, 0x3d, 0x50, 0x74, 0x7f, 0xbf, 0x2a, 0x09, 0x02, 0x00, 0x39, 0xcf, 0xf3, 0x3e,
    0xac, 0x1d, 0x47, 0x3f, 0x39, 0xcf, 0xf3, 0x3e, 0xac, 0x1d, 0x47, 0x3f, 0x00, 0x00, 0x00, 0x00,
    0x00, 0x00, 0x00, 0x00, 0x00, 0x00, 0x00, 0x00, 0x00, 0x00, 0x00, 0x00, 0x49, 0x1b, 0x96, 0xc3,
    0xc6, 0x95, 0x96, 0x43, 0xa4, 0xd2, 0x95, 0xc3, 0xad, 0x50, 0xd4, 0x3b, 0x14, 0x0d, 0x82, 0x3d,
    0x5c, 0x7a, 0x7f, 0xbf, 0x2a, 0x09, 0x02, 0x03, 0x5f, 0x18, 0x06, 0x3f, 0x57, 0x3b, 0x0e, 0x3f,
    0x5f, 0x18, 0x06, 0x3f, 0x57, 0x3b, 0x0e, 0x3f, 0x00, 0x00, 0x00, 0x00, 0x00, 0x00, 0x00, 0x00,
    0x00, 0x00, 0x00, 0x00, 0x00, 0x00, 0x00, 0x00, 0xb5, 0x1a, 0x96, 0xc3, 0xf3, 0x91, 0x96, 0x43,
    0xe1, 0xd2, 0x95, 0xc3, 0x68, 0x99, 0xda, 0x3b, 0xe0, 0xe9, 0x7e, 0x3d, 0x82, 0x7f, 0x7f, 0xbf,
    0x2a, 0x09, 0x02, 0x07, 0x5f, 0x18, 0x06, 0x3f, 0x5a, 0x94, 0xe3, 0x3e, 0x5f, 0x18, 0x06, 0x3f,
    0x5a, 0x94, 0xe3, 0x3e, 0x00, 0x00, 0x00, 0x00, 0x00, 0x00, 0x00, 0x00, 0x00, 0x00, 0x00, 0x00,
    0x00, 0x00, 0x00, 0x00, 0x34, 0x1a, 0x96, 0xc3, 0xa0, 0x8e, 0x96, 0x43, 0x15, 0xd3, 0x95, 0xc3,
    0x20, 0x05, 0xe3, 0x3b, 0xad, 0xf5, 0x77, 0x3d, 0x3c, 0x86, 0x7f, 0xbf, 0x2a, 0x09, 0x02, 0x09,
    0x5f, 0x18, 0x06, 0x3f, 0x05, 0xb2, 0xaa, 0x3e, 0x5f, 0x18, 0x06, 0x3f, 0x05, 0xb2, 0xaa, 0x3e,
    0x00, 0x00, 0x00, 0x00, 0x00, 0x00, 0x00, 0x00, 0x00, 0x00, 0x00, 0x00, 0x00, 0x00, 0x00, 0x00,
    0xc9, 0x19, 0x96, 0xc3, 0xdf, 0x8b, 0x96, 0x43, 0x3e, 0xd3, 0x95, 0xc3, 0xc4, 0x9e, 0xef, 0x3b,
    0x58, 0x8d, 0x6d, 0x3d, 0xf1, 0x8f, 0x7f, 0xbf, 0x2a, 0x09, 0x02, 0x09, 0x5f, 0x18, 0x06, 0x3f,
    0x58, 0x9f, 0x63, 0x3e, 0x5f, 0x18, 0x06, 0x3f, 0x58, 0x9f, 0x63, 0x3e, 0x00, 0x00, 0x00, 0x00,
    0x00, 0x00, 0x00, 0x00, 0x00, 0x00, 0x00, 0x00, 0x00, 0x00, 0x00, 0x00, 0x77, 0x19, 0x96, 0xc3,
    0xbf, 0x89, 0x96, 0x43, 0x5c, 0xd3, 0x95, 0xc3, 0x99, 0x0d, 0x03, 0x3c, 0xc4, 0xf8, 0x5a, 0x3d,
    0x31, 0xa0, 0x7f, 0xbf, 0x2a, 0x09, 0x02, 0x09, 0x5f, 0x18, 0x06, 0x3f, 0x6d, 0xb5, 0xe3, 0x3d,
    0x5f, 0x18, 0x06, 0x3f, 0x6d, 0xb5, 0xe3, 0x3d, 0x00, 0x00, 0x00, 0x00, 0x00, 0x00, 0x00, 0x00,
    0x00, 0x00, 0x00, 0x00, 0x00, 0x00, 0x00, 0x00, 0x3f, 0x19, 0x96, 0xc3, 0x4e, 0x88, 0x96, 0x43,
    0x6e, 0xd3, 0x95, 0xc3, 0x51, 0xfa, 0x09, 0x3c, 0xf8, 0x85, 0x4f, 0x3d, 0x83, 0xa9, 0x7f, 0xbf,
    0x2a, 0x09, 0x02, 0x00, 0x5f, 0x18, 0x06, 0x3f, 0xc0, 0x24, 0xb0, 0x38, 0x5f, 0x18, 0x06, 0x3f,
    0xc0, 0x24, 0xb0, 0x38, 0x00, 0x00, 0x00, 0x00, 0x00, 0x00, 0x00, 0x00, 0x00, 0x00, 0x00, 0x00,
    0x00, 0x00, 0x00, 0x00, 0x37, 0x20, 0x96, 0xc3, 0x02, 0x9a, 0x96, 0x43, 0x66, 0xd2, 0x95, 0xc3,
    0x46, 0xdb, 0xb6, 0x3b, 0xb9, 0x25, 0x84, 0x3d, 0x69, 0x76, 0x7f, 0xbf, 0x2a, 0x09, 0x02, 0x01,
    0x39, 0xcf, 0xf3, 0x3e, 0x82, 0xac, 0x2a, 0x3f, 0x39, 0xcf, 0xf3, 0x3e, 0x82, 0xac, 0x2a, 0x3f,
    0x00, 0x00, 0x00, 0x00, 0x00, 0x00, 0x00, 0x00, 0x00, 0x00, 0x00, 0x00, 0x00, 0x00, 0x00, 0x00,
    0xf4, 0x20, 0x96, 0xc3, 0xe3, 0x9e, 0x96, 0x43, 0x16, 0xd2, 0x95, 0xc3, 0xf7, 0xb3, 0xaf, 0x3b,
    0x20, 0x48, 0x85, 0x3d, 0x22, 0x74, 0x7f, 0xbf, 0x2a, 0x09, 0x02, 0x00, 0x76, 0x9e, 0xe7, 0x3e,
    0xac, 0x1d, 0x47, 0x3f, 0x76, 0x9e, 0xe7, 0x3e, 0xac, 0x1d, 0x47, 0x3f, 0x00, 0x00, 0x00, 0x00,
    0x00, 0x00, 0x00, 0x00, 0x00, 0x00, 0x00, 0x00, 0x00, 0x00, 0x00, 0x00, 0x12, 0x1e, 0x96, 0xc3,
    0x91, 0x95, 0x96, 0x43, 0xac, 0xd2, 0x95, 0xc3, 0x60, 0x0f, 0xc3, 0x3b, 0x6e, 0xf8, 0x81, 0x3d,
    0xbd, 0x7a, 0x7f, 0xbf, 0x2a, 0x09, 0x02, 0x03, 0xfc, 0xff, 0xff, 0x3e, 0x57, 0x3b, 0x0e, 0x3f,
    0xfc, 0xff, 0xff, 0x3e, 0x57, 0x3b, 0x0e, 0x3f, 0x00, 0x00, 0x00, 0x00, 0x00, 0x00, 0x00, 0x00,
    0x00, 0x00, 0x00, 0x00, 0x00, 0x00, 0x00, 0x00, 0x12, 0x1e, 0x96, 0xc3, 0xb3, 0x91, 0x96, 0x43,
    0xea, 0xd2, 0x95, 0xc3, 0x68, 0x13, 0xc3, 0x3b, 0x97, 0xb1, 0x7e, 0x3d, 0x06, 0x80, 0x7f, 0xbf,
    0x2a, 0x09, 0x02, 0x07, 0xfc, 0xff, 0xff, 0x3e, 0x5a, 0x94, 0xe3, 0x3e, 0xfc, 0xff, 0xff, 0x3e,
    0x5a, 0x94, 0xe3, 0x3e, 0x00, 0x00, 0x00, 0x00, 0x00, 0x00, 0x00, 0x00, 0x00, 0x00, 0x00, 0x00,
    0x00, 0x00, 0x00, 0x00, 0x11, 0x1e, 0x96, 0xc3, 0x56, 0x8e, 0x96, 0x43, 0x1f, 0xd3, 0x95, 0xc3,
    0xb1, 0x18, 0xc3, 0x3b, 0x4c, 0xa9, 0x77, 0x3d, 0xf0, 0x86, 0x7f, 0xbf, 0x2a, 0x09, 0x02, 0x09,
    0xfc, 0xff, 0xff, 0x3e, 0x05, 0xb2, 0xaa, 0x3e, 0xfc, 0xff, 0xff, 0x3e, 0x05, 0xb2, 0xaa, 0x3e,
    0x00, 0x00, 0x00, 0x00, 0x00, 0x00, 0x00, 0x00, 0x00, 0x00, 0x00, 0x00, 0x00, 0x00, 0x00, 0x00,
    0x11, 0x1e, 0x96, 0xc3, 0x8d, 0x8b, 0x96, 0x43, 0x4a, 0xd3, 0x95, 0xc3, 0x50, 0x20, 0xc3, 0x3b,
    0xe3, 0x22, 0x6d, 0x3d, 0xeb, 0x90, 0x7f, 0xbf, 0x2a, 0x09, 0x02, 0x09, 0xfc, 0xff, 0xff, 0x3e,
    0x58, 0x9f, 0x63, 0x3e, 0xfc, 0xff, 0xff, 0x3e, 0x58, 0x9f, 0x63, 0x3e, 0x00, 0x00, 0x00, 0x00,
    0x00, 0x00, 0x00, 0x00, 0x00, 0x00, 0x00, 0x00, 0x00, 0x00, 0x00, 0x00, 0x11, 0x1e, 0x96, 0xc3,
    0x67, 0x89, 0x96, 0x43, 0x69, 0xd3, 0x95, 0xc3, 0x18, 0x2d, 0xc3, 0x3b, 0x9e, 0x58, 0x5a, 0x3d,
    0xa9, 0xa1, 0x7f, 0xbf, 0x2a, 0x09, 0x02, 0x09, 0xfc, 0xff, 0xff, 0x3e, 0x6d, 0xb5, 0xe3, 0x3d,
    0xfc, 0xff, 0xff, 0x3e, 0x6d, 0xb5, 0xe3, 0x3d, 0x00, 0x00, 0x00, 0x00, 0x00, 0x00, 0x00, 0x00,
    0x00, 0x00, 0x00, 0x00, 0x00, 0x00, 0x00, 0x00, 0x11, 0x1e, 0x96, 0xc3, 0xf2, 0x87, 0x96, 0x43,
    0x7c, 0xd3, 0x95, 0xc3, 0x73, 0x34, 0xc3, 0x3b, 0xc0, 0xc4, 0x4e, 0x3d, 0x49, 0xab, 0x7f, 0xbf,
    0x2a, 0x09, 0x02, 0x00, 0xfc, 0xff, 0xff, 0x3e, 0xc0, 0x24, 0xb0, 0x38, 0xfc, 0xff, 0xff, 0x3e,
    0xc0, 0x24, 0xb0, 0x38, 0x00, 0x00, 0x00, 0x00, 0x00, 0x00, 0x00, 0x00, 0x00, 0x00, 0x00, 0x00,
    0x00, 0x00, 0x00, 0x00, 0x50, 0x22, 0x96, 0xc3, 0x7d, 0x9a, 0x96, 0x43, 0x61, 0xd2, 0x95, 0xc3,
    0x10, 0xf0, 0xaa, 0x3b, 0x26, 0x51, 0x84, 0x3d, 0x31, 0x76, 0x7f, 0xbf, 0x2a, 0x09, 0x02, 0x01,
    0x76, 0x9e, 0xe7, 0x3e, 0x82, 0xac, 0x2a, 0x3f, 0x76, 0x9e, 0xe7, 0x3e, 0x82, 0xac, 0x2a, 0x3f,
    0x00, 0x00, 0x00, 0x00, 0x00, 0x00, 0x00, 0x00, 0x00, 0x00, 0x00, 0x00, 0x00, 0x00, 0x00, 0x00,
    0x50, 0x22, 0x96, 0xc3, 0x6b, 0x9f, 0x96, 0x43, 0x0f, 0xd2, 0x95, 0xc3, 0x10, 0x93, 0xa6, 0x3b,
    0x50, 0x81, 0x85, 0x3d, 0xc4, 0x73, 0x7f, 0xbf, 0x2a, 0x09, 0x02, 0x00, 0xb4, 0x6d, 0xdb, 0x3e,
    0xac, 0x1d, 0x47, 0x3f, 0xb4, 0x6d, 0xdb, 0x3e, 0xac, 0x1d, 0x47, 0x3f, 0x00, 0x00, 0x00, 0x00,
    0x00, 0x00, 0x00, 0x00, 0x00, 0x00, 0x00, 0x00, 0x00, 0x00, 0x00, 0x00, 0xda, 0x20, 0x96, 0xc3,
    0xc6, 0x95, 0x96, 0x43, 0xad, 0xd2, 0x95, 0xc3, 0xbd, 0xcd, 0xb1, 0x3b, 0x14, 0x0d, 0x82, 0x3d,
    0xc5, 0x7a, 0x7f, 0xbf, 0x2a, 0x09, 0x02, 0x03, 0x39, 0xcf, 0xf3, 0x3e, 0x57, 0x3b, 0x0e, 0x3f,
    0x39, 0xcf, 0xf3, 0x3e, 0x57, 0x3b, 0x0e, 0x3f, 0x00, 0x00, 0x00, 0x00, 0x00, 0x00, 0x00, 0x00,
    0x00, 0x00, 0x00, 0x00, 0x00, 0x00, 0x00, 0x00, 0x6e, 0x21, 0x96, 0xc3, 0xf3, 0x91, 0x96, 0x43,
    0xeb, 0xd2, 0x95, 0xc3, 0xf1, 0x8c, 0xab, 0x3b, 0xe0, 0xe9, 0x7e, 0x3d, 0x11, 0x80, 0x7f, 0xbf,
    0x2a, 0x09, 0x02, 0x07, 0x39, 0xcf, 0xf3, 0x3e, 0x5a, 0x94, 0xe3, 0x3e, 0x39, 0xcf, 0xf3, 0x3e,
    0x5a, 0x94, 0xe3, 0x3e, 0x00, 0x00, 0x00, 0x00, 0x00, 0x00, 0x00, 0x00, 0x00, 0x00, 0x00, 0x00,
    0x00, 0x00, 0x00, 0x00, 0xee, 0x21, 0x96, 0xc3, 0xa0, 0x8e, 0x96, 0x43, 0x20, 0xd3, 0x95, 0xc3,
    0x99, 0x2b, 0xa3, 0x3b, 0xad, 0xf5, 0x77, 0x3d, 0xfe, 0x86, 0x7f, 0xbf, 0x2a, 0x09, 0x02, 0x09,
    0x39, 0xcf, 0xf3, 0x3e, 0x05, 0xb2, 0xaa, 0x3e, 0x39, 0xcf, 0xf3, 0x3e, 0x05, 0xb2, 0xaa, 0x3e,
    0x00, 0x00, 0x00, 0x00, 0x00, 0x00, 0x00, 0x00, 0x00, 0x00, 0x00, 0x00, 0x00, 0x00, 0x00, 0x00,
    0x58, 0x22, 0x96, 0xc3, 0xdf, 0x8b, 0x96, 0x43, 0x4b, 0xd3, 0x95, 0xc3, 0xfb, 0xa0, 0x96, 0x3b,
    0x5a, 0x8d, 0x6d, 0x3d, 0x01, 0x91, 0x7f, 0xbf, 0x2a, 0x09, 0x02, 0x09, 0x39, 0xcf, 0xf3, 0x3e,
    0x58, 0x9f, 0x63, 0x3e, 0x39, 0xcf, 0xf3, 0x3e, 0x58, 0x9f, 0x63, 0x3e, 0x00, 0x00, 0x00, 0x00,
    0x00, 0x00, 0x00, 0x00, 0x00, 0x00, 0x00, 0x00, 0x00, 0x00, 0x00, 0x00, 0xaa, 0x22, 0x96, 0xc3,
    0xbf, 0x89, 0x96, 0x43, 0x6a, 0xd3, 0x95, 0xc3, 0xa5, 0x3d, 0x80, 0x3b, 0xc4, 0xf8, 0x5a, 0x3d,
    0xc9, 0xa1, 0x7f, 0xbf, 0x2a, 0x09, 0x02, 0x09, 0x39, 0xcf, 0xf3, 0x3e, 0x6d, 0xb5, 0xe3, 0x3d,
    0x39, 0xcf, 0xf3, 0x3e, 0x6d, 0xb5, 0xe3, 0x3d, 0x00, 0x00, 0x00, 0x00, 0x00, 0x00, 0x00, 0x00,
    0x00, 0x00, 0x00, 0x00, 0x00, 0x00, 0x00, 0x00, 0xe2, 0x22, 0x96, 0xc3, 0x4e, 0x88, 0x96, 0x43,
    0x7d, 0xd3, 0x95, 0xc3, 0x32, 0xe5, 0x64, 0x3b, 0xf6, 0x85, 0x4f, 0x3d, 0x71, 0xab, 0x7f, 0xbf,
    0x2a, 0x09, 0x02, 0x00, 0x39, 0xcf, 0xf3, 0x3e, 0xc0, 0x24, 0xb0, 0x38, 0x39, 0xcf, 0xf3, 0x3e,
    0xc0, 0x24, 0xb0, 0x38, 0x00, 0x00, 0x00, 0x00, 0x00, 0x00, 0x00, 0x00, 0x00, 0x00, 0x00, 0x00,
    0x00, 0x00, 0x00, 0x00, 0x50, 0x24, 0x96, 0xc3, 0x45, 0x9b, 0x96, 0x43, 0x57, 0xd2, 0x95, 0xc3,
    0x89, 0x8e, 0x9f, 0x3b, 0x72, 0x98, 0x84, 0x3d, 0xba, 0x75, 0x7f, 0xbf, 0x2a, 0x09, 0x02, 0x01,
    0xb4, 0x6d, 0xdb, 0x3e, 0x82, 0xac, 0x2a, 0x3f, 0xb4, 0x6d, 0xdb, 0x3e, 0x82, 0xac, 0x2a, 0x3f,
    0x00, 0x00, 0x00, 0x00, 0x00, 0x00, 0x00, 0x00, 0x00, 0x00, 0x00, 0x00, 0x00, 0x00, 0x00, 0x00,
    0x94, 0x23, 0x96, 0xc3, 0x25, 0xa0, 0x96, 0x43, 0x04, 0xd2, 0x95, 0xc3, 0xca, 0x14, 0x9e, 0x3b,
    0x93, 0xcf, 0x85, 0x3d, 0x35, 0x73, 0x7f, 0xbf, 0x2a, 0x09, 0x02, 0x00, 0xf2, 0x3c, 0xcf, 0x3e,
    0xac, 0x1d, 0x47, 0x3f, 0xf2, 0x3c, 0xcf, 0x3e, 0xac, 0x1d, 0x47, 0x3f, 0x00, 0x00, 0x00, 0x00,
    0x00, 0x00, 0x00, 0x00, 0x00, 0x00, 0x00, 0x00, 0x00, 0x00, 0x00, 0x00, 0x93, 0x23, 0x96, 0xc3,
    0x65, 0x96, 0x96, 0x43, 0xa6, 0xd2, 0x95, 0xc3, 0x8d, 0xee, 0xa0, 0x3b, 0x8c, 0x4a, 0x82, 0x3d,
    0x75, 0x7a, 0x7f, 0xbf, 0x2a, 0x09, 0x02, 0x03, 0x76, 0x9e, 0xe7, 0x3e, 0x57, 0x3b, 0x0e, 0x3f,
    0x76, 0x9e, 0xe7, 0x3e, 0x57, 0x3b, 0x0e, 0x3f, 0x00, 0x00, 0x00, 0x00, 0x00, 0x00, 0x00, 0x00,
    0x00, 0x00, 0x00, 0x00, 0x00, 0x00, 0x00, 0x00, 0xb7, 0x24, 0x96, 0xc3, 0xb3, 0x92, 0x96, 0x43,
    0xe3, 0xd2, 0x95, 0xc3, 0xb7, 0x8c, 0x94, 0x3b, 0x7c, 0x91, 0x7f, 0x3d, 0xa4, 0x7f, 0x7f, 0xbf,
    0x2a, 0x09, 0x02, 0x07, 0x76, 0x9e, 0xe7, 0x3e, 0x5a, 0x94, 0xe3, 0x3e, 0x76, 0x9e, 0xe7, 0x3e,
    0x5a, 0x94, 0xe3, 0x3e, 0x00, 0x00, 0x00, 0x00, 0x00, 0x00, 0x00, 0x00, 0x00, 0x00, 0x00, 0x00,
    0x00, 0x00, 0x00, 0x00, 0xb5, 0x25, 0x96, 0xc3, 0x7c, 0x8f, 0x96, 0x43, 0x17, 0xd3, 0x95, 0xc3,
    0xad, 0xf4, 0x83, 0x3b, 0x22, 0xd9, 0x78, 0x3d, 0x69, 0x86, 0x7f, 0xbf, 0x2a, 0x09, 0x02, 0x09,
    0x76, 0x9e, 0xe7, 0x3e, 0x05, 0xb2, 0xaa, 0x3e, 0x76, 0x9e, 0xe7, 0x3e, 0x05, 0xb2, 0xaa, 0x3e,
    0x00, 0x00, 0x00, 0x00, 0x00, 0x00, 0x00, 0x00, 0x00, 0x00, 0x00, 0x00, 0x00, 0x00, 0x00, 0x00,
    0x88, 0x26, 0x96, 0xc3, 0xd2, 0x8c, 0x96, 0x43, 0x41, 0xd3, 0x95, 0xc3, 0x08, 0x3f, 0x56, 0x3b,
    0x5f, 0xca, 0x6e, 0x3d, 0x31, 0x90, 0x7f, 0xbf, 0x2a, 0x09, 0x02, 0x09, 0x76, 0x9e, 0xe7, 0x3e,
    0x58, 0x9f, 0x63, 0x3e, 0x76, 0x9e, 0xe7, 0x3e, 0x58, 0x9f, 0x63, 0x3e, 0x00, 0x00, 0x00, 0x00,
    0x00, 0x00, 0x00, 0x00, 0x00, 0x00, 0x00, 0x00, 0x00, 0x00, 0x00, 0x00, 0x2a, 0x27, 0x96, 0xc3,
    0xc5, 0x8a, 0x96, 0x43, 0x5f, 0xd3, 0x95, 0xc3, 0x84, 0x30, 0xfb, 0x3a, 0xa7, 0xd5, 0x5c, 0x3d,
    0x92, 0xa0, 0x7f, 0xbf, 0x2a, 0x09, 0x02, 0x09, 0x76, 0x9e, 0xe7, 0x3e, 0x6d, 0xb5, 0xe3, 0x3d,
    0x76, 0x9e, 0xe7, 0x3e, 0x6d, 0xb5, 0xe3, 0x3d, 0x00, 0x00, 0x00, 0x00, 0x00, 0x00, 0x00, 0x00,
    0x00, 0x00, 0x00, 0x00, 0x00, 0x00, 0x00, 0x00, 0x98, 0x27, 0x96, 0xc3, 0x60, 0x89, 0x96, 0x43,
    0x72, 0xd3, 0x95, 0xc3, 0x5f, 0xf6, 0x8d, 0x3a, 0x57, 0xc5, 0x51, 0x3d, 0xf9, 0xa9, 0x7f, 0xbf,
    0x2a, 0x09, 0x02, 0x00, 0x76, 0x9e, 0xe7, 0x3e, 0xc0, 0x24, 0xb0, 0x38, 0x76, 0x9e, 0xe7, 0x3e,
    0xc0, 0x24, 0xb0, 0x38, 0x00, 0x00, 0x00, 0x00, 0x00, 0x00, 0x00, 0x00, 0x00, 0x00, 0x00, 0x00,
    0x00, 0x00, 0x00, 0x00, 0x2d, 0x26, 0x96, 0xc3, 0x58, 0x9c, 0x96, 0x43, 0x47, 0xd2, 0x95, 0xc3,
    0xc2, 0xf7, 0x94, 0x3b, 0x05, 0xfa, 0x84, 0x3d, 0x09, 0x75, 0x7f, 0xbf, 0x2a, 0x09, 0x02, 0x01,
    0xf2, 0x3c, 0xcf, 0x3e, 0x82, 0xac, 0x2a, 0x3f, 0xf2, 0x3c, 0xcf, 0x3e, 0x82, 0xac, 0x2a, 0x3f,
    0x00, 0x00, 0x00, 0x00, 0x00, 0x00, 0x00, 0x00, 0x00, 0x00, 0x00, 0x00, 0x00, 0x00, 0x00, 0x00,
    0xb9, 0x24, 0x96, 0xc3, 0x0e, 0xa1, 0x96, 0x43, 0xf6, 0xd1, 0x95, 0xc3, 0xb6, 0x69, 0x96, 0x3b,
    0x2b, 0x31, 0x86, 0x3d, 0x7a, 0x72, 0x7f, 0xbf, 0x2a, 0x09, 0x02, 0x00, 0x30, 0x0c, 0xc3, 0x3e,
    0xac, 0x1d, 0x47, 0x3f, 0x30, 0x0c, 0xc3, 0x3e, 0xac, 0x1d, 0x47, 0x3f, 0x00, 0x00, 0x00, 0x00,
    0x00, 0x00, 0x00, 0x00, 0x00, 0x00, 0x00, 0x00, 0x00, 0x00, 0x00, 0x00, 0x2d, 0x26, 0x96, 0xc3,
    0x69, 0x97, 0x96, 0x43, 0x99, 0xd2, 0x95, 0xc3, 0x49, 0xd2, 0x90, 0x3b, 0x79, 0xaf, 0x82, 0x3d,
    0xce, 0x79, 0x7f, 0xbf, 0x2a, 0x09, 0x02, 0x03, 0xb4, 0x6d, 0xdb, 0x3e, 0x57, 0x3b, 0x0e, 0x3f,
    0xb4, 0x6d, 0xdb, 0x3e, 0x57, 0x3b, 0x0e, 0x3f, 0x00, 0x00, 0x00, 0x00, 0x00, 0x00, 0x00, 0x00,
    0x00, 0x00, 0x00, 0x00, 0x00, 0x00, 0x00, 0x00, 0xda, 0x27, 0x96, 0xc3, 0xee, 0x93, 0x96, 0x43,
    0xd3, 0xd2, 0x95, 0xc3, 0x61, 0x2c, 0x7d, 0x3b, 0x54, 0x52, 0x80, 0x3d, 0xc0, 0x7e, 0x7f, 0xbf,
    0x2a, 0x09, 0x02, 0x07, 0xb4, 0x6d, 0xdb, 0x3e, 0x5a, 0x94, 0xe3, 0x3e, 0xb4, 0x6d, 0xdb, 0x3e,
    0x5a, 0x94, 0xe3, 0x3e, 0x00, 0x00, 0x00, 0x00, 0x00, 0x00, 0x00, 0x00, 0x00, 0x00, 0x00, 0x00,
    0x00, 0x00, 0x00, 0x00, 0x51, 0x29, 0x96, 0xc3, 0xe6, 0x90, 0x96, 0x43, 0x05, 0xd3, 0x95, 0xc3,
    0xb5, 0x4c, 0x4c, 0x3b, 0x95, 0x4e, 0x7a, 0x3d, 0x34, 0x85, 0x7f, 0xbf, 0x2a, 0x09, 0x02, 0x09,
    0xb4, 0x6d, 0xdb, 0x3e, 0x05, 0xb2, 0xaa, 0x3e, 0xb4, 0x6d, 0xdb, 0x3e, 0x05, 0xb2, 0xaa, 0x3e,
    0x00, 0x00, 0x00, 0x00, 0x00, 0x00, 0x00, 0x00, 0x00, 0x00, 0x00, 0x00, 0x00, 0x00, 0x00, 0x00,
    0x86, 0x2a, 0x96, 0xc3, 0x63, 0x8e, 0x96, 0x43, 0x2c, 0xd3, 0x95, 0xc3, 0x49, 0x29, 0x03, 0x3b,
    0xdd, 0xd2, 0x70, 0x3d, 0x80, 0x8e, 0x7f, 0xbf, 0x2a, 0x09, 0x02, 0x09, 0xb4, 0x6d, 0xdb, 0x3e,
    0x58, 0x9f, 0x63, 0x3e, 0xb4, 0x6d, 0xdb, 0x3e, 0x58, 0x9f, 0x63, 0x3e, 0x00, 0x00, 0x00, 0x00,
    0x00, 0x00, 0x00, 0x00, 0x00, 0x00, 0x00, 0x00, 0x00, 0x00, 0x00, 0x00, 0x75, 0x2b, 0x96, 0xc3,
    0x74, 0x8c, 0x96, 0x43, 0x49, 0xd3, 0x95, 0xc3, 0x83, 0x31, 0x1d, 0x37, 0x99, 0xe4, 0x5f, 0x3d,
    0x07, 0x9e, 0x7f, 0xbf, 0x2a, 0x09, 0x02, 0x09, 0xb4, 0x6d, 0xdb, 0x3e, 0x6d, 0xb5, 0xe3, 0x3d,
    0xb4, 0x6d, 0xdb, 0x3e, 0x6d, 0xb5, 0xe3, 0x3d, 0x00, 0x00, 0x00, 0x00, 0x00, 0x00, 0x00, 0x00,
    0x00, 0x00, 0x00, 0x00, 0x00, 0x00, 0x00, 0x00, 0x17, 0x2c, 0x96, 0xc3, 0x23, 0x8b, 0x96, 0x43,
    0x5a, 0xd3, 0x95, 0xc3, 0x6b, 0x9d, 0x9f, 0xba, 0xf5, 0x75, 0x55, 0x3d, 0xe7, 0xa6, 0x7f, 0xbf,
    0x2a, 0x09, 0x02, 0x00, 0xb4, 0x6d, 0xdb, 0x3e, 0xc0, 0x24, 0xb0, 0x38, 0xb4, 0x6d, 0xdb, 0x3e,
    0xc0, 0x24, 0xb0, 0x38, 0x00, 0x00, 0x00, 0x00, 0x00, 0x00, 0x00, 0x00, 0x00, 0x00, 0x00, 0x00,
    0x00, 0x00, 0x00, 0x00, 0xdb, 0x27, 0x96, 0xc3, 0xae, 0x9d, 0x96, 0x43, 0x33, 0xd2, 0x95, 0xc3,
    0x50, 0x68, 0x8b, 0x3b, 0xb3, 0x73, 0x85, 0x3d, 0x20, 0x74, 0x7f, 0xbf, 0x2a, 0x09, 0x02, 0x01,
    0x30, 0x0c, 0xc3, 0x3e, 0x82, 0xac, 0x2a, 0x3f, 0x30, 0x0c, 0xc3, 0x3e, 0x82, 0xac, 0x2a, 0x3f,
    0x00, 0x00, 0x00, 0x00, 0x00, 0x00, 0x00, 0x00, 0x00, 0x00, 0x00, 0x00, 0x00, 0x00, 0x00, 0x00,
    0xb7, 0x25, 0x96, 0xc3, 0x1f, 0xa2, 0x96, 0x43, 0xe5, 0xd1, 0x95, 0xc3, 0xb6, 0xbd, 0x8f, 0x3b,
    0xea, 0xa3, 0x86, 0x3d, 0x98, 0x71, 0x7f, 0xbf, 0x2a, 0x09, 0x02, 0x00, 0x6d, 0xdb, 0xb6, 0x3e,
    0xac, 0x1d, 0x47, 0x3f, 0x6d, 0xdb, 0xb6, 0x3e, 0xac, 0x1d, 0x47, 0x3f, 0x00, 0x00, 0x00, 0x00,
    0x00, 0x00, 0x00, 0x00, 0x00, 0x00, 0x00, 0x00, 0x00, 0x00, 0x00, 0x00, 0x97, 0x28, 0x96, 0xc3,
    0xce, 0x98, 0x96, 0x43, 0x84, 0xd2, 0x95, 0xc3, 0x0a, 0xd5, 0x81, 0x3b, 0x99, 0x39, 0x83, 0x3d,
    0xd2, 0x78, 0x7f, 0xbf, 0x2a, 0x09, 0x02, 0x03, 0xf2, 0x3c, 0xcf, 0x3e, 0x57, 0x3b, 0x0e, 0x3f,
    0xf2, 0x3c, 0xcf, 0x3e, 0x57, 0x3b, 0x0e, 0x3f, 0x00, 0x00, 0x00, 0x00, 0x00, 0x00, 0x00, 0x00,
    0x00, 0x00, 0x00, 0x00, 0x00, 0x00, 0x00, 0x00, 0xc6, 0x2a, 0x96, 0xc3, 0x9c, 0x95, 0x96, 0x43,
    0xbb, 0xd2, 0x95, 0xc3, 0xe7, 0x4d, 0x54, 0x3b, 0xa2, 0x0e, 0x81, 0x3d, 0x69, 0x7d, 0x7f, 0xbf,
    0x2a, 0x09, 0x02, 0x07, 0xf2, 0x3c, 0xcf, 0x3e, 0x5a, 0x94, 0xe3, 0x3e, 0xf2, 0x3c, 0xcf, 0x3e,
    0x5a, 0x94, 0xe3, 0x3e, 0x00, 0x00, 0x00, 0x00, 0x00, 0x00, 0x00, 0x00, 0x00, 0x00, 0x00, 0x00,
    0x00, 0x00, 0x00, 0x00, 0xac, 0x2c, 0x96, 0xc3, 0xd4, 0x92, 0x96, 0x43, 0xe9, 0xd2, 0x95, 0xc3,
    0x16, 0xd6, 0x14, 0x3b, 0xac, 0x4d, 0x7c, 0x3d, 0x63, 0x83, 0x7f, 0xbf, 0x2a, 0x09, 0x02, 0x09,
    0xf2, 0x3c, 0xcf, 0x3e, 0x05, 0xb2, 0xaa, 0x3e, 0xf2, 0x3c, 0xcf, 0x3e, 0x05, 0xb2, 0xaa, 0x3e,
    0x00, 0x00, 0x00, 0x00, 0x00, 0x00, 0x00, 0x00, 0x00, 0x00, 0x00, 0x00, 0x00, 0x00, 0x00, 0x00,
    0x3e, 0x2e, 0x96, 0xc3, 0x87, 0x90, 0x96, 0x43, 0x0d, 0xd3, 0x95, 0xc3, 0x13, 0x6f, 0x57, 0x3a,
    0x34, 0x9b, 0x73, 0x3d, 0xf9, 0x8b, 0x7f, 0xbf, 0x2a, 0x09, 0x02, 0x09, 0xf2, 0x3c, 0xcf, 0x3e,
    0x58, 0x9f, 0x63, 0x3e, 0xf2, 0x3c, 0xcf, 0x3e, 0x58, 0x9f, 0x63, 0x3e, 0x00, 0x00, 0x00, 0x00,
    0x00, 0x00, 0x00, 0x00, 0x00, 0x00, 0x00, 0x00, 0x00, 0x00, 0x00, 0x00, 0x74, 0x2f, 0x96, 0xc3,
    0xc1, 0x8e, 0x96, 0x43, 0x28, 0xd3, 0x95, 0xc3, 0x44, 0x56, 0xe7, 0xba, 0x23, 0x14, 0x64, 0x3d,
    0x39, 0x9a, 0x7f, 0xbf, 0x2a, 0x09, 0x02, 0x09, 0xf2, 0x3c, 0xcf, 0x3e, 0x6d, 0xb5, 0xe3, 0x3d,
    0xf2, 0x3c, 0xcf, 0x3e, 0x6d, 0xb5, 0xe3, 0x3d, 0x00, 0x00, 0x00, 0x00, 0x00, 0x00, 0x00, 0x00,
    0x00, 0x00, 0x00, 0x00, 0x00, 0x00, 0x00, 0x00, 0x46, 0x30, 0x96, 0xc3, 0x8c, 0x8d, 0x96, 0x43,
    0x37, 0xd3, 0x95, 0xc3, 0xea, 0x19, 0x5c, 0xbb, 0xc5, 0x82, 0x5a, 0x3d, 0x51, 0xa2, 0x7f, 0xbf,
    0x2a, 0x09, 0x02, 0x00, 0xf2, 0x3c, 0xcf, 0x3e, 0xc0, 0x24, 0xb0, 0x38, 0xf2, 0x3c, 0xcf, 0x3e,
    0xc0, 0x24, 0xb0, 0x38, 0x00, 0x00, 0x00, 0x00, 0x00, 0x00, 0x00, 0x00, 0x00, 0x00, 0x00, 0x00,
    0x00, 0x00, 0x00, 0x00, 0x52, 0x29, 0x96, 0xc3, 0x41, 0x9f, 0x96, 0x43, 0x1a, 0xd2, 0x95, 0xc3,
    0xde, 0x16, 0x83, 0x3b, 0xc1, 0x02, 0x86, 0x3d, 0x06, 0x73, 0x7f, 0xbf, 0x2a, 0x09, 0x02, 0x01,
    0x6d, 0xdb, 0xb6, 0x3e, 0x82, 0xac, 0x2a, 0x3f, 0x6d, 0xdb, 0xb6, 0x3e, 0x82, 0xac, 0x2a, 0x3f,
    0x00, 0x00, 0x00, 0x00, 0x00, 0x00, 0x00, 0x00, 0x00, 0x00, 0x00, 0x00, 0x00, 0x00, 0x00, 0x00,
    0x8a, 0x26, 0x96, 0xc3, 0x54, 0xa3, 0x96, 0x43, 0xd2, 0xd1, 0x95, 0xc3, 0xec, 0x36, 0x8a, 0x3b,
    0x3f, 0x25, 0x87, 0x3d, 0x93, 0x70, 0x7f, 0xbf, 0x2a, 0x09, 0x02, 0x00, 0xab, 0xaa, 0xaa, 0x3e,
    0xac, 0x1d, 0x47, 0x3f, 0xab, 0xaa, 0xaa, 0x3e, 0xac, 0x1d, 0x47, 0x3f, 0x00, 0x00, 0x00, 0x00,
    0x00, 0x00, 0x00, 0x00, 0x00, 0x00, 0x00, 0x00, 0x00, 0x00, 0x00, 0x00, 0xc6, 0x2a, 0x96, 0xc3,
    0x8a, 0x9a, 0x96, 0x43, 0x6a, 0xd2, 0x95, 0xc3, 0x12, 0x99, 0x68, 0x3b, 0xd7, 0xe5, 0x83, 0x3d,
    0x89, 0x77, 0x7f, 0xbf, 0x2a, 0x09, 0x02, 0x03, 0x30, 0x0c, 0xc3, 0x3e, 0x57, 0x3b, 0x0e, 0x3f,
    0x30, 0x0c, 0xc3, 0x3e, 0x57, 0x3b, 0x0e, 0x3f, 0x00, 0x00, 0x00, 0x00, 0x00, 0x00, 0x00, 0x00,
    0x00, 0x00, 0x00, 0x00, 0x00, 0x00, 0x00, 0x00, 0x69, 0x2d, 0x96, 0xc3, 0xb5, 0x97, 0x96, 0x43,
    0x9b, 0xd2, 0x95, 0xc3, 0xc2, 0x67, 0x2f, 0x3b, 0x71, 0xf9, 0x81, 0x3d, 0xa9, 0x7b, 0x7f, 0xbf,
    0x2a, 0x09, 0x02, 0x07, 0x30, 0x0c, 0xc3, 0x3e, 0x5a, 0x94, 0xe3, 0x3e, 0x30, 0x0c, 0xc3, 0x3e,
    0x5a, 0x94, 0xe3, 0x3e, 0x00, 0x00, 0x00, 0x00, 0x00, 0x00, 0x00, 0x00, 0x00, 0x00, 0x00, 0x00,
    0x00, 0x00, 0x00, 0x00, 0xb3, 0x2f, 0x96, 0xc3, 0x3d, 0x95, 0x96, 0x43, 0xc4, 0xd2, 0x95, 0xc3,
    0x71, 0x85, 0xc5, 0x3a, 0xff, 0xca, 0x7e, 0x3d, 0x04, 0x81, 0x7f, 0xbf, 0x2a, 0x09, 0x02, 0x09,
    0x30, 0x0c, 0xc3, 0x3e, 0x05, 0xb2, 0xaa, 0x3e, 0x30, 0x0c, 0xc3, 0x3e, 0x05, 0xb2, 0xaa, 0x3e,
    0x00, 0x00, 0x00, 0x00, 0x00, 0x00, 0x00, 0x00, 0x00, 0x00, 0x00, 0x00, 0x00, 0x00, 0x00, 0x00,
    0x99, 0x31, 0x96, 0xc3, 0x32, 0x93, 0x96, 0x43, 0xe4, 0xd2, 0x95, 0xc3, 0xac, 0xf5, 0x7e, 0xb9,
    0x7b, 0x13, 0x77, 0x3d, 0xaa, 0x88, 0x7f, 0xbf, 0x2a, 0x09, 0x02, 0x09, 0x30, 0x0c, 0xc3, 0x3e,
    0x58, 0x9f, 0x63, 0x3e, 0x30, 0x0c, 0xc3, 0x3e, 0x58, 0x9f, 0x63, 0x3e, 0x00, 0x00, 0x00, 0x00,
    0x00, 0x00, 0x00, 0x00, 0x00, 0x00, 0x00, 0x00, 0x00, 0x00, 0x00, 0x00, 0x0f, 0x33, 0x96, 0xc3,
    0x9f, 0x91, 0x96, 0x43, 0xfc, 0xd2, 0x95, 0xc3, 0xdb, 0xa7, 0x5c, 0xbb, 0x54, 0x4c, 0x69, 0x3d,
    0x3f, 0x95, 0x7f, 0xbf, 0x2a, 0x09, 0x02, 0x09, 0x30, 0x0c, 0xc3, 0x3e, 0x6d, 0xb5, 0xe3, 0x3d,
    0x30, 0x0c, 0xc3, 0x3e, 0x6d, 0xb5, 0xe3, 0x3d, 0x00, 0x00, 0x00, 0x00, 0x00, 0x00, 0x00, 0x00,
    0x00, 0x00, 0x00, 0x00, 0x00, 0x00, 0x00, 0x00, 0x0e, 0x34, 0x96, 0xc3, 0x8e, 0x90, 0x96, 0x43,
    0x0a, 0xd3, 0x95, 0xc3, 0x59, 0x62, 0xad, 0xbb, 0xd9, 0xce, 0x60, 0x3d, 0x4e, 0x9c, 0x7f, 0xbf,
    0x2a, 0x09, 0x02, 0x00, 0x30, 0x0c, 0xc3, 0x3e, 0xc0, 0x24, 0xb0, 0x38, 0x30, 0x0c, 0xc3, 0x3e,
    0xc0, 0x24, 0xb0, 0x38, 0x00, 0x00, 0x00, 0x00, 0x00, 0x00, 0x00, 0x00, 0x00, 0x00, 0x00, 0x00,
    0x00, 0x00, 0x00, 0x00, 0x88, 0x2a, 0x96, 0xc3, 0x06, 0xa1, 0x96, 0x43, 0xfd, 0xd1, 0x95, 0xc3,
    0xf8, 0x65, 0x78, 0x3b, 0x00, 0xa4, 0x86, 0x3d, 0xc1, 0x71, 0x7f, 0xbf, 0x2a, 0x09, 0x02, 0x01,
    0xab, 0xaa, 0xaa, 0x3e, 0x82, 0xac, 0x2a, 0x3f, 0xab, 0xaa, 0xaa, 0x3e, 0x82, 0xac, 0x2a, 0x3f,
    0x00, 0x00, 0x00, 0x00, 0x00, 0x00, 0x00, 0x00, 0x00, 0x00, 0x00, 0x00, 0x00, 0x00, 0x00, 0x00,
    0x2c, 0x27, 0x96, 0xc3, 0xa4, 0xa4, 0x96, 0x43, 0xbc, 0xd1, 0x95, 0xc3, 0xf2, 0xf4, 0x85, 0x3b,
    0x45, 0xb2, 0x87, 0x3d, 0x71, 0x6f, 0x7f, 0xbf, 0x2a, 0x09, 0x02, 0x00, 0xe8, 0x79, 0x9e, 0x3e,
    0xac, 0x1d, 0x47, 0x3f, 0xe8, 0x79, 0x9e, 0x3e, 0xac, 0x1d, 0x47, 0x3f, 0x00, 0x00, 0x00, 0x00,
    0x00, 0x00, 0x00, 0x00, 0x00, 0x00, 0x00, 0x00, 0x00, 0x00, 0x00, 0x00, 0xad, 0x2c, 0x96, 0xc3,
    0x95, 0x9c, 0x96, 0x43, 0x4a, 0xd2, 0x95, 0xc3, 0x58, 0x0c, 0x51, 0x3b, 0x57, 0xb0, 0x84, 0x3d,
    0xfa, 0x75, 0x7f, 0xbf, 0x2a, 0x09, 0x02, 0x03, 0x6d, 0xdb, 0xb6, 0x3e, 0x57, 0x3b, 0x0e, 0x3f,
    0x6d, 0xdb, 0xb6, 0x3e, 0x57, 0x3b, 0x0e, 0x3f, 0x00, 0x00, 0x00, 0x00, 0x00, 0x00, 0x00, 0x00,
    0x00, 0x00, 0x00, 0x00, 0x00, 0x00, 0x00, 0x00, 0xb4, 0x2f, 0x96, 0xc3, 0x2c, 0x9a, 0x96, 0x43,
    0x74, 0xd2, 0x95, 0xc3, 0xf4, 0x4c, 0x0f, 0x3b, 0x84, 0x0d, 0x83, 0x3d, 0x89, 0x79, 0x7f, 0xbf,
    0x2a, 0x09, 0x02, 0x07, 0x6d, 0xdb, 0xb6, 0x3e, 0x5a, 0x94, 0xe3, 0x3e, 0x6d, 0xdb, 0xb6, 0x3e,
    0x5a, 0x94, 0xe3, 0x3e, 0x00, 0x00, 0x00, 0x00, 0x00, 0x00, 0x00, 0x00, 0x00, 0x00, 0x00, 0x00,
    0x00, 0x00, 0x00, 0x00, 0x56, 0x32, 0x96, 0xc3, 0x13, 0x98, 0x96, 0x43, 0x97, 0xd2, 0x95, 0xc3,
    0xdf, 0xc3, 0x5c, 0x3a, 0x27, 0xdc, 0x80, 0x3d, 0x20, 0x7e, 0x7f, 0xbf, 0x2a, 0x09, 0x02, 0x09,
    0x6d, 0xdb, 0xb6, 0x3e, 0x05, 0xb2, 0xaa, 0x3e, 0x6d, 0xdb, 0xb6, 0x3e, 0x05, 0xb2, 0xaa, 0x3e,
    0x00, 0x00, 0x00, 0x00, 0x00, 0x00, 0x00, 0x00, 0x00, 0x00, 0x00, 0x00, 0x00, 0x00, 0x00, 0x00,
    0x85, 0x34, 0x96, 0xc3, 0x56, 0x96, 0x96, 0x43, 0xb3, 0xd2, 0x95, 0xc3, 0x07, 0x52, 0x99, 0xba,
    0xd5, 0x27, 0x7b, 0x3d, 0xa5, 0x84, 0x7f, 0xbf, 0x2a, 0x09, 0x02, 0x09, 0x6d, 0xdb, 0xb6, 0x3e,
    0x58, 0x9f, 0x63, 0x3e, 0x6d, 0xdb, 0xb6, 0x3e, 0x58, 0x9f, 0x63, 0x3e, 0x00, 0x00, 0x00, 0x00,
    0x00, 0x00, 0x00, 0x00, 0x00, 0x00, 0x00, 0x00, 0x00, 0x00, 0x00, 0x00, 0x33, 0x36, 0x96, 0xc3,
    0xff, 0x94, 0x96, 0x43, 0xc7, 0xd2, 0x95, 0xc3, 0x48, 0x00, 0x9c, 0xbb, 0x4d, 0x6f, 0x6f, 0x3d,
    0x33, 0x8f, 0x7f, 0xbf, 0x2a, 0x09, 0x02, 0x09, 0x6d, 0xdb, 0xb6, 0x3e, 0x6d, 0xb5, 0xe3, 0x3d,
    0x6d, 0xdb, 0xb6, 0x3e, 0x6d, 0xb5, 0xe3, 0x3d, 0x00, 0x00, 0x00, 0x00, 0x00, 0x00, 0x00, 0x00,
    0x00, 0x00, 0x00, 0x00, 0x00, 0x00, 0x00, 0x00, 0x57, 0x37, 0x96, 0xc3, 0x16, 0x94, 0x96, 0x43,
    0xd2, 0xd2, 0x95, 0xc3, 0x1d, 0x7d, 0xe4, 0xbb, 0x3b, 0x36, 0x68, 0x3d, 0x03, 0x95, 0x7f, 0xbf,
    0x2a, 0x09, 0x02, 0x00, 0x6d, 0xdb, 0xb6, 0x3e, 0xc0, 0x24, 0xb0, 0x38, 0x6d, 0xdb, 0xb6, 0x3e,
    0xc0, 0x24, 0xb0, 0x38, 0x00, 0x00, 0x00, 0x00, 0x00, 0x00, 0x00, 0x00, 0x00, 0x00, 0x00, 0x00,
    0x00, 0x00, 0x00, 0x00, 0x77, 0x2b, 0x96, 0xc3, 0xf5, 0xa2, 0x96, 0x43, 0xdd, 0xd1, 0x95, 0xc3,
    0x21, 0xc8, 0x6d, 0x3b, 0xd3, 0x53, 0x87, 0x3d, 0x58, 0x70, 0x7f, 0xbf, 0x2a, 0x09, 0x02, 0x01,
    0xe8, 0x79, 0x9e, 0x3e, 0x82, 0xac, 0x2a, 0x3f, 0xe8, 0x79, 0x9e, 0x3e, 0x82, 0xac, 0x2a, 0x3f,
    0x00, 0x00, 0x00, 0x00, 0x00, 0x00, 0x00, 0x00, 0x00, 0x00, 0x00, 0x00, 0x00, 0x00, 0x00, 0x00,
    0x9a, 0x27, 0x96, 0xc3, 0x08, 0xa6, 0x96, 0x43, 0xa5, 0xd1, 0x95, 0xc3, 0x23, 0x10, 0x83, 0x3b,
    0xd8, 0x47, 0x88, 0x3d, 0x39, 0x6e, 0x7f, 0xbf, 0x2a, 0x09, 0x02, 0x00, 0x25, 0x49, 0x92, 0x3e,
    0xac, 0x1d, 0x47, 0x3f, 0x25, 0x49, 0x92, 0x3e, 0xac, 0x1d, 0x47, 0x3f, 0x00, 0x00, 0x00, 0x00,
    0x00, 0x00, 0x00, 0x00, 0x00, 0x00, 0x00, 0x00, 0x00, 0x00, 0x00, 0x00, 0x3f, 0x2e, 0x96, 0xc3,
    0xe2, 0x9e, 0x96, 0x43, 0x25, 0xd2, 0x95, 0xc3, 0x91, 0x8a, 0x3d, 0x3b, 0x97, 0x94, 0x85, 0x3d,
    0x2e, 0x74, 0x7f, 0xbf, 0x2a, 0x09, 0x02, 0x03, 0xab, 0xaa, 0xaa, 0x3e, 0x57, 0x3b, 0x0e, 0x3f,
    0xab, 0xaa, 0xaa, 0x3e, 0x57, 0x3b, 0x0e, 0x3f, 0x00, 0x00, 0x00, 0x00, 0x00, 0x00, 0x00, 0x00,
    0x00, 0x00, 0x00, 0x00, 0x00, 0x00, 0x00, 0x00, 0x9a, 0x31, 0x96, 0xc3, 0xf3, 0x9c, 0x96, 0x43,
    0x47, 0xd2, 0x95, 0xc3, 0x20, 0x6a, 0xe9, 0x3a, 0xad, 0x44, 0x84, 0x3d, 0x15, 0x77, 0x7f, 0xbf,
    0x2a, 0x09, 0x02, 0x07, 0xab, 0xaa, 0xaa, 0x3e, 0x5a, 0x94, 0xe3, 0x3e, 0xab, 0xaa, 0xaa, 0x3e,
    0x5a, 0x94, 0xe3, 0x3e, 0x00, 0x00, 0x00, 0x00, 0x00, 0x00, 0x00, 0x00, 0x00, 0x00, 0x00, 0x00,
    0x00, 0x00, 0x00, 0x00, 0x85, 0x34, 0x96, 0xc3, 0x44, 0x9b, 0x96, 0x43, 0x63, 0xd2, 0x95, 0xc3,
    0x2e, 0xd0, 0x98, 0x39, 0x70, 0x82, 0x82, 0x3d, 0xce, 0x7a, 0x7f, 0xbf, 0x2a, 0x09, 0x02, 0x09,
    0xab, 0xaa, 0xaa, 0x3e, 0x05, 0xb2, 0xaa, 0x3e, 0xab, 0xaa, 0xaa, 0x3e, 0x05, 0xb2, 0xaa, 0x3e,
    0x00, 0x00, 0x00, 0x00, 0x00, 0x00, 0x00, 0x00, 0x00, 0x00, 0x00, 0x00, 0x00, 0x00, 0x00, 0x00,
    0xf0, 0x36, 0x96, 0xc3, 0xe0, 0x99, 0x96, 0x43, 0x7a, 0xd2, 0x95, 0xc3, 0x2d, 0xec, 0xfd, 0xba,
    0xf5, 0xc0, 0x7f, 0x3d, 0x01, 0x80, 0x7f, 0xbf, 0x2a, 0x09, 0x02, 0x09, 0xab, 0xaa, 0xaa, 0x3e,
    0x58, 0x9f, 0x63, 0x3e, 0xab, 0xaa, 0xaa, 0x3e, 0x58, 0x9f, 0x63, 0x3e, 0x00, 0x00, 0x00, 0x00,
    0x00, 0x00, 0x00, 0x00, 0x00, 0x00, 0x00, 0x00, 0x00, 0x00, 0x00, 0x00, 0xcc, 0x38, 0x96, 0xc3,
    0xcd, 0x98, 0x96, 0x43, 0x89, 0xd2, 0x95, 0xc3, 0x4d, 0xd5, 0xc1, 0xbb, 0xfe, 0x59, 0x76, 0x3d,
    0x38, 0x88, 0x7f, 0xbf, 0x2a, 0x09, 0x02, 0x09, 0xab, 0xaa, 0xaa, 0x3e, 0x6d, 0xb5, 0xe3, 0x3d,
    0xab, 0xaa, 0xaa, 0x3e, 0x6d, 0xb5, 0xe3, 0x3d, 0x00, 0x00, 0x00, 0x00, 0x00, 0x00, 0x00, 0x00,
    0x00, 0x00, 0x00, 0x00, 0x00, 0x00, 0x00, 0x00, 0x10, 0x3a, 0x96, 0xc3, 0x12, 0x98, 0x96, 0x43,
    0x92, 0xd2, 0x95, 0xc3, 0xf2, 0x10, 0x09, 0xbc, 0x90, 0x8e, 0x70, 0x3d, 0x97, 0x8c, 0x7f, 0xbf,
    0x2a, 0x09, 0x02, 0x00, 0xab, 0xaa, 0xaa, 0x3e, 0xc0, 0x24, 0xb0, 0x38, 0xab, 0xaa, 0xaa, 0x3e,
    0xc0, 0x24, 0xb0, 0x38, 0x00, 0x00, 0x00, 0x00, 0x00, 0x00, 0x00, 0x00, 0x00, 0x00, 0x00, 0x00,
    0x00, 0x00, 0x00, 0x00, 0x1a, 0x2c, 0x96, 0xc3, 0x02, 0xa5, 0x96, 0x43, 0xbb, 0xd1, 0x95, 0xc3,
    0xed, 0x90, 0x66, 0x3b, 0x4f, 0x0e, 0x88, 0x3d, 0xd2, 0x6e, 0x7f, 0xbf, 0x2a, 0x09, 0x02, 0x01,
    0x25, 0x49, 0x92, 0x3e, 0x82, 0xac, 0x2a, 0x3f, 0x25, 0x49, 0x92, 0x3e, 0x82, 0xac, 0x2a, 0x3f,
    0x00, 0x00, 0x00, 0x00, 0x00, 0x00, 0x00, 0x00, 0x00, 0x00, 0x00, 0x00, 0x00, 0x00, 0x00, 0x00,
    0xd2, 0x27, 0x96, 0xc3, 0x79, 0xa7, 0x96, 0x43, 0x8d, 0xd1, 0x95, 0xc3, 0x0b, 0x99, 0x81, 0x3b,
    0xa0, 0xe2, 0x88, 0x3d, 0xf1, 0x6c, 0x7f, 0xbf, 0x2a, 0x09, 0x02, 0x00, 0x62, 0x18, 0x86, 0x3e,
    0xac, 0x1d, 0x47, 0x3f, 0x62, 0x18, 0x86, 0x3e, 0xac, 0x1d, 0x47, 0x3f, 0x00, 0x00, 0x00, 0x00,
    0x00, 0x00, 0x00, 0x00, 0x00, 0x00, 0x00, 0x00, 0x00, 0x00, 0x00, 0x00, 0x76, 0x2f, 0x96, 0xc3,
    0x65, 0xa1, 0x96, 0x43, 0xfb, 0xd1, 0x95, 0xc3, 0x57, 0x83, 0x2e, 0x3b, 0x7b, 0x8d, 0x86, 0x3d,
    0x2f, 0x72, 0x7f, 0xbf, 0x2a, 0x09, 0x02, 0x03, 0xe8, 0x79, 0x9e, 0x3e, 0x57, 0x3b, 0x0e, 0x3f,
    0xe8, 0x79, 0x9e, 0x3e, 0x57, 0x3b, 0x0e, 0x3f, 0x00, 0x00, 0x00, 0x00, 0x00, 0x00, 0x00, 0x00,
    0x00, 0x00, 0x00, 0x00, 0x00, 0x00, 0x00, 0x00, 0x11, 0x33, 0x96, 0xc3, 0xfb, 0x9f, 0x96, 0x43,
    0x15, 0xd2, 0x95, 0xc3, 0x55, 0x70, 0xc0, 0x3a, 0xfc, 0x97, 0x85, 0x3d, 0x5b, 0x74, 0x7f, 0xbf,
    0x2a, 0x09, 0x02, 0x07, 0xe8, 0x79, 0x9e, 0x3e, 0x5a, 0x94, 0xe3, 0x3e, 0xe8, 0x79, 0x9e, 0x3e,
    0x5a, 0x94, 0xe3, 0x3e, 0x00, 0x00, 0x00, 0x00, 0x00, 0x00, 0x00, 0x00, 0x00, 0x00, 0x00, 0x00,
    0x00, 0x00, 0x00, 0x00, 0x34, 0x36, 0x96, 0xc3, 0xc0, 0x9e, 0x96, 0x43, 0x2a, 0xd2, 0x95, 0xc3,
    0x87, 0x3d, 0x0b, 0xb9, 0xe9, 0x4e, 0x84, 0x3d, 0x1b, 0x77, 0x7f, 0xbf, 0x2a, 0x09, 0x02, 0x09,
    0xe8, 0x79, 0x9e, 0x3e, 0x05, 0xb2, 0xaa, 0x3e, 0xe8, 0x79, 0x9e, 0x3e, 0x05, 0xb2, 0xaa, 0x3e,
    0x00, 0x00, 0x00, 0x00, 0x00, 0x00, 0x00, 0x00, 0x00, 0x00, 0x00, 0x00, 0x00, 0x00, 0x00, 0x00,
    0xcd, 0x38, 0x96, 0xc3, 0xbb, 0x9d, 0x96, 0x43, 0x3a, 0xd2, 0x95, 0xc3, 0x96, 0xb6, 0x25, 0xbb,
    0x46, 0x62, 0x82, 0x3d, 0xd9, 0x7a, 0x7f, 0xbf, 0x2a, 0x09, 0x02, 0x09, 0xe8, 0x79, 0x9e, 0x3e,
    0x58, 0x9f, 0x63, 0x3e, 0xe8, 0x79, 0x9e, 0x3e, 0x58, 0x9f, 0x63, 0x3e, 0x00, 0x00, 0x00, 0x00,
    0x00, 0x00, 0x00, 0x00, 0x00, 0x00, 0x00, 0x00, 0x00, 0x00, 0x00, 0x00, 0xcd, 0x3a, 0x96, 0xc3,
    0xf2, 0x9c, 0x96, 0x43, 0x45, 0xd2, 0x95, 0xc3, 0xbb, 0xfa, 0xde, 0xbb, 0xd2, 0xe4, 0x7d, 0x3d,
    0x76, 0x80, 0x7f, 0xbf, 0x2a, 0x09, 0x02, 0x09, 0xe8, 0x79, 0x9e, 0x3e, 0x6d, 0xb5, 0xe3, 0x3d,
    0xe8, 0x79, 0x9e, 0x3e, 0x6d, 0xb5, 0xe3, 0x3d, 0x00, 0x00, 0x00, 0x00, 0x00, 0x00, 0x00, 0x00,
    0x00, 0x00, 0x00, 0x00, 0x00, 0x00, 0x00, 0x00, 0x29, 0x3c, 0x96, 0xc3, 0x69, 0x9c, 0x96, 0x43,
    0x4a, 0xd2, 0x95, 0xc3, 0x15, 0xa6, 0x1a, 0xbc, 0x18, 0xa8, 0x79, 0x3d, 0x3b, 0x83, 0x7f, 0xbf,
    0x2a, 0x09, 0x02, 0x00, 0xe8, 0x79, 0x9e, 0x3e, 0xc0, 0x24, 0xb0, 0x38, 0xe8, 0x79, 0x9e, 0x3e,
    0xc0, 0x24, 0xb0, 0x38, 0x00, 0x00, 0x00, 0x00, 0x00, 0x00, 0x00, 0x00, 0x00, 0x00, 0x00, 0x00,
    0x00, 0x00, 0x00, 0x00, 0x6c, 0x2c, 0x96, 0xc3, 0x21, 0xa7, 0x96, 0x43, 0x97, 0xd1, 0x95, 0xc3,
    0x9f, 0xe9, 0x62, 0x3b, 0x47, 0xcf, 0x88, 0x3d, 0x39, 0x6d, 0x7f, 0xbf, 0x2a, 0x09, 0x02, 0x01,
    0x62, 0x18, 0x86, 0x3e, 0x82, 0xac, 0x2a, 0x3f, 0x62, 0x18, 0x86, 0x3e, 0x82, 0xac, 0x2a, 0x3f,
    0x00, 0x00, 0x00, 0x00, 0x00, 0x00, 0x00, 0x00, 0x00, 0x00, 0x00, 0x00, 0x00, 0x00, 0x00, 0x00,
    0xd3, 0x27, 0x96, 0xc3, 0xee, 0xa8, 0x96, 0x43, 0x74, 0xd1, 0x95, 0xc3, 0x0a, 0x98, 0x81, 0x3b,
    0x28, 0x7f, 0x89, 0x3d, 0xa1, 0x6b, 0x7f, 0xbf, 0x2a, 0x09, 0x02, 0x00, 0x3d, 0xcf, 0x73, 0x3e,
    0xac, 0x1d, 0x47, 0x3f, 0x3d, 0xcf, 0x73, 0x3e, 0xac, 0x1d, 0x47, 0x3f, 0x00, 0x00, 0x00, 0x00,
    0x00, 0x00, 0x00, 0x00, 0x00, 0x00, 0x00, 0x00, 0x00, 0x00, 0x00, 0x00, 0x49, 0x30, 0x96, 0xc3,
    0x0e, 0xa4, 0x96, 0x43, 0xcf, 0xd1, 0x95, 0xc3, 0x7b, 0x4c, 0x24, 0x3b, 0x75, 0x95, 0x87, 0x3d,
    0x06, 0x70, 0x7f, 0xbf, 0x2a, 0x09, 0x02, 0x03, 0x25, 0x49, 0x92, 0x3e, 0x57, 0x3b, 0x0e, 0x3f,
    0x25, 0x49, 0x92, 0x3e, 0x57, 0x3b, 0x0e, 0x3f, 0x00, 0x00, 0x00, 0x00, 0x00, 0x00, 0x00, 0x00,
    0x00, 0x00, 0x00, 0x00, 0x00, 0x00, 0x00, 0x00, 0x0f, 0x34, 0x96, 0xc3, 0x31, 0xa3, 0x96, 0x43,
    0xdf, 0xd1, 0x95, 0xc3, 0xfb, 0x96, 0xa4, 0x3a, 0xdb, 0xff, 0x86, 0x3d, 0x6b, 0x71, 0x7f, 0xbf,
    0x2a, 0x09, 0x02, 0x07, 0x25, 0x49, 0x92, 0x3e, 0x5a, 0x94, 0xe3, 0x3e, 0x25, 0x49, 0x92, 0x3e,
    0x5a, 0x94, 0xe3, 0x3e, 0x00, 0x00, 0x00, 0x00, 0x00, 0x00, 0x00, 0x00, 0x00, 0x00, 0x00, 0x00,
    0x00, 0x00, 0x00, 0x00, 0x59, 0x37, 0x96, 0xc3, 0x72, 0xa2, 0x96, 0x43, 0xec, 0xd1, 0x95, 0xc3,
    0x26, 0xcc, 0xdc, 0xb9, 0x4a, 0x37, 0x86, 0x3d, 0x1d, 0x73, 0x7f, 0xbf, 0x2a, 0x09, 0x02, 0x09,
    0x25, 0x49, 0x92, 0x3e, 0x05, 0xb2, 0xaa, 0x3e, 0x25, 0x49, 0x92, 0x3e, 0x05, 0xb2, 0xaa, 0x3e,
    0x00, 0x00, 0x00, 0x00, 0x00, 0x00, 0x00, 0x00, 0x00, 0x00, 0x00, 0x00, 0x00, 0x00, 0x00, 0x00,
    0x11, 0x3a, 0x96, 0xc3, 0xd3, 0xa1, 0x96, 0x43, 0xf6, 0xd1, 0x95, 0xc3, 0x27, 0x0d, 0x40, 0xbb,
    0xf5, 0x0a, 0x85, 0x3d, 0x4a, 0x75, 0x7f, 0xbf, 0x2a, 0x09, 0x02, 0x09, 0x25, 0x49, 0x92, 0x3e,
    0x58, 0x9f, 0x63, 0x3e, 0x25, 0x49, 0x92, 0x3e, 0x58, 0x9f, 0x63, 0x3e, 0x00, 0x00, 0x00, 0x00,
    0x00, 0x00, 0x00, 0x00, 0x00, 0x00, 0x00, 0x00, 0x00, 0x00, 0x00, 0x00, 0x2a, 0x3c, 0x96, 0xc3,
    0x58, 0xa1, 0x96, 0x43, 0xfb, 0xd1, 0x95, 0xc3, 0x19, 0xca, 0xf2, 0xbb, 0x57, 0xf2, 0x82, 0x3d,
    0x1b, 0x78, 0x7f, 0xbf, 0x2a, 0x09, 0x02, 0x09, 0x25, 0x49, 0x92, 0x3e, 0x6d, 0xb5, 0xe3, 0x3d,
    0x25, 0x49, 0x92, 0x3e, 0x6d, 0xb5, 0xe3, 0x3d, 0x00, 0x00, 0x00, 0x00, 0x00, 0x00, 0x00, 0x00,
    0x00, 0x00, 0x00, 0x00, 0x00, 0x00, 0x00, 0x00, 0x96, 0x3d, 0x96, 0xc3, 0x04, 0xa1, 0x96, 0x43,
    0xfd, 0xd1, 0x95, 0xc3, 0x63, 0x99, 0x26, 0xbc, 0x69, 0xa7, 0x81, 0x3d, 0x26, 0x79, 0x7f, 0xbf,
    0x2a, 0x09, 0x02, 0x00, 0x25, 0x49, 0x92, 0x3e, 0xc0, 0x24, 0xb0, 0x38, 0x25, 0x49, 0x92, 0x3e,
    0xc0, 0x24, 0xb0, 0x38, 0x00, 0x00, 0x00, 0x00, 0x00, 0x00, 0x00, 0x00, 0x00, 0x00, 0x00, 0x00,
    0x00, 0x00, 0x00, 0x00, 0x6c, 0x2c, 0x96, 0xc3, 0x46, 0xa9, 0x96, 0x43, 0x72, 0xd1, 0x95, 0xc3,
    0x22, 0xe7, 0x62, 0x3b, 0x6d, 0x92, 0x89, 0x3d, 0x96, 0x6b, 0x7f, 0xbf, 0x2a, 0x09, 0x02, 0x01,
    0x3d, 0xcf, 0x73, 0x3e, 0x82, 0xac, 0x2a, 0x3f, 0x3d, 0xcf, 0x73, 0x3e, 0x82, 0xac, 0x2a, 0x3f,
    0x00, 0x00, 0x00, 0x00, 0x00, 0x00, 0x00, 0x00, 0x00, 0x00, 0x00, 0x00, 0x00, 0x00, 0x00, 0x00,
    0x9b, 0x27, 0x96, 0xc3, 0x5f, 0xaa, 0x96, 0x43, 0x5b, 0xd1, 0x95, 0xc3, 0x28, 0x0d, 0x83, 0x3b,
    0xf0, 0x19, 0x8a, 0x3d, 0x50, 0x6a, 0x7f, 0xbf, 0x2a, 0x09, 0x02, 0x00, 0xb7, 0x6d, 0x5b, 0x3e,
    0xac, 0x1d, 0x47, 0x3f, 0xb7, 0x6d, 0x5b, 0x3e, 0xac, 0x1d, 0x47, 0x3f, 0x00, 0x00, 0x00, 0x00,
    0x00, 0x00, 0x00, 0x00, 0x00, 0x00, 0x00, 0x00, 0x00, 0x00, 0x00, 0x00, 0xb3, 0x30, 0x96, 0xc3,
    0xcf, 0xa6, 0x96, 0x43, 0xa0, 0xd1, 0x95, 0xc3, 0x8a, 0x20, 0x1f, 0x3b, 0x9f, 0xa6, 0x88, 0x3d,
    0xc3, 0x6d, 0x7f, 0xbf, 0x2a, 0x09, 0x02, 0x03, 0x62, 0x18, 0x86, 0x3e, 0x57, 0x3b, 0x0e, 0x3f,
    0x62, 0x18, 0x86, 0x3e, 0x57, 0x3b, 0x0e, 0x3f, 0x00, 0x00, 0x00, 0x00, 0x00, 0x00, 0x00, 0x00,
    0x00, 0x00, 0x00, 0x00, 0x00, 0x00, 0x00, 0x00, 0x90, 0x34, 0x96, 0xc3, 0x85, 0xa6, 0x96, 0x43,
    0xa7, 0xd1, 0x95, 0xc3, 0x12, 0x7d, 0x96, 0x3a, 0x41, 0x74, 0x88, 0x3d, 0x55, 0x6e, 0x7f, 0xbf,
    0x2a, 0x09, 0x02, 0x07, 0x62, 0x18, 0x86, 0x3e, 0x5a, 0x94, 0xe3, 0x3e, 0x62, 0x18, 0x86, 0x3e,
    0x5a, 0x94, 0xe3, 0x3e, 0x00, 0x00, 0x00, 0x00, 0x00, 0x00, 0x00, 0x00, 0x00, 0x00, 0x00, 0x00,
    0x00, 0x00, 0x00, 0x00, 0xed, 0x37, 0x96, 0xc3, 0x44, 0xa6, 0x96, 0x43, 0xac, 0xd1, 0x95, 0xc3,
    0x22, 0xac, 0x14, 0xba, 0xab, 0x30, 0x88, 0x3d, 0xef, 0x6e, 0x7f, 0xbf, 0x2a, 0x09, 0x02, 0x09,
    0x62, 0x18, 0x86, 0x3e, 0x05, 0xb2, 0xaa, 0x3e, 0x62, 0x18, 0x86, 0x3e, 0x05, 0xb2, 0xaa, 0x3e,
    0x00, 0x00, 0x00, 0x00, 0x00, 0x00, 0x00, 0x00, 0x00, 0x00, 0x00, 0x00, 0x00, 0x00, 0x00, 0x00,
    0xb5, 0x3a, 0x96, 0xc3, 0x0e, 0xa6, 0x96, 0x43, 0xae, 0xd1, 0x95, 0xc3, 0x28, 0x63, 0x4d, 0xbb,
    0x57, 0xcb, 0x87, 0x3d, 0x76, 0x6f, 0x7f, 0xbf, 0x2a, 0x09, 0x02, 0x09, 0x62, 0x18, 0x86, 0x3e,
    0x58, 0x9f, 0x63, 0x3e, 0x62, 0x18, 0x86, 0x3e, 0x58, 0x9f, 0x63, 0x3e, 0x00, 0x00, 0x00, 0x00,
    0x00, 0x00, 0x00, 0x00, 0x00, 0x00, 0x00, 0x00, 0x00, 0x00, 0x00, 0x00, 0xda, 0x3c, 0x96, 0xc3,
    0xe5, 0xa5, 0x96, 0x43, 0xae, 0xd1, 0x95, 0xc3, 0xc8, 0xd1, 0xfc, 0xbb, 0xe6, 0x15, 0x87, 0x3d,
    0x56, 0x6f, 0x7f, 0xbf, 0x2a, 0x09, 0x02, 0x09, 0x62, 0x18, 0x86, 0x3e, 0x6d, 0xb5, 0xe3, 0x3d,
    0x62, 0x18, 0x86, 0x3e, 0x6d, 0xb5, 0xe3, 0x3d, 0x00, 0x00, 0x00, 0x00, 0x00, 0x00, 0x00, 0x00,
    0x00, 0x00, 0x00, 0x00, 0x00, 0x00, 0x00, 0x00, 0x4f, 0x3e, 0x96, 0xc3, 0xc9, 0xa5, 0x96, 0x43,
    0xac, 0xd1, 0x95, 0xc3, 0x4f, 0xa6, 0x2c, 0xbc, 0xc5, 0xa5, 0x86, 0x3d, 0x90, 0x6e, 0x7f, 0xbf,
    0x2a, 0x09, 0x02, 0x00, 0x62, 0x18, 0x86, 0x3e, 0xc0, 0x24, 0xb0, 0x38, 0x62, 0x18, 0x86, 0x3e,
    0xc0, 0x24, 0xb0, 0x38, 0x00, 0x00, 0x00, 0x00, 0x00, 0x00, 0x00, 0x00, 0x00, 0x00, 0x00, 0x00,
    0x00, 0x00, 0x00, 0x00, 0x1a, 0x2c, 0x96, 0xc3, 0x65, 0xab, 0x96, 0x43, 0x4d, 0xd1, 0x95, 0xc3,
    0x7b, 0x89, 0x66, 0x3b, 0x67, 0x53, 0x8a, 0x3d, 0xf2, 0x69, 0x7f, 0xbf, 0x2a, 0x09, 0x02, 0x01,
    0xb7, 0x6d, 0x5b, 0x3e, 0x82, 0xac, 0x2a, 0x3f, 0xb7, 0x6d, 0x5b, 0x3e, 0x82, 0xac, 0x2a, 0x3f,
    0x00, 0x00, 0x00, 0x00, 0x00, 0x00, 0x00, 0x00, 0x00, 0x00, 0x00, 0x00, 0x00, 0x00, 0x00, 0x00,
    0x2d, 0x27, 0x96, 0xc3, 0xc4, 0xab, 0x96, 0x43, 0x42, 0xd1, 0x95, 0xc3, 0x0d, 0xf0, 0x85, 0x3b,
    0x83, 0xaf, 0x8a, 0x3d, 0x05, 0x69, 0x7f, 0xbf, 0x2a, 0x09, 0x02, 0x00, 0x31, 0x0c, 0x43, 0x3e,
    0xac, 0x1d, 0x47, 0x3f, 0x31, 0x0c, 0x43, 0x3e, 0xac, 0x1d, 0x47, 0x3f, 0x00, 0x00, 0x00, 0x00,
    0x00, 0x00, 0x00, 0x00, 0x00, 0x00, 0x00, 0x00, 0x00, 0x00, 0x00, 0x00, 0xb4, 0x30, 0x96, 0xc3,
    0x98, 0xa9, 0x96, 0x43, 0x70, 0xd1, 0x95, 0xc3, 0x02, 0x1d, 0x1f, 0x3b, 0xdf, 0xba, 0x89, 0x3d,
    0x72, 0x6b, 0x7f, 0xbf, 0x2a, 0x09, 0x02, 0x03, 0x3d, 0xcf, 0x73, 0x3e, 0x57, 0x3b, 0x0e, 0x3f,
    0x3d, 0xcf, 0x73, 0x3e, 0x57, 0x3b, 0x0e, 0x3f, 0x00, 0x00, 0x00, 0x00, 0x00, 0x00, 0x00, 0x00,
    0x00, 0x00, 0x00, 0x00, 0x00, 0x00, 0x00, 0x00, 0x91, 0x34, 0x96, 0xc3, 0xe2, 0xa9, 0x96, 0x43,
    0x6d, 0xd1, 0x95, 0xc3, 0x70, 0x73, 0x96, 0x3a, 0xdc, 0xec, 0x89, 0x3d, 0x2c, 0x6b, 0x7f, 0xbf,
    0x2a, 0x09, 0x02, 0x07, 0x3d, 0xcf, 0x73, 0x3e, 0x5a, 0x94, 0xe3, 0x3e, 0x3d, 0xcf, 0x73, 0x3e,
    0x5a, 0x94, 0xe3, 0x3e, 0x00, 0x00, 0x00, 0x00, 0x00, 0x00, 0x00, 0x00, 0x00, 0x00, 0x00, 0x00,
    0x00, 0x00, 0x00, 0x00, 0xed, 0x37, 0x96, 0xc3, 0x22, 0xaa, 0x96, 0x43, 0x69, 0xd1, 0x95, 0xc3,
    0x17, 0xc6, 0x14, 0xba, 0xc2, 0x2f, 0x8a, 0x3d, 0xa5, 0x6a, 0x7f, 0xbf, 0x2a, 0x09, 0x02, 0x09,
    0x3d, 0xcf, 0x73, 0x3e, 0x05, 0xb2, 0xaa, 0x3e, 0x3d, 0xcf, 0x73, 0x3e, 0x05, 0xb2, 0xaa, 0x3e,
    0x00, 0x00, 0x00, 0x00, 0x00, 0x00, 0x00, 0x00, 0x00, 0x00, 0x00, 0x00, 0x00, 0x00, 0x00, 0x00,
    0xb6, 0x3a, 0x96, 0xc3, 0x57, 0xaa, 0x96, 0x43, 0x65, 0xd1, 0x95, 0xc3, 0x4a, 0x6c, 0x4d, 0xbb,
    0xad, 0x93, 0x8a, 0x3d, 0x7c, 0x69, 0x7f, 0xbf, 0x2a, 0x09, 0x02, 0x09, 0x3d, 0xcf, 0x73, 0x3e,
    0x58, 0x9f, 0x63, 0x3e, 0x3d, 0xcf, 0x73, 0x3e, 0x58, 0x9f, 0x63, 0x3e, 0x00, 0x00, 0x00, 0x00,
    0x00, 0x00, 0x00, 0x00, 0x00, 0x00, 0x00, 0x00, 0x00, 0x00, 0x00, 0x00, 0xdb, 0x3c, 0x96, 0xc3,
    0x7f, 0xaa, 0x96, 0x43, 0x5f, 0xd1, 0x95, 0xc3, 0xab, 0xd8, 0xfc, 0xbb, 0x6e, 0x45, 0x8b, 0x3d,
    0x57, 0x66, 0x7f, 0xbf, 0x2a, 0x09, 0x02, 0x09, 0x3d, 0xcf, 0x73, 0x3e, 0x6d, 0xb5, 0xe3, 0x3d,
    0x3d, 0xcf, 0x73, 0x3e, 0x6d, 0xb5, 0xe3, 0x3d, 0x00, 0x00, 0x00, 0x00, 0x00, 0x00, 0x00, 0x00,
    0x00, 0x00, 0x00, 0x00, 0x00, 0x00, 0x00, 0x00, 0x50, 0x3e, 0x96, 0xc3, 0x9b, 0xaa, 0x96, 0x43,
    0x59, 0xd1, 0x95, 0xc3, 0x72, 0xaa, 0x2c, 0xbc, 0x91, 0xb2, 0x8b, 0x3d, 0xb7, 0x63, 0x7f, 0xbf,
    0x2a, 0x09, 0x02, 0x00, 0x3d, 0xcf, 0x73, 0x3e, 0xc0, 0x24, 0xb0, 0x38, 0x3d, 0xcf, 0x73, 0x3e,
    0xc0, 0x24, 0xb0, 0x38, 0x00, 0x00, 0x00, 0x00, 0x00, 0x00, 0x00, 0x00, 0x00, 0x00, 0x00, 0x00,
    0x00, 0x00, 0x00, 0x00, 0x78, 0x2b, 0x96, 0xc3, 0x72, 0xad, 0x96, 0x43, 0x29, 0xd1, 0x95, 0xc3,
    0xeb, 0xbb, 0x6d, 0x3b, 0xe2, 0x0d, 0x8b, 0x3d, 0x56, 0x68, 0x7f, 0xbf, 0x2a, 0x09, 0x02, 0x01,
    0x31, 0x0c, 0x43, 0x3e, 0x82, 0xac, 0x2a, 0x3f, 0x31, 0x0c, 0x43, 0x3e, 0x82, 0xac, 0x2a, 0x3f,
    0x00, 0x00, 0x00, 0x00, 0x00, 0x00, 0x00, 0x00, 0x00, 0x00, 0x00, 0x00, 0x00, 0x00, 0x00, 0x00,
    0x8b, 0x26, 0x96, 0xc3, 0x14, 0xad, 0x96, 0x43, 0x2a, 0xd1, 0x95, 0xc3, 0x38, 0x30, 0x8a, 0x3b,
    0x8a, 0x3c, 0x8b, 0x3d, 0xc9, 0x67, 0x7f, 0xbf, 0x2a, 0x09, 0x02, 0x00, 0xab, 0xaa, 0x2a, 0x3e,
    0xac, 0x1d, 0x47, 0x3f, 0xab, 0xaa, 0x2a, 0x3e, 0xac, 0x1d, 0x47, 0x3f, 0x00, 0x00, 0x00, 0x00,
    0x00, 0x00, 0x00, 0x00, 0x00, 0x00, 0x00, 0x00, 0x00, 0x00, 0x00, 0x00, 0x49, 0x30, 0x96, 0xc3,
    0x59, 0xac, 0x96, 0x43, 0x40, 0xd1, 0x95, 0xc3, 0xf9, 0x41, 0x24, 0x3b, 0x08, 0xcc, 0x8a, 0x3d,
    0x1f, 0x69, 0x7f, 0xbf, 0x2a, 0x09, 0x02, 0x03, 0xb7, 0x6d, 0x5b, 0x3e, 0x57, 0x3b, 0x0e, 0x3f,
    0xb7, 0x6d, 0x5b, 0x3e, 0x57, 0x3b, 0x0e, 0x3f, 0x00, 0x00, 0x00, 0x00, 0x00, 0x00, 0x00, 0x00,
    0x00, 0x00, 0x00, 0x00, 0x00, 0x00, 0x00, 0x00, 0x10, 0x34, 0x96, 0xc3, 0x35, 0xad, 0x96, 0x43,
    0x33, 0xd1, 0x95, 0xc3, 0x40, 0x7a, 0xa4, 0x3a, 0x40, 0x61, 0x8b, 0x3d, 0x02, 0x68, 0x7f, 0xbf,
    0x2a, 0x09, 0x02, 0x07, 0xb7, 0x6d, 0x5b, 0x3e, 0x5a, 0x94, 0xe3, 0x3e, 0xb7, 0x6d, 0x5b, 0x3e,
    0x5a, 0x94, 0xe3, 0x3e, 0x00, 0x00, 0x00, 0x00, 0x00, 0x00, 0x00, 0x00, 0x00, 0x00, 0x00, 0x00,
    0x00, 0x00, 0x00, 0x00, 0x5a, 0x37, 0x96, 0xc3, 0xf4, 0xad, 0x96, 0x43, 0x27, 0xd1, 0x95, 0xc3,
    0xf5, 0x67, 0xdd, 0xb9, 0x23, 0x29, 0x8c, 0x3d, 0x58, 0x66, 0x7f, 0xbf, 0x2a, 0x09, 0x02, 0x09,
    0xb7, 0x6d, 0x5b, 0x3e, 0x05, 0xb2, 0xaa, 0x3e, 0xb7, 0x6d, 0x5b, 0x3e, 0x05, 0xb2, 0xaa, 0x3e,
    0x00, 0x00, 0x00, 0x00, 0x00, 0x00, 0x00, 0x00, 0x00, 0x00, 0x00, 0x00, 0x00, 0x00, 0x00, 0x00,
    0x12, 0x3a, 0x96, 0xc3, 0x92, 0xae, 0x96, 0x43, 0x1b, 0xd1, 0x95, 0xc3, 0x46, 0x28, 0x40, 0xbb,
    0x0f, 0x54, 0x8d, 0x3d, 0x7e, 0x63, 0x7f, 0xbf, 0x2a, 0x09, 0x02, 0x09, 0xb7, 0x6d, 0x5b, 0x3e,
    0x58, 0x9f, 0x63, 0x3e, 0xb7, 0x6d, 0x5b, 0x3e, 0x58, 0x9f, 0x63, 0x3e, 0x00, 0x00, 0x00, 0x00,
    0x00, 0x00, 0x00, 0x00, 0x00, 0x00, 0x00, 0x00, 0x00, 0x00, 0x00, 0x00, 0x2b, 0x3c, 0x96, 0xc3,
    0x0c, 0xaf, 0x96, 0x43, 0x10, 0xd1, 0x95, 0xc3, 0x7e, 0xde, 0xf2, 0xbb, 0xff, 0x68, 0x8f, 0x3d,
    0x54, 0x5d, 0x7f, 0xbf, 0x2a, 0x09, 0x02, 0x09, 0xb7, 0x6d, 0x5b, 0x3e, 0x6d, 0xb5, 0xe3, 0x3d,
    0xb7, 0x6d, 0x5b, 0x3e, 0x6d, 0xb5, 0xe3, 0x3d, 0x00, 0x00, 0x00, 0x00, 0x00, 0x00, 0x00, 0x00,
    0x00, 0x00, 0x00, 0x00, 0x00, 0x00, 0x00, 0x00, 0x98, 0x3d, 0x96, 0xc3, 0x5f, 0xaf, 0x96, 0x43,
    0x06, 0xd1, 0x95, 0xc3, 0xb3, 0xa5, 0x26, 0xbc, 0xed, 0xb0, 0x90, 0x3d, 0xd9, 0x58, 0x7f, 0xbf,
    0x2a, 0x09, 0x02, 0x00, 0xb7, 0x6d, 0x5b, 0x3e, 0xc0, 0x24, 0xb0, 0x38, 0xb7, 0x6d, 0x5b, 0x3e,
    0xc0, 0x24, 0xb0, 0x38, 0x00, 0x00, 0x00, 0x00, 0x00, 0x00, 0x00, 0x00, 0x00, 0x00, 0x00, 0x00,
    0x00, 0x00, 0x00, 0x00, 0x8a, 0x2a, 0x96, 0xc3, 0x61, 0xaf, 0x96, 0x43, 0x07, 0xd1, 0x95, 0xc3,
    0x46, 0x55, 0x78, 0x3b, 0xb7, 0xbd, 0x8b, 0x3d, 0xcd, 0x66, 0x7f, 0xbf, 0x2a, 0x09, 0x02, 0x01,
    0xab, 0xaa, 0x2a, 0x3e, 0x82, 0xac, 0x2a, 0x3f, 0xab, 0xaa, 0x2a, 0x3e, 0x82, 0xac, 0x2a, 0x3f,
    0x00, 0x00, 0x00, 0x00, 0x00, 0x00, 0x00, 0x00, 0x00, 0x00, 0x00, 0x00, 0x00, 0x00, 0x00, 0x00,
    0xb8, 0x25, 0x96, 0xc3, 0x48, 0xae, 0x96, 0x43, 0x14, 0xd1, 0x95, 0xc3, 0x5d, 0xb5, 0x8f, 0x3b,
    0xdf, 0xbd, 0x8b, 0x3d, 0xa3, 0x66, 0x7f, 0xbf, 0x2a, 0x09, 0x02, 0x00, 0x25, 0x49, 0x12, 0x3e,
    0xac, 0x1d, 0x47, 0x3f, 0x25, 0x49, 0x12, 0x3e, 0xac, 0x1d, 0x47, 0x3f, 0x00, 0x00, 0x00, 0x00,
    0x00, 0x00, 0x00, 0x00, 0x00, 0x00, 0x00, 0x00, 0x00, 0x00, 0x00, 0x00, 0x77, 0x2f, 0x96, 0xc3,
    0x02, 0xaf, 0x96, 0x43, 0x11, 0xd1, 0x95, 0xc3, 0x09, 0x72, 0x2e, 0x3b, 0x02, 0xd4, 0x8b, 0x3d,
    0xd8, 0x66, 0x7f, 0xbf, 0x2a, 0x09, 0x02, 0x03, 0x31, 0x0c, 0x43, 0x3e, 0x57, 0x3b, 0x0e, 0x3f,
    0x31, 0x0c, 0x43, 0x3e, 0x57, 0x3b, 0x0e, 0x3f, 0x00, 0x00, 0x00, 0x00, 0x00, 0x00, 0x00, 0x00,
    0x00, 0x00, 0x00, 0x00, 0x00, 0x00, 0x00, 0x00, 0x12, 0x33, 0x96, 0xc3, 0x6b, 0xb0, 0x96, 0x43,
    0xfa, 0xd0, 0x95, 0xc3, 0x39, 0x41, 0xc0, 0x3a, 0x20, 0xc9, 0x8c, 0x3d, 0xe7, 0x64, 0x7f, 0xbf,
    0x2a, 0x09, 0x02, 0x07, 0x31, 0x0c, 0x43, 0x3e, 0x5a, 0x94, 0xe3, 0x3e, 0x31, 0x0c, 0x43, 0x3e,
    0x5a, 0x94, 0xe3, 0x3e, 0x00, 0x00, 0x00, 0x00, 0x00, 0x00, 0x00, 0x00, 0x00, 0x00, 0x00, 0x00,
    0x00, 0x00, 0x00, 0x00, 0x36, 0x36, 0x96, 0xc3, 0xa6, 0xb1, 0x96, 0x43, 0xe5, 0xd0, 0x95, 0xc3,
    0xbc, 0x3d, 0x0d, 0xb9, 0x86, 0x11, 0x8e, 0x3d, 0x22, 0x62, 0x7f, 0xbf, 0x2a, 0x09, 0x02, 0x09,
    0x31, 0x0c, 0x43, 0x3e, 0x05, 0xb2, 0xaa, 0x3e, 0x31, 0x0c, 0x43, 0x3e, 0x05, 0xb2, 0xaa, 0x3e,
    0x00, 0x00, 0x00, 0x00, 0x00, 0x00, 0x00, 0x00, 0x00, 0x00, 0x00, 0x00, 0x00, 0x00, 0x00, 0x00,
    0xcf, 0x38, 0x96, 0xc3, 0xaa, 0xb2, 0x96, 0x43, 0xd3, 0xd0, 0x95, 0xc3, 0x1a, 0xe3, 0x25, 0xbb,
    0xbf, 0xfc, 0x8f, 0x3d, 0x9f, 0x5d, 0x7f, 0xbf, 0x2a, 0x09, 0x02, 0x09, 0x31, 0x0c, 0x43, 0x3e,
    0x58, 0x9f, 0x63, 0x3e, 0x31, 0x0c, 0x43, 0x3e, 0x58, 0x9f, 0x63, 0x3e, 0x00, 0x00, 0x00, 0x00,
    0x00, 0x00, 0x00, 0x00, 0x00, 0x00, 0x00, 0x00, 0x00, 0x00, 0x00, 0x00, 0xd0, 0x3a, 0x96, 0xc3,
    0x72, 0xb3, 0x96, 0x43, 0xc2, 0xd0, 0x95, 0xc3, 0x52, 0x1c, 0xdf, 0xbb, 0xed, 0x68, 0x93, 0x3d,
    0x80, 0x54, 0x7f, 0xbf, 0x2a, 0x09, 0x02, 0x09, 0x31, 0x0c, 0x43, 0x3e, 0x6d, 0xb5, 0xe3, 0x3d,
    0x31, 0x0c, 0x43, 0x3e, 0x6d, 0xb5, 0xe3, 0x3d, 0x00, 0x00, 0x00, 0x00, 0x00, 0x00, 0x00, 0x00,
    0x00, 0x00, 0x00, 0x00, 0x00, 0x00, 0x00, 0x00, 0x2c, 0x3c, 0x96, 0xc3, 0xfa, 0xb3, 0x96, 0x43,
    0xb5, 0xd0, 0x95, 0xc3, 0x5c, 0xba, 0x1a, 0xbc, 0x4a, 0x84, 0x95, 0x3d, 0x32, 0x4e, 0x7f, 0xbf,
    0x2a, 0x09, 0x02, 0x00, 0x31, 0x0c, 0x43, 0x3e, 0xc0, 0x24, 0xb0, 0x38, 0x31, 0x0c, 0x43, 0x3e,
    0xc0, 0x24, 0xb0, 0x38, 0x00, 0x00, 0x00, 0x00, 0x00, 0x00, 0x00, 0x00, 0x00, 0x00, 0x00, 0x00,
    0x00, 0x00, 0x00, 0x00, 0x54, 0x29, 0x96, 0xc3, 0x27, 0xb1, 0x96, 0x43, 0xe6, 0xd0, 0x95, 0xc3,
    0x73, 0x0c, 0x83, 0x3b, 0xf3, 0x5e, 0x8c, 0x3d, 0x5c, 0x65, 0x7f, 0xbf, 0x2a, 0x09, 0x02, 0x01,
    0x25, 0x49, 0x12, 0x3e, 0x82, 0xac, 0x2a, 0x3f, 0x25, 0x49, 0x12, 0x3e, 0x82, 0xac, 0x2a, 0x3f,
    0x00, 0x00, 0x00, 0x00, 0x00, 0x00, 0x00, 0x00, 0x00, 0x00, 0x00, 0x00, 0x00, 0x00, 0x00, 0x00,
    0xba, 0x24, 0x96, 0xc3, 0x5a, 0xaf, 0x96, 0x43, 0x01, 0xd1, 0x95, 0xc3, 0xe6, 0x5f, 0x96, 0x3b,
    0x9c, 0x30, 0x8c, 0x3d, 0x98, 0x65, 0x7f, 0xbf, 0x2a, 0x09, 0x02, 0x00, 0x3d, 0xcf, 0xf3, 0x3d,
    0xac, 0x1d, 0x47, 0x3f, 0x3d, 0xcf, 0xf3, 0x3d, 0xac, 0x1d, 0x47, 0x3f, 0x00, 0x00, 0x00, 0x00,
    0x00, 0x00, 0x00, 0x00, 0x00, 0x00, 0x00, 0x00, 0x00, 0x00, 0x00, 0x00, 0x41, 0x2e, 0x96, 0xc3,
    0x85, 0xb1, 0x96, 0x43, 0xe4, 0xd0, 0x95, 0xc3, 0xf2, 0x72, 0x3d, 0x3b, 0xe6, 0xcc, 0x8c, 0x3d,
    0xab, 0x64, 0x7f, 0xbf, 0x2a, 0x09, 0x02, 0x03, 0xab, 0xaa, 0x2a, 0x3e, 0x57, 0x3b, 0x0e, 0x3f,
    0xab, 0xaa, 0x2a, 0x3e, 0x57, 0x3b, 0x0e, 0x3f, 0x00, 0x00, 0x00, 0x00, 0x00, 0x00, 0x00, 0x00,
    0x00, 0x00, 0x00, 0x00, 0x00, 0x00, 0x00, 0x00, 0x9c, 0x31, 0x96, 0xc3, 0x73, 0xb3, 0x96, 0x43,
    0xc4, 0xd0, 0x95, 0xc3, 0xb0, 0x29, 0xe9, 0x3a, 0x6f, 0x1c, 0x8e, 0x3d, 0xef, 0x61, 0x7f, 0xbf,
    0x2a, 0x09, 0x02, 0x07, 0xab, 0xaa, 0x2a, 0x3e, 0x5a, 0x94, 0xe3, 0x3e, 0xab, 0xaa, 0x2a, 0x3e,
    0x5a, 0x94, 0xe3, 0x3e, 0x00, 0x00, 0x00, 0x00, 0x00, 0x00, 0x00, 0x00, 0x00, 0x00, 0x00, 0x00,
    0x00, 0x00, 0x00, 0x00, 0x88, 0x34, 0x96, 0xc3, 0x21, 0xb5, 0x96, 0x43, 0xa7, 0xd0, 0x95, 0xc3,
    0xcd, 0x71, 0x97, 0x39, 0xff, 0xdd, 0x8f, 0x3d, 0x1a, 0x5e, 0x7f, 0xbf, 0x2a, 0x09, 0x02, 0x09,
    0xab, 0xaa, 0x2a, 0x3e, 0x05, 0xb2, 0xaa, 0x3e, 0xab, 0xaa, 0x2a, 0x3e, 0x05, 0xb2, 0xaa, 0x3e,
    0x00, 0x00, 0x00, 0x00, 0x00, 0x00, 0x00, 0x00, 0x00, 0x00, 0x00, 0x00, 0x00, 0x00, 0x00, 0x00,
    0xf3, 0x36, 0x96, 0xc3, 0x85, 0xb6, 0x96, 0x43, 0x8d, 0xd0, 0x95, 0xc3, 0xef, 0x65, 0xfe, 0xba,
    0x89, 0x7e, 0x92, 0x3d, 0x01, 0x58, 0x7f, 0xbf, 0x2a, 0x09, 0x02, 0x09, 0xab, 0xaa, 0x2a, 0x3e,
    0x58, 0x9f, 0x63, 0x3e, 0xab, 0xaa, 0x2a, 0x3e, 0x58, 0x9f, 0x63, 0x3e, 0x00, 0x00, 0x00, 0x00,
    0x00, 0x00, 0x00, 0x00, 0x00, 0x00, 0x00, 0x00, 0x00, 0x00, 0x00, 0x00, 0xd0, 0x38, 0x96, 0xc3,
    0x98, 0xb7, 0x96, 0x43, 0x78, 0xd0, 0x95, 0xc3, 0x28, 0x03, 0xc2, 0xbb, 0x59, 0x2e, 0x97, 0x3d,
    0x0e, 0x4c, 0x7f, 0xbf, 0x2a, 0x09, 0x02, 0x09, 0xab, 0xaa, 0x2a, 0x3e, 0x6d, 0xb5, 0xe3, 0x3d,
    0xab, 0xaa, 0x2a, 0x3e, 0x6d, 0xb5, 0xe3, 0x3d, 0x00, 0x00, 0x00, 0x00, 0x00, 0x00, 0x00, 0x00,
    0x00, 0x00, 0x00, 0x00, 0x00, 0x00, 0x00, 0x00, 0x14, 0x3a, 0x96, 0xc3, 0x52, 0xb8, 0x96, 0x43,
    0x67, 0xd0, 0x95, 0xc3, 0xa4, 0x2c, 0x09, 0xbc, 0x0f, 0x11, 0x9a, 0x3d, 0x00, 0x44, 0x7f, 0xbf,
    0x2a, 0x09, 0x02, 0x00, 0xab, 0xaa, 0x2a, 0x3e, 0xc0, 0x24, 0xb0, 0x38, 0xab, 0xaa, 0x2a, 0x3e,
    0xc0, 0x24, 0xb0, 0x38, 0x00, 0x00, 0x00, 0x00, 0x00, 0x00, 0x00, 0x00, 0x00, 0x00, 0x00, 0x00,
    0x00, 0x00, 0x00, 0x00, 0xde, 0x27, 0x96, 0xc3, 0xb9, 0xb2, 0x96, 0x43, 0xc9, 0xd0, 0x95, 0xc3,
    0x12, 0x5c, 0x8b, 0x3b, 0x01, 0xee, 0x8c, 0x3d, 0x10, 0x64, 0x7f, 0xbf, 0x2a, 0x09, 0x02, 0x01,
    0x3d, 0xcf, 0xf3, 0x3d, 0x82, 0xac, 0x2a, 0x3f, 0x3d, 0xcf, 0xf3, 0x3d, 0x82, 0xac, 0x2a, 0x3f,
    0x00, 0x00, 0x00, 0x00, 0x00, 0x00, 0x00, 0x00, 0x00, 0x00, 0x00, 0x00, 0x00, 0x00, 0x00, 0x00,
    0x96, 0x23, 0x96, 0xc3, 0x42, 0xb0, 0x96, 0x43, 0xef, 0xd0, 0x95, 0xc3, 0xb7, 0x09, 0x9e, 0x3b,
    0x36, 0x92, 0x8c, 0x3d, 0xaf, 0x64, 0x7f, 0xbf, 0x2a, 0x09, 0x02, 0x00, 0x31, 0x0c, 0xc3, 0x3d,
    0xac, 0x1d, 0x47, 0x3f, 0x31, 0x0c, 0xc3, 0x3d, 0xac, 0x1d, 0x47, 0x3f, 0x00, 0x00, 0x00, 0x00,
    0x00, 0x00, 0x00, 0x00, 0x00, 0x00, 0x00, 0x00, 0x00, 0x00, 0x00, 0x00, 0xaf, 0x2c, 0x96, 0xc3,
    0xd2, 0xb3, 0x96, 0x43, 0xba, 0xd0, 0x95, 0xc3, 0xe0, 0xee, 0x50, 0x3b, 0x25, 0xb1, 0x8d, 0x3d,
    0xa2, 0x62, 0x7f, 0xbf, 0x2a, 0x09, 0x02, 0x03, 0x25, 0x49, 0x12, 0x3e, 0x57, 0x3b, 0x0e, 0x3f,
    0x25, 0x49, 0x12, 0x3e, 0x57, 0x3b, 0x0e, 0x3f, 0x00, 0x00, 0x00, 0x00, 0x00, 0x00, 0x00, 0x00,
    0x00, 0x00, 0x00, 0x00, 0x00, 0x00, 0x00, 0x00, 0xb7, 0x2f, 0x96, 0xc3, 0x3a, 0xb6, 0x96, 0x43,
    0x91, 0xd0, 0x95, 0xc3, 0xc1, 0x24, 0x0f, 0x3b, 0x99, 0x53, 0x8f, 0x3d, 0x2a, 0x5f, 0x7f, 0xbf,
    0x2a, 0x09, 0x02, 0x07, 0x25, 0x49, 0x12, 0x3e, 0x5a, 0x94, 0xe3, 0x3e, 0x25, 0x49, 0x12, 0x3e,
    0x5a, 0x94, 0xe3, 0x3e, 0x00, 0x00, 0x00, 0x00, 0x00, 0x00, 0x00, 0x00, 0x00, 0x00, 0x00, 0x00,
    0x00, 0x00, 0x00, 0x00, 0x59, 0x32, 0x96, 0xc3, 0x53, 0xb8, 0x96, 0x43, 0x6d, 0xd0, 0x95, 0xc3,
    0xad, 0xe9, 0x5b, 0x3a, 0x46, 0x84, 0x91, 0x3d, 0x58, 0x5a, 0x7f, 0xbf, 0x2a, 0x09, 0x02, 0x09,
    0x25, 0x49, 0x12, 0x3e, 0x05, 0xb2, 0xaa, 0x3e, 0x25, 0x49, 0x12, 0x3e, 0x05, 0xb2, 0xaa, 0x3e,
    0x00, 0x00, 0x00, 0x00, 0x00, 0x00, 0x00, 0x00, 0x00, 0x00, 0x00, 0x00, 0x00, 0x00, 0x00, 0x00,
    0x88, 0x34, 0x96, 0xc3, 0x0f, 0xba, 0x96, 0x43, 0x4d, 0xd0, 0x95, 0xc3, 0x4c, 0xea, 0x99, 0xba,
    0x19, 0xcb, 0x94, 0x3d, 0xc5, 0x52, 0x7f, 0xbf, 0x2a, 0x09, 0x02, 0x09, 0x25, 0x49, 0x12, 0x3e,
    0x58, 0x9f, 0x63, 0x3e, 0x25, 0x49, 0x12, 0x3e, 0x58, 0x9f, 0x63, 0x3e, 0x00, 0x00, 0x00, 0x00,
    0x00, 0x00, 0x00, 0x00, 0x00, 0x00, 0x00, 0x00, 0x00, 0x00, 0x00, 0x00, 0x37, 0x36, 0x96, 0xc3,
    0x65, 0xbb, 0x96, 0x43, 0x33, 0xd0, 0x95, 0xc3, 0x6e, 0x39, 0x9c, 0xbb, 0xb2, 0xa3, 0x9a, 0x3d,
    0x2d, 0x44, 0x7f, 0xbf, 0x2a, 0x09, 0x02, 0x09, 0x25, 0x49, 0x12, 0x3e, 0x6d, 0xb5, 0xe3, 0x3d,
    0x25, 0x49, 0x12, 0x3e, 0x6d, 0xb5, 0xe3, 0x3d, 0x00, 0x00, 0x00, 0x00, 0x00, 0x00, 0x00, 0x00,
    0x00, 0x00, 0x00, 0x00, 0x00, 0x00, 0x00, 0x00, 0x5b, 0x37, 0x96, 0xc3, 0x4d, 0xbc, 0x96, 0x43,
    0x1f, 0xd0, 0x95, 0xc3, 0xff, 0xc1, 0xe4, 0xbb, 0x39, 0x3d, 0x9e, 0x3d, 0x7e, 0x3a, 0x7f, 0xbf,
    0x2a, 0x09, 0x02, 0x00, 0x25, 0x49, 0x12, 0x3e, 0xc0, 0x24, 0xb0, 0x38, 0x25, 0x49, 0x12, 0x3e,
    0xc0, 0x24, 0xb0, 0x38, 0x00, 0x00, 0x00, 0x00, 0x00, 0x00, 0x00, 0x00, 0x00, 0x00, 0x00, 0x00,
    0x00, 0x00, 0x00, 0x00, 0x2f, 0x26, 0x96, 0xc3, 0x0f, 0xb4, 0x96, 0x43, 0xaf, 0xd0, 0x95, 0xc3,
    0xf4, 0xe9, 0x94, 0x3b, 0xaf, 0x67, 0x8d, 0x3d, 0xee, 0x62, 0x7f, 0xbf, 0x2a, 0x09, 0x02, 0x01,
    0x31, 0x0c, 0xc3, 0x3d, 0x82, 0xac, 0x2a, 0x3f, 0x31, 0x0c, 0xc3, 0x3d, 0x82, 0xac, 0x2a, 0x3f,
    0x00, 0x00, 0x00, 0x00, 0x00, 0x00, 0x00, 0x00, 0x00, 0x00, 0x00, 0x00, 0x00, 0x00, 0x00, 0x00,
    0x52, 0x22, 0x96, 0xc3, 0xfd, 0xb0, 0x96, 0x43, 0xe1, 0xd0, 0x95, 0xc3, 0xfc, 0x86, 0xa6, 0x3b,
    0x79, 0xe0, 0x8c, 0x3d, 0xed, 0x63, 0x7f, 0xbf, 0x2a, 0x09, 0x02, 0x00, 0x24, 0x49, 0x92, 0x3d,
    0xac, 0x1d, 0x47, 0x3f, 0x24, 0x49, 0x92, 0x3d, 0xac, 0x1d, 0x47, 0x3f, 0x00, 0x00, 0x00, 0x00,
    0x00, 0x00, 0x00, 0x00, 0x00, 0x00, 0x00, 0x00, 0x00, 0x00, 0x00, 0x00, 0xc9, 0x2a, 0x96, 0xc3,
    0xdc, 0xb5, 0x96, 0x43, 0x94, 0xd0, 0x95, 0xc3, 0x65, 0x76, 0x68, 0x3b, 0xa7, 0x7b, 0x8e, 0x3d,
    0xcb, 0x60, 0x7f, 0xbf, 0x2a, 0x09, 0x02, 0x03, 0x3d, 0xcf, 0xf3, 0x3d, 0x57, 0x3b, 0x0e, 0x3f,
    0x3d, 0xcf, 0xf3, 0x3d, 0x57, 0x3b, 0x0e, 0x3f, 0x00, 0x00, 0x00, 0x00, 0x00, 0x00, 0x00, 0x00,
    0x00, 0x00, 0x00, 0x00, 0x00, 0x00, 0x00, 0x00, 0x6c, 0x2d, 0x96, 0xc3, 0xb1, 0xb8, 0x96, 0x43,
    0x64, 0xd0, 0x95, 0xc3, 0x82, 0x38, 0x2f, 0x3b, 0xab, 0x67, 0x90, 0x3d, 0xa8, 0x5c, 0x7f, 0xbf,
    0x2a, 0x09, 0x02, 0x07, 0x3d, 0xcf, 0xf3, 0x3d, 0x5a, 0x94, 0xe3, 0x3e, 0x3d, 0xcf, 0xf3, 0x3d,
    0x5a, 0x94, 0xe3, 0x3e, 0x00, 0x00, 0x00, 0x00, 0x00, 0x00, 0x00, 0x00, 0x00, 0x00, 0x00, 0x00,
    0x00, 0x00, 0x00, 0x00, 0xb7, 0x2f, 0x96, 0xc3, 0x28, 0xbb, 0x96, 0x43, 0x38, 0xd0, 0x95, 0xc3,
    0x38, 0x05, 0xc5, 0x3a, 0xed, 0xfa, 0x92, 0x3d, 0xf0, 0x56, 0x7f, 0xbf, 0x2a, 0x09, 0x02, 0x09,
    0x3d, 0xcf, 0xf3, 0x3d, 0x05, 0xb2, 0xaa, 0x3e, 0x3d, 0xcf, 0xf3, 0x3d, 0x05, 0xb2, 0xaa, 0x3e,
    0x00, 0x00, 0x00, 0x00, 0x00, 0x00, 0x00, 0x00, 0x00, 0x00, 0x00, 0x00, 0x00, 0x00, 0x00, 0x00,
    0x9d, 0x31, 0x96, 0xc3, 0x33, 0xbd, 0x96, 0x43, 0x12, 0xd0, 0x95, 0xc3, 0x32, 0x46, 0x82, 0xb9,
    0x47, 0xd5, 0x96, 0x3d, 0x06, 0x4e, 0x7f, 0xbf, 0x2a, 0x09, 0x02, 0x09, 0x3d, 0xcf, 0xf3, 0x3d,
    0x58, 0x9f, 0x63, 0x3e, 0x3d, 0xcf, 0xf3, 0x3d, 0x58, 0x9f, 0x63, 0x3e, 0x00, 0x00, 0x00, 0x00,
    0x00, 0x00, 0x00, 0x00, 0x00, 0x00, 0x00, 0x00, 0x00, 0x00, 0x00, 0x00, 0x14, 0x33, 0x96, 0xc3,
    0xc5, 0xbe, 0x96, 0x43, 0xf4, 0xcf, 0x95, 0xc3, 0x48, 0x2e, 0x5d, 0xbb, 0x2d, 0xb5, 0x9d, 0x3d,
    0x08, 0x3d, 0x7f, 0xbf, 0x2a, 0x09, 0x02, 0x09, 0x3d, 0xcf, 0xf3, 0x3d, 0x6d, 0xb5, 0xe3, 0x3d,
    0x3d, 0xcf, 0xf3, 0x3d, 0x6d, 0xb5, 0xe3, 0x3d, 0x00, 0x00, 0x00, 0x00, 0x00, 0x00, 0x00, 0x00,
    0x00, 0x00, 0x00, 0x00, 0x00, 0x00, 0x00, 0x00, 0x12, 0x34, 0x96, 0xc3, 0xd6, 0xbf, 0x96, 0x43,
    0xdd, 0xcf, 0x95, 0xc3, 0x60, 0xb3, 0xad, 0xbb, 0xe9, 0xf0, 0xa1, 0x3d, 0xe2, 0x31, 0x7f, 0xbf,
    0x2a, 0x09, 0x02, 0x00, 0x3d, 0xcf, 0xf3, 0x3d, 0xc0, 0x24, 0xb0, 0x38, 0x3d, 0xcf, 0xf3, 0x3d,
    0xc0, 0x24, 0xb0, 0x38, 0x00, 0x00, 0x00, 0x00, 0x00, 0x00, 0x00, 0x00, 0x00, 0x00, 0x00, 0x00,
    0x00, 0x00, 0x00, 0x00, 0x53, 0x24, 0x96, 0xc3, 0x22, 0xb5, 0x96, 0x43, 0x9a, 0xd0, 0x95, 0xc3,
    0x78, 0x7f, 0x9f, 0x3b, 0x42, 0xc9, 0x8d, 0x3d, 0xfb, 0x61, 0x7f, 0xbf, 0x2a, 0x09, 0x02, 0x01,
    0x24, 0x49, 0x92, 0x3d, 0x82, 0xac, 0x2a, 0x3f, 0x24, 0x49, 0x92, 0x3d, 0x82, 0xac, 0x2a, 0x3f,
    0x00, 0x00, 0x00, 0x00, 0x00, 0x00, 0x00, 0x00, 0x00, 0x00, 0x00, 0x00, 0x00, 0x00, 0x00, 0x00,
    0xf6, 0x20, 0x96, 0xc3, 0x85, 0xb1, 0x96, 0x43, 0xd6, 0xd0, 0x95, 0xc3, 0x2b, 0xa7, 0xaf, 0x3b,
    0xa8, 0x19, 0x8d, 0x3d, 0x56, 0x63, 0x7f, 0xbf, 0x2a, 0x09, 0x02, 0x00, 0x31, 0x0c, 0x43, 0x3d,
    0xac, 0x1d, 0x47, 0x3f, 0x31, 0x0c, 0x43, 0x3d, 0xac, 0x1d, 0x47, 0x3f, 0x00, 0x00, 0x00, 0x00,
    0x00, 0x00, 0x00, 0x00, 0x00, 0x00, 0x00, 0x00, 0x00, 0x00, 0x00, 0x00, 0x9b, 0x28, 0x96, 0xc3,
    0x99, 0xb7, 0x96, 0x43, 0x73, 0xd0, 0x95, 0xc3, 0x7e, 0xc1, 0x81, 0x3b, 0xe5, 0x27, 0x8f, 0x3d,
    0x31, 0x5f, 0x7f, 0xbf, 0x2a, 0x09, 0x02, 0x03, 0x31, 0x0c, 0xc3, 0x3d, 0x57, 0x3b, 0x0e, 0x3f,
    0x31, 0x0c, 0xc3, 0x3d, 0x57, 0x3b, 0x0e, 0x3f, 0x00, 0x00, 0x00, 0x00, 0x00, 0x00, 0x00, 0x00,
    0x00, 0x00, 0x00, 0x00, 0x00, 0x00, 0x00, 0x00, 0xca, 0x2a, 0x96, 0xc3, 0xca, 0xba, 0x96, 0x43,
    0x3c, 0xd0, 0x95, 0xc3, 0x9e, 0x18, 0x54, 0x3b, 0x7a, 0x52, 0x91, 0x3d, 0x77, 0x5a, 0x7f, 0xbf,
    0x2a, 0x09, 0x02, 0x07, 0x31, 0x0c, 0xc3, 0x3d, 0x5a, 0x94, 0xe3, 0x3e, 0x31, 0x0c, 0xc3, 0x3d,
    0x5a, 0x94, 0xe3, 0x3e, 0x00, 0x00, 0x00, 0x00, 0x00, 0x00, 0x00, 0x00, 0x00, 0x00, 0x00, 0x00,
    0x00, 0x00, 0x00, 0x00, 0xb0, 0x2c, 0x96, 0xc3, 0x91, 0xbd, 0x96, 0x43, 0x0a, 0xd0, 0x95, 0xc3,
    0xc5, 0x8d, 0x14, 0x3b, 0x96, 0x39, 0x94, 0x3d, 0xf7, 0x53, 0x7f, 0xbf, 0x2a, 0x09, 0x02, 0x09,
    0x31, 0x0c, 0xc3, 0x3d, 0x05, 0xb2, 0xaa, 0x3e, 0x31, 0x0c, 0xc3, 0x3d, 0x05, 0xb2, 0xaa, 0x3e,
    0x00, 0x00, 0x00, 0x00, 0x00, 0x00, 0x00, 0x00, 0x00, 0x00, 0x00, 0x00, 0x00, 0x00, 0x00, 0x00,
    0x43, 0x2e, 0x96, 0xc3, 0xde, 0xbf, 0x96, 0x43, 0xdf, 0xcf, 0x95, 0xc3, 0xf3, 0xdb, 0x55, 0x3a,
    0x6a, 0x91, 0x98, 0x3d, 0xe1, 0x49, 0x7f, 0xbf, 0x2a, 0x09, 0x02, 0x09, 0x31, 0x0c, 0xc3, 0x3d,
    0x58, 0x9f, 0x63, 0x3e, 0x31, 0x0c, 0xc3, 0x3d, 0x58, 0x9f, 0x63, 0x3e, 0x00, 0x00, 0x00, 0x00,
    0x00, 0x00, 0x00, 0x00, 0x00, 0x00, 0x00, 0x00, 0x00, 0x00, 0x00, 0x00, 0x79, 0x2f, 0x96, 0xc3,
    0xa3, 0xc1, 0x96, 0x43, 0xbd, 0xcf, 0x95, 0xc3, 0x74, 0x85, 0xe8, 0xba, 0x43, 0x51, 0xa0, 0x3d,
    0xcd, 0x36, 0x7f, 0xbf, 0x2a, 0x09, 0x02, 0x09, 0x31, 0x0c, 0xc3, 0x3d, 0x6d, 0xb5, 0xe3, 0x3d,
    0x31, 0x0c, 0xc3, 0x3d, 0x6d, 0xb5, 0xe3, 0x3d, 0x00, 0x00, 0x00, 0x00, 0x00, 0x00, 0x00, 0x00,
    0x00, 0x00, 0x00, 0x00, 0x00, 0x00, 0x00, 0x00, 0x4c, 0x30, 0x96, 0xc3, 0xd7, 0xc2, 0x96, 0x43,
    0xa3, 0xcf, 0x95, 0xc3, 0xf2, 0xd0, 0x5c, 0xbb, 0xf5, 0x16, 0xa5, 0x3d, 0x5c, 0x2a, 0x7f, 0xbf,
    0x2a, 0x09, 0x02, 0x00, 0x31, 0x0c, 0xc3, 0x3d, 0xc0, 0x24, 0xb0, 0x38, 0x31, 0x0c, 0xc3, 0x3d,
    0xc0, 0x24, 0xb0, 0x38, 0x00, 0x00, 0x00, 0x00, 0x00, 0x00, 0x00, 0x00, 0x00, 0x00, 0x00, 0x00,
    0x00, 0x00, 0x00, 0x00, 0x53, 0x22, 0x96, 0xc3, 0xeb, 0xb5, 0x96, 0x43, 0x8a, 0xd0, 0x95, 0xc3,
    0x1a, 0xe0, 0xaa, 0x3b, 0x8f, 0x10, 0x8e, 0x3d, 0x40, 0x61, 0x7f, 0xbf, 0x2a, 0x09, 0x02, 0x01,
    0x31, 0x0c, 0x43, 0x3d, 0x82, 0xac, 0x2a, 0x3f, 0x31, 0x0c, 0x43, 0x3d, 0x82, 0xac, 0x2a, 0x3f,
    0x00, 0x00, 0x00, 0x00, 0x00, 0x00, 0x00, 0x00, 0x00, 0x00, 0x00, 0x00, 0x00, 0x00, 0x00, 0x00,
    0x8a, 0x1f, 0x96, 0xc3, 0xd8, 0xb1, 0x96, 0x43, 0xce, 0xd0, 0x95, 0xc3, 0x10, 0x36, 0xb9, 0x3b,
    0x7d, 0x3c, 0x8d, 0x3d, 0xee, 0x62, 0x7f, 0xbf, 0x2a, 0x09, 0x02, 0x00, 0x31, 0x0c, 0xc3, 0x3c,
    0xac, 0x1d, 0x47, 0x3f, 0x31, 0x0c, 0xc3, 0x3c, 0xac, 0x1d, 0x47, 0x3f, 0x00, 0x00, 0x00, 0x00,
    0x00, 0x00, 0x00, 0x00, 0x00, 0x00, 0x00, 0x00, 0x00, 0x00, 0x00, 0x00, 0x30, 0x26, 0x96, 0xc3,
    0xfd, 0xb8, 0x96, 0x43, 0x58, 0xd0, 0x95, 0xc3, 0xf9, 0xbc, 0x90, 0x3b, 0x04, 0xb2, 0x8f, 0x3d,
    0xda, 0x5d, 0x7f, 0xbf, 0x2a, 0x09, 0x02, 0x03, 0x24, 0x49, 0x92, 0x3d, 0x57, 0x3b, 0x0e, 0x3f,
    0x24, 0x49, 0x92, 0x3d, 0x57, 0x3b, 0x0e, 0x3f, 0x00, 0x00, 0x00, 0x00, 0x00, 0x00, 0x00, 0x00,
    0x00, 0x00, 0x00, 0x00, 0x00, 0x00, 0x00, 0x00, 0xdf, 0x27, 0x96, 0xc3, 0x79, 0xbc, 0x96, 0x43,
    0x1a, 0xd0, 0x95, 0xc3, 0x3e, 0xf2, 0x7c, 0x3b, 0xc7, 0x0e, 0x92, 0x3d, 0xa4, 0x58, 0x7f, 0xbf,
    0x2a, 0x09, 0x02, 0x07, 0x24, 0x49, 0x92, 0x3d, 0x5a, 0x94, 0xe3, 0x3e, 0x24, 0x49, 0x92, 0x3d,
    0x5a, 0x94, 0xe3, 0x3e, 0x00, 0x00, 0x00, 0x00, 0x00, 0x00, 0x00, 0x00, 0x00, 0x00, 0x00, 0x00,
    0x00, 0x00, 0x00, 0x00, 0x55, 0x29, 0x96, 0xc3, 0x80, 0xbf, 0x96, 0x43, 0xe4, 0xcf, 0x95, 0xc3,
    0xce, 0xfd, 0x4b, 0x3b, 0x22, 0x39, 0x95, 0x3d, 0x7e, 0x51, 0x7f, 0xbf, 0x2a, 0x09, 0x02, 0x09,
    0x24, 0x49, 0x92, 0x3d, 0x05, 0xb2, 0xaa, 0x3e, 0x24, 0x49, 0x92, 0x3d, 0x05, 0xb2, 0xaa, 0x3e,
    0x00, 0x00, 0x00, 0x00, 0x00, 0x00, 0x00, 0x00, 0x00, 0x00, 0x00, 0x00, 0x00, 0x00, 0x00, 0x00,
    0x8c, 0x2a, 0x96, 0xc3, 0x02, 0xc2, 0x96, 0x43, 0xb5, 0xcf, 0x95, 0xc3, 0x56, 0xbb, 0x02, 0x3b,
    0x94, 0xf5, 0x99, 0x3d, 0x6d, 0x46, 0x7f, 0xbf, 0x2a, 0x09, 0x02, 0x09, 0x24, 0x49, 0x92, 0x3d,
    0x58, 0x9f, 0x63, 0x3e, 0x24, 0x49, 0x92, 0x3d, 0x58, 0x9f, 0x63, 0x3e, 0x00, 0x00, 0x00, 0x00,
    0x00, 0x00, 0x00, 0x00, 0x00, 0x00, 0x00, 0x00, 0x00, 0x00, 0x00, 0x00, 0x7b, 0x2b, 0x96, 0xc3,
    0xf0, 0xc3, 0x96, 0x43, 0x8f, 0xcf, 0x95, 0xc3, 0x08, 0xff, 0x01, 0xb5, 0x08, 0x69, 0xa2, 0x3d,
    0x9c, 0x31, 0x7f, 0xbf, 0x2a, 0x09, 0x02, 0x09, 0x24, 0x49, 0x92, 0x3d, 0x6d, 0xb5, 0xe3, 0x3d,
    0x24, 0x49, 0x92, 0x3d, 0x6d, 0xb5, 0xe3, 0x3d, 0x00, 0x00, 0x00, 0x00, 0x00, 0x00, 0x00, 0x00,
    0x00, 0x00, 0x00, 0x00, 0x00, 0x00, 0x00, 0x00, 0x1d, 0x2c, 0x96, 0xc3, 0x40, 0xc5, 0x96, 0x43,
    0x74, 0xcf, 0x95, 0xc3, 0x35, 0x2c, 0xa1, 0xba, 0x59, 0x9d, 0xa7, 0x3d, 0x1a, 0x24, 0x7f, 0xbf,
    0x2a, 0x09, 0x02, 0x00, 0x24, 0x49, 0x92, 0x3d, 0xc0, 0x24, 0xb0, 0x38, 0x24, 0x49, 0x92, 0x3d,
    0xc0, 0x24, 0xb0, 0x38, 0x00, 0x00, 0x00, 0x00, 0x00, 0x00, 0x00, 0x00, 0x00, 0x00, 0x00, 0x00,
    0x00, 0x00, 0x00, 0x00, 0x3a, 0x20, 0x96, 0xc3, 0x65, 0xb6, 0x96, 0x43, 0x7e, 0xd0, 0x95, 0xc3,
    0xc3, 0xca, 0xb6, 0x3b, 0xfb, 0x3b, 0x8e, 0x3d, 0xbe, 0x60, 0x7f, 0xbf, 0x2a, 0x09, 0x02, 0x01,
    0x31, 0x0c, 0xc3, 0x3c, 0x82, 0xac, 0x2a, 0x3f, 0x31, 0x0c, 0xc3, 0x3c, 0x82, 0xac, 0x2a, 0x3f,
    0x00, 0x00, 0x00, 0x00, 0x00, 0x00, 0x00, 0x00, 0x00, 0x00, 0x00, 0x00, 0x00, 0x00, 0x00, 0x00,
    0x15, 0x1e, 0x96, 0xc3, 0xf4, 0xb1, 0x96, 0x43, 0xca, 0xd0, 0x95, 0xc3, 0x08, 0xfd, 0xc2, 0x3b,
    0x30, 0x48, 0x8d, 0x3d, 0xb7, 0x62, 0x7f, 0xbf, 0x2a, 0x09, 0x02, 0x00, 0x00, 0x00, 0x00, 0x00,
    0xac, 0x1d, 0x47, 0x3f, 0x00, 0x00, 0x00, 0x00, 0xac, 0x1d, 0x47, 0x3f, 0x00, 0x00, 0x00, 0x00,
    0x00, 0x00, 0x00, 0x00, 0x00, 0x00, 0x00, 0x00, 0x00, 0x00, 0x00, 0x00, 0x15, 0x1e, 0x96, 0xc3,
    0x8e, 0xb6, 0x96, 0x43, 0x78, 0xd0, 0x95, 0xc3, 0x53, 0xfb, 0xc2, 0x3b, 0x91, 0x4a, 0x8e, 0x3d,
    0x79, 0x60, 0x7f, 0xbf, 0x2a, 0x09, 0x02, 0x01, 0x00, 0x00, 0x00, 0x00, 0x82, 0xac, 0x2a, 0x3f,
    0x00, 0x00, 0x00, 0x00, 0x82, 0xac, 0x2a, 0x3f, 0x00, 0x00, 0x00, 0x00, 0x00, 0x00, 0x00, 0x00,
    0x00, 0x00, 0x00, 0x00, 0x00, 0x00, 0x00, 0x00, 0x97, 0x23, 0x96, 0xc3, 0x02, 0xba, 0x96, 0x43,
    0x42, 0xd0, 0x95, 0xc3, 0xf6, 0xd7, 0xa0, 0x3b, 0xf0, 0x16, 0x90, 0x3d, 0xd1, 0x5c, 0x7f, 0xbf,
    0x2a, 0x09, 0x02, 0x03, 0x31, 0x0c, 0x43, 0x3d, 0x57, 0x3b, 0x0e, 0x3f, 0x31, 0x0c, 0x43, 0x3d,
    0x57, 0x3b, 0x0e, 0x3f, 0x00, 0x00, 0x00, 0x00, 0x00, 0x00, 0x00, 0x00, 0x00, 0x00, 0x00, 0x00,
    0x00, 0x00, 0x00, 0x00, 0xde, 0x20, 0x96, 0xc3, 0xa1, 0xba, 0x96, 0x43, 0x33, 0xd0, 0x95, 0xc3,
    0x5a, 0xb6, 0xb1, 0x3b, 0x69, 0x54, 0x90, 0x3d, 0x19, 0x5c, 0x7f, 0xbf, 0x2a, 0x09, 0x02, 0x03,
    0x31, 0x0c, 0xc3, 0x3c, 0x57, 0x3b, 0x0e, 0x3f, 0x31, 0x0c, 0xc3, 0x3c, 0x57, 0x3b, 0x0e, 0x3f,
    0x00, 0x00, 0x00, 0x00, 0x00, 0x00, 0x00, 0x00, 0x00, 0x00, 0x00, 0x00, 0x00, 0x00, 0x00, 0x00,
    0x16, 0x1e, 0x96, 0xc3, 0xd6, 0xba, 0x96, 0x43, 0x2b, 0xd0, 0x95, 0xc3, 0xb1, 0xf7, 0xc2, 0x3b,
    0x0f, 0x69, 0x90, 0x3d, 0xb8, 0x5b, 0x7f, 0xbf, 0x2a, 0x09, 0x02, 0x03, 0x00, 0x00, 0x00, 0x00,
    0x57, 0x3b, 0x0e, 0x3f, 0x00, 0x00, 0x00, 0x00, 0x57, 0x3b, 0x0e, 0x3f, 0x00, 0x00, 0x00, 0x00,
    0x00, 0x00, 0x00, 0x00, 0x00, 0x00, 0x00, 0x00, 0x00, 0x00, 0x00, 0x00, 0xbc, 0x24, 0x96, 0xc3,
    0xb3, 0xbd, 0x96, 0x43, 0x00, 0xd0, 0x95, 0xc3, 0xe9, 0x6d, 0x94, 0x3b, 0x5e, 0x98, 0x92, 0x3d,
    0x39, 0x57, 0x7f, 0xbf, 0x2a, 0x09, 0x02, 0x07, 0x31, 0x0c, 0x43, 0x3d, 0x5a, 0x94, 0xe3, 0x3e,
    0x31, 0x0c, 0x43, 0x3d, 0x5a, 0x94, 0xe3, 0x3e, 0x00, 0x00, 0x00, 0x00, 0x00, 0x00, 0x00, 0x00,
    0x00, 0x00, 0x00, 0x00, 0x00, 0x00, 0x00, 0x00, 0x72, 0x21, 0x96, 0xc3, 0x73, 0xbe, 0x96, 0x43,
    0xee, 0xcf, 0x95, 0xc3, 0x13, 0x6d, 0xab, 0x3b, 0x2c, 0xec, 0x92, 0x3d, 0x40, 0x56, 0x7f, 0xbf,
    0x2a, 0x09, 0x02, 0x07, 0x31, 0x0c, 0xc3, 0x3c, 0x5a, 0x94, 0xe3, 0x3e, 0x31, 0x0c, 0xc3, 0x3c,
    0x5a, 0x94, 0xe3, 0x3e, 0x00, 0x00, 0x00, 0x00, 0x00, 0x00, 0x00, 0x00, 0x00, 0x00, 0x00, 0x00,
    0x00, 0x00, 0x00, 0x00, 0x16, 0x1e, 0x96, 0xc3, 0xb3, 0xbe, 0x96, 0x43, 0xe5, 0xcf, 0x95, 0xc3,
    0x1f, 0xf3, 0xc2, 0x3b, 0x50, 0x08, 0x93, 0x3d, 0xba, 0x55, 0x7f, 0xbf, 0x2a, 0x09, 0x02, 0x07,
    0x00, 0x00, 0x00, 0x00, 0x5a, 0x94, 0xe3, 0x3e, 0x00, 0x00, 0x00, 0x00, 0x5a, 0x94, 0xe3, 0x3e,
    0x00, 0x00, 0x00, 0x00, 0x00, 0x00, 0x00, 0x00, 0x00, 0x00, 0x00, 0x00, 0x00, 0x00, 0x00, 0x00,
    0xba, 0x25, 0x96, 0xc3, 0xea, 0xc0, 0x96, 0x43, 0xc6, 0xcf, 0x95, 0xc3, 0xde, 0xca, 0x83, 0x3b,
    0xda, 0xf3, 0x95, 0x3d, 0x91, 0x4f, 0x7f, 0xbf, 0x2a, 0x09, 0x02, 0x09, 0x31, 0x0c, 0x43, 0x3d,
    0x05, 0xb2, 0xaa, 0x3e, 0x31, 0x0c, 0x43, 0x3d, 0x05, 0xb2, 0xaa, 0x3e, 0x00, 0x00, 0x00, 0x00,
    0x00, 0x00, 0x00, 0x00, 0x00, 0x00, 0x00, 0x00, 0x00, 0x00, 0x00, 0x00, 0xf3, 0x21, 0x96, 0xc3,
    0xc6, 0xc1, 0x96, 0x43, 0xb1, 0xcf, 0x95, 0xc3, 0x58, 0x00, 0xa3, 0x3b, 0x96, 0x65, 0x96, 0x3d,
    0x3e, 0x4e, 0x7f, 0xbf, 0x2a, 0x09, 0x02, 0x09, 0x31, 0x0c, 0xc3, 0x3c, 0x05, 0xb2, 0xaa, 0x3e,
    0x31, 0x0c, 0xc3, 0x3c, 0x05, 0xb2, 0xaa, 0x3e, 0x00, 0x00, 0x00, 0x00, 0x00, 0x00, 0x00, 0x00,
    0x00, 0x00, 0x00, 0x00, 0x00, 0x00, 0x00, 0x00, 0x16, 0x1e, 0x96, 0xc3, 0x10, 0xc2, 0x96, 0x43,
    0xa6, 0xcf, 0x95, 0xc3, 0xdc, 0xec, 0xc2, 0x3b, 0xc6, 0x8b, 0x96, 0x3d, 0x8a, 0x4d, 0x7f, 0xbf,
    0x2a, 0x09, 0x02, 0x09, 0x00, 0x00, 0x00, 0x00, 0x05, 0xb2, 0xaa, 0x3e, 0x00, 0x00, 0x00, 0x00,
    0x05, 0xb2, 0xaa, 0x3e, 0x00, 0x00, 0x00, 0x00, 0x00, 0x00, 0x00, 0x00, 0x00, 0x00, 0x00, 0x00,
    0x00, 0x00, 0x00, 0x00, 0x8d, 0x26, 0x96, 0xc3, 0x92, 0xc3, 0x96, 0x43, 0x94, 0xcf, 0x95, 0xc3,
    0x77, 0xca, 0x55, 0x3b, 0xd4, 0xf9, 0x9a, 0x3d, 0xc1, 0x43, 0x7f, 0xbf, 0x2a, 0x09, 0x02, 0x09,
    0x31, 0x0c, 0x43, 0x3d, 0x58, 0x9f, 0x63, 0x3e, 0x31, 0x0c, 0x43, 0x3d, 0x58, 0x9f, 0x63, 0x3e,
    0x00, 0x00, 0x00, 0x00, 0x00, 0x00, 0x00, 0x00, 0x00, 0x00, 0x00, 0x00, 0x00, 0x00, 0x00, 0x00,
    0x5e, 0x22, 0x96, 0xc3, 0x86, 0xc4, 0x96, 0x43, 0x7d, 0xcf, 0x95, 0xc3, 0xaa, 0x64, 0x96, 0x3b,
    0x56, 0x98, 0x9b, 0x3d, 0xe7, 0x41, 0x7f, 0xbf, 0x2a, 0x09, 0x02, 0x09, 0x31, 0x0c, 0xc3, 0x3c,
    0x58, 0x9f, 0x63, 0x3e, 0x31, 0x0c, 0xc3, 0x3c, 0x58, 0x9f, 0x63, 0x3e, 0x00, 0x00, 0x00, 0x00,
    0x00, 0x00, 0x00, 0x00, 0x00, 0x00, 0x00, 0x00, 0x00, 0x00, 0x00, 0x00, 0x17, 0x1e, 0x96, 0xc3,
    0xd8, 0xc4, 0x96, 0x43, 0x71, 0xcf, 0x95, 0xc3, 0x3c, 0xe3, 0xc2, 0x3b, 0x92, 0xcd, 0x9b, 0x3d,
    0xed, 0x40, 0x7f, 0xbf, 0x2a, 0x09, 0x02, 0x09, 0x00, 0x00, 0x00, 0x00, 0x58, 0x9f, 0x63, 0x3e,
    0x00, 0x00, 0x00, 0x00, 0x58, 0x9f, 0x63, 0x3e, 0x00, 0x00, 0x00, 0x00, 0x00, 0x00, 0x00, 0x00,
    0x00, 0x00, 0x00, 0x00, 0x00, 0x00, 0x00, 0x00, 0x30, 0x27, 0x96, 0xc3, 0x9f, 0xc5, 0x96, 0x43,
    0x6c, 0xcf, 0x95, 0xc3, 0xe9, 0xd1, 0xf9, 0x3a, 0x82, 0xf0, 0xa3, 0x3d, 0x95, 0x2d, 0x7f, 0xbf,
    0x2a, 0x09, 0x02, 0x09, 0x31, 0x0c, 0x43, 0x3d, 0x6d, 0xb5, 0xe3, 0x3d, 0x31, 0x0c, 0x43, 0x3d,
    0x6d, 0xb5, 0xe3, 0x3d, 0x00, 0x00, 0x00, 0x00, 0x00, 0x00, 0x00, 0x00, 0x00, 0x00, 0x00, 0x00,
    0x00, 0x00, 0x00, 0x00, 0x9e, 0x27, 0x96, 0xc3, 0x03, 0xc7, 0x96, 0x43, 0x4e, 0xcf, 0x95, 0xc3,
    0x7f, 0x4f, 0x8c, 0x3a, 0xa9, 0x75, 0xa9, 0x3d, 0x3d, 0x1f, 0x7f, 0xbf, 0x2a, 0x09, 0x02, 0x00,
    0x31, 0x0c, 0x43, 0x3d, 0xc0, 0x24, 0xb0, 0x38, 0x31, 0x0c, 0x43, 0x3d, 0xc0, 0x24, 0xb0, 0x38,
    0x00, 0x00, 0x00, 0x00, 0x00, 0x00, 0x00, 0x00, 0x00, 0x00, 0x00, 0x00, 0x00, 0x00, 0x00, 0x00,
    0xb1, 0x22, 0x96, 0xc3, 0xa5, 0xc6, 0x96, 0x43, 0x53, 0xcf, 0x95, 0xc3, 0xeb, 0xc5, 0x7f, 0x3b,
    0xf0, 0xde, 0xa4, 0x3d, 0xcd, 0x2a, 0x7f, 0xbf, 0x2a, 0x09, 0x02, 0x09, 0x31, 0x0c, 0xc3, 0x3c,
    0x6d, 0xb5, 0xe3, 0x3d, 0x31, 0x0c, 0xc3, 0x3c, 0x6d, 0xb5, 0xe3, 0x3d, 0x00, 0x00, 0x00, 0x00,
    0x00, 0x00, 0x00, 0x00, 0x00, 0x00, 0x00, 0x00, 0x00, 0x00, 0x00, 0x00, 0x17, 0x1e, 0x96, 0xc3,
    0xfd, 0xc6, 0x96, 0x43, 0x47, 0xcf, 0x95, 0xc3, 0x37, 0xd1, 0xc2, 0x3b, 0x05, 0x2f, 0xa5, 0x3d,
    0x53, 0x29, 0x7f, 0xbf, 0x2a, 0x09, 0x02, 0x09, 0x00, 0x00, 0x00, 0x00, 0x6d, 0xb5, 0xe3, 0x3d,
    0x00, 0x00, 0x00, 0x00, 0x6d, 0xb5, 0xe3, 0x3d, 0x00, 0x00, 0x00, 0x00, 0x00, 0x00, 0x00, 0x00,
    0x00, 0x00, 0x00, 0x00, 0x00, 0x00, 0x00, 0x00, 0xe8, 0x22, 0x96, 0xc3, 0x16, 0xc8, 0x96, 0x43,
    0x35, 0xcf, 0x95, 0xc3, 0x6f, 0x0a, 0x64, 0x3b, 0x59, 0x95, 0xaa, 0x3d, 0xe3, 0x1b, 0x7f, 0xbf,
    0x2a, 0x09, 0x02, 0x00, 0x31, 0x0c, 0xc3, 0x3c, 0xc0, 0x24, 0xb0, 0x38, 0x31, 0x0c, 0xc3, 0x3c,
    0xc0, 0x24, 0xb0, 0x38, 0x00, 0x00, 0x00, 0x00, 0x00, 0x00, 0x00, 0x00, 0x00, 0x00, 0x00, 0x00,
    0x00, 0x00, 0x00, 0x00, 0x17, 0x1e, 0x96, 0xc3, 0x72, 0xc8, 0x96, 0x43, 0x27, 0xcf, 0x95, 0xc3,
    0x99, 0xc5, 0xc2, 0x3b, 0xf4, 0xf5, 0xaa, 0x3d, 0x1b, 0x1a, 0x7f, 0xbf, 0x2a, 0x09, 0x02, 0x00,
    0x00, 0x00, 0x00, 0x00, 0xc0, 0x24, 0xb0, 0x38, 0x00, 0x00, 0x00, 0x00, 0xc0, 0x24, 0xb0, 0x38,
    0x00, 0x00, 0x00, 0x00, 0x00, 0x00, 0x00, 0x00, 0x00, 0x00, 0x00, 0x00, 0x00, 0x00, 0x00, 0x00,
};
inline constexpr std::size_t g_EndfieldM28PeakVerticesSize = sizeof(g_EndfieldM28PeakVertices);

inline constexpr std::uint8_t g_EndfieldM28PeakIndices[] = {
    0x00, 0x00, 0x01, 0x00, 0x02, 0x00, 0x01, 0x00, 0x00, 0x00, 0x03, 0x00, 0x03, 0x00, 0x04, 0x00,
    0x01, 0x00, 0x05, 0x00, 0x03, 0x00, 0x00, 0x00, 0x04, 0x00, 0x03, 0x00, 0x06, 0x00, 0x06, 0x00,
    0x07, 0x00, 0x04, 0x00, 0x03, 0x00, 0x05, 0x00, 0x08, 0x00, 0x08, 0x00, 0x06, 0x00, 0x03, 0x00,
    0x09, 0x00, 0x08, 0x00, 0x05, 0x00, 0x07, 0x00, 0x06, 0x00, 0x0a, 0x00, 0x0a, 0x00, 0x0b, 0x00,
    0x07, 0x00, 0x08, 0x00, 0x09, 0x00, 0x0c, 0x00, 0x0d, 0x00, 0x0c, 0x00, 0x09, 0x00, 0x06, 0x00,
    0x08, 0x00, 0x0e, 0x00, 0x0e, 0x00, 0x0a, 0x00, 0x06, 0x00, 0x0c, 0x00, 0x0e, 0x00, 0x08, 0x00,
    0x0b, 0x00, 0x0a, 0x00, 0x0f, 0x00, 0x0f, 0x00, 0x10, 0x00, 0x0b, 0x00, 0x0c, 0x00, 0x0d, 0x00,
    0x11, 0x00, 0x12, 0x00, 0x11, 0x00, 0x0d, 0x00, 0x0a, 0x00, 0x0e, 0x00, 0x13, 0x00, 0x13, 0x00,
    0x0f, 0x00, 0x0a, 0x00, 0x0e, 0x00, 0x0c, 0x00, 0x14, 0x00, 0x11, 0x00, 0x14, 0x00, 0x0c, 0x00,
    0x14, 0x00, 0x13, 0x00, 0x0e, 0x00, 0x10, 0x00, 0x0f, 0x00, 0x15, 0x00, 0x15, 0x00, 0x16, 0x00,
    0x10, 0x00, 0x11, 0x00, 0x12, 0x00, 0x17, 0x00, 0x18, 0x00, 0x17, 0x00, 0x12, 0x00, 0x14, 0x00,
    0x11, 0x00, 0x19, 0x00, 0x17, 0x00, 0x19, 0x00, 0x11, 0x00, 0x0f, 0x00, 0x13, 0x00, 0x1a, 0x00,
    0x1a, 0x00, 0x15, 0x00, 0x0f, 0x00, 0x13, 0x00, 0x14, 0x00, 0x1b, 0x00, 0x19, 0x00, 0x1b, 0x00,
    0x14, 0x00, 0x1b, 0x00, 0x1a, 0x00, 0x13, 0x00, 0x16, 0x00, 0x15, 0x00, 0x1c, 0x00, 0x1c, 0x00,
    0x1d, 0x00, 0x16, 0x00, 0x17, 0x00, 0x18, 0x00, 0x1e, 0x00, 0x1f, 0x00, 0x1e, 0x00, 0x18, 0x00,
    0x1e, 0x00, 0x1f, 0x00, 0x20, 0x00, 0x19, 0x00, 0x17, 0x00, 0x21, 0x00, 0x1e, 0x00, 0x21, 0x00,
    0x17, 0x00, 0x20, 0x00, 0x22, 0x00, 0x1e, 0x00, 0x21, 0x00, 0x1e, 0x00, 0x22, 0x00, 0x22, 0x00,
    0x20, 0x00, 0x23, 0x00, 0x1b, 0x00, 0x19, 0x00, 0x24, 0x00, 0x21, 0x00, 0x24, 0x00, 0x19, 0x00,
    0x22, 0x00, 0x25, 0x00, 0x21, 0x00, 0x24, 0x00, 0x21, 0x00, 0x25, 0x00, 0x23, 0x00, 0x26, 0x00,
    0x22, 0x00, 0x25, 0x00, 0x22, 0x00, 0x26, 0x00, 0x26, 0x00, 0x23, 0x00, 0x27, 0x00, 0x24, 0x00,
    0x28, 0x00, 0x1b, 0x00, 0x1a, 0x00, 0x1b, 0x00, 0x28, 0x00, 0x25, 0x00, 0x29, 0x00, 0x24, 0x00,
    0x28, 0x00, 0x24, 0x00, 0x29, 0x00, 0x26, 0x00, 0x2a, 0x00, 0x25, 0x00, 0x29, 0x00, 0x25, 0x00,
    0x2a, 0x00, 0x27, 0x00, 0x2b, 0x00, 0x26, 0x00, 0x2a, 0x00, 0x26, 0x00, 0x2b, 0x00, 0x2b, 0x00,
    0x27, 0x00, 0x2c, 0x00, 0x28, 0x00, 0x2d, 0x00, 0x1a, 0x00, 0x15, 0x00, 0x1a, 0x00, 0x2d, 0x00,
    0x2d, 0x00, 0x1c, 0x00, 0x15, 0x00, 0x29, 0x00, 0x2e, 0x00, 0x28, 0x00, 0x2d, 0x00, 0x28, 0x00,
    0x2e, 0x00, 0x2a, 0x00, 0x2f, 0x00, 0x29, 0x00, 0x2e, 0x00, 0x29, 0x00, 0x2f, 0x00, 0x2b, 0x00,
    0x30, 0x00, 0x2a, 0x00, 0x2f, 0x00, 0x2a, 0x00, 0x30, 0x00, 0x2c, 0x00, 0x31, 0x00, 0x2b, 0x00,
    0x30, 0x00, 0x2b, 0x00, 0x31, 0x00, 0x31, 0x00, 0x2c, 0x00, 0x32, 0x00, 0x1c, 0x00, 0x2d, 0x00,
    0x33, 0x00, 0x2e, 0x00, 0x33, 0x00, 0x2d, 0x00, 0x2f, 0x00, 0x34, 0x00, 0x2e, 0x00, 0x33, 0x00,
    0x2e, 0x00, 0x34, 0x00, 0x30, 0x00, 0x35, 0x00, 0x2f, 0x00, 0x34, 0x00, 0x2f, 0x00, 0x35, 0x00,
    0x31, 0x00, 0x36, 0x00, 0x30, 0x00, 0x35, 0x00, 0x30, 0x00, 0x36, 0x00, 0x32, 0x00, 0x37, 0x00,
    0x31, 0x00, 0x36, 0x00, 0x31, 0x00, 0x37, 0x00, 0x37, 0x00, 0x32, 0x00, 0x38, 0x00, 0x33, 0x00,
    0x39, 0x00, 0x1c, 0x00, 0x1d, 0x00, 0x1c, 0x00, 0x39, 0x00, 0x39, 0x00, 0x3a, 0x00, 0x1d, 0x00,
    0x34, 0x00, 0x3b, 0x00, 0x33, 0x00, 0x39, 0x00, 0x33, 0x00, 0x3b, 0x00, 0x3a, 0x00, 0x39, 0x00,
    0x3c, 0x00, 0x3b, 0x00, 0x3c, 0x00, 0x39, 0x00, 0x3c, 0x00, 0x3d, 0x00, 0x3a, 0x00, 0x35, 0x00,
    0x3e, 0x00, 0x34, 0x00, 0x3b, 0x00, 0x34, 0x00, 0x3e, 0x00, 0x36, 0x00, 0x3f, 0x00, 0x35, 0x00,
    0x3e, 0x00, 0x35, 0x00, 0x3f, 0x00, 0x37, 0x00, 0x40, 0x00, 0x36, 0x00, 0x3f, 0x00, 0x36, 0x00,
    0x40, 0x00, 0x38, 0x00, 0x41, 0x00, 0x37, 0x00, 0x40, 0x00, 0x37, 0x00, 0x41, 0x00, 0x41, 0x00,
    0x38, 0x00, 0x42, 0x00, 0x3d, 0x00, 0x3c, 0x00, 0x43, 0x00, 0x43, 0x00, 0x44, 0x00, 0x3d, 0x00,
    0x3c, 0x00, 0x3b, 0x00, 0x45, 0x00, 0x3e, 0x00, 0x45, 0x00, 0x3b, 0x00, 0x45, 0x00, 0x43, 0x00,
    0x3c, 0x00, 0x3f, 0x00, 0x46, 0x00, 0x3e, 0x00, 0x45, 0x00, 0x3e, 0x00, 0x46, 0x00, 0x40, 0x00,
    0x47, 0x00, 0x3f, 0x00, 0x46, 0x00, 0x3f, 0x00, 0x47, 0x00, 0x41, 0x00, 0x48, 0x00, 0x40, 0x00,
    0x47, 0x00, 0x40, 0x00, 0x48, 0x00, 0x42, 0x00, 0x49, 0x00, 0x41, 0x00, 0x48, 0x00, 0x41, 0x00,
    0x49, 0x00, 0x49, 0x00, 0x42, 0x00, 0x4a, 0x00, 0x44, 0x00, 0x43, 0x00, 0x4b, 0x00, 0x4b, 0x00,
    0x4c, 0x00, 0x44, 0x00, 0x43, 0x00, 0x45, 0x00, 0x4d, 0x00, 0x46, 0x00, 0x4d, 0x00, 0x45, 0x00,
    0x4d, 0x00, 0x4b, 0x00, 0x43, 0x00, 0x47, 0x00, 0x4e, 0x00, 0x46, 0x00, 0x4d, 0x00, 0x46, 0x00,
    0x4e, 0x00, 0x48, 0x00, 0x4f, 0x00, 0x47, 0x00, 0x4e, 0x00, 0x47, 0x00, 0x4f, 0x00, 0x49, 0x00,
    0x50, 0x00, 0x48, 0x00, 0x4f, 0x00, 0x48, 0x00, 0x50, 0x00, 0x4a, 0x00, 0x51, 0x00, 0x49, 0x00,
    0x50, 0x00, 0x49, 0x00, 0x51, 0x00, 0x51, 0x00, 0x4a, 0x00, 0x52, 0x00, 0x4c, 0x00, 0x4b, 0x00,
    0x53, 0x00, 0x53, 0x00, 0x54, 0x00, 0x4c, 0x00, 0x4b, 0x00, 0x4d, 0x00, 0x55, 0x00, 0x4e, 0x00,
    0x55, 0x00, 0x4d, 0x00, 0x55, 0x00, 0x53, 0x00, 0x4b, 0x00, 0x4f, 0x00, 0x56, 0x00, 0x4e, 0x00,
    0x55, 0x00, 0x4e, 0x00, 0x56, 0x00, 0x50, 0x00, 0x57, 0x00, 0x4f, 0x00, 0x56, 0x00, 0x4f, 0x00,
    0x57, 0x00, 0x51, 0x00, 0x58, 0x00, 0x50, 0x00, 0x57, 0x00, 0x50, 0x00, 0x58, 0x00, 0x52, 0x00,
    0x59, 0x00, 0x51, 0x00, 0x58, 0x00, 0x51, 0x00, 0x59, 0x00, 0x59, 0x00, 0x52, 0x00, 0x5a, 0x00,
    0x54, 0x00, 0x53, 0x00, 0x5b, 0x00, 0x5b, 0x00, 0x5c, 0x00, 0x54, 0x00, 0x53, 0x00, 0x55, 0x00,
    0x5d, 0x00, 0x56, 0x00, 0x5d, 0x00, 0x55, 0x00, 0x5d, 0x00, 0x5b, 0x00, 0x53, 0x00, 0x57, 0x00,
    0x5e, 0x00, 0x56, 0x00, 0x5d, 0x00, 0x56, 0x00, 0x5e, 0x00, 0x58, 0x00, 0x5f, 0x00, 0x57, 0x00,
    0x5e, 0x00, 0x57, 0x00, 0x5f, 0x00, 0x59, 0x00, 0x60, 0x00, 0x58, 0x00, 0x5f, 0x00, 0x58, 0x00,
    0x60, 0x00, 0x5a, 0x00, 0x61, 0x00, 0x59, 0x00, 0x60, 0x00, 0x59, 0x00, 0x61, 0x00, 0x61, 0x00,
    0x5a, 0x00, 0x62, 0x00, 0x5c, 0x00, 0x5b, 0x00, 0x63, 0x00, 0x63, 0x00, 0x64, 0x00, 0x5c, 0x00,
    0x5b, 0x00, 0x5d, 0x00, 0x65, 0x00, 0x5e, 0x00, 0x65, 0x00, 0x5d, 0x00, 0x65, 0x00, 0x63, 0x00,
    0x5b, 0x00, 0x5f, 0x00, 0x66, 0x00, 0x5e, 0x00, 0x65, 0x00, 0x5e, 0x00, 0x66, 0x00, 0x60, 0x00,
    0x67, 0x00, 0x5f, 0x00, 0x66, 0x00, 0x5f, 0x00, 0x67, 0x00, 0x61, 0x00, 0x68, 0x00, 0x60, 0x00,
    0x67, 0x00, 0x60, 0x00, 0x68, 0x00, 0x62, 0x00, 0x69, 0x00, 0x61, 0x00, 0x68, 0x00, 0x61, 0x00,
    0x69, 0x00, 0x69, 0x00, 0x62, 0x00, 0x6a, 0x00, 0x64, 0x00, 0x63, 0x00, 0x6b, 0x00, 0x6b, 0x00,
    0x6c, 0x00, 0x64, 0x00, 0x63, 0x00, 0x65, 0x00, 0x6d, 0x00, 0x66, 0x00, 0x6d, 0x00, 0x65, 0x00,
    0x6d, 0x00, 0x6b, 0x00, 0x63, 0x00, 0x67, 0x00, 0x6e, 0x00, 0x66, 0x00, 0x6d, 0x00, 0x66, 0x00,
    0x6e, 0x00, 0x68, 0x00, 0x6f, 0x00, 0x67, 0x00, 0x6e, 0x00, 0x67, 0x00, 0x6f, 0x00, 0x69, 0x00,
    0x70, 0x00, 0x68, 0x00, 0x6f, 0x00, 0x68, 0x00, 0x70, 0x00, 0x6a, 0x00, 0x71, 0x00, 0x69, 0x00,
    0x70, 0x00, 0x69, 0x00, 0x71, 0x00, 0x71, 0x00, 0x6a, 0x00, 0x72, 0x00, 0x6c, 0x00, 0x6b, 0x00,
    0x73, 0x00, 0x73, 0x00, 0x74, 0x00, 0x6c, 0x00, 0x6b, 0x00, 0x6d, 0x00, 0x75, 0x00, 0x6e, 0x00,
    0x75, 0x00, 0x6d, 0x00, 0x75, 0x00, 0x73, 0x00, 0x6b, 0x00, 0x6f, 0x00, 0x76, 0x00, 0x6e, 0x00,
    0x75, 0x00, 0x6e, 0x00, 0x76, 0x00, 0x70, 0x00, 0x77, 0x00, 0x6f, 0x00, 0x76, 0x00, 0x6f, 0x00,
    0x77, 0x00, 0x71, 0x00, 0x78, 0x00, 0x70, 0x00, 0x77, 0x00, 0x70, 0x00, 0x78, 0x00, 0x72, 0x00,
    0x79, 0x00, 0x71, 0x00, 0x78, 0x00, 0x71, 0x00, 0x79, 0x00, 0x79, 0x00, 0x72, 0x00, 0x7a, 0x00,
    0x74, 0x00, 0x73, 0x00, 0x7b, 0x00, 0x7b, 0x00, 0x7c, 0x00, 0x74, 0x00, 0x73, 0x00, 0x75, 0x00,
    0x7d, 0x00, 0x76, 0x00, 0x7d, 0x00, 0x75, 0x00, 0x7d, 0x00, 0x7b, 0x00, 0x73, 0x00, 0x77, 0x00,
    0x7e, 0x00, 0x76, 0x00, 0x7d, 0x00, 0x76, 0x00, 0x7e, 0x00, 0x78, 0x00, 0x7f, 0x00, 0x77, 0x00,
    0x7e, 0x00, 0x77, 0x00, 0x7f, 0x00, 0x79, 0x00, 0x80, 0x00, 0x78, 0x00, 0x7f, 0x00, 0x78, 0x00,
    0x80, 0x00, 0x7a, 0x00, 0x81, 0x00, 0x79, 0x00, 0x80, 0x00, 0x79, 0x00, 0x81, 0x00, 0x81, 0x00,
    0x7a, 0x00, 0x82, 0x00, 0x7c, 0x00, 0x7b, 0x00, 0x83, 0x00, 0x83, 0x00, 0x84, 0x00, 0x7c, 0x00,
    0x7b, 0x00, 0x7d, 0x00, 0x85, 0x00, 0x7e, 0x00, 0x85, 0x00, 0x7d, 0x00, 0x85, 0x00, 0x83, 0x00,
    0x7b, 0x00, 0x7f, 0x00, 0x86, 0x00, 0x7e, 0x00, 0x85, 0x00, 0x7e, 0x00, 0x86, 0x00, 0x80, 0x00,
    0x87, 0x00, 0x7f, 0x00, 0x86, 0x00, 0x7f, 0x00, 0x87, 0x00, 0x81, 0x00, 0x88, 0x00, 0x80, 0x00,
    0x87, 0x00, 0x80, 0x00, 0x88, 0x00, 0x82, 0x00, 0x89, 0x00, 0x81, 0x00, 0x88, 0x00, 0x81, 0x00,
    0x89, 0x00, 0x89, 0x00, 0x82, 0x00, 0x8a, 0x00, 0x84, 0x00, 0x83, 0x00, 0x8b, 0x00, 0x8b, 0x00,
    0x8c, 0x00, 0x84, 0x00, 0x83, 0x00, 0x85, 0x00, 0x8d, 0x00, 0x86, 0x00, 0x8d, 0x00, 0x85, 0x00,
    0x8d, 0x00, 0x8b, 0x00, 0x83, 0x00, 0x87, 0x00, 0x8e, 0x00, 0x86, 0x00, 0x8d, 0x00, 0x86, 0x00,
    0x8e, 0x00, 0x88, 0x00, 0x8f, 0x00, 0x87, 0x00, 0x8e, 0x00, 0x87, 0x00, 0x8f, 0x00, 0x89, 0x00,
    0x90, 0x00, 0x88, 0x00, 0x8f, 0x00, 0x88, 0x00, 0x90, 0x00, 0x8a, 0x00, 0x91, 0x00, 0x89, 0x00,
    0x90, 0x00, 0x89, 0x00, 0x91, 0x00, 0x91, 0x00, 0x8a, 0x00, 0x92, 0x00, 0x8c, 0x00, 0x8b, 0x00,
    0x93, 0x00, 0x93, 0x00, 0x94, 0x00, 0x8c, 0x00, 0x8b, 0x00, 0x8d, 0x00, 0x95, 0x00, 0x8e, 0x00,
    0x95, 0x00, 0x8d, 0x00, 0x95, 0x00, 0x93, 0x00, 0x8b, 0x00, 0x8f, 0x00, 0x96, 0x00, 0x8e, 0x00,
    0x95, 0x00, 0x8e, 0x00, 0x96, 0x00, 0x90, 0x00, 0x97, 0x00, 0x8f, 0x00, 0x96, 0x00, 0x8f, 0x00,
    0x97, 0x00, 0x91, 0x00, 0x98, 0x00, 0x90, 0x00, 0x97, 0x00, 0x90, 0x00, 0x98, 0x00, 0x92, 0x00,
    0x99, 0x00, 0x91, 0x00, 0x98, 0x00, 0x91, 0x00, 0x99, 0x00, 0x99, 0x00, 0x92, 0x00, 0x9a, 0x00,
    0x94, 0x00, 0x93, 0x00, 0x9b, 0x00, 0x9b, 0x00, 0x9c, 0x00, 0x94, 0x00, 0x93, 0x00, 0x95, 0x00,
    0x9d, 0x00, 0x96, 0x00, 0x9d, 0x00, 0x95, 0x00, 0x9d, 0x00, 0x9b, 0x00, 0x93, 0x00, 0x97, 0x00,
    0x9e, 0x00, 0x96, 0x00, 0x9d, 0x00, 0x96, 0x00, 0x9e, 0x00, 0x98, 0x00, 0x9f, 0x00, 0x97, 0x00,
    0x9e, 0x00, 0x97, 0x00, 0x9f, 0x00, 0x99, 0x00, 0xa0, 0x00, 0x98, 0x00, 0x9f, 0x00, 0x98, 0x00,
    0xa0, 0x00, 0x9a, 0x00, 0xa1, 0x00, 0x99, 0x00, 0xa0, 0x00, 0x99, 0x00, 0xa1, 0x00, 0xa1, 0x00,
    0x9a, 0x00, 0xa2, 0x00, 0x9c, 0x00, 0x9b, 0x00, 0xa3, 0x00, 0xa3, 0x00, 0xa4, 0x00, 0x9c, 0x00,
    0x9b, 0x00, 0x9d, 0x00, 0xa5, 0x00, 0x9e, 0x00, 0xa5, 0x00, 0x9d, 0x00, 0xa5, 0x00, 0xa3, 0x00,
    0x9b, 0x00, 0x9f, 0x00, 0xa6, 0x00, 0x9e, 0x00, 0xa5, 0x00, 0x9e, 0x00, 0xa6, 0x00, 0xa0, 0x00,
    0xa7, 0x00, 0x9f, 0x00, 0xa6, 0x00, 0x9f, 0x00, 0xa7, 0x00, 0xa1, 0x00, 0xa8, 0x00, 0xa0, 0x00,
    0xa7, 0x00, 0xa0, 0x00, 0xa8, 0x00, 0xa2, 0x00, 0xa9, 0x00, 0xa1, 0x00, 0xa8, 0x00, 0xa1, 0x00,
    0xa9, 0x00, 0xa9, 0x00, 0xa2, 0x00, 0xaa, 0x00, 0xa4, 0x00, 0xa3, 0x00, 0xab, 0x00, 0xab, 0x00,
    0xac, 0x00, 0xa4, 0x00, 0xa3, 0x00, 0xa5, 0x00, 0xad, 0x00, 0xa6, 0x00, 0xad, 0x00, 0xa5, 0x00,
    0xad, 0x00, 0xab, 0x00, 0xa3, 0x00, 0xa7, 0x00, 0xae, 0x00, 0xa6, 0x00, 0xad, 0x00, 0xa6, 0x00,
    0xae, 0x00, 0xa8, 0x00, 0xaf, 0x00, 0xa7, 0x00, 0xae, 0x00, 0xa7, 0x00, 0xaf, 0x00, 0xa9, 0x00,
    0xb0, 0x00, 0xa8, 0x00, 0xaf, 0x00, 0xa8, 0x00, 0xb0, 0x00, 0xaa, 0x00, 0xb1, 0x00, 0xa9, 0x00,
    0xb0, 0x00, 0xa9, 0x00, 0xb1, 0x00, 0xb1, 0x00, 0xaa, 0x00, 0xb2, 0x00, 0xac, 0x00, 0xab, 0x00,
    0xb3, 0x00, 0xb3, 0x00, 0xb4, 0x00, 0xac, 0x00, 0xab, 0x00, 0xad, 0x00, 0xb5, 0x00, 0xae, 0x00,
    0xb5, 0x00, 0xad, 0x00, 0xb5, 0x00, 0xb3, 0x00, 0xab, 0x00, 0xaf, 0x00, 0xb6, 0x00, 0xae, 0x00,
    0xb5, 0x00, 0xae, 0x00, 0xb6, 0x00, 0xb0, 0x00, 0xb7, 0x00, 0xaf, 0x00, 0xb6, 0x00, 0xaf, 0x00,
    0xb7, 0x00, 0xb1, 0x00, 0xb8, 0x00, 0xb0, 0x00, 0xb7, 0x00, 0xb0, 0x00, 0xb8, 0x00, 0xb2, 0x00,
    0xb9, 0x00, 0xb1, 0x00, 0xb8, 0x00, 0xb1, 0x00, 0xb9, 0x00, 0xb9, 0x00, 0xb2, 0x00, 0xba, 0x00,
    0xb4, 0x00, 0xb3, 0x00, 0xbb, 0x00, 0xbb, 0x00, 0xbc, 0x00, 0xb4, 0x00, 0xb3, 0x00, 0xb5, 0x00,
    0xbd, 0x00, 0xb6, 0x00, 0xbd, 0x00, 0xb5, 0x00, 0xbd, 0x00, 0xbb, 0x00, 0xb3, 0x00, 0xb7, 0x00,
    0xbe, 0x00, 0xb6, 0x00, 0xbd, 0x00, 0xb6, 0x00, 0xbe, 0x00, 0xb8, 0x00, 0xbf, 0x00, 0xb7, 0x00,
    0xbe, 0x00, 0xb7, 0x00, 0xbf, 0x00, 0xb9, 0x00, 0xc0, 0x00, 0xb8, 0x00, 0xbf, 0x00, 0xb8, 0x00,
    0xc0, 0x00, 0xba, 0x00, 0xc1, 0x00, 0xb9, 0x00, 0xc0, 0x00, 0xb9, 0x00, 0xc1, 0x00, 0xc1, 0x00,
    0xba, 0x00, 0xc2, 0x00, 0xbc, 0x00, 0xbb, 0x00, 0xc3, 0x00, 0xc3, 0x00, 0xc4, 0x00, 0xbc, 0x00,
    0xbb, 0x00, 0xbd, 0x00, 0xc5, 0x00, 0xbe, 0x00, 0xc5, 0x00, 0xbd, 0x00, 0xc5, 0x00, 0xc3, 0x00,
    0xbb, 0x00, 0xbf, 0x00, 0xc6, 0x00, 0xbe, 0x00, 0xc5, 0x00, 0xbe, 0x00, 0xc6, 0x00, 0xc0, 0x00,
    0xc7, 0x00, 0xbf, 0x00, 0xc6, 0x00, 0xbf, 0x00, 0xc7, 0x00, 0xc1, 0x00, 0xc8, 0x00, 0xc0, 0x00,
    0xc7, 0x00, 0xc0, 0x00, 0xc8, 0x00, 0xc2, 0x00, 0xc9, 0x00, 0xc1, 0x00, 0xc8, 0x00, 0xc1, 0x00,
    0xc9, 0x00, 0xc9, 0x00, 0xc2, 0x00, 0xca, 0x00, 0xc4, 0x00, 0xc3, 0x00, 0xcb, 0x00, 0xcb, 0x00,
    0xcc, 0x00, 0xc4, 0x00, 0xc3, 0x00, 0xc5, 0x00, 0xcd, 0x00, 0xc6, 0x00, 0xcd, 0x00, 0xc5, 0x00,
    0xcd, 0x00, 0xcb, 0x00, 0xc3, 0x00, 0xc7, 0x00, 0xce, 0x00, 0xc6, 0x00, 0xcd, 0x00, 0xc6, 0x00,
    0xce, 0x00, 0xc8, 0x00, 0xcf, 0x00, 0xc7, 0x00, 0xce, 0x00, 0xc7, 0x00, 0xcf, 0x00, 0xc9, 0x00,
    0xd0, 0x00, 0xc8, 0x00, 0xcf, 0x00, 0xc8, 0x00, 0xd0, 0x00, 0xca, 0x00, 0xd1, 0x00, 0xc9, 0x00,
    0xd0, 0x00, 0xc9, 0x00, 0xd1, 0x00, 0xd1, 0x00, 0xca, 0x00, 0xd2, 0x00, 0xcc, 0x00, 0xcb, 0x00,
    0xd3, 0x00, 0xd3, 0x00, 0xd4, 0x00, 0xcc, 0x00, 0xcb, 0x00, 0xcd, 0x00, 0xd5, 0x00, 0xce, 0x00,
    0xd5, 0x00, 0xcd, 0x00, 0xd5, 0x00, 0xd3, 0x00, 0xcb, 0x00, 0xcf, 0x00, 0xd6, 0x00, 0xce, 0x00,
    0xd5, 0x00, 0xce, 0x00, 0xd6, 0x00, 0xd0, 0x00, 0xd7, 0x00, 0xcf, 0x00, 0xd6, 0x00, 0xcf, 0x00,
    0xd7, 0x00, 0xd1, 0x00, 0xd8, 0x00, 0xd0, 0x00, 0xd7, 0x00, 0xd0, 0x00, 0xd8, 0x00, 0xd2, 0x00,
    0xd9, 0x00, 0xd1, 0x00, 0xd8, 0x00, 0xd1, 0x00, 0xd9, 0x00, 0xd9, 0x00, 0xd2, 0x00, 0xda, 0x00,
    0xd4, 0x00, 0xd3, 0x00, 0xdb, 0x00, 0xdb, 0x00, 0xdc, 0x00, 0xd4, 0x00, 0xd3, 0x00, 0xd5, 0x00,
    0xdd, 0x00, 0xd6, 0x00, 0xdd, 0x00, 0xd5, 0x00, 0xdd, 0x00, 0xdb, 0x00, 0xd3, 0x00, 0xd7, 0x00,
    0xde, 0x00, 0xd6, 0x00, 0xdd, 0x00, 0xd6, 0x00, 0xde, 0x00, 0xd8, 0x00, 0xdf, 0x00, 0xd7, 0x00,
    0xde, 0x00, 0xd7, 0x00, 0xdf, 0x00, 0xd9, 0x00, 0xe0, 0x00, 0xd8, 0x00, 0xdf, 0x00, 0xd8, 0x00,
    0xe0, 0x00, 0xda, 0x00, 0xe1, 0x00, 0xd9, 0x00, 0xe0, 0x00, 0xd9, 0x00, 0xe1, 0x00, 0xe1, 0x00,
    0xda, 0x00, 0xe2, 0x00, 0xdc, 0x00, 0xdb, 0x00, 0xe3, 0x00, 0xe3, 0x00, 0xe4, 0x00, 0xdc, 0x00,
    0xdb, 0x00, 0xdd, 0x00, 0xe5, 0x00, 0xde, 0x00, 0xe5, 0x00, 0xdd, 0x00, 0xe5, 0x00, 0xe3, 0x00,
    0xdb, 0x00, 0xdf, 0x00, 0xe6, 0x00, 0xde, 0x00, 0xe5, 0x00, 0xde, 0x00, 0xe6, 0x00, 0xe0, 0x00,
    0xe7, 0x00, 0xdf, 0x00, 0xe6, 0x00, 0xdf, 0x00, 0xe7, 0x00, 0xe1, 0x00, 0xe8, 0x00, 0xe0, 0x00,
    0xe7, 0x00, 0xe0, 0x00, 0xe8, 0x00, 0xe2, 0x00, 0xe9, 0x00, 0xe1, 0x00, 0xe8, 0x00, 0xe1, 0x00,
    0xe9, 0x00, 0xe9, 0x00, 0xe2, 0x00, 0xea, 0x00, 0xe4, 0x00, 0xe3, 0x00, 0xeb, 0x00, 0xeb, 0x00,
    0xec, 0x00, 0xe4, 0x00, 0xe3, 0x00, 0xe5, 0x00, 0xed, 0x00, 0xe6, 0x00, 0xed, 0x00, 0xe5, 0x00,
    0xed, 0x00, 0xeb, 0x00, 0xe3, 0x00, 0xe7, 0x00, 0xee, 0x00, 0xe6, 0x00, 0xed, 0x00, 0xe6, 0x00,
    0xee, 0x00, 0xe8, 0x00, 0xef, 0x00, 0xe7, 0x00, 0xee, 0x00, 0xe7, 0x00, 0xef, 0x00, 0xe9, 0x00,
    0xf0, 0x00, 0xe8, 0x00, 0xef, 0x00, 0xe8, 0x00, 0xf0, 0x00, 0xea, 0x00, 0xf1, 0x00, 0xe9, 0x00,
    0xf0, 0x00, 0xe9, 0x00, 0xf1, 0x00, 0xf1, 0x00, 0xea, 0x00, 0xf2, 0x00, 0xec, 0x00, 0xeb, 0x00,
    0xf3, 0x00, 0xf3, 0x00, 0xf4, 0x00, 0xec, 0x00, 0xeb, 0x00, 0xed, 0x00, 0xf5, 0x00, 0xee, 0x00,
    0xf5, 0x00, 0xed, 0x00, 0xf5, 0x00, 0xf3, 0x00, 0xeb, 0x00, 0xef, 0x00, 0xf6, 0x00, 0xee, 0x00,
    0xf5, 0x00, 0xee, 0x00, 0xf6, 0x00, 0xf0, 0x00, 0xf7, 0x00, 0xef, 0x00, 0xf6, 0x00, 0xef, 0x00,
    0xf7, 0x00, 0xf1, 0x00, 0xf8, 0x00, 0xf0, 0x00, 0xf7, 0x00, 0xf0, 0x00, 0xf8, 0x00, 0xf2, 0x00,
    0xf9, 0x00, 0xf1, 0x00, 0xf8, 0x00, 0xf1, 0x00, 0xf9, 0x00, 0xf9, 0x00, 0xf2, 0x00, 0xfa, 0x00,
    0xf4, 0x00, 0xf3, 0x00, 0xfb, 0x00, 0xfb, 0x00, 0xfc, 0x00, 0xf4, 0x00, 0xf3, 0x00, 0xf5, 0x00,
    0xfd, 0x00, 0xf6, 0x00, 0xfd, 0x00, 0xf5, 0x00, 0xfd, 0x00, 0xfb, 0x00, 0xf3, 0x00, 0xf7, 0x00,
    0xfe, 0x00, 0xf6, 0x00, 0xfd, 0x00, 0xf6, 0x00, 0xfe, 0x00, 0xf8, 0x00, 0xff, 0x00, 0xf7, 0x00,
    0xfe, 0x00, 0xf7, 0x00, 0xff, 0x00, 0xf9, 0x00, 0x00, 0x01, 0xf8, 0x00, 0xff, 0x00, 0xf8, 0x00,
    0x00, 0x01, 0xfa, 0x00, 0x01, 0x01, 0xf9, 0x00, 0x00, 0x01, 0xf9, 0x00, 0x01, 0x01, 0x01, 0x01,
    0xfa, 0x00, 0x02, 0x01, 0xfc, 0x00, 0xfb, 0x00, 0x03, 0x01, 0x03, 0x01, 0x04, 0x01, 0xfc, 0x00,
    0xfb, 0x00, 0xfd, 0x00, 0x05, 0x01, 0xfe, 0x00, 0x05, 0x01, 0xfd, 0x00, 0x05, 0x01, 0x03, 0x01,
    0xfb, 0x00, 0xff, 0x00, 0x06, 0x01, 0xfe, 0x00, 0x05, 0x01, 0xfe, 0x00, 0x06, 0x01, 0x00, 0x01,
    0x07, 0x01, 0xff, 0x00, 0x06, 0x01, 0xff, 0x00, 0x07, 0x01, 0x01, 0x01, 0x08, 0x01, 0x00, 0x01,
    0x07, 0x01, 0x00, 0x01, 0x08, 0x01, 0x02, 0x01, 0x09, 0x01, 0x01, 0x01, 0x08, 0x01, 0x01, 0x01,
    0x09, 0x01, 0x09, 0x01, 0x02, 0x01, 0x0a, 0x01, 0x04, 0x01, 0x03, 0x01, 0x0b, 0x01, 0x0b, 0x01,
    0x0c, 0x01, 0x04, 0x01, 0x03, 0x01, 0x05, 0x01, 0x0d, 0x01, 0x06, 0x01, 0x0d, 0x01, 0x05, 0x01,
    0x0d, 0x01, 0x0b, 0x01, 0x03, 0x01, 0x07, 0x01, 0x0e, 0x01, 0x06, 0x01, 0x0d, 0x01, 0x06, 0x01,
    0x0e, 0x01, 0x08, 0x01, 0x0f, 0x01, 0x07, 0x01, 0x0e, 0x01, 0x07, 0x01, 0x0f, 0x01, 0x09, 0x01,
    0x10, 0x01, 0x08, 0x01, 0x0f, 0x01, 0x08, 0x01, 0x10, 0x01, 0x0a, 0x01, 0x11, 0x01, 0x09, 0x01,
    0x10, 0x01, 0x09, 0x01, 0x11, 0x01, 0x11, 0x01, 0x0a, 0x01, 0x12, 0x01, 0x0c, 0x01, 0x0b, 0x01,
    0x13, 0x01, 0x13, 0x01, 0x14, 0x01, 0x0c, 0x01, 0x0b, 0x01, 0x0d, 0x01, 0x15, 0x01, 0x0e, 0x01,
    0x15, 0x01, 0x0d, 0x01, 0x15, 0x01, 0x13, 0x01, 0x0b, 0x01, 0x0f, 0x01, 0x16, 0x01, 0x0e, 0x01,
    0x15, 0x01, 0x0e, 0x01, 0x16, 0x01, 0x10, 0x01, 0x17, 0x01, 0x0f, 0x01, 0x16, 0x01, 0x0f, 0x01,
    0x17, 0x01, 0x11, 0x01, 0x18, 0x01, 0x10, 0x01, 0x17, 0x01, 0x10, 0x01, 0x18, 0x01, 0x12, 0x01,
    0x19, 0x01, 0x11, 0x01, 0x18, 0x01, 0x11, 0x01, 0x19, 0x01, 0x19, 0x01, 0x12, 0x01, 0x1a, 0x01,
    0x14, 0x01, 0x13, 0x01, 0x1b, 0x01, 0x1b, 0x01, 0x1c, 0x01, 0x14, 0x01, 0x13, 0x01, 0x15, 0x01,
    0x1d, 0x01, 0x16, 0x01, 0x1d, 0x01, 0x15, 0x01, 0x1d, 0x01, 0x1b, 0x01, 0x13, 0x01, 0x17, 0x01,
    0x1e, 0x01, 0x16, 0x01, 0x1d, 0x01, 0x16, 0x01, 0x1e, 0x01, 0x18, 0x01, 0x1f, 0x01, 0x17, 0x01,
    0x1e, 0x01, 0x17, 0x01, 0x1f, 0x01, 0x19, 0x01, 0x20, 0x01, 0x18, 0x01, 0x1f, 0x01, 0x18, 0x01,
    0x20, 0x01, 0x1a, 0x01, 0x21, 0x01, 0x19, 0x01, 0x20, 0x01, 0x19, 0x01, 0x21, 0x01, 0x21, 0x01,
    0x1a, 0x01, 0x22, 0x01, 0x1c, 0x01, 0x1b, 0x01, 0x23, 0x01, 0x23, 0x01, 0x24, 0x01, 0x1c, 0x01,
    0x1b, 0x01, 0x1d, 0x01, 0x25, 0x01, 0x1e, 0x01, 0x25, 0x01, 0x1d, 0x01, 0x25, 0x01, 0x23, 0x01,
    0x1b, 0x01, 0x1f, 0x01, 0x26, 0x01, 0x1e, 0x01, 0x25, 0x01, 0x1e, 0x01, 0x26, 0x01, 0x20, 0x01,
    0x27, 0x01, 0x1f, 0x01, 0x26, 0x01, 0x1f, 0x01, 0x27, 0x01, 0x21, 0x01, 0x28, 0x01, 0x20, 0x01,
    0x27, 0x01, 0x20, 0x01, 0x28, 0x01, 0x22, 0x01, 0x29, 0x01, 0x21, 0x01, 0x28, 0x01, 0x21, 0x01,
    0x29, 0x01, 0x29, 0x01, 0x22, 0x01, 0x2a, 0x01, 0x24, 0x01, 0x23, 0x01, 0x2b, 0x01, 0x2b, 0x01,
    0x2c, 0x01, 0x24, 0x01, 0x23, 0x01, 0x25, 0x01, 0x2d, 0x01, 0x26, 0x01, 0x2d, 0x01, 0x25, 0x01,
    0x2d, 0x01, 0x2b, 0x01, 0x23, 0x01, 0x27, 0x01, 0x2e, 0x01, 0x26, 0x01, 0x2d, 0x01, 0x26, 0x01,
    0x2e, 0x01, 0x28, 0x01, 0x2f, 0x01, 0x27, 0x01, 0x2e, 0x01, 0x27, 0x01, 0x2f, 0x01, 0x29, 0x01,
    0x30, 0x01, 0x28, 0x01, 0x2f, 0x01, 0x28, 0x01, 0x30, 0x01, 0x2a, 0x01, 0x31, 0x01, 0x29, 0x01,
    0x30, 0x01, 0x29, 0x01, 0x31, 0x01, 0x31, 0x01, 0x2a, 0x01, 0x32, 0x01, 0x2c, 0x01, 0x2b, 0x01,
    0x33, 0x01, 0x33, 0x01, 0x34, 0x01, 0x2c, 0x01, 0x2b, 0x01, 0x2d, 0x01, 0x35, 0x01, 0x2e, 0x01,
    0x35, 0x01, 0x2d, 0x01, 0x35, 0x01, 0x33, 0x01, 0x2b, 0x01, 0x2f, 0x01, 0x36, 0x01, 0x2e, 0x01,
    0x35, 0x01, 0x2e, 0x01, 0x36, 0x01, 0x30, 0x01, 0x37, 0x01, 0x2f, 0x01, 0x36, 0x01, 0x2f, 0x01,
    0x37, 0x01, 0x31, 0x01, 0x38, 0x01, 0x30, 0x01, 0x37, 0x01, 0x30, 0x01, 0x38, 0x01, 0x32, 0x01,
    0x39, 0x01, 0x31, 0x01, 0x38, 0x01, 0x31, 0x01, 0x39, 0x01, 0x39, 0x01, 0x32, 0x01, 0x3a, 0x01,
    0x34, 0x01, 0x33, 0x01, 0x3b, 0x01, 0x3b, 0x01, 0x3c, 0x01, 0x34, 0x01, 0x33, 0x01, 0x35, 0x01,
    0x3d, 0x01, 0x36, 0x01, 0x3d, 0x01, 0x35, 0x01, 0x3d, 0x01, 0x3b, 0x01, 0x33, 0x01, 0x37, 0x01,
    0x3e, 0x01, 0x36, 0x01, 0x3d, 0x01, 0x36, 0x01, 0x3e, 0x01, 0x38, 0x01, 0x3f, 0x01, 0x37, 0x01,
    0x3e, 0x01, 0x37, 0x01, 0x3f, 0x01, 0x39, 0x01, 0x40, 0x01, 0x38, 0x01, 0x3f, 0x01, 0x38, 0x01,
    0x40, 0x01, 0x3a, 0x01, 0x41, 0x01, 0x39, 0x01, 0x40, 0x01, 0x39, 0x01, 0x41, 0x01, 0x41, 0x01,
    0x3a, 0x01, 0x42, 0x01, 0x3c, 0x01, 0x3b, 0x01, 0x43, 0x01, 0x43, 0x01, 0x44, 0x01, 0x3c, 0x01,
    0x44, 0x01, 0x43, 0x01, 0x45, 0x01, 0x3b, 0x01, 0x3d, 0x01, 0x46, 0x01, 0x3e, 0x01, 0x46, 0x01,
    0x3d, 0x01, 0x46, 0x01, 0x43, 0x01, 0x3b, 0x01, 0x47, 0x01, 0x45, 0x01, 0x43, 0x01, 0x43, 0x01,
    0x46, 0x01, 0x47, 0x01, 0x45, 0x01, 0x47, 0x01, 0x48, 0x01, 0x46, 0x01, 0x3e, 0x01, 0x49, 0x01,
    0x49, 0x01, 0x47, 0x01, 0x46, 0x01, 0x3f, 0x01, 0x49, 0x01, 0x3e, 0x01, 0x4a, 0x01, 0x48, 0x01,
    0x47, 0x01, 0x47, 0x01, 0x49, 0x01, 0x4a, 0x01, 0x48, 0x01, 0x4a, 0x01, 0x4b, 0x01, 0x49, 0x01,
    0x3f, 0x01, 0x4c, 0x01, 0x4c, 0x01, 0x4a, 0x01, 0x49, 0x01, 0x40, 0x01, 0x4c, 0x01, 0x3f, 0x01,
    0x4d, 0x01, 0x4b, 0x01, 0x4a, 0x01, 0x4a, 0x01, 0x4c, 0x01, 0x4d, 0x01, 0x4b, 0x01, 0x4d, 0x01,
    0x4e, 0x01, 0x4c, 0x01, 0x40, 0x01, 0x4f, 0x01, 0x4f, 0x01, 0x4d, 0x01, 0x4c, 0x01, 0x41, 0x01,
    0x4f, 0x01, 0x40, 0x01, 0x50, 0x01, 0x4e, 0x01, 0x4d, 0x01, 0x4d, 0x01, 0x4f, 0x01, 0x50, 0x01,
    0x4e, 0x01, 0x50, 0x01, 0x51, 0x01, 0x4f, 0x01, 0x41, 0x01, 0x52, 0x01, 0x52, 0x01, 0x50, 0x01,
    0x4f, 0x01, 0x42, 0x01, 0x52, 0x01, 0x41, 0x01, 0x52, 0x01, 0x42, 0x01, 0x53, 0x01, 0x54, 0x01,
    0x51, 0x01, 0x50, 0x01, 0x50, 0x01, 0x52, 0x01, 0x54, 0x01, 0x53, 0x01, 0x54, 0x01, 0x52, 0x01,
    0x51, 0x01, 0x54, 0x01, 0x55, 0x01, 0x54, 0x01, 0x53, 0x01, 0x56, 0x01, 0x56, 0x01, 0x55, 0x01,
    0x54, 0x01, 0x55, 0x01, 0x56, 0x01, 0x57, 0x01,
};
inline constexpr std::size_t g_EndfieldM28PeakIndicesSize = sizeof(g_EndfieldM28PeakIndices);

inline constexpr std::uint8_t g_EndfieldM28PeakSecondary[] = {
    0x00, 0x00, 0x00, 0x00, 0xff, 0xff, 0xff, 0xff, 0x00, 0x00, 0xff, 0x00, 0xff, 0x00, 0x00, 0xff,
    0xff, 0x00, 0x00, 0x00,
};
inline constexpr std::size_t g_EndfieldM28PeakSecondarySize = sizeof(g_EndfieldM28PeakSecondary);

inline constexpr std::uint8_t g_EndfieldM28PeakVSCB0[] = {
    0x00, 0x00, 0x80, 0x3f, 0x00, 0x00, 0x00, 0x00, 0x00, 0x00, 0x00, 0x00, 0x00, 0x00, 0x00, 0x00,
    0x00, 0x00, 0x00, 0x00, 0x00, 0x00, 0x00, 0x00, 0x00, 0x00, 0x00, 0x00, 0x00, 0x00, 0x00, 0x00,
};
inline constexpr std::size_t g_EndfieldM28PeakVSCB0Size = sizeof(g_EndfieldM28PeakVSCB0);

inline constexpr std::uint8_t g_EndfieldM28PeakVSCB1[] = {
    0xd6, 0xfe, 0x7f, 0xbf, 0x28, 0x7d, 0xd1, 0xb9, 0xd9, 0x03, 0xc3, 0xbb, 0x00, 0x00, 0x00, 0x00,
    0x00, 0x00, 0x80, 0x2d, 0xcb, 0x6c, 0x7f, 0x3f, 0xf4, 0x30, 0x89, 0xbd, 0x00, 0x00, 0x00, 0x00,
    0x3d, 0x74, 0xc3, 0xbb, 0x54, 0x30, 0x89, 0x3d, 0xa2, 0x6b, 0x7f, 0x3f, 0x00, 0x00, 0x00, 0x00,
    0x8c, 0xe1, 0x96, 0xc3, 0x3f, 0x49, 0x8c, 0xc3, 0x71, 0x1a, 0x9d, 0x43, 0x00, 0x00, 0x80, 0x3f,
    0xd5, 0xfe, 0x7f, 0xbf, 0xc5, 0x49, 0x00, 0x2e, 0x3c, 0x74, 0xc3, 0xbb, 0x00, 0x00, 0x00, 0x00,
    0x28, 0x7d, 0xd1, 0xb9, 0xcb, 0x6c, 0x7f, 0x3f, 0x53, 0x30, 0x89, 0x3d, 0x00, 0x00, 0x00, 0x00,
    0xd8, 0x03, 0xc3, 0xbb, 0xf4, 0x30, 0x89, 0xbd, 0xa0, 0x6b, 0x7f, 0x3f, 0x00, 0x00, 0x00, 0x00,
    0xdb, 0xff, 0x95, 0xc3, 0xba, 0x7e, 0x96, 0x43, 0x11, 0x40, 0x94, 0xc3, 0x00, 0x00, 0x80, 0x3f,
    0x87, 0x2a, 0x4c, 0x40, 0x00, 0x00, 0x00, 0x00, 0x00, 0x00, 0x00, 0x00, 0x00, 0x00, 0x00, 0x00,
    0x00, 0x00, 0x00, 0x00, 0x23, 0x7b, 0xb5, 0xc0, 0x00, 0x00, 0x00, 0x00, 0x00, 0x00, 0x00, 0x00,
    0x72, 0x93, 0x08, 0x39, 0x7e, 0xcd, 0xbc, 0x39, 0x00, 0x54, 0x03, 0x3b, 0x00, 0x00, 0x80, 0xbf,
    0x00, 0x00, 0x00, 0x00, 0x00, 0x00, 0x00, 0x00, 0xde, 0x35, 0xcd, 0x3d, 0x00, 0x00, 0x00, 0x00,
    0x2b, 0x7f, 0xa0, 0x3e, 0x00, 0x00, 0x00, 0x00, 0x00, 0x00, 0x00, 0x00, 0x00, 0x00, 0x00, 0x00,
    0x00, 0x00, 0x00, 0x00, 0x10, 0x8f, 0x34, 0xbe, 0x00, 0x00, 0x00, 0x00, 0x00, 0x00, 0x00, 0x00,
    0x00, 0x00, 0x00, 0x00, 0x00, 0x00, 0x00, 0x00, 0x00, 0x00, 0x00, 0x00, 0x15, 0xae, 0x1f, 0x41,
    0xff, 0x3f, 0x2b, 0x38, 0xff, 0x29, 0x85, 0xb8, 0x00, 0x00, 0x80, 0xbf, 0xf3, 0xd4, 0xa3, 0x3c,
    0x9c, 0x29, 0x4c, 0xc0, 0x4c, 0x5e, 0x14, 0x3b, 0xeb, 0x15, 0x48, 0xb7, 0xd9, 0x03, 0xc3, 0x3b,
    0xd9, 0x61, 0x12, 0xb7, 0xfb, 0x12, 0xb5, 0xc0, 0x22, 0xc2, 0x0c, 0xb9, 0xf4, 0x30, 0x89, 0x3d,
    0x90, 0xd0, 0x9a, 0xbc, 0x39, 0x53, 0xc2, 0xbe, 0xe3, 0x07, 0x03, 0x3b, 0xa2, 0x6b, 0x7f, 0xbf,
    0xf9, 0xa6, 0x70, 0xc4, 0x27, 0xea, 0xc6, 0x44, 0xe5, 0xd6, 0x3a, 0x3f, 0x71, 0x1a, 0x9d, 0xc3,
    0x9c, 0x29, 0x4c, 0xc0, 0x4c, 0x5e, 0x14, 0x3b, 0xeb, 0x15, 0x48, 0xb7, 0xd9, 0x03, 0xc3, 0x3b,
    0xd9, 0x61, 0x12, 0xb7, 0xfb, 0x12, 0xb5, 0xc0, 0x22, 0xc2, 0x0c, 0xb9, 0xf4, 0x30, 0x89, 0x3d,
    0x90, 0xd0, 0x9a, 0xbc, 0x39, 0x53, 0xc2, 0xbe, 0xe3, 0x07, 0x03, 0x3b, 0xa2, 0x6b, 0x7f, 0xbf,
    0x00, 0x00, 0x00, 0x00, 0x00, 0x00, 0x00, 0x00, 0xde, 0x35, 0xcd, 0x3d, 0x00, 0x00, 0x00, 0x00,
    0x70, 0x7e, 0xa0, 0xbe, 0xab, 0xdb, 0x20, 0x2d, 0x7a, 0x13, 0xf5, 0xba, 0x00, 0x00, 0x00, 0x00,
    0x12, 0xc1, 0x93, 0x38, 0x3c, 0x27, 0x34, 0xbe, 0x4a, 0x85, 0x41, 0xbc, 0x00, 0x00, 0x00, 0x00,
    0xd2, 0x1f, 0x3b, 0xc5, 0x18, 0xbe, 0x3b, 0x45, 0x35, 0xf1, 0x38, 0xc5, 0x15, 0xae, 0x1f, 0x41,
    0xf2, 0xcc, 0xbf, 0xc0, 0xff, 0xc3, 0xc2, 0x40, 0xb6, 0xad, 0xdd, 0xc0, 0xf3, 0xd4, 0xa3, 0x3c,
    0x99, 0x29, 0x4c, 0xc0, 0x41, 0x82, 0x14, 0x3b, 0x71, 0x17, 0x48, 0xb7, 0xd9, 0x03, 0xc3, 0x3b,
    0x87, 0x2a, 0x4c, 0x2e, 0xc8, 0x12, 0xb5, 0xc0, 0x34, 0xc3, 0x0c, 0xb9, 0xf4, 0x30, 0x89, 0x3d,
    0x19, 0xe1, 0x9b, 0xbc, 0x51, 0x82, 0xc2, 0xbe, 0xe3, 0x08, 0x03, 0x3b, 0xa2, 0x6b, 0x7f, 0xbf,
    0x98, 0xa9, 0x70, 0xc4, 0x88, 0xe6, 0xc6, 0x44, 0x1f, 0xd8, 0x3a, 0x3f, 0x71, 0x1a, 0x9d, 0xc3,
    0x99, 0x29, 0x4c, 0xc0, 0x41, 0x82, 0x14, 0x3b, 0x71, 0x17, 0x48, 0xb7, 0xd9, 0x03, 0xc3, 0x3b,
    0x87, 0x2a, 0x4c, 0x2e, 0xc8, 0x12, 0xb5, 0xc0, 0x34, 0xc3, 0x0c, 0xb9, 0xf4, 0x30, 0x89, 0x3d,
    0x19, 0xe1, 0x9b, 0xbc, 0x51, 0x82, 0xc2, 0xbe, 0xe3, 0x08, 0x03, 0x3b, 0xa2, 0x6b, 0x7f, 0xbf,
    0x00, 0x00, 0x00, 0x00, 0x00, 0x00, 0x00, 0x00, 0xde, 0x35, 0xcd, 0x3d, 0x00, 0x00, 0x00, 0x00,
    0x70, 0x7e, 0xa0, 0xbe, 0x1f, 0xf7, 0x34, 0x2d, 0x7b, 0x13, 0xf5, 0xba, 0x00, 0x00, 0x00, 0x00,
    0x12, 0xc1, 0x93, 0x38, 0x3c, 0x27, 0x34, 0xbe, 0x4a, 0x85, 0x41, 0xbc, 0x00, 0x00, 0x00, 0x00,
    0xd0, 0x1f, 0x3b, 0xc5, 0x15, 0xbe, 0x3b, 0x45, 0x33, 0xf1, 0x38, 0xc5, 0x13, 0xae, 0x1f, 0x41,
    0x10, 0xce, 0xbf, 0xc0, 0xf8, 0xc5, 0xc2, 0x40, 0x1e, 0xaf, 0xdd, 0xc0, 0x31, 0xd6, 0xa3, 0x3c,
    0x00, 0x00, 0x80, 0x3f, 0x00, 0x00, 0x00, 0x00, 0x00, 0x00, 0x00, 0x00, 0x00, 0x00, 0x00, 0x00,
    0x00, 0x00, 0x00, 0x00, 0x00, 0x00, 0x80, 0x3f, 0x00, 0x00, 0x00, 0x00, 0x00, 0x00, 0x00, 0x00,
    0x00, 0x00, 0x00, 0x00, 0x00, 0x00, 0x00, 0x00, 0x00, 0x00, 0x80, 0x3f, 0x00, 0x00, 0x00, 0x00,
    0x00, 0x00, 0x00, 0x00, 0x00, 0x00, 0x00, 0x00, 0x00, 0x00, 0x00, 0x00, 0x00, 0x00, 0x80, 0x3f,
    0xdb, 0xff, 0x95, 0xc3, 0xba, 0x7e, 0x96, 0x43, 0x11, 0x40, 0x94, 0xc3, 0x00, 0x00, 0x00, 0x00,
    0x96, 0x29, 0x4c, 0xc0, 0xaa, 0x91, 0x14, 0x3b, 0xeb, 0x15, 0x48, 0xb7, 0xd9, 0x03, 0xc3, 0x3b,
    0x3f, 0x62, 0x12, 0x37, 0xb2, 0x12, 0xb5, 0xc0, 0x22, 0xc2, 0x0c, 0xb9, 0xf4, 0x30, 0x89, 0x3d,
    0xa2, 0xf1, 0x9c, 0xbc, 0x80, 0x96, 0xc2, 0xbe, 0xe3, 0x07, 0x03, 0x3b, 0xa2, 0x6b, 0x7f, 0xbf,
    0x37, 0xac, 0x70, 0xc4, 0xfb, 0xe4, 0xc6, 0x44, 0xe5, 0xd6, 0x3a, 0x3f, 0x71, 0x1a, 0x9d, 0xc3,
    0x96, 0x29, 0x4c, 0xc0, 0xaa, 0x91, 0x14, 0x3b, 0xeb, 0x15, 0x48, 0xb7, 0xd9, 0x03, 0xc3, 0x3b,
    0x3f, 0x62, 0x12, 0x37, 0xb2, 0x12, 0xb5, 0xc0, 0x22, 0xc2, 0x0c, 0xb9, 0xf4, 0x30, 0x89, 0x3d,
    0xa2, 0xf1, 0x9c, 0xbc, 0x80, 0x96, 0xc2, 0xbe, 0xe3, 0x07, 0x03, 0x3b, 0xa2, 0x6b, 0x7f, 0xbf,
    0x00, 0x00, 0x00, 0x00, 0x00, 0x00, 0x00, 0x00, 0xde, 0x35, 0xcd, 0x3d, 0x00, 0x00, 0x00, 0x00,
    0x99, 0x29, 0x4c, 0xc0, 0x41, 0x82, 0x14, 0x3b, 0x71, 0x17, 0x48, 0xb7, 0xd9, 0x03, 0xc3, 0x3b,
    0x87, 0x2a, 0x4c, 0x2e, 0xc8, 0x12, 0xb5, 0xc0, 0x34, 0xc3, 0x0c, 0xb9, 0xf4, 0x30, 0x89, 0x3d,
    0x19, 0xe1, 0x9b, 0xbc, 0x51, 0x82, 0xc2, 0xbe, 0xe3, 0x08, 0x03, 0x3b, 0xa2, 0x6b, 0x7f, 0xbf,
    0x98, 0xa9, 0x70, 0xc4, 0x88, 0xe6, 0xc6, 0x44, 0x1f, 0xd8, 0x3a, 0x3f, 0x71, 0x1a, 0x9d, 0xc3,
    0x99, 0x29, 0x4c, 0xc0, 0x41, 0x82, 0x14, 0x3b, 0x71, 0x17, 0x48, 0xb7, 0xd9, 0x03, 0xc3, 0x3b,
    0x87, 0x2a, 0x4c, 0x2e, 0xc8, 0x12, 0xb5, 0xc0, 0x34, 0xc3, 0x0c, 0xb9, 0xf4, 0x30, 0x89, 0x3d,
    0x19, 0xe1, 0x9b, 0xbc, 0x51, 0x82, 0xc2, 0xbe, 0xe3, 0x08, 0x03, 0x3b, 0xa2, 0x6b, 0x7f, 0xbf,
    0x00, 0x00, 0x00, 0x00, 0x00, 0x00, 0x00, 0x80, 0xde, 0x35, 0xcd, 0x3d, 0x00, 0x00, 0x00, 0x00,
    0x70, 0x7e, 0xa0, 0xbe, 0xab, 0xdb, 0x20, 0x2d, 0x7a, 0x13, 0xf5, 0xba, 0x00, 0x00, 0x00, 0x00,
    0x12, 0xc1, 0x93, 0x38, 0x3c, 0x27, 0x34, 0xbe, 0x4a, 0x85, 0x41, 0xbc, 0x00, 0x00, 0x00, 0x00,
    0xd2, 0x1f, 0x3b, 0xc5, 0x18, 0xbe, 0x3b, 0x45, 0x35, 0xf1, 0x38, 0xc5, 0x15, 0xae, 0x1f, 0x41,
    0x46, 0xcc, 0xbf, 0xc0, 0xbd, 0xc4, 0xc2, 0x40, 0xa9, 0xad, 0xdd, 0xc0, 0xf3, 0xd4, 0xa3, 0x3c,
    0x70, 0x7e, 0xa0, 0xbe, 0x1f, 0xf7, 0x34, 0x2d, 0x7b, 0x13, 0xf5, 0xba, 0x00, 0x00, 0x00, 0x00,
    0x12, 0xc1, 0x93, 0x38, 0x3c, 0x27, 0x34, 0xbe, 0x4a, 0x85, 0x41, 0xbc, 0x00, 0x00, 0x00, 0x00,
    0xd0, 0x1f, 0x3b, 0xc5, 0x15, 0xbe, 0x3b, 0x45, 0x33, 0xf1, 0x38, 0xc5, 0x13, 0xae, 0x1f, 0x41,
    0x10, 0xce, 0xbf, 0xc0, 0xf8, 0xc5, 0xc2, 0x40, 0x1e, 0xaf, 0xdd, 0xc0, 0x31, 0xd6, 0xa3, 0x3c,
    0x00, 0x00, 0x80, 0x3f, 0x00, 0x00, 0x80, 0x2e, 0x00, 0x00, 0x80, 0xaa, 0x00, 0x00, 0x00, 0x00,
    0x00, 0x00, 0x00, 0x00, 0x00, 0x00, 0x80, 0x3f, 0x00, 0x00, 0x00, 0x00, 0x00, 0x00, 0x00, 0x00,
    0x00, 0x00, 0x00, 0x00, 0x00, 0x00, 0x00, 0x00, 0x00, 0x00, 0x80, 0x3f, 0x00, 0x00, 0x00, 0x00,
    0x00, 0x00, 0x00, 0xb6, 0x00, 0x00, 0xc0, 0x36, 0x00, 0x00, 0x80, 0xb0, 0xf8, 0xff, 0x7f, 0x3f,
    0x06, 0x40, 0xcd, 0xbf, 0xc8, 0x4c, 0x95, 0x3a, 0x70, 0x17, 0x48, 0xb7, 0xd8, 0x03, 0xc3, 0x3b,
    0x00, 0x00, 0x00, 0x00, 0xb8, 0x09, 0x36, 0xc0, 0x33, 0xc3, 0x0c, 0xb9, 0xf3, 0x30, 0x89, 0x3d,
    0xae, 0xb5, 0x1c, 0xbc, 0x93, 0x8b, 0x43, 0xbe, 0xe2, 0x08, 0x03, 0x3b, 0xa0, 0x6b, 0x7f, 0xbf,
    0xcd, 0xf1, 0xf1, 0xc3, 0xc8, 0xf5, 0x47, 0x44, 0x1d, 0xd8, 0x3a, 0x3f, 0x6f, 0x1a, 0x9d, 0xc3,
    0xba, 0xa4, 0x1f, 0xbf, 0x00, 0x00, 0x00, 0x00, 0x07, 0xc7, 0x73, 0xbb, 0x00, 0x00, 0x00, 0x00,
    0xa5, 0xf8, 0x12, 0x39, 0xda, 0x32, 0xb3, 0xbe, 0xc7, 0x7e, 0xc0, 0xbc, 0x00, 0x00, 0x00, 0x00,
    0xd4, 0x1f, 0x3b, 0xc5, 0x18, 0xbe, 0x3b, 0x45, 0x35, 0xf1, 0x38, 0xc5, 0x15, 0xae, 0x1f, 0x41,
    0x15, 0xce, 0xbf, 0xc0, 0xfd, 0xc5, 0xc2, 0x40, 0x20, 0xaf, 0xdd, 0xc0, 0x33, 0xd6, 0xa3, 0x3c,
    0xdb, 0xff, 0x95, 0xc3, 0xba, 0x7e, 0x96, 0x43, 0x11, 0x40, 0x94, 0xc3, 0x00, 0x00, 0x00, 0x00,
};
inline constexpr std::size_t g_EndfieldM28PeakVSCB1Size = sizeof(g_EndfieldM28PeakVSCB1);

inline constexpr std::uint8_t g_EndfieldM28PeakVSCB2[] = {
    0x00, 0x00, 0x70, 0x45, 0x00, 0x00, 0x07, 0x45, 0x89, 0x88, 0x88, 0x39, 0xd6, 0xb9, 0xf2, 0x39,
    0x00, 0x00, 0x70, 0x45, 0x00, 0x00, 0x07, 0x45, 0x89, 0x88, 0x88, 0x39, 0xd6, 0xb9, 0xf2, 0x39,
    0x00, 0x80, 0xf9, 0x43, 0x00, 0x00, 0x80, 0x3f, 0x14, 0xae, 0x1f, 0x41, 0x0a, 0xd7, 0xa3, 0x3c,
    0x00, 0x00, 0x80, 0xbf, 0xcd, 0xcc, 0xcc, 0x3d, 0x00, 0x00, 0x48, 0x42, 0x0a, 0xd7, 0xa3, 0x3c,
    0x00, 0x00, 0x00, 0x00, 0x00, 0x00, 0x00, 0x00, 0x00, 0x00, 0x00, 0x00, 0x00, 0x00, 0x00, 0x00,
    0x00, 0x00, 0x70, 0x45, 0x00, 0x00, 0x07, 0x45, 0x89, 0x08, 0x80, 0x3f, 0x2c, 0x0f, 0x80, 0x3f,
    0x00, 0x00, 0x00, 0x00, 0x00, 0x00, 0x00, 0x00, 0x00, 0x00, 0x00, 0x00, 0x00, 0x00, 0x00, 0x00,
    0x00, 0x00, 0x00, 0x00, 0x00, 0x00, 0x00, 0x00, 0x00, 0x00, 0x00, 0x00, 0x00, 0x00, 0x00, 0x00,
    0x00, 0x00, 0x00, 0x00, 0x00, 0x00, 0x00, 0x00, 0x00, 0x00, 0x00, 0x00, 0x00, 0x00, 0x00, 0x00,
    0x00, 0x00, 0x00, 0x00, 0x00, 0x00, 0x00, 0x00, 0x00, 0x00, 0x00, 0x00, 0x00, 0x00, 0x00, 0x00,
    0x00, 0x00, 0x00, 0x00, 0x00, 0x00, 0x00, 0x00, 0x00, 0x00, 0x00, 0x00, 0x00, 0x00, 0x00, 0x00,
    0x00, 0x00, 0x00, 0x00, 0x00, 0x00, 0x00, 0x00, 0x00, 0x00, 0x00, 0x00, 0x00, 0x00, 0x00, 0x00,
    0x00, 0x00, 0x00, 0x00, 0x00, 0x00, 0x00, 0x00, 0x00, 0x00, 0x00, 0x00, 0x00, 0x00, 0x00, 0x00,
    0x00, 0x00, 0x00, 0x00, 0x00, 0x00, 0x00, 0x00, 0x00, 0x00, 0x00, 0x00, 0x00, 0x00, 0x00, 0x00,
    0x00, 0x00, 0x00, 0x00, 0x00, 0x00, 0x00, 0x00, 0x00, 0x00, 0x00, 0x00, 0x00, 0x00, 0x00, 0x00,
    0x00, 0x00, 0x00, 0x00, 0x00, 0x00, 0x00, 0x00, 0x00, 0x00, 0x00, 0x00, 0x00, 0x00, 0x00, 0x00,
    0x00, 0x00, 0x00, 0x00, 0x00, 0x00, 0x00, 0x00, 0x00, 0x00, 0x00, 0x00, 0x00, 0x00, 0x00, 0x00,
    0x00, 0x00, 0x00, 0x00, 0x00, 0x00, 0x00, 0x00, 0x00, 0x00, 0x00, 0x00, 0x00, 0x00, 0x00, 0x00,
    0x00, 0x00, 0x00, 0x00, 0x00, 0x00, 0x10, 0x3f, 0x00, 0x00, 0x00, 0x40, 0x00, 0x00, 0x00, 0x00,
    0x00, 0x00, 0x80, 0x3e, 0x72, 0x1c, 0xc7, 0xbe, 0x89, 0x88, 0x88, 0x38, 0x6e, 0xc9, 0x3c, 0xb9,
};
inline constexpr std::size_t g_EndfieldM28PeakVSCB2Size = sizeof(g_EndfieldM28PeakVSCB2);

inline constexpr std::uint8_t g_EndfieldM28PeakVSCB3[] = {
    0x00, 0x00, 0x80, 0x3f, 0x00, 0x00, 0x00, 0x00, 0x00, 0x00, 0x00, 0x00, 0x00, 0x00, 0x00, 0x00,
    0x00, 0x00, 0x00, 0x00, 0x00, 0x00, 0x80, 0x3f, 0x00, 0x00, 0x00, 0x00, 0x00, 0x00, 0x00, 0x00,
    0x00, 0x00, 0x00, 0x00, 0x00, 0x00, 0x00, 0x00, 0x00, 0x00, 0x80, 0x3f, 0x00, 0x00, 0x00, 0x00,
    0x00, 0x00, 0x00, 0x00, 0x00, 0x00, 0x00, 0x00, 0x00, 0x00, 0x00, 0x00, 0x00, 0x00, 0x80, 0x3f,
    0x00, 0x00, 0x7a, 0x44, 0x00, 0x00, 0x00, 0x00, 0x00, 0x00, 0x00, 0x00, 0x00, 0x00, 0x00, 0x00,
    0x00, 0x00, 0x00, 0x00, 0x00, 0x00, 0x00, 0x00, 0x01, 0x00, 0x00, 0x00, 0x00, 0x00, 0x80, 0x3f,
    0x00, 0x00, 0x80, 0x3f, 0x00, 0x00, 0x00, 0x00, 0x00, 0x00, 0x00, 0x00, 0x00, 0x00, 0x00, 0x00,
    0x00, 0x00, 0x00, 0x00, 0x00, 0x00, 0x80, 0x3f, 0x00, 0x00, 0x00, 0x00, 0x00, 0x00, 0x00, 0x00,
    0x00, 0x00, 0x00, 0x00, 0x00, 0x00, 0x00, 0x00, 0x00, 0x00, 0x80, 0x3f, 0x00, 0x00, 0x00, 0x00,
    0x00, 0x00, 0x00, 0x00, 0x00, 0x00, 0x00, 0x00, 0x00, 0x00, 0x00, 0x00, 0x00, 0x00, 0x80, 0x3f,
    0x00, 0x00, 0x00, 0x00, 0x00, 0x00, 0x80, 0x3f, 0x00, 0x00, 0x00, 0x00, 0x00, 0x00, 0x00, 0x00,
    0x18, 0x00, 0x00, 0x00, 0x00, 0x00, 0x00, 0x00, 0x00, 0x00, 0x00, 0x00, 0x00, 0x00, 0x00, 0x00,
    0x00, 0x00, 0x00, 0x00, 0x00, 0x00, 0x00, 0x00, 0x00, 0x00, 0x00, 0x00, 0x00, 0x00, 0x00, 0x00,
    0x00, 0x00, 0x00, 0x00, 0x00, 0x00, 0x00, 0x00, 0x00, 0x00, 0x00, 0x00, 0x00, 0x00, 0x00, 0x00,
    0x00, 0x00, 0x00, 0x00, 0x00, 0x00, 0x00, 0x00, 0x00, 0x00, 0x00, 0x00, 0x00, 0x00, 0x00, 0x00,
    0x00, 0x00, 0x00, 0x00, 0x00, 0x00, 0x00, 0x00, 0x00, 0x00, 0x00, 0x00, 0x00, 0x00, 0x00, 0x00,
};
inline constexpr std::size_t g_EndfieldM28PeakVSCB3Size = sizeof(g_EndfieldM28PeakVSCB3);

inline constexpr std::uint8_t g_EndfieldM28PeakVSCB4[] = {
    0x00, 0x00, 0x00, 0x00, 0x6f, 0x12, 0x83, 0x3a, 0x00, 0x00, 0x20, 0x41, 0x00, 0x00, 0xf0, 0x42,
    0x00, 0x00, 0xc8, 0x42, 0x00, 0x00, 0x00, 0x00, 0x00, 0x00, 0x00, 0x00, 0x00, 0x00, 0x00, 0x00,
    0x00, 0x00, 0x80, 0x3f, 0x00, 0x00, 0x00, 0x00, 0x00, 0x00, 0x00, 0x00, 0x39, 0xb4, 0x08, 0x3f,
    0xb8, 0x1e, 0x8d, 0x40, 0x00, 0x00, 0x00, 0x00, 0x00, 0x00, 0x00, 0x00, 0x00, 0x00, 0x00, 0x00,
    0x00, 0x00, 0x00, 0x00, 0x00, 0x00, 0x00, 0x00, 0x00, 0x00, 0x00, 0x00, 0x00, 0x00, 0x00, 0x00,
};
inline constexpr std::size_t g_EndfieldM28PeakVSCB4Size = sizeof(g_EndfieldM28PeakVSCB4);

inline constexpr std::uint8_t g_EndfieldM28PeakPSCB0[] = {
    0xd6, 0xfe, 0x7f, 0xbf, 0x28, 0x7d, 0xd1, 0xb9, 0xd9, 0x03, 0xc3, 0xbb, 0x00, 0x00, 0x00, 0x00,
    0x00, 0x00, 0x80, 0x2d, 0xcb, 0x6c, 0x7f, 0x3f, 0xf4, 0x30, 0x89, 0xbd, 0x00, 0x00, 0x00, 0x00,
    0x3d, 0x74, 0xc3, 0xbb, 0x54, 0x30, 0x89, 0x3d, 0xa2, 0x6b, 0x7f, 0x3f, 0x00, 0x00, 0x00, 0x00,
    0x8c, 0xe1, 0x96, 0xc3, 0x3f, 0x49, 0x8c, 0xc3, 0x71, 0x1a, 0x9d, 0x43, 0x00, 0x00, 0x80, 0x3f,
    0xd5, 0xfe, 0x7f, 0xbf, 0xc5, 0x49, 0x00, 0x2e, 0x3c, 0x74, 0xc3, 0xbb, 0x00, 0x00, 0x00, 0x00,
    0x28, 0x7d, 0xd1, 0xb9, 0xcb, 0x6c, 0x7f, 0x3f, 0x53, 0x30, 0x89, 0x3d, 0x00, 0x00, 0x00, 0x00,
    0xd8, 0x03, 0xc3, 0xbb, 0xf4, 0x30, 0x89, 0xbd, 0xa0, 0x6b, 0x7f, 0x3f, 0x00, 0x00, 0x00, 0x00,
    0xdb, 0xff, 0x95, 0xc3, 0xba, 0x7e, 0x96, 0x43, 0x11, 0x40, 0x94, 0xc3, 0x00, 0x00, 0x80, 0x3f,
    0x87, 0x2a, 0x4c, 0x40, 0x00, 0x00, 0x00, 0x00, 0x00, 0x00, 0x00, 0x00, 0x00, 0x00, 0x00, 0x00,
    0x00, 0x00, 0x00, 0x00, 0x23, 0x7b, 0xb5, 0xc0, 0x00, 0x00, 0x00, 0x00, 0x00, 0x00, 0x00, 0x00,
    0x72, 0x93, 0x08, 0x39, 0x7e, 0xcd, 0xbc, 0x39, 0x00, 0x54, 0x03, 0x3b, 0x00, 0x00, 0x80, 0xbf,
    0x00, 0x00, 0x00, 0x00, 0x00, 0x00, 0x00, 0x00, 0xde, 0x35, 0xcd, 0x3d, 0x00, 0x00, 0x00, 0x00,
    0x2b, 0x7f, 0xa0, 0x3e, 0x00, 0x00, 0x00, 0x00, 0x00, 0x00, 0x00, 0x00, 0x00, 0x00, 0x00, 0x00,
    0x00, 0x00, 0x00, 0x00, 0x10, 0x8f, 0x34, 0xbe, 0x00, 0x00, 0x00, 0x00, 0x00, 0x00, 0x00, 0x00,
    0x00, 0x00, 0x00, 0x00, 0x00, 0x00, 0x00, 0x00, 0x00, 0x00, 0x00, 0x00, 0x15, 0xae, 0x1f, 0x41,
    0xff, 0x3f, 0x2b, 0x38, 0xff, 0x29, 0x85, 0xb8, 0x00, 0x00, 0x80, 0xbf, 0xf3, 0xd4, 0xa3, 0x3c,
    0x9c, 0x29, 0x4c, 0xc0, 0x4c, 0x5e, 0x14, 0x3b, 0xeb, 0x15, 0x48, 0xb7, 0xd9, 0x03, 0xc3, 0x3b,
    0xd9, 0x61, 0x12, 0xb7, 0xfb, 0x12, 0xb5, 0xc0, 0x22, 0xc2, 0x0c, 0xb9, 0xf4, 0x30, 0x89, 0x3d,
    0x90, 0xd0, 0x9a, 0xbc, 0x39, 0x53, 0xc2, 0xbe, 0xe3, 0x07, 0x03, 0x3b, 0xa2, 0x6b, 0x7f, 0xbf,
    0xf9, 0xa6, 0x70, 0xc4, 0x27, 0xea, 0xc6, 0x44, 0xe5, 0xd6, 0x3a, 0x3f, 0x71, 0x1a, 0x9d, 0xc3,
    0x9c, 0x29, 0x4c, 0xc0, 0x4c, 0x5e, 0x14, 0x3b, 0xeb, 0x15, 0x48, 0xb7, 0xd9, 0x03, 0xc3, 0x3b,
    0xd9, 0x61, 0x12, 0xb7, 0xfb, 0x12, 0xb5, 0xc0, 0x22, 0xc2, 0x0c, 0xb9, 0xf4, 0x30, 0x89, 0x3d,
    0x90, 0xd0, 0x9a, 0xbc, 0x39, 0x53, 0xc2, 0xbe, 0xe3, 0x07, 0x03, 0x3b, 0xa2, 0x6b, 0x7f, 0xbf,
    0x00, 0x00, 0x00, 0x00, 0x00, 0x00, 0x00, 0x00, 0xde, 0x35, 0xcd, 0x3d, 0x00, 0x00, 0x00, 0x00,
    0x70, 0x7e, 0xa0, 0xbe, 0xab, 0xdb, 0x20, 0x2d, 0x7a, 0x13, 0xf5, 0xba, 0x00, 0x00, 0x00, 0x00,
    0x12, 0xc1, 0x93, 0x38, 0x3c, 0x27, 0x34, 0xbe, 0x4a, 0x85, 0x41, 0xbc, 0x00, 0x00, 0x00, 0x00,
    0xd2, 0x1f, 0x3b, 0xc5, 0x18, 0xbe, 0x3b, 0x45, 0x35, 0xf1, 0x38, 0xc5, 0x15, 0xae, 0x1f, 0x41,
    0xf2, 0xcc, 0xbf, 0xc0, 0xff, 0xc3, 0xc2, 0x40, 0xb6, 0xad, 0xdd, 0xc0, 0xf3, 0xd4, 0xa3, 0x3c,
};
inline constexpr std::size_t g_EndfieldM28PeakPSCB0Size = sizeof(g_EndfieldM28PeakPSCB0);

inline constexpr std::uint8_t g_EndfieldM28PeakPSCB1[] = {
    0x00, 0x00, 0x70, 0x45, 0x00, 0x00, 0x07, 0x45, 0x89, 0x88, 0x88, 0x39, 0xd6, 0xb9, 0xf2, 0x39,
    0x00, 0x00, 0x70, 0x45, 0x00, 0x00, 0x07, 0x45, 0x89, 0x88, 0x88, 0x39, 0xd6, 0xb9, 0xf2, 0x39,
    0x00, 0x80, 0xf9, 0x43, 0x00, 0x00, 0x80, 0x3f, 0x14, 0xae, 0x1f, 0x41, 0x0a, 0xd7, 0xa3, 0x3c,
    0x00, 0x00, 0x80, 0xbf, 0xcd, 0xcc, 0xcc, 0x3d, 0x00, 0x00, 0x48, 0x42, 0x0a, 0xd7, 0xa3, 0x3c,
    0x00, 0x00, 0x00, 0x00, 0x00, 0x00, 0x00, 0x00, 0x00, 0x00, 0x00, 0x00, 0x00, 0x00, 0x00, 0x00,
    0x00, 0x00, 0x70, 0x45, 0x00, 0x00, 0x07, 0x45, 0x89, 0x08, 0x80, 0x3f, 0x2c, 0x0f, 0x80, 0x3f,
    0x00, 0x00, 0x00, 0x00, 0x00, 0x00, 0x00, 0x00, 0x00, 0x00, 0x00, 0x00, 0x00, 0x00, 0x00, 0x00,
    0x00, 0x00, 0x00, 0x00, 0x00, 0x00, 0x00, 0x00, 0x00, 0x00, 0x00, 0x00, 0x00, 0x00, 0x00, 0x00,
    0x00, 0x00, 0x00, 0x00, 0x00, 0x00, 0x00, 0x00, 0x00, 0x00, 0x00, 0x00, 0x00, 0x00, 0x00, 0x00,
    0x00, 0x00, 0x00, 0x00, 0x00, 0x00, 0x00, 0x00, 0x00, 0x00, 0x00, 0x00, 0x00, 0x00, 0x00, 0x00,
    0x00, 0x00, 0x00, 0x00, 0x00, 0x00, 0x00, 0x00, 0x00, 0x00, 0x00, 0x00, 0x00, 0x00, 0x00, 0x00,
    0x00, 0x00, 0x00, 0x00, 0x00, 0x00, 0x00, 0x00, 0x00, 0x00, 0x00, 0x00, 0x00, 0x00, 0x00, 0x00,
    0x00, 0x00, 0x00, 0x00, 0x00, 0x00, 0x00, 0x00, 0x00, 0x00, 0x00, 0x00, 0x00, 0x00, 0x00, 0x00,
    0x00, 0x00, 0x00, 0x00, 0x00, 0x00, 0x00, 0x00, 0x00, 0x00, 0x00, 0x00, 0x00, 0x00, 0x00, 0x00,
    0x00, 0x00, 0x00, 0x00, 0x00, 0x00, 0x00, 0x00, 0x00, 0x00, 0x00, 0x00, 0x00, 0x00, 0x00, 0x00,
    0x00, 0x00, 0x00, 0x00, 0x00, 0x00, 0x00, 0x00, 0x00, 0x00, 0x00, 0x00, 0x00, 0x00, 0x00, 0x00,
    0x00, 0x00, 0x00, 0x00, 0x00, 0x00, 0x00, 0x00, 0x00, 0x00, 0x00, 0x00, 0x00, 0x00, 0x00, 0x00,
    0x00, 0x00, 0x00, 0x00, 0x00, 0x00, 0x00, 0x00, 0x00, 0x00, 0x00, 0x00, 0x00, 0x00, 0x00, 0x00,
    0x00, 0x00, 0x00, 0x00, 0x00, 0x00, 0x10, 0x3f, 0x00, 0x00, 0x00, 0x40, 0x00, 0x00, 0x00, 0x00,
    0x00, 0x00, 0x80, 0x3e, 0x72, 0x1c, 0xc7, 0xbe, 0x89, 0x88, 0x88, 0x38, 0x6e, 0xc9, 0x3c, 0xb9,
    0x9b, 0x90, 0x1f, 0x40, 0xc1, 0x74, 0x47, 0x42, 0xc1, 0x74, 0xc7, 0x42, 0x6f, 0xa8, 0x7a, 0x40,
    0xbc, 0x76, 0x4d, 0xbd, 0x84, 0x34, 0xcd, 0xbd, 0x26, 0x2c, 0x4c, 0xbe, 0xa5, 0x12, 0xc8, 0xbe,
    0x7f, 0xad, 0x7f, 0x3f, 0x31, 0xb6, 0x7e, 0x3f, 0x17, 0xdc, 0x7a, 0x3f, 0x33, 0xa5, 0x6b, 0x3f,
    0x48, 0x8a, 0x88, 0x3c, 0xed, 0xfc, 0x6f, 0x42, 0x8a, 0x60, 0x8f, 0x3c, 0x4e, 0x8b, 0x64, 0x42,
    0xc1, 0x74, 0x47, 0x42, 0xa5, 0x12, 0xc8, 0xbe, 0x33, 0xa5, 0x6b, 0x3f, 0x6f, 0xa8, 0x7a, 0x40,
    0xb0, 0x63, 0x47, 0x42, 0x40, 0xe6, 0xcf, 0xbe, 0x07, 0xf2, 0x69, 0x3f, 0xa7, 0x42, 0x79, 0x40,
    0x00, 0x00, 0x80, 0xbf, 0x00, 0x00, 0x00, 0x3f, 0x00, 0x00, 0x00, 0x00, 0x1a, 0x06, 0x00, 0x00,
    0x00, 0x00, 0x80, 0x3f, 0x00, 0x00, 0x80, 0x3f, 0x39, 0x8e, 0xe3, 0x3f, 0xdf, 0x35, 0xcd, 0x3d,
    0x00, 0x00, 0x00, 0x00, 0x00, 0xff, 0x00, 0x00, 0x00, 0x3f, 0x01, 0x00, 0xe0, 0x5e, 0x01, 0x00,
    0x5c, 0x50, 0x93, 0x3e, 0x5c, 0x50, 0x93, 0x3e, 0x00, 0x00, 0x80, 0x3f, 0x00, 0x00, 0x00, 0x00,
    0x00, 0x00, 0x00, 0x00, 0x00, 0x00, 0x00, 0x00, 0x00, 0x00, 0x80, 0x3f, 0x00, 0x00, 0x80, 0x3f,
    0x00, 0x00, 0xe0, 0x40, 0x00, 0x00, 0x00, 0x00, 0x00, 0x00, 0x00, 0x00, 0x00, 0x00, 0x00, 0x00,
    0x00, 0x00, 0x80, 0x3e, 0x96, 0xb1, 0x94, 0x3f, 0x00, 0x00, 0x80, 0x33, 0xff, 0xff, 0x7f, 0x3f,
    0xcf, 0xab, 0x8c, 0xb3, 0x96, 0xb1, 0x94, 0xbf, 0x7f, 0x9d, 0x8c, 0xb3, 0x46, 0xa3, 0x94, 0xbf,
    0xfe, 0x94, 0x86, 0xc2, 0xdc, 0xe2, 0xb1, 0x3f, 0x02, 0x2b, 0xc7, 0x3e, 0x33, 0x33, 0xb3, 0x3e,
    0x00, 0x00, 0x00, 0x00, 0x00, 0x00, 0x00, 0x00, 0x00, 0x00, 0x00, 0x00, 0x00, 0x00, 0x00, 0x00,
    0x00, 0x00, 0x00, 0x00, 0x00, 0x00, 0x00, 0x00, 0x00, 0x00, 0x00, 0x00, 0x00, 0x00, 0x00, 0x00,
    0x00, 0x00, 0x00, 0x00, 0x00, 0x00, 0x00, 0x00, 0x00, 0x00, 0x00, 0x00, 0x00, 0x00, 0x00, 0x00,
    0xe1, 0x7a, 0xd4, 0x3f, 0x00, 0x00, 0x00, 0x00, 0x00, 0x00, 0x00, 0x00, 0x00, 0x00, 0x00, 0x00,
    0x3d, 0x69, 0x87, 0xc2, 0x55, 0xdb, 0x74, 0x40, 0x9a, 0x99, 0xe7, 0xc1, 0xf4, 0xfd, 0x4a, 0x41,
    0x00, 0x00, 0x00, 0x00, 0x00, 0x00, 0x00, 0x00, 0x00, 0x00, 0x00, 0x00, 0x00, 0x00, 0x20, 0x42,
    0x00, 0x00, 0x00, 0x00, 0x00, 0x00, 0x00, 0x00, 0x00, 0x00, 0x00, 0x00, 0x00, 0x00, 0x00, 0x00,
    0x00, 0x00, 0x00, 0x00, 0x00, 0x00, 0x00, 0x00, 0x00, 0x00, 0x00, 0x00, 0x00, 0x00, 0x00, 0x00,
    0xec, 0x4c, 0x0b, 0x41, 0xf4, 0xfd, 0x4a, 0x41, 0x00, 0x00, 0x00, 0x40, 0x00, 0x00, 0x00, 0x00,
    0x00, 0x00, 0x00, 0x00, 0x00, 0x00, 0x00, 0x00, 0x00, 0x00, 0x80, 0x3e, 0x00, 0x00, 0x00, 0x00,
    0x00, 0x00, 0x00, 0x00, 0x00, 0x00, 0x00, 0x00, 0x00, 0x00, 0x00, 0x00, 0x00, 0x00, 0x00, 0x00,
    0x00, 0x00, 0x00, 0x00, 0x00, 0x00, 0x00, 0x00, 0x00, 0x00, 0x00, 0x00, 0x00, 0x00, 0x00, 0x00,
    0x00, 0x00, 0x00, 0x00, 0x00, 0x00, 0x80, 0x3f, 0x00, 0x00, 0x00, 0x00, 0x00, 0x00, 0x00, 0x00,
    0x00, 0x00, 0x00, 0x00, 0x00, 0x00, 0x80, 0x3f, 0x00, 0x00, 0x00, 0x00, 0x00, 0x00, 0x00, 0x00,
    0x00, 0x00, 0x00, 0x00, 0x00, 0x00, 0x00, 0x00, 0x00, 0x00, 0x00, 0x00, 0x00, 0x00, 0x00, 0x00,
    0x00, 0x00, 0x00, 0x00, 0x00, 0x00, 0x00, 0x00, 0x00, 0x00, 0x00, 0x00, 0x00, 0x00, 0x00, 0x00,
    0x00, 0x00, 0x80, 0x3f, 0x6a, 0x21, 0xbb, 0x40, 0x00, 0x00, 0x00, 0x00, 0x00, 0x00, 0x00, 0x00,
    0x00, 0x00, 0x80, 0x3f, 0xc1, 0x8b, 0x81, 0x40, 0x00, 0x00, 0x00, 0x00, 0x00, 0x00, 0x00, 0x00,
    0x00, 0x00, 0x00, 0x00, 0x00, 0x00, 0x00, 0x00, 0x00, 0x00, 0x00, 0x00, 0x00, 0x00, 0x00, 0x00,
    0x00, 0x00, 0x00, 0x00, 0x00, 0x00, 0x00, 0x00, 0x00, 0x00, 0x00, 0x00, 0x00, 0x00, 0x00, 0x00,
    0x00, 0x00, 0x00, 0x40, 0x00, 0x00, 0x00, 0x00, 0x00, 0x00, 0x00, 0x00, 0x00, 0x00, 0x00, 0x00,
    0x00, 0x00, 0x80, 0x3e, 0x46, 0xa3, 0x94, 0x3f, 0x00, 0x00, 0x80, 0x33, 0xff, 0xff, 0x7f, 0x3f,
    0x3d, 0x69, 0x87, 0xc2, 0x55, 0xdb, 0x74, 0x40, 0x9a, 0x99, 0xe7, 0xc1, 0xf4, 0xfd, 0x4a, 0x41,
    0x00, 0x00, 0x00, 0x00, 0x00, 0x00, 0x00, 0x00, 0x00, 0x00, 0x00, 0x00, 0x00, 0x00, 0x20, 0x42,
    0x00, 0x00, 0x00, 0x00, 0x00, 0x00, 0x00, 0x00, 0x00, 0x00, 0x00, 0x00, 0x00, 0x00, 0x00, 0x00,
    0x00, 0x00, 0x00, 0x00, 0x00, 0x00, 0x00, 0x00, 0x00, 0x00, 0x00, 0x00, 0x00, 0x00, 0x00, 0x00,
    0xec, 0x4c, 0x0b, 0x41, 0xf4, 0xfd, 0x4a, 0x41, 0x00, 0x00, 0x00, 0x40, 0x00, 0x00, 0x00, 0x00,
    0x00, 0x00, 0x00, 0x00, 0x00, 0x00, 0x00, 0x00, 0x00, 0x00, 0x80, 0x3e, 0x00, 0x00, 0x00, 0x00,
    0x00, 0x00, 0x00, 0x00, 0x00, 0x00, 0x00, 0x00, 0x00, 0x00, 0x00, 0x00, 0x00, 0x00, 0x00, 0x00,
    0x00, 0x00, 0x00, 0x00, 0x00, 0x00, 0x00, 0x00, 0x00, 0x00, 0x00, 0x00, 0x00, 0x00, 0x00, 0x00,
    0x00, 0x00, 0x80, 0x3f, 0xcb, 0x04, 0xbb, 0x40, 0x00, 0x00, 0x00, 0x00, 0x00, 0x00, 0x00, 0x00,
    0x00, 0x00, 0x80, 0x3f, 0x2d, 0x88, 0x81, 0x40, 0x00, 0x00, 0x00, 0x00, 0x00, 0x00, 0x00, 0x00,
    0x00, 0x00, 0x00, 0x00, 0x00, 0x00, 0x00, 0x00, 0x00, 0x00, 0x00, 0x00, 0x00, 0x00, 0x00, 0x00,
    0x00, 0x00, 0x00, 0x00, 0x00, 0x00, 0x00, 0x00, 0x00, 0x00, 0x00, 0x00, 0x00, 0x00, 0x00, 0x00,
    0x00, 0xc0, 0x86, 0xc2, 0x64, 0x10, 0xd8, 0x3e, 0x00, 0x00, 0xc0, 0x3e, 0x00, 0x00, 0x00, 0x00,
    0x00, 0xc0, 0x86, 0xc2, 0x64, 0x10, 0xd8, 0x3e, 0x00, 0x00, 0xc0, 0x3e, 0x00, 0x00, 0x00, 0x00,
    0x00, 0x00, 0x00, 0x00, 0x00, 0x00, 0x00, 0x00, 0x00, 0x00, 0x00, 0x00, 0x00, 0x00, 0x00, 0x00,
    0x00, 0x00, 0x00, 0x00, 0x00, 0x00, 0x00, 0x00, 0x00, 0x00, 0x80, 0x3f, 0x6f, 0x12, 0x83, 0x3a,
    0xac, 0xc5, 0x27, 0x37, 0xac, 0xc5, 0x27, 0x37, 0xac, 0xc5, 0x27, 0x37, 0x00, 0x00, 0x00, 0x00,
    0x00, 0x00, 0x00, 0x00, 0x00, 0x00, 0x00, 0x00, 0x00, 0x00, 0x00, 0x00, 0x00, 0x00, 0x80, 0xbf,
    0x00, 0x00, 0x00, 0x00, 0x00, 0x00, 0x00, 0x00, 0x00, 0x00, 0x00, 0x00, 0x00, 0x00, 0x00, 0x00,
    0x00, 0x00, 0x00, 0x00, 0x00, 0x00, 0x00, 0x00, 0x00, 0x00, 0x00, 0x00, 0x00, 0xff, 0x7f, 0xc7,
    0x00, 0x00, 0x00, 0x00, 0x00, 0x00, 0x00, 0x00, 0x00, 0x00, 0x00, 0x00, 0x00, 0x00, 0x00, 0x00,
    0x00, 0x00, 0x00, 0x00, 0x00, 0x00, 0x00, 0x00, 0x00, 0x00, 0x00, 0x00, 0x00, 0x00, 0x00, 0x00,
    0x00, 0x00, 0x00, 0x00, 0x00, 0x00, 0x00, 0x00, 0x00, 0x00, 0x00, 0x00, 0x00, 0x00, 0x80, 0x3f,
    0x00, 0x00, 0x00, 0x00, 0x00, 0x00, 0x00, 0x00, 0x00, 0x00, 0x00, 0x00, 0x00, 0x00, 0x00, 0x00,
    0x00, 0x00, 0x00, 0x00, 0x00, 0x00, 0x80, 0x3f, 0x00, 0x00, 0x00, 0x00, 0x00, 0x00, 0x00, 0x00,
    0x00, 0x00, 0x00, 0x00, 0x00, 0x00, 0x00, 0x00, 0x00, 0x00, 0x00, 0x00, 0x00, 0x00, 0x80, 0x3f,
    0x00, 0x00, 0x00, 0x00, 0x00, 0x00, 0x00, 0x00, 0x00, 0x00, 0x00, 0x00, 0x00, 0x00, 0x00, 0x00,
    0x00, 0x00, 0x00, 0x00, 0x00, 0x00, 0x00, 0x00, 0x00, 0x00, 0x00, 0x00, 0x00, 0x00, 0x00, 0x00,
    0x00, 0x00, 0x00, 0x00, 0x00, 0x00, 0x00, 0x00, 0x00, 0x00, 0x00, 0x00, 0x00, 0x00, 0x00, 0x00,
    0x00, 0x00, 0x00, 0x00, 0x00, 0x00, 0x00, 0x00, 0x00, 0x00, 0x00, 0x00, 0x00, 0x00, 0x00, 0x00,
    0x00, 0x00, 0x00, 0x00, 0x00, 0x00, 0x00, 0x00, 0x00, 0x00, 0x00, 0x00, 0x00, 0x00, 0x00, 0x00,
    0x00, 0x00, 0x00, 0x00, 0x00, 0x00, 0x00, 0x00, 0x00, 0x00, 0x00, 0x00, 0x00, 0x00, 0x00, 0x00,
    0x00, 0x00, 0x00, 0x00, 0x00, 0x00, 0x00, 0x00, 0x00, 0x00, 0x00, 0x00, 0x00, 0x00, 0x00, 0x00,
    0x00, 0x00, 0x00, 0x3f, 0x00, 0x00, 0xc0, 0x3e, 0x00, 0x00, 0x00, 0x40, 0x00, 0x00, 0x40, 0xbf,
    0xae, 0x47, 0x61, 0x3f, 0x00, 0x00, 0x4a, 0xc2, 0x21, 0x77, 0x7d, 0x3f, 0x00, 0x00, 0xc8, 0x42,
    0x00, 0x00, 0x00, 0x40, 0x00, 0x00, 0x80, 0xbf, 0x00, 0x00, 0x00, 0x3f, 0x00, 0x00, 0x00, 0x3f,
    0x00, 0x00, 0x80, 0x3f, 0x00, 0x00, 0x00, 0x00, 0x00, 0x00, 0x00, 0x00, 0x00, 0x00, 0x00, 0x00,
    0x00, 0x00, 0x00, 0x00, 0x00, 0x00, 0x00, 0x00, 0x00, 0x00, 0x00, 0x00, 0x00, 0x00, 0x00, 0x00,
    0x00, 0x00, 0x80, 0x3f, 0x00, 0x00, 0x80, 0x3f, 0x00, 0x00, 0x80, 0x3f, 0x00, 0x00, 0x80, 0x3f,
    0x00, 0x00, 0x00, 0x00, 0x00, 0x00, 0x00, 0x00, 0x00, 0x00, 0x00, 0x00, 0x00, 0x00, 0x00, 0x00,
    0x00, 0x00, 0x48, 0x43, 0x00, 0x00, 0x96, 0x43, 0x00, 0x00, 0x80, 0x3f, 0x00, 0x00, 0x00, 0x00,
    0x00, 0x00, 0x80, 0x3f, 0x00, 0x00, 0x80, 0x3f, 0x00, 0x00, 0x80, 0x3f, 0x00, 0x00, 0x00, 0x00,
    0x00, 0x00, 0x80, 0x3f, 0x14, 0x74, 0x64, 0x3f, 0x7b, 0x80, 0x63, 0x3f, 0x00, 0x00, 0x80, 0x3f,
    0x00, 0x00, 0x80, 0x3f, 0x00, 0x00, 0x80, 0x3f, 0x00, 0x00, 0x80, 0x3f, 0x00, 0x00, 0x00, 0x00,
    0x00, 0x00, 0x80, 0x3f, 0x00, 0x00, 0x80, 0x3f, 0x00, 0x00, 0x80, 0x3f, 0x00, 0x00, 0x00, 0x00,
    0x00, 0x00, 0x00, 0x00, 0x00, 0x00, 0x80, 0x3f, 0x00, 0x00, 0x00, 0x00, 0x00, 0x00, 0x00, 0x00,
    0xfe, 0x94, 0x86, 0xc2, 0xdc, 0xe2, 0xb1, 0x3f, 0x02, 0x2b, 0xc7, 0x3e, 0xc1, 0x74, 0x47, 0x42,
};
inline constexpr std::size_t g_EndfieldM28PeakPSCB1Size = sizeof(g_EndfieldM28PeakPSCB1);

inline constexpr std::uint8_t g_EndfieldM28PeakPSCB2[] = {
    0x00, 0x00, 0x80, 0x3f, 0x00, 0x00, 0x00, 0x00, 0x00, 0x00, 0x00, 0x00, 0x00, 0x00, 0x00, 0x00,
    0x00, 0x00, 0x00, 0x00, 0x00, 0x00, 0x80, 0x3f, 0x00, 0x00, 0x00, 0x00, 0x00, 0x00, 0x00, 0x00,
    0x00, 0x00, 0x00, 0x00, 0x00, 0x00, 0x00, 0x00, 0x00, 0x00, 0x80, 0x3f, 0x00, 0x00, 0x00, 0x00,
    0x00, 0x00, 0x00, 0x00, 0x00, 0x00, 0x00, 0x00, 0x00, 0x00, 0x00, 0x00, 0x00, 0x00, 0x80, 0x3f,
    0x00, 0x00, 0x7a, 0x44, 0x00, 0x00, 0x00, 0x00, 0x00, 0x00, 0x00, 0x00, 0x00, 0x00, 0x00, 0x00,
    0x00, 0x00, 0x00, 0x00, 0x00, 0x00, 0x00, 0x00, 0x01, 0x00, 0x00, 0x00, 0x00, 0x00, 0x80, 0x3f,
    0x00, 0x00, 0x80, 0x3f, 0x00, 0x00, 0x00, 0x00, 0x00, 0x00, 0x00, 0x00, 0x00, 0x00, 0x00, 0x00,
    0x00, 0x00, 0x00, 0x00, 0x00, 0x00, 0x80, 0x3f, 0x00, 0x00, 0x00, 0x00, 0x00, 0x00, 0x00, 0x00,
    0x00, 0x00, 0x00, 0x00, 0x00, 0x00, 0x00, 0x00, 0x00, 0x00, 0x80, 0x3f, 0x00, 0x00, 0x00, 0x00,
    0x00, 0x00, 0x00, 0x00, 0x00, 0x00, 0x00, 0x00, 0x00, 0x00, 0x00, 0x00, 0x00, 0x00, 0x80, 0x3f,
    0x00, 0x00, 0x00, 0x00, 0x00, 0x00, 0x80, 0x3f, 0x00, 0x00, 0x00, 0x00, 0x00, 0x00, 0x00, 0x00,
    0x18, 0x00, 0x00, 0x00, 0x00, 0x00, 0x00, 0x00, 0x00, 0x00, 0x00, 0x00, 0x00, 0x00, 0x00, 0x00,
    0x00, 0x00, 0x00, 0x00, 0x00, 0x00, 0x00, 0x00, 0x00, 0x00, 0x00, 0x00, 0x00, 0x00, 0x00, 0x00,
    0x00, 0x00, 0x00, 0x00, 0x00, 0x00, 0x00, 0x00, 0x00, 0x00, 0x00, 0x00, 0x00, 0x00, 0x00, 0x00,
    0x00, 0x00, 0x00, 0x00, 0x00, 0x00, 0x00, 0x00, 0x00, 0x00, 0x00, 0x00, 0x00, 0x00, 0x00, 0x00,
    0x00, 0x00, 0x00, 0x00, 0x00, 0x00, 0x00, 0x00, 0x00, 0x00, 0x00, 0x00, 0x00, 0x00, 0x00, 0x00,
};
inline constexpr std::size_t g_EndfieldM28PeakPSCB2Size = sizeof(g_EndfieldM28PeakPSCB2);

inline constexpr std::uint8_t g_EndfieldM28PeakPSCB3[] = {
    0x00, 0x00, 0x00, 0x00, 0x6f, 0x12, 0x83, 0x3a, 0x00, 0x00, 0x20, 0x41, 0x00, 0x00, 0xf0, 0x42,
    0x00, 0x00, 0xc8, 0x42, 0x00, 0x00, 0x00, 0x00, 0x00, 0x00, 0x00, 0x00, 0x00, 0x00, 0x00, 0x00,
    0x00, 0x00, 0x80, 0x3f, 0x00, 0x00, 0x00, 0x00, 0x00, 0x00, 0x00, 0x00, 0x39, 0xb4, 0x08, 0x3f,
    0xb8, 0x1e, 0x8d, 0x40, 0x00, 0x00, 0x00, 0x00, 0x00, 0x00, 0x00, 0x00, 0x00, 0x00, 0x00, 0x00,
    0x00, 0x00, 0x00, 0x00, 0x00, 0x00, 0x00, 0x00, 0x00, 0x00, 0x00, 0x00, 0x00, 0x00, 0x00, 0x00,
    0x00, 0x00, 0x80, 0x3f, 0x00, 0x00, 0x80, 0x3f, 0x00, 0x00, 0x00, 0x00, 0x00, 0x00, 0x00, 0x00,
    0x00, 0x00, 0x80, 0x3f, 0x00, 0x00, 0x80, 0x3f, 0x00, 0x00, 0x00, 0x00, 0x00, 0x00, 0x00, 0x00,
    0x00, 0x00, 0x00, 0x00, 0x00, 0x00, 0x80, 0x3f, 0x00, 0x00, 0x00, 0x00, 0x00, 0x00, 0x00, 0x00,
    0x00, 0x00, 0xb4, 0xc2, 0x0e, 0x2d, 0x12, 0x3f, 0x00, 0x00, 0x80, 0x3f, 0x00, 0x00, 0x00, 0x00,
    0x00, 0x00, 0x80, 0x3f, 0x00, 0x00, 0x80, 0x3f, 0x00, 0x00, 0x00, 0x00, 0x00, 0x00, 0x00, 0x00,
    0x00, 0x00, 0x00, 0x00, 0x00, 0x00, 0x00, 0x00, 0x00, 0x00, 0x00, 0x00, 0x00, 0x00, 0x00, 0x00,
};
inline constexpr std::size_t g_EndfieldM28PeakPSCB3Size = sizeof(g_EndfieldM28PeakPSCB3);
